gameid;tournament;gametype;teamA;teamB;resultA;resultB;addinfo;teamA_age;teamB_age;teamA_def_val;teamB_def_val;teamA_off_val;teamB_off_val;teamA_frag;teamB_frag
2289743;AC13;Finale;Nigeria;Burkina Faso;1;0;;23.954545454545453;26.454545454545453;2685714.285714286;579166.6666666666;4668750.0;1665000.0;19;19
2289742;AC13;Spiel um Platz Drei;Mali;Ghana;3;1;;25.38095238095238;24.142857142857142;1261538.4615384615;1245833.3333333333;2037500.0;4527777.777777778;20;19
2289691;AC13;Halbfinale;Mali;Nigeria;1;4;;25.571428571428573;24.0;937500.0;2671428.5714285714;2477777.777777778;5483333.333333333;20;20
2289692;AC13;Halbfinale;Burkina Faso;Ghana;4;3;n.E.;26.40909090909091;24.391304347826086;579166.6666666666;1313333.3333333333;1665000.0;4781250.0;19;20
2289022;AC13;Viertelfinale;Elfenbeinküste;Nigeria;1;2;;27.82608695652174;23.954545454545453;3219230.769230769;2830769.230769231;9765000.0;5483333.333333333;19;19
2289023;AC13;Viertelfinale;Burkina Faso;Togo;1;0;n.V.;26.40909090909091;25.17391304347826;919230.7692307692;620833.3333333334;1294444.4444444445;1577272.7272727273;19;18
2289020;AC13;Viertelfinale;Ghana;Kap Verde;2;0;;24.391304347826086;25.47826086956522;1313333.3333333333;359615.3846153846;4781250.0;1020000.0;20;20
2289021;AC13;Viertelfinale;Südafrika;Mali;2;4;n.E.;26.272727272727273;25.318181818181817;452500.0;1133333.3333333333;700000.0;2020000.0;12;21
2270413;AC13;Gruppe A;Kap Verde;Angola;2;1;;25.47826086956522;25.17391304347826;331250.0;280000.0;990909.0909090909;1300000.0;20;12
2270412;AC13;Gruppe A;Südafrika;Marokko;2;2;;26.217391304347824;25.80952380952381;727500.0;2190000.0;665384.6153846154;3359090.909090909;13;17
2270404;AC13;Gruppe A;Südafrika;Angola;2;0;;26.217391304347824;25.17391304347826;752272.7272727273;289285.71428571426;627083.3333333334;1172222.2222222222;13;12
2270405;AC13;Gruppe A;Marokko;Kap Verde;1;1;;25.608695652173914;25.434782608695652;2137500.0;359615.3846153846;4472727.2727272725;1020000.0;18;20
2270396;AC13;Gruppe A;Südafrika;Kap Verde;0;0;;26.217391304347824;25.434782608695652;697916.6666666666;359615.3846153846;675000.0;1020000.0;13;20
2270397;AC13;Gruppe A;Angola;Marokko;0;0;;25.17391304347826;25.608695652173914;289285.71428571426;2137500.0;1172222.2222222222;4472727.2727272725;12;18
2270415;AC13;Gruppe B;Demokratische-Republik-Kongo;Mali;1;1;;25.347826086956523;25.272727272727273;1209090.9090909092;1107692.3076923077;1477272.7272727273;2144444.4444444445;16;21
2270414;AC13;Gruppe B;Niger;Ghana;0;3;;24.956521739130434;24.5;125000.0;1313333.3333333333;214583.33333333334;5107142.857142857;17;19
2270406;AC13;Gruppe B;Ghana;Mali;1;0;;24.347826086956523;25.17391304347826;1313333.3333333333;1100000.0;4781250.0;2466666.6666666665;20;22
2270407;AC13;Gruppe B;Niger;Demokratische-Republik-Kongo;0;0;;24.956521739130434;25.304347826086957;127272.72727272728;981818.1818181818;220454.54545454544;1477272.7272727273;17;16
2270398;AC13;Gruppe B;Ghana;Demokratische-Republik-Kongo;2;2;;24.347826086956523;25.304347826086957;2592857.1428571427;981818.1818181818;2405555.5555555555;1477272.7272727273;20;16
2270399;AC13;Gruppe B;Mali;Niger;1;0;;25.08695652173913;24.956521739130434;1100000.0;127272.72727272728;2466666.6666666665;220454.54545454544;22;17
2270417;AC13;Gruppe C;Äthiopien;Nigeria;0;2;;24.08695652173913;24.0;75000.0;2921428.5714285714;104166.66666666667;5483333.333333333;8;20
2270416;AC13;Gruppe C;Sambia;Burkina Faso;0;0;;25.91304347826087;26.0;290000.0;655000.0;615384.6153846154;1937500.0;15;20
2270408;AC13;Gruppe C;Sambia;Nigeria;1;1;;25.91304347826087;24.0;290000.0;2807692.3076923075;692307.6923076923;5483333.333333333;15;19
2270409;AC13;Gruppe C;Burkina Faso;Äthiopien;4;0;;26.304347826086957;24.045454545454547;966666.6666666666;75000.0;1659090.9090909092;106818.18181818182;21;8
2270400;AC13;Gruppe C;Sambia;Äthiopien;1;1;;25.91304347826087;24.08695652173913;290000.0;75000.0;692307.6923076923;101923.07692307692;15;8
2270401;AC13;Gruppe C;Nigeria;Burkina Faso;1;1;;24.0;26.304347826086957;2635714.285714286;919230.7692307692;5483333.333333333;1790000.0;20;21
2270419;AC13;Gruppe D;Algerien;Elfenbeinküste;2;2;;26.52173913043478;27.82608695652174;1166666.6666666667;3320833.3333333335;2631818.1818181816;9059090.909090908;21;19
2270418;AC13;Gruppe D;Togo;Tunesien;1;1;;25.130434782608695;25.217391304347824;620833.3333333334;1128571.4285714286;1577272.7272727273;1883333.3333333333;18;14
2270410;AC13;Gruppe D;Elfenbeinküste;Tunesien;3;0;;27.82608695652174;25.045454545454547;3526923.076923077;1128571.4285714286;10165000.0;1931250.0;20;14
2270411;AC13;Gruppe D;Algerien;Togo;0;2;;26.52173913043478;25.130434782608695;1250000.0;620833.3333333334;2827777.777777778;1668181.8181818181;21;18
2270402;AC13;Gruppe D;Elfenbeinküste;Togo;2;1;;27.82608695652174;25.130434782608695;2779166.6666666665;620833.3333333334;10377272.727272727;1668181.8181818181;20;18
2270403;AC13;Gruppe D;Tunesien;Algerien;1;0;;25.318181818181817;26.52173913043478;1200000.0;1250000.0;1894444.4444444445;2827777.777777778;14;21
2533047;AC15;Finale;Elfenbeinküste;Ghana;9;8;n.E.;25.80952380952381;24.434782608695652;1538888.888888889;1838461.5384615385;10208333.333333334;3790000.0;18;23
2533046;AC15;Spiel um Platz Drei;Demokratische-Republik-Kongo;Äquatorialguinea;4;2;n.E.;26.08695652173913;25.095238095238095;1257692.3076923077;100000.0;2210000.0;513888.8888888889;18;18
2532170;AC15;Halbfinale;Ghana;Äquatorialguinea;3;0;;24.391304347826086;24.818181818181817;1800000.0;85416.66666666667;3790000.0;487500.0;23;19
2532169;AC15;Halbfinale;Demokratische-Republik-Kongo;Elfenbeinküste;1;3;;26.08695652173913;25.818181818181817;1257692.3076923077;1435000.0;2210000.0;10208333.333333334;18;18
2531005;AC15;Viertelfinale;Ghana;Guinea;3;0;;24.391304347826086;23.727272727272727;1366666.6666666667;290909.0909090909;3900000.0;2004545.4545454546;23;21
2531006;AC15;Viertelfinale;Elfenbeinküste;Algerien;3;1;;25.818181818181817;26.304347826086957;4122727.272727273;2340000.0;8636363.636363637;5425000.0;18;23
2531003;AC15;Viertelfinale;Kongo;Demokratische-Republik-Kongo;2;4;;24.47826086956522;26.043478260869566;513636.36363636365;1257692.3076923077;816666.6666666666;2260000.0;18;18
2531004;AC15;Viertelfinale;Tunesien;Äquatorialguinea;1;2;n.V.;25.52173913043478;24.608695652173914;1421428.5714285714;98076.92307692308;1861111.111111111;470000.0;15;19
2515893;AC15;Gruppe A;Kongo;Burkina Faso;2;1;;24.363636363636363;26.17391304347826;555000.0;1057692.3076923077;816666.6666666666;1450000.0;18;23
2515892;AC15;Gruppe A;Gabun;Äquatorialguinea;0;2;;23.818181818181817;24.954545454545453;915909.0909090909;102272.72727272728;2268181.8181818184;434090.9090909091;21;19
2515885;AC15;Gruppe A;Äquatorialguinea;Burkina Faso;0;0;;24.608695652173914;26.17391304347826;100000.0;1057692.3076923077;434090.9090909091;1380000.0;19;23
2515884;AC15;Gruppe A;Gabun;Kongo;0;1;;23.772727272727273;24.391304347826086;915909.0909090909;505000.0;2268181.8181818184;800000.0;21;18
2515876;AC15;Gruppe A;Äquatorialguinea;Kongo;1;1;;24.608695652173914;24.347826086956523;101785.71428571429;513636.36363636365;505555.55555555556;816666.6666666666;19;18
2515877;AC15;Gruppe A;Burkina Faso;Gabun;0;2;;26.09090909090909;23.73913043478261;1125000.0;906250.0;1380000.0;2268181.8181818184;22;22
2515894;AC15;Gruppe B;Kap Verde;Sambia;0;0;;25.73913043478261;23.714285714285715;695833.3333333334;422500.0;1422727.2727272727;225000.0;20;12
2515895;AC15;Gruppe B;Demokratische-Republik-Kongo;Tunesien;1;1;;25.90909090909091;25.434782608695652;945833.3333333334;1421428.5714285714;2260000.0;1861111.111111111;17;15
2515887;AC15;Gruppe B;Sambia;Tunesien;1;2;;23.727272727272727;25.434782608695652;358333.3333333333;1421428.5714285714;421153.8461538461;1861111.111111111;13;15
2515886;AC15;Gruppe B;Kap Verde;Demokratische-Republik-Kongo;0;0;;25.857142857142858;25.956521739130434;622727.2727272727;1257692.3076923077;1475000.0;2260000.0;18;18
2515878;AC15;Gruppe B;Sambia;Demokratische-Republik-Kongo;1;1;;23.772727272727273;25.91304347826087;397222.22222222225;1257692.3076923077;421153.8461538461;2260000.0;13;18
2515879;AC15;Gruppe B;Tunesien;Kap Verde;1;1;;25.347826086956523;25.73913043478261;1421428.5714285714;622727.2727272727;1861111.111111111;1412500.0;15;20
2515897;AC15;Gruppe C;Senegal;Algerien;0;2;;25.608695652173914;26.217391304347824;2720833.3333333335;2292857.1428571427;6172727.2727272725;5155555.555555556;21;23
2515896;AC15;Gruppe C;Südafrika;Ghana;1;2;;25.476190476190474;24.391304347826086;697727.2727272727;1646153.8461538462;642500.0;3790000.0;14;23
2515889;AC15;Gruppe C;Ghana;Algerien;1;0;;24.391304347826086;26.217391304347824;1200000.0;1700000.0;3825000.0;5440000.0;23;23
2515888;AC15;Gruppe C;Südafrika;Senegal;1;1;;25.818181818181817;25.608695652173914;652272.7272727273;2939285.714285714;697727.2727272727;6822222.222222222;13;21
2515880;AC15;Gruppe C;Ghana;Senegal;1;2;;24.047619047619047;25.608695652173914;1344444.4444444445;2637500.0;3416666.6666666665;6581818.181818182;21;21
2515881;AC15;Gruppe C;Algerien;Südafrika;3;1;;26.217391304347824;25.238095238095237;1757142.857142857;620454.5454545454;5711111.111111111;722500.0;23;14
2515899;AC15;Gruppe D;Guinea;Mali;1;1;;23.727272727272727;26.636363636363637;475000.0;609615.3846153846;1955000.0;1722222.2222222222;21;22
2515898;AC15;Gruppe D;Kamerun;Elfenbeinküste;0;1;;24.043478260869566;25.761904761904763;2783333.3333333335;1535000.0;2893750.0;9681818.181818182;20;18
2515891;AC15;Gruppe D;Elfenbeinküste;Mali;1;1;;25.863636363636363;26.73913043478261;2113636.3636363638;601785.7142857143;9672727.272727273;1694444.4444444445;19;23
2515890;AC15;Gruppe D;Kamerun;Guinea;1;1;;23.818181818181817;23.73913043478261;2960714.285714286;592307.6923076923;2943750.0;1955000.0;19;22
2515882;AC15;Gruppe D;Elfenbeinküste;Guinea;1;1;;26.136363636363637;23.5;2650000.0;558333.3333333334;12611111.111111112;1955000.0;20;21
2515883;AC15;Gruppe D;Mali;Kamerun;1;1;;26.73913043478261;23.772727272727273;601785.7142857143;2353571.4285714286;1694444.4444444445;2943750.0;23;19
2820284;AC17;Finale;Ägypten;Kamerun;1;2;;27.4;24.956521739130434;1607142.857142857;1189285.7142857143;6733333.333333333;2969444.4444444445;14;23
2820283;AC17;Spiel um Platz Drei;Burkina Faso;Ghana;1;0;;25.047619047619047;25.181818181818183;1018750.0;1322727.2727272727;1640625.0;4627272.7272727275;17;21
2818968;AC17;Halbfinale;Kamerun;Ghana;2;0;;24.956521739130434;25.181818181818183;1242307.6923076923;1445833.3333333333;2722500.0;4810000.0;23;21
2818967;AC17;Halbfinale;Burkina Faso;Ägypten;4;5;n.E.;25.136363636363637;27.333333333333332;1065909.0909090908;1050000.0;1402500.0;6266666.666666667;18;12
2817762;AC17;Viertelfinale;Demokratische-Republik-Kongo;Ghana;1;2;;25.5;25.181818181818183;1780000.0;1445833.3333333333;3490000.0;4810000.0;17;21
2817763;AC17;Viertelfinale;Ägypten;Marokko;1;0;;27.238095238095237;26.82608695652174;1076923.076923077;2644444.4444444445;5337500.0;2339285.714285714;14;23
2817760;AC17;Viertelfinale;Burkina Faso;Tunesien;2;0;;25.047619047619047;25.956521739130434;1065909.0909090908;1132142.857142857;1513888.888888889;2061111.111111111;17;13
2817761;AC17;Viertelfinale;Senegal;Kamerun;4;5;n.E.;26.26086956521739;24.956521739130434;5154545.454545454;1192857.142857143;8979166.666666666;2972222.222222222;21;22
2768216;AC17;Gruppe A;Guinea-Bissau;Burkina Faso;0;2;;25.26086956521739;25.047619047619047;243181.81818181818;1093181.8181818181;556250.0;1513888.888888889;19;17
2768215;AC17;Gruppe A;Kamerun;Gabun;0;0;;24.818181818181817;25.3;1233333.3333333333;750000.0;2757500.0;6290000.0;21;20
2768207;AC17;Gruppe A;Gabun;Burkina Faso;1;1;;25.130434782608695;25.347826086956523;1871428.5714285714;1093181.8181818181;5877777.777777778;1511363.6363636365;23;19
2768208;AC17;Gruppe A;Kamerun;Guinea-Bissau;2;1;;24.91304347826087;25.26086956521739;1226923.076923077;231250.0;2757500.0;597727.2727272727;22;19
2768199;AC17;Gruppe A;Gabun;Guinea-Bissau;1;1;;25.130434782608695;25.217391304347824;784615.3846153846;247916.66666666666;6890000.0;579545.4545454546;23;19
2768200;AC17;Gruppe A;Burkina Faso;Kamerun;1;1;;25.347826086956523;24.91304347826087;1025000.0;1380769.2307692308;1420454.5454545454;2607500.0;19;22
2768218;AC17;Gruppe B;Simbabwe;Tunesien;2;4;;26.08695652173913;25.681818181818183;281818.1818181818;1432142.857142857;872727.2727272727;2218750.0;20;13
2768217;AC17;Gruppe B;Senegal;Algerien;2;2;;26.363636363636363;26.1;5141666.666666667;2213636.3636363638;7275000.0;11288888.888888888;20;18
2768209;AC17;Gruppe B;Algerien;Tunesien;1;2;;25.857142857142858;25.956521739130434;2304545.4545454546;1417857.142857143;10360000.0;2061111.111111111;19;13
2768210;AC17;Gruppe B;Senegal;Simbabwe;2;0;;26.272727272727273;26.09090909090909;5683333.333333333;425000.0;8975000.0;566666.6666666666;20;19
2768201;AC17;Gruppe B;Algerien;Simbabwe;2;2;;26.17391304347826;26.043478260869566;2553571.4285714286;425000.0;10816666.666666666;730000.0;21;20
2768202;AC17;Gruppe B;Tunesien;Senegal;0;2;;25.91304347826087;26.217391304347824;1435714.2857142857;5200000.0;2061111.111111111;8758333.333333334;13;21
2768220;AC17;Gruppe C;Togo;Demokratische-Republik-Kongo;1;3;;27.304347826086957;25.45;500000.0;1672727.2727272727;1366666.6666666667;3811111.111111111;21;17
2768219;AC17;Gruppe C;Marokko;Elfenbeinküste;1;0;;26.90909090909091;25.434782608695652;3022222.222222222;5065384.615384615;2250000.0;7260000.0;22;22
2768211;AC17;Gruppe C;Elfenbeinküste;Demokratische-Republik-Kongo;2;2;;25.434782608695652;25.727272727272727;4479166.666666667;1759090.9090909092;7690909.090909091;3581818.1818181816;22;19
2768212;AC17;Gruppe C;Marokko;Togo;3;1;;26.782608695652176;27.304347826086957;2750000.0;500000.0;2442307.6923076925;1400000.0;23;21
2768203;AC17;Gruppe C;Elfenbeinküste;Togo;0;0;;25.434782608695652;27.26086956521739;5057692.307692308;416666.6666666667;7260000.0;1511111.111111111;22;21
2768204;AC17;Gruppe C;Demokratische-Republik-Kongo;Marokko;1;0;;25.608695652173914;26.782608695652176;1538461.5384615385;2650000.0;3880000.0;2442307.6923076925;20;23
2768222;AC17;Gruppe D;Uganda;Mali;1;1;;24.608695652173914;25.17391304347826;196153.84615384616;703571.4285714285;227500.0;2872222.222222222;18;21
2768221;AC17;Gruppe D;Ägypten;Ghana;1;0;;26.904761904761905;25.181818181818183;1623076.923076923;1322727.2727272727;5337500.0;4627272.7272727275;14;21
2768213;AC17;Gruppe D;Ghana;Mali;1;0;;25.181818181818183;25.17391304347826;1629166.6666666667;703571.4285714285;4640000.0;2872222.222222222;21;21
2768214;AC17;Gruppe D;Ägypten;Uganda;1;0;;27.0;24.608695652173914;1423076.923076923;208333.33333333334;5188888.888888889;211363.63636363635;14;18
2768205;AC17;Gruppe D;Ghana;Uganda;1;0;;25.043478260869566;24.80952380952381;2690000.0;181818.18181818182;4762500.0;250000.0;21;17
2768206;AC17;Gruppe D;Mali;Ägypten;0;0;;25.17391304347826;26.91304347826087;710714.2857142857;1450000.0;2761111.111111111;5188888.888888889;21;14
1074995;AM11;Finale;Australien;Japan;0;1;n.V.;27.608695652173914;25.238095238095237;1862500.0;1785714.2857142857;3368181.8181818184;3314285.714285714;22;15
1074994;AM11;Spiel um Platz Drei;Usbekistan;Südkorea;2;3;;26.0;24.772727272727273;316666.6666666667;1158333.3333333333;627500.0;1505000.0;14;16
1074870;AM11;Halbfinale;Japan;Südkorea;5;3;n.E.;25.142857142857142;24.956521739130434;1854166.6666666667;1165384.6153846155;3633333.3333333335;2580000.0;15;17
1074871;AM11;Halbfinale;Usbekistan;Australien;0;6;;26.043478260869566;28.857142857142858;330555.55555555556;2708333.3333333335;569230.7692307692;4093750.0;16;13
1074103;AM11;Viertelfinale;Australien;Irak;1;0;n.V.;27.5;24.391304347826086;1813636.3636363635;163636.36363636365;3450000.0;454545.45454545453;21;16
1074105;AM11;Viertelfinale;Iran;Südkorea;0;1;n.V.;27.304347826086957;24.91304347826087;1354545.4545454546;1165384.6153846155;825000.0;2580000.0;11;17
1074104;AM11;Viertelfinale;Japan;Katar;3;2;;25.095238095238095;23.869565217391305;1576923.076923077;207692.3076923077;3900000.0;300000.0;15;6
1074102;AM11;Viertelfinale;Usbekistan;Jordanien;2;1;;26.043478260869566;25.91304347826087;277777.77777777775;141666.66666666666;605769.2307692308;172222.22222222222;16;10
1023757;AM11;Gruppe A;China;Usbekistan;2;2;;24.73913043478261;25.956521739130434;271875.0;309375.0;282142.85714285716;564285.7142857143;12;16
1023756;AM11;Gruppe A;Katar;Kuwait;3;0;;24.26086956521739;25.043478260869566;210714.2857142857;500000.0;366666.6666666667;500000.0;7;5
1023748;AM11;Gruppe A;Usbekistan;Kuwait;2;1;;25.956521739130434;25.043478260869566;309375.0;500000.0;564285.7142857143;500000.0;16;5
1023749;AM11;Gruppe A;China;Katar;0;2;;24.695652173913043;24.26086956521739;271875.0;210714.2857142857;282142.85714285716;366666.6666666667;12;7
1023741;AM11;Gruppe A;Kuwait;China;0;2;;24.958333333333332;24.695652173913043;500000.0;271875.0;500000.0;353571.4285714286;5;12
1023740;AM11;Gruppe A;Katar;Usbekistan;0;2;;24.26086956521739;25.956521739130434;207142.85714285713;322222.22222222225;355555.55555555556;569230.7692307692;7;16
1023758;AM11;Gruppe B;Saudi-Arabien;Japan;0;5;;26.130434782608695;24.80952380952381;609090.9090909091;1784615.3846153845;1158333.3333333333;3900000.0;6;15
1023759;AM11;Gruppe B;Jordanien;Syrien;2;1;;25.869565217391305;25.956521739130434;141666.66666666666;231818.18181818182;172222.22222222222;222222.22222222222;10;13
1023750;AM11;Gruppe B;Jordanien;Saudi-Arabien;1;0;;25.869565217391305;26.130434782608695;141666.66666666666;609090.9090909091;172222.22222222222;1158333.3333333333;10;6
1023751;AM11;Gruppe B;Syrien;Japan;1;2;;25.956521739130434;25.08695652173913;231818.18181818182;1807692.3076923077;222222.22222222222;3420000.0;13;17
1023742;AM11;Gruppe B;Japan;Jordanien;1;1;;25.08695652173913;25.869565217391305;1785714.2857142857;141666.66666666666;3388888.888888889;172222.22222222222;17;10
1023743;AM11;Gruppe B;Saudi-Arabien;Syrien;1;2;;26.130434782608695;25.91304347826087;609090.9090909091;236363.63636363635;1158333.3333333333;222222.22222222222;6;13
1023761;AM11;Gruppe C;Australien;Bahrain;1;0;;27.608695652173914;25.565217391304348;1886363.6363636365;235416.66666666666;3516666.6666666665;550000.0;22;11
1023760;AM11;Gruppe C;Südkorea;Indien;4;1;;24.91304347826087;26.26086956521739;1165384.6153846155;64583.333333333336;2580000.0;80555.55555555556;17;12
1023752;AM11;Gruppe C;Australien;Südkorea;1;1;;27.59090909090909;24.91304347826087;2050000.0;970833.3333333334;3512500.0;2663636.3636363638;21;17
1023753;AM11;Gruppe C;Bahrain;Indien;5;2;;25.565217391304348;26.217391304347824;235416.66666666666;62500.0;506250.0;83333.33333333333;11;12
1023744;AM11;Gruppe C;Indien;Australien;0;4;;26.17391304347826;27.565217391304348;61363.63636363636;1909090.9090909092;82500.0;3512500.0;12;22
1023745;AM11;Gruppe C;Südkorea;Bahrain;2;1;;25.09090909090909;25.214285714285715;1165384.6153846155;282142.85714285716;2650000.0;600000.0;17;8
1023763;AM11;Gruppe D;Vereinigte-Arabische-Emirate;Iran;0;3;;24.181818181818183;27.26086956521739;191666.66666666666;1295833.3333333333;220000.0;840909.0909090909;4;11
1023762;AM11;Gruppe D;Irak;Nordkorea;1;0;;24.391304347826086;25.0;172727.27272727274;287500.0;454545.45454545453;655000.0;16;9
1023754;AM11;Gruppe D;Iran;Nordkorea;1;0;;27.26086956521739;25.0;1240909.0909090908;287500.0;929166.6666666666;655000.0;11;9
1023755;AM11;Gruppe D;Vereinigte-Arabische-Emirate;Irak;0;1;;23.565217391304348;24.347826086956523;161538.46153846153;172727.27272727274;190000.0;454545.45454545453;5;16
1023746;AM11;Gruppe D;Nordkorea;Vereinigte-Arabische-Emirate;0;0;;25.0;23.565217391304348;287500.0;161538.46153846153;655000.0;190000.0;9;5
1023747;AM11;Gruppe D;Irak;Iran;1;2;;25.076923076923077;27.217391304347824;175000.0;1354545.4545454546;562500.0;825000.0;9;11
2530698;AM15;Finale;Südkorea;Australien;1;2;n.V.;25.904761904761905;26.545454545454547;1386538.4615384615;1477272.7272727273;2768750.0;1127272.7272727273;20;21
2530699;AM15;Spiel um Platz Drei;Irak;Vereinigte-Arabische-Emirate;2;3;;22.782608695652176;25.26086956521739;365909.0909090909;107692.30769230769;202083.33333333334;257500.0;14;5
2529903;AM15;Halbfinale;Australien;Vereinigte-Arabische-Emirate;2;0;;26.545454545454547;25.26086956521739;1477272.7272727273;119642.85714285714;1127272.7272727273;255555.55555555556;21;5
2529902;AM15;Halbfinale;Südkorea;Irak;2;0;;25.904761904761905;22.772727272727273;1466071.4285714286;343750.0;2807142.8571428573;217500.0;20;13
2528974;AM15;Viertelfinale;Iran;Irak;9;10;n.E.;26.47826086956522;22.695652173913043;825000.0;390384.6153846154;1238888.888888889;217500.0;15;14
2528975;AM15;Viertelfinale;Japan;Vereinigte-Arabische-Emirate;5;6;n.E.;26.695652173913043;25.09090909090909;2242307.6923076925;112500.0;4635000.0;250000.0;16;5
2528972;AM15;Viertelfinale;Südkorea;Usbekistan;2;0;n.V.;25.857142857142858;26.695652173913043;1466071.4285714286;1189583.3333333333;2807142.8571428573;438636.36363636365;20;12
2528973;AM15;Viertelfinale;China;Australien;0;2;;25.347826086956523;26.571428571428573;481818.1818181818;1363636.3636363635;508333.3333333333;1165000.0;8;21
2450325;AM15;Gruppe A;Oman;Kuwait;1;0;;26.0;26.26086956521739;195454.54545454544;117500.0;141666.66666666666;171428.57142857142;7;6
2450324;AM15;Gruppe A;Australien;Südkorea;0;1;;26.38095238095238;25.818181818181817;1045454.5454545454;1117307.6923076923;1165000.0;3405555.5555555555;20;20
2450317;AM15;Gruppe A;Kuwait;Südkorea;0;1;;26.26086956521739;25.77777777777778;119444.44444444444;1177500.0;162500.0;1581250.0;6;17
2450318;AM15;Gruppe A;Oman;Australien;0;4;;26.0;26.38095238095238;216666.66666666666;1045454.5454545454;135714.2857142857;1165000.0;7;20
2450311;AM15;Gruppe A;Südkorea;Oman;1;0;;25.782608695652176;26.0;1466071.4285714286;195454.54545454544;3072222.222222222;131250.0;21;9
2450310;AM15;Gruppe A;Australien;Kuwait;4;1;;26.434782608695652;26.59090909090909;1269230.7692307692;121875.0;1145000.0;183333.33333333334;22;6
2450327;AM15;Gruppe B;China;Nordkorea;2;1;;25.363636363636363;24.6;452083.3333333333;225000.0;555000.0;200000.0;8;8
2450326;AM15;Gruppe B;Usbekistan;Saudi-Arabien;3;1;;26.652173913043477;25.608695652173914;1189583.3333333333;367307.6923076923;438636.36363636365;430000.0;12;6
2450319;AM15;Gruppe B;Nordkorea;Saudi-Arabien;1;4;;24.476190476190474;25.608695652173914;225000.0;378846.1538461539;200000.0;430000.0;9;6
2450320;AM15;Gruppe B;China;Usbekistan;2;1;;25.347826086956523;26.347826086956523;460714.28571428574;686538.4615384615;550000.0;1025000.0;8;12
2450312;AM15;Gruppe B;Usbekistan;Nordkorea;1;0;;26.40909090909091;24.476190476190474;714583.3333333334;155000.0;1025000.0;375000.0;12;9
2450313;AM15;Gruppe B;Saudi-Arabien;China;0;1;;25.318181818181817;25.363636363636363;358928.5714285714;484615.3846153846;475000.0;491666.6666666667;6;8
2450329;AM15;Gruppe C;Katar;Bahrain;1;2;;24.857142857142858;26.19047619047619;146153.84615384616;177500.0;125000.0;337500.0;9;10
2450328;AM15;Gruppe C;Iran;Vereinigte-Arabische-Emirate;1;0;;26.434782608695652;25.26086956521739;870000.0;113461.53846153847;1206250.0;250000.0;15;5
2450321;AM15;Gruppe C;Bahrain;Vereinigte-Arabische-Emirate;1;2;;26.304347826086957;25.26086956521739;259375.0;119642.85714285714;263888.8888888889;255555.55555555556;10;5
2450322;AM15;Gruppe C;Katar;Iran;0;1;;24.73913043478261;26.434782608695652;138461.53846153847;742307.6923076923;270000.0;1305000.0;8;15
2450315;AM15;Gruppe C;Vereinigte-Arabische-Emirate;Katar;4;1;;25.304347826086957;24.59090909090909;118333.33333333333;142307.6923076923;275000.0;277777.77777777775;5;8
2450314;AM15;Gruppe C;Iran;Bahrain;2;0;;26.434782608695652;26.304347826086957;825000.0;259375.0;1238888.888888889;281250.0;15;10
2492811;AM15;Gruppe D;Irak;Palästina;2;0;;22.5;26.42105263157895;390384.6153846154;115000.0;230555.55555555556;114285.71428571429;13;8
2450330;AM15;Gruppe D;Japan;Jordanien;2;0;;26.695652173913043;24.782608695652176;2242307.6923076925;127272.72727272728;4635000.0;144444.44444444444;16;15
2492812;AM15;Gruppe D;Palästina;Jordanien;1;5;;26.9;24.428571428571427;115000.0;130000.0;114285.71428571429;112500.0;8;13
2450323;AM15;Gruppe D;Irak;Japan;0;1;;22.652173913043477;26.652173913043477;106250.0;2242307.6923076925;543181.8181818182;4635000.0;14;16
2485599;AM15;Gruppe D;Japan;Palästina;4;0;;26.652173913043477;27.09090909090909;2242307.6923076925;136363.63636363635;4635000.0;114285.71428571429;16;10
2450316;AM15;Gruppe D;Jordanien;Irak;0;1;;24.782608695652176;22.608695652173914;133333.33333333334;390384.6153846154;136363.63636363635;217500.0;15;14
1129109;CA11;Finale;Uruguay;Paraguay;3;0;;27.130434782608695;27.347826086956523;5776666.666666667;1538461.5384615385;9318750.0;4045000.0;18;21
1129108;CA11;Spiel um Platz Drei;Peru;Venezuela;4;1;;25.681818181818183;26.82608695652174;846428.5714285715;680769.2307692308;806250.0;1770000.0;11;17
1128035;CA11;Halbfinale;Paraguay;Venezuela;5;3;n.E.;27.318181818181817;27.0;1333333.3333333333;570833.3333333334;4045000.0;1770000.0;20;16
1128034;CA11;Halbfinale;Peru;Uruguay;0;2;;25.73913043478261;26.857142857142858;1790000.0;6142307.692307692;806250.0;9318750.0;12;16
1127606;CA11;Viertelfinale;Chile;Venezuela;1;2;;26.130434782608695;26.82608695652174;3368181.8181818184;570833.3333333334;5766666.666666667;1790909.0909090908;20;17
1127604;CA11;Viertelfinale;Argentinien;Uruguay;5;6;n.E.;26.181818181818183;27.40909090909091;9346153.846153846;6168181.818181818;34500000.0;8259090.909090909;15;17
1127605;CA11;Viertelfinale;Brasilien;Paraguay;0;2;n.E.;26.136363636363637;27.347826086956523;15416666.666666666;1403846.1538461538;15000000.0;4045000.0;14;21
1127603;CA11;Viertelfinale;Kolumbien;Peru;0;2;n.V.;26.869565217391305;25.73913043478261;2618181.8181818184;1753333.3333333333;5212500.0;806250.0;21;12
1103452;CA11;Gruppe A;Argentinien;Costa Rica;3;0;;26.217391304347824;22.136363636363637;9178571.42857143;50000.0;34500000.0;65000.0;15;9
1103451;CA11;Gruppe A;Kolumbien;Bolivien;2;0;;26.82608695652174;27.523809523809526;2800000.0;468181.8181818182;5045833.333333333;595000.0;20;15
1103446;CA11;Gruppe A;Bolivien;Costa Rica;0;2;;27.869565217391305;21.904761904761905;333333.3333333333;50000.0;677272.7272727273;50000.0;16;8
1103445;CA11;Gruppe A;Argentinien;Kolumbien;0;0;;26.217391304347824;26.82608695652174;8038461.538461538;2775000.0;33450000.0;5277272.7272727275;15;20
1103439;CA11;Gruppe A;Argentinien;Bolivien;1;1;;26.217391304347824;27.869565217391305;8038461.538461538;333333.3333333333;33450000.0;740909.0909090909;15;16
1103440;CA11;Gruppe A;Kolumbien;Costa Rica;1;0;;26.82608695652174;22.09090909090909;2618181.8181818184;50000.0;5212500.0;63636.36363636364;20;9
1103453;CA11;Gruppe B;Paraguay;Venezuela;3;3;;27.26086956521739;26.82608695652174;1403846.1538461538;729166.6666666666;4045000.0;1618181.8181818181;20;17
1103454;CA11;Gruppe B;Brasilien;Ecuador;4;2;;26.136363636363637;27.08695652173913;15416666.666666666;2040000.0;14800000.0;3062500.0;14;13
1103447;CA11;Gruppe B;Brasilien;Paraguay;2;2;;25.956521739130434;27.09090909090909;14846153.846153846;1500000.0;14800000.0;4045000.0;15;19
1103448;CA11;Gruppe B;Venezuela;Ecuador;1;0;;26.82608695652174;27.08695652173913;680769.2307692308;2040000.0;1770000.0;3062500.0;17;13
1103441;CA11;Gruppe B;Brasilien;Venezuela;0;0;;25.956521739130434;26.652173913043477;14846153.846153846;680769.2307692308;14850000.0;1770000.0;15;17
1103442;CA11;Gruppe B;Paraguay;Ecuador;0;0;;27.26086956521739;27.08695652173913;1403846.1538461538;2040000.0;4045000.0;3062500.0;20;13
1103455;CA11;Gruppe C;Chile;Peru;1;0;;26.130434782608695;25.73913043478261;3545000.0;1753333.3333333333;5792307.692307692;806250.0;20;12
1103456;CA11;Gruppe C;Uruguay;Mexiko;1;0;;27.08695652173913;22.304347826086957;5953571.428571428;1041666.6666666666;8650000.0;1340909.0909090908;18;12
1103450;CA11;Gruppe C;Uruguay;Chile;1;1;;27.08695652173913;26.130434782608695;5776666.666666667;3390909.090909091;9318750.0;6141666.666666667;18;20
1103449;CA11;Gruppe C;Peru;Mexiko;1;0;;26.142857142857142;23.357142857142858;2705555.5555555555;1294444.4444444445;1090000.0;2220000.0;10;8
1103443;CA11;Gruppe C;Uruguay;Peru;1;1;;27.08695652173913;25.73913043478261;5776666.666666667;1753333.3333333333;9318750.0;806250.0;18;12
1103444;CA11;Gruppe C;Chile;Mexiko;2;1;;26.130434782608695;22.304347826086957;3390909.090909091;1038461.5384615385;6141666.666666667;1375000.0;20;12
2584679;CA15;Finale;Chile;Argentinien;4;1;n.E.;28.454545454545453;27.91304347826087;4650000.0;9891666.666666666;12436363.636363637;36272727.27272727;18;17
2584678;CA15;Spiel um Platz Drei;Peru;Paraguay;2;0;;27.5;28.181818181818183;620454.5454545454;1132142.857142857;2859090.909090909;2337500.0;16;18
2583053;CA15;Halbfinale;Argentinien;Paraguay;6;1;;27.90909090909091;28.26086956521739;8700000.0;987500.0;36272727.27272727;2200000.0;16;19
2583052;CA15;Halbfinale;Chile;Peru;2;1;;28.454545454545453;27.391304347826086;4033333.3333333335;1208928.5714285714;12580000.0;3522222.222222222;18;17
2580100;CA15;Viertelfinale;Argentinien;Kolumbien;5;4;n.E.;28.043478260869566;25.85;9438461.538461538;3922727.272727273;37950000.0;21305555.555555556;16;19
2580101;CA15;Viertelfinale;Brasilien;Paraguay;4;5;n.E.;26.59090909090909;28.363636363636363;13791666.666666666;1046153.8461538461;17400000.0;2294444.4444444445;18;18
2580099;CA15;Viertelfinale;Bolivien;Peru;1;3;;27.434782608695652;27.047619047619047;258928.57142857142;1447727.2727272727;661111.1111111111;3195000.0;12;17
2580098;CA15;Viertelfinale;Chile;Uruguay;1;0;;28.47826086956522;27.0;3857692.3076923075;6647916.666666667;12580000.0;8150000.0;19;17
2547027;CA15;Gruppe A;Chile;Bolivien;5;0;;28.434782608695652;27.391304347826086;4095833.3333333335;248076.92307692306;11527272.727272727;600000.0;19;12
2547026;CA15;Gruppe A;Mexiko;Ecuador;1;2;;27.869565217391305;27.17391304347826;1480769.2307692308;1650000.0;2840000.0;3450000.0;17;13
2547021;CA15;Gruppe A;Chile;Mexiko;3;3;;28.40909090909091;27.5;4095833.3333333335;1595833.3333333333;11930000.0;2840000.0;19;16
2547020;CA15;Gruppe A;Ecuador;Bolivien;2;3;;27.17391304347826;27.347826086956523;1650000.0;191071.42857142858;3450000.0;616666.6666666666;13;12
2547015;CA15;Gruppe A;Mexiko;Bolivien;0;0;;27.82608695652174;27.347826086956523;1480769.2307692308;191071.42857142858;2840000.0;616666.6666666666;17;12
2547014;CA15;Gruppe A;Chile;Ecuador;2;0;;28.434782608695652;27.17391304347826;3377272.727272727;1650000.0;11566666.666666666;3450000.0;19;13
2547028;CA15;Gruppe B;Uruguay;Paraguay;1;1;;27.0;28.227272727272727;4439583.333333333;1196153.8461538462;8150000.0;2133333.3333333335;18;18
2547029;CA15;Gruppe B;Argentinien;Jamaika;1;0;;28.0;27.130434782608695;9183333.333333334;752272.7272727273;35636363.63636363;508333.3333333333;16;21
2547023;CA15;Gruppe B;Argentinien;Uruguay;1;0;;27.956521739130434;27.08695652173913;8933333.333333334;6405769.230769231;35636363.63636363;8150000.0;16;18
2547022;CA15;Gruppe B;Paraguay;Jamaika;1;0;;28.17391304347826;27.130434782608695;1146428.5714285714;752272.7272727273;2216666.6666666665;508333.3333333333;18;21
2547016;CA15;Gruppe B;Uruguay;Jamaika;1;0;;27.043478260869566;27.130434782608695;6405769.230769231;735416.6666666666;8150000.0;504545.45454545453;18;21
2547017;CA15;Gruppe B;Argentinien;Paraguay;2;2;;27.956521739130434;28.17391304347826;9207692.307692308;1087500.0;37950000.0;2086363.6363636365;16;18
2547030;CA15;Gruppe C;Kolumbien;Peru;0;0;;26.181818181818183;27.391304347826086;3269230.769230769;1347916.6666666667;22100000.0;2950000.0;21;17
2547031;CA15;Gruppe C;Brasilien;Venezuela;2;1;;26.59090909090909;27.181818181818183;13791666.666666666;1259090.9090909092;17400000.0;2331818.1818181816;18;20
2547025;CA15;Gruppe C;Peru;Venezuela;1;0;;27.391304347826086;27.304347826086957;1181666.6666666667;1295833.3333333333;3862500.0;2450000.0;17;21
2547024;CA15;Gruppe C;Brasilien;Kolumbien;0;1;;26.434782608695652;26.26086956521739;14884615.384615384;3769230.769230769;22600000.0;21240000.0;18;22
2547019;CA15;Gruppe C;Kolumbien;Venezuela;0;1;;26.26086956521739;27.681818181818183;3769230.769230769;1295833.3333333333;21240000.0;2645000.0;22;20
2547018;CA15;Gruppe C;Brasilien;Peru;2;1;;26.59090909090909;27.347826086956523;14884615.384615384;1255357.142857143;22333333.333333332;3450000.0;17;17
910204;EM08;Finale;Deutschland;Spanien;0;1;;26.782608695652176;26.08695652173913;9583333.333333334;13083333.333333334;10854545.454545455;20363636.363636363;13;11
910203;EM08;Halbfinale;Russland;Spanien;0;3;;25.761904761904763;26.08695652173913;4735000.0;13769230.76923077;6318181.818181818;20200000.0;10;11
910200;EM08;Halbfinale;Deutschland;Türkei;3;2;;26.782608695652176;26.375;9772727.272727273;3628571.4285714286;10575000.0;4577777.777777778;13;9
910151;EM08;Viertelfinale;Spanien;Italien;4;2;n.E.;26.043478260869566;28.75;13769230.76923077;13580000.0;20200000.0;14300000.0;11;13
910149;EM08;Viertelfinale;Niederlande;Russland;1;3;n.V.;27.73913043478261;25.695652173913043;5438461.538461538;4668181.818181818;16150000.0;6208333.333333333;15;10
910143;EM08;Viertelfinale;Kroatien;Türkei;2;4;n.E.;27.19047619047619;25.941176470588236;3953846.153846154;2742857.1428571427;8875000.0;5970000.0;18;10
910142;EM08;Viertelfinale;Portugal;Deutschland;2;3;;26.52173913043478;26.59090909090909;8215384.615384615;9090909.090909092;16500000.0;10854545.454545455;14;13
88046;EM08;Gruppe A;Türkei;Tschechien;3;2;;26.05;28.391304347826086;3570000.0;6563636.363636363;5610000.0;3320833.3333333335;10;17
88045;EM08;Gruppe A;Schweiz;Portugal;2;0;;25.904761904761905;26.52173913043478;3053846.153846154;8316666.666666667;3593750.0;15636363.636363637;18;14
88037;EM08;Gruppe A;Tschechien;Portugal;1;3;;28.391304347826086;26.52173913043478;6246153.846153846;8215384.615384615;3085000.0;16500000.0;17;14
88038;EM08;Gruppe A;Schweiz;Türkei;1;2;;25.857142857142858;26.38095238095238;3053846.153846154;3645454.5454545454;3593750.0;5420000.0;18;11
88029;EM08;Gruppe A;Schweiz;Tschechien;0;1;;25.956521739130434;28.363636363636363;3053846.153846154;6654545.454545454;4225000.0;3440909.090909091;18;17
88030;EM08;Gruppe A;Portugal;Türkei;2;0;;26.181818181818183;26.391304347826086;8816666.666666666;3758333.3333333335;16550000.0;5609090.909090909;14;12
88048;EM08;Gruppe B;Polen;Kroatien;0;1;;26.681818181818183;27.17391304347826;2696428.5714285714;4407142.857142857;2412500.0;7666666.666666667;18;20
88047;EM08;Gruppe B;Österreich;Deutschland;0;1;;26.318181818181817;27.19047619047619;1941666.6666666667;9750000.0;1927500.0;10627272.727272727;17;13
88039;EM08;Gruppe B;Kroatien;Deutschland;2;1;;27.17391304347826;26.782608695652176;3871428.5714285714;9772727.272727273;8500000.0;10575000.0;20;13
88040;EM08;Gruppe B;Österreich;Polen;1;1;;26.0;26.857142857142858;1925000.0;2788461.5384615385;1958333.3333333333;2412500.0;17;17
88031;EM08;Gruppe B;Österreich;Kroatien;0;1;;25.956521739130434;27.17391304347826;1988461.5384615385;3842857.1428571427;1802500.0;8500000.0;17;20
88032;EM08;Gruppe B;Deutschland;Polen;2;0;;26.73913043478261;26.636363636363637;9772727.272727273;2875000.0;10575000.0;2330000.0;13;18
88050;EM08;Gruppe C;Frankreich;Italien;0;2;;27.363636363636363;28.695652173913043;11200000.0;13275000.0;19125000.0;17454545.454545453;10;14
88049;EM08;Gruppe C;Niederlande;Rumänien;2;0;;27.73913043478261;26.428571428571427;5371428.571428572;3368181.8181818184;17444444.444444444;4745000.0;15;16
88041;EM08;Gruppe C;Italien;Rumänien;1;1;;28.695652173913043;26.681818181818183;13275000.0;1720833.3333333333;17454545.454545453;6295000.0;14;16
88042;EM08;Gruppe C;Niederlande;Frankreich;4;1;;27.695652173913043;27.363636363636363;5438461.538461538;11200000.0;16150000.0;19125000.0;15;10
88033;EM08;Gruppe C;Rumänien;Frankreich;0;0;;26.47826086956522;27.318181818181817;1720833.3333333333;11200000.0;6222727.2727272725;19125000.0;17;10
88034;EM08;Gruppe C;Niederlande;Italien;3;0;;27.863636363636363;28.695652173913043;5438461.538461538;15525000.0;15277777.777777778;15000000.0;15;14
88052;EM08;Gruppe D;Russland;Schweden;2;0;;25.565217391304348;28.38095238095238;4668181.818181818;2695833.3333333335;6208333.333333333;9366666.666666666;10;20
88051;EM08;Gruppe D;Griechenland;Spanien;1;2;;28.842105263157894;25.863636363636363;3218181.8181818184;12750000.0;4250000.0;20200000.0;10;11
88043;EM08;Gruppe D;Schweden;Spanien;1;2;;28.38095238095238;26.043478260869566;2695833.3333333335;13769230.76923077;9366666.666666666;20200000.0;20;11
88044;EM08;Gruppe D;Griechenland;Russland;0;1;;28.454545454545453;25.5;3223076.923076923;4950000.0;5111111.111111111;5029166.666666667;12;10
88035;EM08;Gruppe D;Spanien;Russland;4;1;;26.043478260869566;25.5;13769230.76923077;4591666.666666667;20200000.0;5475000.0;11;10
88036;EM08;Gruppe D;Griechenland;Schweden;0;2;;28.695652173913043;28.695652173913043;3400000.0;3167857.1428571427;4812500.0;8522222.222222222;13;22
2232817;EM12;Finale;Spanien;Italien;4;0;;26.73913043478261;27.91304347826087;21727272.727272727;11563636.363636363;35333333.333333336;14475000.0;9;10
2221626;EM12;Halbfinale;Deutschland;Italien;1;2;;24.565217391304348;27.818181818181817;16083333.333333334;11620000.0;24181818.181818184;14475000.0;11;12
2221241;EM12;Halbfinale;Portugal;Spanien;2;4;n.E.;27.0;26.73913043478261;10433333.333333334;21727272.727272727;20830000.0;35333333.333333336;13;10
2219616;EM12;Viertelfinale;England;Italien;2;4;n.E.;25.91304347826087;27.91304347826087;12590909.090909092;11766666.666666666;20125000.0;14518181.818181818;9;12
2219615;EM12;Viertelfinale;Spanien;Frankreich;2;0;;26.73913043478261;26.636363636363637;22000000.0;13800000.0;34666666.666666664;17083333.333333332;10;16
2219367;EM12;Viertelfinale;Deutschland;Griechenland;4;2;;24.565217391304348;27.0;15727272.727272727;4288888.888888889;23833333.333333332;3281818.1818181816;11;13
2219366;EM12;Viertelfinale;Tschechien;Portugal;0;1;;27.304347826086957;27.08695652173913;5490909.090909091;11200000.0;3350000.0;17733333.333333332;18;13
1168996;EM12;Gruppe A;Griechenland;Russland;1;0;;27.318181818181817;28.428571428571427;4190909.090909091;7125000.0;3031818.1818181816;8111111.111111111;13;10
1168997;EM12;Gruppe A;Tschechien;Polen;1;0;;27.09090909090909;25.40909090909091;5890000.0;3187500.0;3183333.3333333335;4535000.0;17;17
1168994;EM12;Gruppe A;Griechenland;Tschechien;1;2;;27.476190476190474;27.26086956521739;3713636.3636363638;5890000.0;3060000.0;3207692.3076923075;12;18
1168995;EM12;Gruppe A;Polen;Russland;1;1;;25.40909090909091;28.347826086956523;2480769.230769231;7125000.0;4566666.666666667;6972727.2727272725;17;10
1168992;EM12;Gruppe A;Polen;Griechenland;1;1;;25.17391304347826;27.217391304347824;3160714.285714286;4195833.333333333;4566666.666666667;3054545.4545454546;18;13
1168993;EM12;Gruppe A;Russland;Tschechien;4;1;;28.347826086956523;27.26086956521739;7125000.0;5490909.090909091;6972727.2727272725;3350000.0;10;18
1169003;EM12;Gruppe B;Dänemark;Deutschland;1;2;;26.565217391304348;24.636363636363637;4318181.818181818;17954545.454545453;3425000.0;22545454.545454547;17;11
1169002;EM12;Gruppe B;Portugal;Niederlande;2;1;;27.08695652173913;27.217391304347824;10433333.333333334;6541666.666666667;19436363.636363637;18045454.545454547;13;21
1169001;EM12;Gruppe B;Dänemark;Portugal;2;3;;26.565217391304348;27.08695652173913;3980769.230769231;10433333.333333334;3635000.0;19436363.636363637;17;13
1169000;EM12;Gruppe B;Niederlande;Deutschland;1;2;;27.17391304347826;24.565217391304348;6541666.666666667;16272727.272727273;18045454.545454547;23333333.333333332;21;11
1168998;EM12;Gruppe B;Niederlande;Dänemark;0;1;;27.17391304347826;26.565217391304348;6541666.666666667;4145833.3333333335;18045454.545454547;3486363.6363636362;21;17
1168999;EM12;Gruppe B;Deutschland;Portugal;1;0;;24.565217391304348;27.08695652173913;16272727.272727273;10433333.333333334;23333333.333333332;19436363.636363637;11;13
1169009;EM12;Gruppe C;Italien;Irland;2;0;;27.91304347826087;28.304347826086957;11683333.333333334;2431818.1818181816;14427272.727272727;3687500.0;12;14
1169008;EM12;Gruppe C;Kroatien;Spanien;0;1;;26.52173913043478;26.73913043478261;3625000.0;22000000.0;9954545.454545455;34666666.666666664;16;10
1169006;EM12;Gruppe C;Italien;Kroatien;1;1;;27.772727272727273;26.52173913043478;13820000.0;4423076.923076923;12558333.333333334;9550000.0;12;16
1169007;EM12;Gruppe C;Spanien;Irland;4;0;;26.73913043478261;28.304347826086957;22000000.0;2423076.923076923;33692307.692307696;3950000.0;10;14
1169004;EM12;Gruppe C;Spanien;Italien;1;1;;26.73913043478261;27.772727272727273;22000000.0;13766666.666666666;34666666.666666664;12370000.0;10;12
1169005;EM12;Gruppe C;Irland;Kroatien;1;3;;28.304347826086957;26.52173913043478;2431818.1818181816;4200000.0;3687500.0;11250000.0;14;16
1169015;EM12;Gruppe D;England;Ukraine;1;0;;25.91304347826087;27.304347826086957;13477272.727272727;3741666.6666666665;20333333.333333332;5681818.181818182;9;9
1169014;EM12;Gruppe D;Schweden;Frankreich;2;0;;28.304347826086957;26.782608695652176;3079166.6666666665;12363636.363636363;7745454.545454546;17916666.666666668;22;17
1169013;EM12;Gruppe D;Ukraine;Frankreich;0;2;;27.304347826086957;26.782608695652176;3741666.6666666665;13083333.333333334;5681818.181818182;17636363.636363637;9;17
1169012;EM12;Gruppe D;Schweden;England;2;3;;28.304347826086957;25.863636363636363;2745833.3333333335;13477272.727272727;8090909.090909091;16272727.272727273;22;9
1169010;EM12;Gruppe D;Frankreich;England;1;1;;26.73913043478261;26.047619047619047;13083333.333333334;14375000.0;17636363.636363637;16272727.272727273;17;9
1169011;EM12;Gruppe D;Ukraine;Schweden;2;1;;27.304347826086957;28.304347826086957;3741666.6666666665;3287500.0;5681818.181818182;7500000.0;9;22
2711570;EM16;Finale;Portugal;Frankreich;1;0;n.V.;27.869565217391305;27.391304347826086;8500000.0;18733333.333333332;22863636.363636363;25750000.0;16;16
2707829;EM16;Halbfinale;Deutschland;Frankreich;0;2;;25.318181818181817;27.391304347826086;19454545.454545453;18733333.333333332;29818181.818181816;25750000.0;15;16
2707818;EM16;Halbfinale;Portugal;Wales;2;0;;27.80952380952381;27.142857142857142;8000000.0;2825000.0;23350000.0;9440909.090909092;16;15
2703265;EM16;Viertelfinale;Frankreich;Island;5;2;;27.38095238095238;27.304347826086957;19538461.53846154;1036363.6363636364;25750000.0;2779166.6666666665;14;22
2702908;EM16;Viertelfinale;Deutschland;Italien;7;6;n.E.;25.391304347826086;28.318181818181817;25818181.818181816;9125000.0;24666666.666666668;13392857.142857144;15;13
2702907;EM16;Viertelfinale;Wales;Belgien;3;1;;26.869565217391305;25.714285714285715;3673076.923076923;10777777.777777778;12235000.0;28750000.0;17;16
2702906;EM16;Viertelfinale;Polen;Portugal;4;6;n.E.;27.217391304347824;28.428571428571427;6279166.666666667;8454545.454545455;10736363.636363637;23150000.0;20;13
2701332;EM16;Achtelfinale;Italien;Spanien;2;0;;28.52173913043478;27.652173913043477;8444444.444444444;24076923.076923076;13392857.142857144;27900000.0;13;14
2701345;EM16;Achtelfinale;England;Island;1;2;;25.434782608695652;27.26086956521739;17000000.0;1036363.6363636364;24818181.818181816;2779166.6666666665;10;22
2701343;EM16;Achtelfinale;Frankreich;Irland;2;1;;27.347826086956523;29.391304347826086;13923076.923076924;4233333.333333333;30600000.0;3318181.8181818184;18;16
2701331;EM16;Achtelfinale;Deutschland;Slowakei;3;0;;25.391304347826086;28.434782608695652;23692307.692307692;1862500.0;27200000.0;5640909.090909091;15;20
2701344;EM16;Achtelfinale;Ungarn;Belgien;0;4;;27.608695652173914;25.956521739130434;813636.3636363636;13538461.538461538;1362500.0;29200000.0;17;18
2701329;EM16;Achtelfinale;Schweiz;Polen;5;6;n.E.;25.695652173913043;27.59090909090909;7616666.666666667;6279166.666666667;7575000.0;11560000.0;19;19
2701342;EM16;Achtelfinale;Wales;Nordirland;1;0;;26.869565217391305;28.0;3312500.0;1557142.857142857;11850000.0;1811111.111111111;17;22
2701330;EM16;Achtelfinale;Kroatien;Portugal;0;1;n.V.;26.347826086956523;27.869565217391305;5931818.181818182;8181818.181818182;18583333.333333332;21958333.333333332;17;15
2645659;EM16;Gruppe A;Rumänien;Albanien;0;1;;28.347826086956523;26.863636363636363;2153846.153846154;2350000.0;2670000.0;1677777.7777777778;16;19
2645658;EM16;Gruppe A;Schweiz;Frankreich;0;0;;25.652173913043477;27.347826086956523;5865384.615384615;14214285.714285715;9860000.0;32000000.0;19;18
2645647;EM16;Gruppe A;Rumänien;Schweiz;1;1;;28.347826086956523;25.652173913043477;2153846.153846154;7616666.666666667;2670000.0;7575000.0;16;19
2645646;EM16;Gruppe A;Frankreich;Albanien;2;0;;27.347826086956523;26.863636363636363;15071428.57142857;2311538.4615384615;30666666.666666668;1677777.7777777778;18;20
2645636;EM16;Gruppe A;Albanien;Schweiz;0;1;;27.08695652173913;25.608695652173914;1982142.857142857;7616666.666666667;2044444.4444444445;7575000.0;20;19
2645635;EM16;Gruppe A;Frankreich;Rumänien;2;1;;27.304347826086957;28.347826086956523;13923076.923076924;2153846.153846154;30600000.0;2670000.0;18;16
2645661;EM16;Gruppe B;Russland;Wales;0;3;;28.652173913043477;26.82608695652174;5942857.142857143;3660714.285714286;5888888.888888889;13205555.555555556;7;17
2645660;EM16;Gruppe B;Slowakei;England;0;0;;28.434782608695652;25.434782608695652;1862500.0;16454545.454545455;5640909.090909091;24666666.666666668;20;10
2645649;EM16;Gruppe B;England;Wales;2;1;;25.391304347826086;26.82608695652174;16454545.454545455;3673076.923076923;24666666.666666668;12235000.0;10;17
2645648;EM16;Gruppe B;Russland;Slowakei;1;2;;28.565217391304348;28.434782608695652;5683333.333333333;1963636.3636363635;6181818.181818182;5233333.333333333;7;20
2645637;EM16;Gruppe B;Wales;Slowakei;2;1;;26.82608695652174;28.434782608695652;3673076.923076923;1873076.923076923;12235000.0;6005000.0;17;20
2645638;EM16;Gruppe B;England;Russland;1;1;;25.391304347826086;28.565217391304348;16454545.454545455;5350000.0;24666666.666666668;6545454.545454546;10;7
2645662;EM16;Gruppe C;Ukraine;Polen;0;1;;27.434782608695652;27.217391304347824;3841666.6666666665;6279166.666666667;7045454.545454546;10736363.636363637;10;20
2645663;EM16;Gruppe C;Nordirland;Deutschland;0;1;;28.0;25.391304347826086;1561538.4615384615;23428571.42857143;1780000.0;28000000.0;22;15
2645650;EM16;Gruppe C;Ukraine;Nordirland;0;2;;27.434782608695652;28.0;3841666.6666666665;1561538.4615384615;7045454.545454546;1780000.0;10;22
2645651;EM16;Gruppe C;Deutschland;Polen;0;0;;25.391304347826086;27.217391304347824;23428571.42857143;5873076.923076923;28000000.0;11710000.0;15;20
2645640;EM16;Gruppe C;Polen;Nordirland;1;0;;27.217391304347824;28.0;6279166.666666667;1212500.0;10736363.636363637;2140909.090909091;20;22
2645639;EM16;Gruppe C;Deutschland;Ukraine;2;0;;25.391304347826086;27.434782608695652;23692307.692307692;3841666.6666666665;27200000.0;7045454.545454546;15;10
2645665;EM16;Gruppe D;Tschechien;Türkei;0;2;;28.73913043478261;26.47826086956522;2983333.3333333335;5884615.384615385;2740909.090909091;10600000.0;15;13
2645664;EM16;Gruppe D;Kroatien;Spanien;2;1;;26.347826086956523;27.652173913043477;5931818.181818182;24076923.076923076;18583333.333333332;27900000.0;17;14
2645653;EM16;Gruppe D;Tschechien;Kroatien;2;2;;28.73913043478261;26.304347826086957;3484615.3846153845;5931818.181818182;2065000.0;18583333.333333332;15;17
2645652;EM16;Gruppe D;Spanien;Türkei;3;0;;27.652173913043477;26.47826086956522;25416666.666666668;5833333.333333333;26090909.09090909;10227272.727272727;14;13
2645670;EM16;Gruppe D;Spanien;Tschechien;1;0;;27.652173913043477;28.772727272727273;24076923.076923076;3459090.909090909;27900000.0;2127272.727272727;14;15
2645641;EM16;Gruppe D;Türkei;Kroatien;0;1;;26.434782608695652;26.318181818181817;5884615.384615385;5931818.181818182;10600000.0;20000000.0;13;16
2645667;EM16;Gruppe E;Schweden;Belgien;0;1;;27.304347826086957;25.956521739130434;3625000.0;13538461.538461538;4577272.7272727275;29200000.0;21;18
2645666;EM16;Gruppe E;Italien;Irland;0;1;;28.47826086956522;29.391304347826086;8444444.444444444;4233333.333333333;13392857.142857144;3318181.8181818184;13;16
2645655;EM16;Gruppe E;Belgien;Irland;3;0;;25.956521739130434;29.391304347826086;12166666.666666666;3072727.272727273;29272727.272727273;4458333.333333333;18;16
2645654;EM16;Gruppe E;Italien;Schweden;1;0;;28.47826086956522;27.26086956521739;8727272.727272727;3800000.0;13958333.333333334;4337500.0;13;21
2645643;EM16;Gruppe E;Irland;Schweden;1;1;;29.391304347826086;27.26086956521739;3316666.6666666665;3800000.0;4318181.818181818;4337500.0;16;21
2645642;EM16;Gruppe E;Belgien;Italien;0;2;;25.956521739130434;28.47826086956522;11181818.181818182;8100000.0;28750000.0;14038461.538461538;18;13
2645668;EM16;Gruppe F;Ungarn;Portugal;3;3;;27.608695652173914;27.869565217391305;804545.4545454546;6916666.666666667;1370833.3333333333;24590909.09090909;17;15
2645669;EM16;Gruppe F;Island;Österreich;2;1;;27.272727272727273;27.26086956521739;1036363.6363636364;4136363.6363636362;2577272.727272727;7287500.0;21;19
2645656;EM16;Gruppe F;Island;Ungarn;1;1;;27.17391304347826;27.608695652173914;1036363.6363636364;823076.9230769231;2779166.6666666665;1460000.0;22;17
2645657;EM16;Gruppe F;Portugal;Österreich;0;0;;27.869565217391305;27.285714285714285;8384615.384615385;3166666.6666666665;24450000.0;8105555.555555556;15;17
2645644;EM16;Gruppe F;Österreich;Ungarn;0;2;;27.217391304347824;27.565217391304348;4076923.076923077;746153.8461538461;7995000.0;1560000.0;19;17
2645645;EM16;Gruppe F;Portugal;Island;1;1;;27.869565217391305;27.130434782608695;8083333.333333333;1036363.6363636364;23318181.818181816;2779166.6666666665;15;22
1121867;GC11;Finale;USA;Mexiko;2;4;;26.833333333333332;26.166666666666668;2622727.272727273;2833333.3333333335;2925000.0;4541666.666666667;16;16
1120903;GC11;Halbfinale;USA;Panama;1;0;;27.0;24.555555555555557;2850000.0;477272.7272727273;2246428.5714285714;182142.85714285713;16;16
1120902;GC11;Halbfinale;Honduras;Mexiko;0;2;n.V.;26.555555555555557;26.166666666666668;1958333.3333333333;2833333.3333333335;750000.0;4541666.666666667;11;16
1115120;GC11;Viertelfinale;Panama;El Salvador;6;4;n.E.;26.0;25.285714285714285;631250.0;58333.333333333336;450000.0;131250.0;13;8
1115118;GC11;Viertelfinale;Mexiko;Guatemala;2;1;;26.214285714285715;25.153846153846153;3187500.0;171428.57142857142;4541666.666666667;266666.6666666667;13;9
1115119;GC11;Viertelfinale;Jamaika;USA;0;2;;26.928571428571427;26.357142857142858;415625.0;3550000.0;495833.3333333333;3153571.4285714286;11;13
1115117;GC11;Viertelfinale;Costa Rica;Honduras;3;5;n.E.;24.0;27.285714285714285;471428.5714285714;2787500.0;2328571.4285714286;783333.3333333334;13;11
1103469;GC11;Gruppe A;El Salvador;Kuba;6;1;;25.5;25.88235294117647;50000.0;75000.0;109090.90909090909;83333.33333333333;7;1
1103470;GC11;Gruppe A;Mexiko;Costa Rica;4;1;;25.764705882352942;24.555555555555557;3050000.0;355555.55555555556;4178571.4285714286;1783333.3333333333;15;15
1103463;GC11;Gruppe A;Costa Rica;El Salvador;1;1;;24.61111111111111;25.333333333333332;355555.55555555556;57142.857142857145;1783333.3333333333;80000.0;15;9
1103464;GC11;Gruppe A;Kuba;Mexiko;0;5;;26.11111111111111;25.764705882352942;75000.0;2833333.3333333335;83333.33333333333;4281250.0;2;15
1103457;GC11;Gruppe A;Costa Rica;Kuba;5;0;;24.38888888888889;26.11111111111111;345000.0;75000.0;443750.0;83333.33333333333;15;1
1103458;GC11;Gruppe A;Mexiko;El Salvador;5;0;;26.666666666666668;25.444444444444443;3650000.0;56250.0;3906250.0;61111.11111111111;16;7
1103471;GC11;Gruppe B;Guatemala;Grenada;4;0;;26.055555555555557;26.166666666666668;133333.33333333334;86111.11111111111;246875.0;90000.0;12;9
1103472;GC11;Gruppe B;Honduras;Jamaika;0;1;;27.071428571428573;26.0;750000.0;292857.14285714284;783333.3333333334;439285.71428571426;9;11
1103465;GC11;Gruppe B;Jamaika;Guatemala;2;0;;26.77777777777778;25.22222222222222;345454.54545454547;100000.0;439285.71428571426;255555.55555555556;15;11
1103466;GC11;Gruppe B;Grenada;Honduras;1;7;;26.38888888888889;26.38888888888889;87500.0;863636.3636363636;90000.0;757142.8571428572;9;11
1103459;GC11;Gruppe B;Jamaika;Grenada;4;0;;26.77777777777778;26.77777777777778;345454.54545454547;87500.0;439285.71428571426;125000.0;15;11
1103460;GC11;Gruppe B;Honduras;Guatemala;0;0;;26.666666666666668;26.833333333333332;816666.6666666666;136111.11111111112;783333.3333333334;262500.0;10;12
1103473;GC11;Gruppe C;Kanada;Panama;1;1;;27.11111111111111;23.944444444444443;683333.3333333334;447500.0;872222.2222222222;287500.0;18;15
1103474;GC11;Gruppe C;Guadeloupe;USA;0;1;;27.77777777777778;27.27777777777778;388888.8888888889;3110000.0;364285.71428571426;2790625.0;15;17
1103467;GC11;Gruppe C;Guadeloupe;Kanada;0;1;;28.0;27.11111111111111;332500.0;861111.1111111111;489285.71428571426;694444.4444444445;16;18
1103468;GC11;Gruppe C;USA;Panama;1;2;;27.055555555555557;24.72222222222222;3075000.0;517500.0;2790625.0;346875.0;16;16
1103462;GC11;Gruppe C;USA;Kanada;2;0;;27.055555555555557;26.88888888888889;3075000.0;1040000.0;2790625.0;743750.0;16;18
1103461;GC11;Gruppe C;Panama;Guadeloupe;3;2;;24.77777777777778;28.055555555555557;450000.0;362500.0;346875.0;489285.71428571426;16;16
2600987;GC15;Finale;Jamaika;Mexiko;1;3;;26.136363636363637;27.61904761904762;628125.0;2857142.8571428573;521428.5714285714;6514285.714285715;21;17
2600986;GC15;Spiel um Platz Drei;USA;Panama;3;4;n.E.;27.608695652173914;26.2;1640909.0909090908;286363.63636363635;2441666.6666666665;230555.55555555556;19;18
2597779;GC15;Halbfinale;USA;Jamaika;1;2;;27.608695652173914;26.136363636363637;1907692.3076923077;725000.0;2255000.0;446153.8461538461;19;21
2599102;GC15;Halbfinale;Panama;Mexiko;1;2;n.V.;26.695652173913043;27.545454545454547;304545.45454545453;3766666.6666666665;225000.0;6728571.428571428;21;17
2597536;GC15;Viertelfinale;Mexiko;Costa Rica;1;0;n.V.;27.52173913043478;26.90909090909091;3606250.0;1091666.6666666667;6728571.428571428;1520000.0;18;14
2597534;GC15;Viertelfinale;Haiti;Jamaika;0;1;;26.727272727272727;26.238095238095237;432142.85714285716;692500.0;168750.0;404545.45454545453;21;20
2597535;GC15;Viertelfinale;Trinidad;Panama;6;7;n.E.;25.727272727272727;26.772727272727273;272500.0;310000.0;318750.0;225000.0;21;20
2597533;GC15;Viertelfinale;USA;Kuba;6;0;;27.863636363636363;26.555555555555557;1676923.076923077;80555.55555555556;2338888.888888889;75000.0;18;6
2549833;GC15;Gruppe A;Haiti;Honduras;1;0;;26.35;25.82608695652174;461538.46153846156;484615.3846153846;178571.42857142858;725000.0;19;13
2546663;GC15;Gruppe A;Panama;USA;1;1;;26.238095238095237;26.82608695652174;297222.22222222225;1871428.5714285714;225000.0;2544444.4444444445;18;19
2549832;GC15;Gruppe A;Honduras;Panama;1;1;;25.82608695652174;26.695652173913043;464285.71428571426;288636.36363636365;783333.3333333334;229166.66666666666;13;20
2546658;GC15;Gruppe A;USA;Haiti;1;0;;26.82608695652174;26.565217391304348;1603846.1538461538;442857.14285714284;2825000.0;322222.22222222225;19;22
2546653;GC15;Gruppe A;Panama;Haiti;1;1;;26.681818181818183;26.565217391304348;292500.0;346428.5714285714;225000.0;472222.22222222225;19;22
2549831;GC15;Gruppe A;USA;Honduras;2;1;;26.782608695652176;25.82608695652174;1900000.0;484615.3846153846;2440000.0;725000.0;19;13
2546664;GC15;Gruppe B;Jamaika;El Salvador;1;0;;26.608695652173914;25.0;684090.9090909091;78846.15384615384;479166.6666666667;195000.0;21;14
2546665;GC15;Gruppe B;Kanada;Costa Rica;0;0;;26.523809523809526;26.545454545454547;340000.0;1089583.3333333333;390909.0909090909;1520000.0;19;13
2546659;GC15;Gruppe B;Jamaika;Kanada;1;0;;26.565217391304348;26.391304347826086;684090.9090909091;311538.46153846156;479166.6666666667;395000.0;21;21
2546660;GC15;Gruppe B;Costa Rica;El Salvador;1;1;;26.782608695652176;25.0;1028846.1538461539;78846.15384615384;1520000.0;195000.0;14;14
2546654;GC15;Gruppe B;Costa Rica;Jamaika;2;2;;26.782608695652176;26.565217391304348;1028846.1538461539;672916.6666666666;1520000.0;472727.2727272727;14;21
2546655;GC15;Gruppe B;El Salvador;Kanada;0;0;;25.0;26.391304347826086;78846.15384615384;334375.0;195000.0;378571.4285714286;14;21
2546666;GC15;Gruppe C;Kuba;Guatemala;1;0;;26.68421052631579;27.454545454545453;81250.0;101923.07692307692;75000.0;225000.0;6;10
2546667;GC15;Gruppe C;Mexiko;Trinidad;4;4;;27.52173913043478;25.523809523809526;3606250.0;272500.0;6728571.428571428;334090.9090909091;18;20
2546661;GC15;Gruppe C;Trinidad;Kuba;2;0;;25.869565217391305;26.45;270454.54545454547;80555.55555555556;318750.0;75000.0;21;6
2546662;GC15;Gruppe C;Guatemala;Mexiko;0;0;;27.52173913043478;27.52173913043478;105357.14285714286;2407142.8571428573;247222.22222222222;7900000.0;10;17
2546656;GC15;Gruppe C;Trinidad;Guatemala;3;1;;25.869565217391305;27.52173913043478;197500.0;104166.66666666667;371153.8461538461;222727.27272727274;21;10
2546657;GC15;Gruppe C;Mexiko;Kuba;6;0;;27.47826086956522;28.25;2453846.153846154;80000.0;7290000.0;75000.0;17;6
53491;WM06;Finale;Italien;Frankreich;6;4;n.E.;28.304347826086957;28.772727272727273;15076923.076923076;9067857.142857144;18150000.0;16437500.0;10;16
53490;WM06;Spiel um Platz Drei;Deutschland;Portugal;3;1;;26.57894736842105;28.047619047619047;4968750.0;6622727.2727272725;7200000.0;12475000.0;12;16
53489;WM06;Halbfinale;Portugal;Frankreich;0;1;;27.90909090909091;28.695652173913043;7304545.454545454;9067857.142857144;12522727.272727273;15944444.444444444;16;16
53488;WM06;Halbfinale;Deutschland;Italien;0;2;n.V.;26.318181818181817;28.26086956521739;6075000.0;15076923.076923076;9745454.545454545;18150000.0;14;10
53485;WM06;Viertelfinale;England;Portugal;1;3;n.E.;25.304347826086957;27.91304347826087;11929166.666666666;7279166.666666667;18927272.727272727;12522727.272727273;10;16
53487;WM06;Viertelfinale;Frankreich;Brasilien;1;0;;28.5;28.391304347826086;9067857.142857144;10019230.76923077;15700000.0;23500000.0;16;13
53484;WM06;Viertelfinale;Deutschland;Argentinien;5;3;n.E.;26.434782608695652;26.217391304347824;6431818.181818182;7869230.769230769;9745454.545454545;12450000.0;13;14
53486;WM06;Viertelfinale;Italien;Ukraine;3;0;;28.38095238095238;26.38095238095238;15363636.363636363;1687500.0;18550000.0;8333333.333333333;8;9
53480;WM06;Achtelfinale;Brasilien;Ghana;3;0;;28.391304347826086;24.708333333333332;10019230.76923077;3042307.6923076925;23500000.0;2166666.6666666665;13;23
53482;WM06;Achtelfinale;Spanien;Frankreich;1;3;;24.894736842105264;28.652173913043477;13325000.0;9067857.142857144;18555555.555555556;15944444.444444444;10;14
53481;WM06;Achtelfinale;Italien;Australien;1;0;;28.476190476190474;27.916666666666668;12400000.0;2487500.0;18772727.272727273;3437500.0;9;9
53483;WM06;Achtelfinale;Schweiz;Ukraine;0;3;n.E.;26.857142857142858;27.642857142857142;2571428.5714285714;2483333.3333333335;3928571.4285714286;8737500.0;13;7
53477;WM06;Achtelfinale;England;Ecuador;1;0;;25.304347826086957;26.52173913043478;11929166.666666666;711538.4615384615;18927272.727272727;1195000.0;10;11
53479;WM06;Achtelfinale;Portugal;Niederlande;1;0;;27.91304347826087;26.47826086956522;7279166.666666667;4803571.428571428;12522727.272727273;14633333.333333334;16;10
53476;WM06;Achtelfinale;Deutschland;Schweden;2;0;;26.434782608695652;27.52173913043478;6431818.181818182;2567857.1428571427;9745454.545454545;7638888.888888889;13;19
53478;WM06;Achtelfinale;Argentinien;Mexiko;2;1;n.V.;26.217391304347824;27.454545454545453;6941666.666666667;2527272.727272727;13045454.545454545;1613636.3636363635;16;11
49333;WM06;Gruppe A;Costa Rica;Polen;1;2;;27.304347826086957;26.73913043478261;603571.4285714285;2673076.923076923;883333.3333333334;3385000.0;10;17
49332;WM06;Gruppe A;Ecuador;Deutschland;0;3;;26.52173913043478;26.434782608695652;711538.4615384615;6431818.181818182;1195000.0;9745454.545454545;11;13
49317;WM06;Gruppe A;Ecuador;Costa Rica;3;0;;26.47826086956522;27.304347826086957;592307.6923076923;610714.2857142857;1105000.0;872222.2222222222;11;10
49316;WM06;Gruppe A;Deutschland;Polen;1;0;;26.391304347826086;26.73913043478261;6431818.181818182;2673076.923076923;9745454.545454545;3385000.0;13;17
25767;WM06;Gruppe A;Deutschland;Costa Rica;4;2;;26.391304347826086;27.304347826086957;6431818.181818182;615384.6153846154;9745454.545454545;840000.0;13;10
31198;WM06;Gruppe A;Polen;Ecuador;0;2;;26.73913043478261;26.47826086956522;2673076.923076923;592307.6923076923;3385000.0;1105000.0;17;11
49337;WM06;Gruppe B;Schweden;England;2;2;;27.47826086956522;25.304347826086957;2567857.1428571427;11929166.666666666;7638888.888888889;18927272.727272727;19;10
49336;WM06;Gruppe B;Paraguay;Trinidad;2;0;;26.565217391304348;28.869565217391305;973076.9230769231;479545.45454545453;1925000.0;564583.3333333334;19;18
49318;WM06;Gruppe B;England;Trinidad;2;0;;25.26086956521739;28.82608695652174;13626923.076923076;479545.45454545453;17420000.0;564583.3333333334;10;18
49319;WM06;Gruppe B;Schweden;Paraguay;1;0;;27.47826086956522;26.5;2567857.1428571427;1081818.1818181819;7638888.888888889;1727272.7272727273;19;19
31199;WM06;Gruppe B;England;Paraguay;1;0;;25.26086956521739;26.565217391304348;11954166.666666666;990000.0;18000000.0;1673076.923076923;10;19
38116;WM06;Gruppe B;Trinidad;Schweden;0;0;;28.82608695652174;27.47826086956522;560416.6666666666;2925000.0;484090.9090909091;7416666.666666667;18;19
1126205;WM06;Gruppe C;Elfenbeinküste;Serbien-Montenegro;3;2;;25.40909090909091;28.214285714285715;3057142.8571428573;2314285.714285714;4500000.0;6742857.142857143;21;11
49340;WM06;Gruppe C;Niederlande;Argentinien;0;0;;26.47826086956522;26.130434782608695;4803571.428571428;6941666.666666667;14633333.333333334;13045454.545454545;10;16
1126204;WM06;Gruppe C;Argentinien;Serbien-Montenegro;6;0;;26.217391304347824;27.652173913043477;7816666.666666667;2626923.076923077;11863636.363636363;6620000.0;16;18
49323;WM06;Gruppe C;Niederlande;Elfenbeinküste;2;1;;26.47826086956522;25.52173913043478;4803571.428571428;3200000.0;14633333.333333334;6170000.0;10;22
1126203;WM06;Gruppe C;Serbien-Montenegro;Niederlande;0;1;;27.608695652173914;26.47826086956522;2650000.0;5053571.428571428;5933333.333333333;15138888.888888888;18;10
38133;WM06;Gruppe C;Argentinien;Elfenbeinküste;2;1;;26.130434782608695;25.47826086956522;7907692.307692308;2717857.1428571427;12550000.0;6888888.888888889;16;22
49345;WM06;Gruppe D;Iran;Angola;1;1;;26.47826086956522;26.26086956521739;700000.0;342307.6923076923;1579166.6666666667;965000.0;14;15
49344;WM06;Gruppe D;Portugal;Mexiko;2;1;;27.642857142857142;26.785714285714285;8942857.142857144;3421428.5714285714;9928571.42857143;1785714.2857142857;9;7
49327;WM06;Gruppe D;Portugal;Iran;2;0;;27.91304347826087;26.47826086956522;7279166.666666667;700000.0;12522727.272727273;1579166.6666666667;16;14
49326;WM06;Gruppe D;Mexiko;Angola;0;0;;27.347826086956523;26.217391304347824;2223076.923076923;342307.6923076923;1865000.0;965000.0;11;15
46379;WM06;Gruppe D;Mexiko;Iran;3;1;;27.347826086956523;26.47826086956522;2223076.923076923;700000.0;1865000.0;1579166.6666666667;11;14
46380;WM06;Gruppe D;Angola;Portugal;0;1;;26.217391304347824;27.91304347826087;342307.6923076923;7487500.0;965000.0;13113636.363636363;15;16
49334;WM06;Gruppe E;Tschechien;Italien;0;2;;28.52173913043478;28.26086956521739;5584615.384615385;15076923.076923076;5770000.0;18150000.0;20;9
49335;WM06;Gruppe E;Ghana;USA;2;1;;24.695652173913043;28.347826086956523;3271428.5714285714;1938461.5384615385;1531250.0;1535000.0;23;18
49321;WM06;Gruppe E;Tschechien;Ghana;0;2;;28.318181818181817;24.695652173913043;5584615.384615385;842307.6923076923;5688888.888888889;5166666.666666667;20;23
49320;WM06;Gruppe E;Italien;USA;1;1;;28.26086956521739;28.304347826086957;14833333.333333334;1930769.2307692308;18136363.636363637;1545000.0;9;18
46382;WM06;Gruppe E;USA;Tschechien;0;3;;28.26086956521739;28.52173913043478;1803846.1538461538;5507692.307692308;1770000.0;5770000.0;18;20
46381;WM06;Gruppe E;Italien;Ghana;2;0;;28.217391304347824;24.608695652173914;14833333.333333334;850000.0;18136363.636363637;5575000.0;9;23
49339;WM06;Gruppe F;Kroatien;Australien;2;2;;27.52173913043478;27.956521739130434;3388461.5384615385;1660416.6666666667;4945000.0;3545454.5454545454;16;18
49338;WM06;Gruppe F;Japan;Brasilien;1;4;;27.217391304347824;28.347826086956523;1626923.076923077;9589285.714285715;2275000.0;25666666.666666668;15;13
49325;WM06;Gruppe F;Japan;Kroatien;0;0;;27.217391304347824;27.52173913043478;1626923.076923077;3311538.4615384615;2275000.0;5045000.0;15;16
49324;WM06;Gruppe F;Brasilien;Australien;2;0;;28.347826086956523;27.956521739130434;10019230.76923077;1169444.4444444445;23500000.0;3457142.8571428573;13;18
46384;WM06;Gruppe F;Brasilien;Kroatien;1;0;;28.347826086956523;27.52173913043478;10019230.76923077;3311538.4615384615;23500000.0;5045000.0;13;16
46383;WM06;Gruppe F;Australien;Japan;3;1;;27.91304347826087;27.217391304347824;1510000.0;1461111.111111111;3315384.6153846155;2180769.230769231;18;15
49343;WM06;Gruppe G;Schweiz;Südkorea;2;0;;25.304347826086957;26.0;2958333.3333333335;1065384.6153846155;3145454.5454545454;2150000.0;19;14
49342;WM06;Gruppe G;Togo;Frankreich;0;2;;25.5;28.523809523809526;246153.84615384616;9111538.461538462;1718750.0;16500000.0;20;13
49329;WM06;Gruppe G;Togo;Schweiz;0;2;;25.47826086956522;25.304347826086957;246153.84615384616;2958333.3333333335;1533333.3333333333;3145454.5454545454;21;19
49328;WM06;Gruppe G;Frankreich;Südkorea;1;1;;28.565217391304348;26.0;9067857.142857144;1082142.857142857;16277777.777777778;2244444.4444444445;14;14
48801;WM06;Gruppe G;Südkorea;Togo;2;1;;26.0;25.434782608695652;720833.3333333334;246153.84615384616;2218181.8181818184;1533333.3333333333;14;21
46385;WM06;Gruppe G;Frankreich;Schweiz;0;0;;28.565217391304348;25.26086956521739;9321428.57142857;2745833.3333333335;15500000.0;3145454.5454545454;14;19
49347;WM06;Gruppe H;Ukraine;Tunesien;1;0;;27.285714285714285;26.91304347826087;2428571.4285714286;1639285.7142857143;9228571.42857143;1433333.3333333333;8;21
49346;WM06;Gruppe H;Saudi-Arabien;Spanien;0;1;;26.391304347826086;25.714285714285715;396153.8461538461;9166666.666666666;514285.71428571426;19625000.0;6;6
49331;WM06;Gruppe H;Saudi-Arabien;Ukraine;0;4;;27.375;27.071428571428573;418750.0;2457142.8571428573;528571.4285714285;9200000.0;3;8
49330;WM06;Gruppe H;Spanien;Tunesien;3;1;;25.47826086956522;26.91304347826087;12769230.76923077;1639285.7142857143;16875000.0;1433333.3333333333;10;21
49239;WM06;Gruppe H;Spanien;Ukraine;4;0;;25.73913043478261;26.0;10673076.923076924;1615384.6153846155;18850000.0;6990000.0;10;10
49240;WM06;Gruppe H;Tunesien;Saudi-Arabien;2;2;;26.91304347826087;26.681818181818183;1726923.076923077;396153.8461538461;1340000.0;514285.71428571426;21;6
1030710;WM10;Finale;Niederlande;Spanien;0;1;n.V.;27.695652173913043;25.91304347826087;4675000.0;19416666.666666668;17863636.363636363;37909090.90909091;16;8
1030711;WM10;Spiel um Platz Drei;Uruguay;Deutschland;2;3;;27.0;24.80952380952381;4886538.461538462;11666666.666666666;7247222.222222222;12708333.333333334;21;9
1029789;WM10;Halbfinale;Deutschland;Spanien;0;1;;25.181818181818183;25.91304347826087;12500000.0;20230769.230769232;13250000.0;38700000.0;9;8
1029770;WM10;Halbfinale;Uruguay;Niederlande;2;3;;27.210526315789473;28.047619047619047;4152500.0;4758333.333333333;5725000.0;19444444.444444444;18;15
1027750;WM10;Viertelfinale;Argentinien;Deutschland;0;4;;27.26086956521739;24.956521739130434;7525000.0;12500000.0;23363636.363636363;12954545.454545455;17;9
1028686;WM10;Viertelfinale;Paraguay;Spanien;0;1;;28.217391304347824;25.91304347826087;1757692.3076923077;19416666.666666668;4780000.0;37909090.90909091;19;8
1028533;WM10;Viertelfinale;Niederlande;Brasilien;2;1;;27.545454545454547;29.0;4963636.363636363;13341666.666666666;17181818.181818184;19166666.666666668;16;16
1027723;WM10;Viertelfinale;Uruguay;Ghana;5;3;n.E.;26.863636363636363;24.523809523809526;4216071.428571428;1781818.1818181819;7371875.0;3770000.0;20;20
1027636;WM10;Achtelfinale;Spanien;Portugal;1;0;;26.0;27.904761904761905;20416666.666666668;8761538.461538462;38700000.0;19125000.0;8;12
1027048;WM10;Achtelfinale;Niederlande;Slowakei;2;1;;27.652173913043477;25.727272727272727;5619230.769230769;2509090.909090909;18250000.0;4722727.2727272725;17;21
1027635;WM10;Achtelfinale;Brasilien;Chile;3;0;;28.85;26.0;14409090.909090908;2409375.0;17677777.777777776;4625000.0;15;18
1027002;WM10;Achtelfinale;Deutschland;England;4;1;;24.772727272727273;28.285714285714285;12500000.0;15136363.636363637;13650000.0;25600000.0;8;8
1026847;WM10;Achtelfinale;Argentinien;Mexiko;3;1;;27.26086956521739;27.217391304347824;7525000.0;3576923.076923077;23363636.363636363;4155000.0;19;16
1026846;WM10;Achtelfinale;Uruguay;Südkorea;2;1;;26.73913043478261;27.130434782608695;4940384.615384615;1391666.6666666667;6577500.0;2513636.3636363638;20;18
1027001;WM10;Achtelfinale;USA;Ghana;1;2;n.V.;26.91304347826087;24.136363636363637;2538461.5384615385;1490909.0909090908;2465000.0;3518181.8181818184;21;22
986780;WM10;Gruppe A;Mexiko;Uruguay;0;1;;27.217391304347824;26.73913043478261;3479166.6666666665;4940384.615384615;4209090.909090909;6577500.0;16;20
986779;WM10;Gruppe A;Frankreich;Südafrika;1;2;;27.4;27.238095238095237;14000000.0;821153.8461538461;17000000.0;1496875.0;11;14
986778;WM10;Gruppe A;Frankreich;Mexiko;0;2;;27.5;27.17391304347826;14666666.666666666;4416666.666666667;18300000.0;3186363.6363636362;11;16
986777;WM10;Gruppe A;Südafrika;Uruguay;0;3;;26.91304347826087;26.73913043478261;808928.5714285715;4940384.615384615;1441666.6666666667;6577500.0;15;20
986775;WM10;Gruppe A;Südafrika;Mexiko;1;1;;26.91304347826087;27.17391304347826;808928.5714285715;3727272.727272727;1441666.6666666667;3920833.3333333335;15;16
986776;WM10;Gruppe A;Uruguay;Frankreich;0;0;;26.695652173913043;27.47826086956522;4918750.0;14192307.692307692;6452272.7272727275;18300000.0;20;11
986810;WM10;Gruppe B;Nigeria;Südkorea;2;2;;25.863636363636363;27.130434782608695;3145833.3333333335;1391666.6666666667;5990000.0;2513636.3636363638;20;18
986809;WM10;Gruppe B;Griechenland;Argentinien;0;2;;27.59090909090909;27.047619047619047;3395833.3333333335;6845454.545454546;4655000.0;24900000.0;13;18
986796;WM10;Gruppe B;Argentinien;Südkorea;4;1;;27.17391304347826;27.130434782608695;7561538.461538462;1391666.6666666667;24900000.0;2513636.3636363638;19;18
986795;WM10;Gruppe B;Griechenland;Nigeria;2;1;;27.695652173913043;25.782608695652176;3480769.230769231;2965384.6153846155;4285000.0;5990000.0;13;20
986782;WM10;Gruppe B;Südkorea;Griechenland;2;0;;27.130434782608695;27.681818181818183;1391666.6666666667;3875000.0;2513636.3636363638;3981250.0;18;12
986781;WM10;Gruppe B;Argentinien;Nigeria;1;0;;27.17391304347826;25.782608695652176;7561538.461538462;2965384.6153846155;24900000.0;5990000.0;19;20
986812;WM10;Gruppe C;USA;Algerien;1;0;;27.045454545454547;26.26086956521739;2687500.0;1620000.0;2515000.0;2542307.6923076925;20;21
986811;WM10;Gruppe C;Slowenien;England;0;1;;26.818181818181817;28.285714285714285;1765384.6153846155;15136363.636363637;2083333.3333333333;25600000.0;19;8
986797;WM10;Gruppe C;Slowenien;USA;2;2;;26.695652173913043;26.91304347826087;1765384.6153846155;2750000.0;2055000.0;2283333.3333333335;20;21
986798;WM10;Gruppe C;England;Algerien;0;0;;28.40909090909091;26.318181818181817;15045454.545454545;1744444.4444444445;24909090.90909091;2388461.5384615385;8;20
986784;WM10;Gruppe C;Algerien;Slowenien;0;1;;26.217391304347824;26.695652173913043;1620000.0;1765384.6153846155;2542307.6923076925;2055000.0;21;20
986783;WM10;Gruppe C;England;USA;1;1;;28.434782608695652;26.869565217391305;14807692.307692308;2538461.5384615385;25600000.0;2465000.0;8;21
986814;WM10;Gruppe D;Australien;Serbien;2;1;;28.05;25.956521739130434;1965000.0;8058333.333333333;3330000.0;8340909.090909091;20;23
986813;WM10;Gruppe D;Ghana;Deutschland;0;1;;24.136363636363637;24.636363636363637;1491666.6666666667;12500000.0;3720000.0;13500000.0;22;8
986800;WM10;Gruppe D;Ghana;Australien;1;1;;24.136363636363637;28.333333333333332;1491666.6666666667;1865000.0;3720000.0;2572727.272727273;22;20
986799;WM10;Gruppe D;Deutschland;Serbien;0;1;;24.956521739130434;25.90909090909091;12500000.0;9075000.0;12954545.454545455;7575000.0;8;22
986786;WM10;Gruppe D;Serbien;Ghana;0;1;;25.956521739130434;23.956521739130434;8058333.333333333;1646153.8461538462;8340909.090909091;3720000.0;23;22
986785;WM10;Gruppe D;Deutschland;Australien;4;0;;24.956521739130434;28.47826086956522;12500000.0;1877777.7777777778;12954545.454545455;3503571.4285714286;8;21
986815;WM10;Gruppe E;Kamerun;Niederlande;1;2;;25.476190476190474;27.652173913043477;6115384.615384615;5619230.769230769;7675000.0;18250000.0;19;17
986816;WM10;Gruppe E;Dänemark;Japan;1;3;;28.045454545454547;27.91304347826087;3875000.0;2538461.5384615385;2833333.3333333335;4000000.0;18;15
986802;WM10;Gruppe E;Kamerun;Dänemark;1;2;;25.17391304347826;27.73913043478261;5200000.0;4613636.363636363;8150000.0;2833333.3333333335;21;19
986787;WM10;Gruppe E;Niederlande;Dänemark;2;0;;27.652173913043477;27.73913043478261;5753571.428571428;4613636.363636363;19444444.444444444;2833333.3333333335;17;19
986788;WM10;Gruppe E;Japan;Kamerun;1;0;;27.869565217391305;25.17391304347826;2641666.6666666665;5200000.0;3754545.4545454546;8150000.0;15;21
986818;WM10;Gruppe F;Paraguay;Neuseeland;0;0;;28.17391304347826;27.391304347826086;1642307.6923076923;610416.6666666666;4930000.0;559090.9090909091;21;17
986817;WM10;Gruppe F;Slowakei;Italien;3;2;;26.08695652173913;28.045454545454547;2341666.6666666665;11590909.090909092;4722727.2727272725;14681818.181818182;22;10
986803;WM10;Gruppe F;Slowakei;Paraguay;0;2;;26.08695652173913;28.17391304347826;2341666.6666666665;1640909.0909090908;4722727.2727272725;4383333.333333333;22;21
986804;WM10;Gruppe F;Italien;Neuseeland;1;1;;28.045454545454547;27.40909090909091;12458333.333333334;643181.8181818182;13950000.0;559090.9090909091;10;16
986790;WM10;Gruppe F;Neuseeland;Slowakei;1;1;;27.391304347826086;26.08695652173913;610416.6666666666;2341666.6666666665;559090.9090909091;4722727.2727272725;17;22
986789;WM10;Gruppe F;Italien;Paraguay;1;1;;28.217391304347824;28.130434782608695;13846153.846153846;1754166.6666666667;13950000.0;4509090.909090909;10;21
986820;WM10;Gruppe G;Nordkorea;Elfenbeinküste;0;3;;24.391304347826086;26.636363636363637;327272.7272727273;5801923.076923077;605000.0;10638888.888888888;6;19
986819;WM10;Gruppe G;Portugal;Brasilien;0;0;;27.761904761904763;28.714285714285715;8761538.461538462;14409090.909090908;18625000.0;13310000.0;13;15
986806;WM10;Gruppe G;Portugal;Nordkorea;7;0;;27.761904761904763;24.391304347826086;8761538.461538462;308333.3333333333;18625000.0;605000.0;13;6
986805;WM10;Gruppe G;Brasilien;Elfenbeinküste;3;1;;28.695652173913043;26.695652173913043;14409090.909090908;5725000.0;16216666.666666666;10275000.0;17;20
986791;WM10;Gruppe G;Elfenbeinküste;Portugal;0;0;;26.695652173913043;27.82608695652174;5725000.0;8761538.461538462;10275000.0;16340000.0;20;13
986792;WM10;Gruppe G;Brasilien;Nordkorea;2;1;;28.652173913043477;24.391304347826086;14409090.909090908;327272.7272727273;16216666.666666666;563636.3636363636;17;6
986822;WM10;Gruppe H;Schweiz;Honduras;0;0;;26.857142857142858;27.91304347826087;3437500.0;2529166.6666666665;5777777.777777778;1322727.2727272727;16;13
986821;WM10;Gruppe H;Chile;Spanien;1;2;;26.142857142857142;25.91304347826087;2170000.0;19416666.666666668;4409090.909090909;37909090.90909091;17;8
986807;WM10;Gruppe H;Chile;Schweiz;1;0;;25.91304347826087;26.695652173913043;2131818.1818181816;3403846.153846154;4625000.0;6000000.0;19;18
986808;WM10;Gruppe H;Spanien;Honduras;2;0;;25.91304347826087;27.91304347826087;20230769.230769232;2529166.6666666665;38700000.0;1322727.2727272727;8;13
986793;WM10;Gruppe H;Honduras;Chile;0;1;;27.90909090909091;25.91304347826087;2400000.0;2131818.1818181816;1433333.3333333333;4625000.0;13;19
986794;WM10;Gruppe H;Spanien;Schweiz;0;1;;25.91304347826087;26.545454545454547;19416666.666666668;3732142.8571428573;37909090.90909091;5750000.0;8;18
2466308;WM14;Finale;Deutschland;Argentinien;1;0;n.V.;25.90909090909091;28.652173913043477;21375000.0;6961538.461538462;28200000.0;29750000.0;10;15
2466306;WM14;Spiel um Platz Drei;Brasilien;Niederlande;0;3;;28.09090909090909;25.904761904761905;15307692.307692308;5666666.666666667;23222222.222222224;17166666.666666668;17;14
2464610;WM14;Halbfinale;Niederlande;Argentinien;2;4;n.E.;26.0;28.772727272727273;5687500.0;7076923.076923077;16642857.142857144;29944444.444444444;16;14
2464545;WM14;Halbfinale;Brasilien;Deutschland;1;7;;28.047619047619047;25.90909090909091;13041666.666666666;18833333.333333332;23444444.444444444;29600000.0;17;10
2463354;WM14;Viertelfinale;Argentinien;Belgien;1;0;;28.863636363636363;25.545454545454547;7500000.0;15246153.846153846;27590909.09090909;16444444.444444444;14;16
2462864;WM14;Viertelfinale;Niederlande;Costa Rica;4;3;n.E.;26.0;26.904761904761905;5785714.285714285;936538.4615384615;14055555.555555556;2243750.0;16;17
2463274;WM14;Viertelfinale;Frankreich;Deutschland;0;1;;26.227272727272727;25.90909090909091;13903846.153846154;18153846.153846152;21222222.222222224;31777777.777777776;17;10
2462650;WM14;Viertelfinale;Brasilien;Kolumbien;2;1;;27.90909090909091;27.043478260869566;14961538.461538462;3158333.3333333335;28333333.333333332;13777272.727272727;16;21
2462533;WM14;Achtelfinale;Argentinien;Schweiz;1;0;n.V.;28.772727272727273;25.476190476190474;7076923.076923077;8416666.666666666;28277777.777777776;8222222.222222222;15;14
2462535;WM14;Achtelfinale;Belgien;USA;2;1;n.V.;25.523809523809526;27.347826086956523;16246153.846153846;2107692.3076923075;16000000.0;3040000.0;15;20
2462532;WM14;Achtelfinale;Frankreich;Nigeria;2;0;;26.391304347826086;25.333333333333332;13446428.57142857;3175000.0;21222222.222222224;4983333.333333333;17;18
2462534;WM14;Achtelfinale;Deutschland;Algerien;2;1;n.V.;25.772727272727273;26.217391304347824;14909090.909090908;1370833.3333333333;30545454.545454547;3704545.4545454546;11;21
2462530;WM14;Achtelfinale;Niederlande;Mexiko;2;1;;26.0;26.90909090909091;5687500.0;3483333.3333333335;16642857.142857144;5345000.0;15;12
2462531;WM14;Achtelfinale;Costa Rica;Griechenland;6;4;n.E.;27.0;28.130434782608695;898437.5;3346666.6666666665;2335714.285714286;3712500.0;17;15
2462528;WM14;Achtelfinale;Brasilien;Chile;4;3;n.E.;27.82608695652174;27.608695652173914;15035714.285714285;3316666.6666666665;28555555.555555556;9090909.090909092;17;20
2462529;WM14;Achtelfinale;Kolumbien;Uruguay;2;0;;27.0;28.181818181818183;3325000.0;5725000.0;13777272.727272727;10133333.333333334;20;20
2384313;WM14;Gruppe A;Kroatien;Mexiko;1;3;;26.956521739130434;26.82608695652174;6365384.615384615;3163636.3636363638;11450000.0;5145833.333333333;19;12
2384312;WM14;Gruppe A;Kamerun;Brasilien;1;4;;26.26086956521739;27.82608695652174;5911538.461538462;15115384.615384616;4065000.0;27100000.0;22;17
2384345;WM14;Gruppe A;Kamerun;Kroatien;0;4;;26.217391304347824;26.956521739130434;5060714.285714285;8767857.142857144;5183333.333333333;8277777.777777778;22;19
2384344;WM14;Gruppe A;Brasilien;Mexiko;0;0;;27.82608695652174;26.82608695652174;15115384.615384616;3238461.5384615385;27100000.0;5445000.0;17;12
2384329;WM14;Gruppe A;Mexiko;Kamerun;1;0;;26.82608695652174;26.217391304347824;3163636.3636363638;5703571.428571428;5145833.333333333;4183333.3333333335;12;22
2384328;WM14;Gruppe A;Brasilien;Kroatien;3;1;;27.82608695652174;27.0;16566666.666666666;9729166.666666666;27375000.0;5055555.555555556;17;17
2384315;WM14;Gruppe B;Niederlande;Chile;2;0;;25.772727272727273;27.608695652173914;5466666.666666667;3425000.0;12214285.714285715;8927272.727272727;14;20
2384314;WM14;Gruppe B;Australien;Spanien;0;3;;25.82608695652174;27.782608695652176;976923.0769230769;23166666.666666668;865000.0;31272727.272727273;21;9
2384347;WM14;Gruppe B;Australien;Niederlande;2;3;;25.714285714285715;25.956521739130434;991666.6666666666;5800000.0;900000.0;15062500.0;21;15
2384346;WM14;Gruppe B;Spanien;Chile;0;2;;27.782608695652176;27.565217391304348;23166666.666666668;3275000.0;31272727.272727273;9090909.090909092;9;20
2384331;WM14;Gruppe B;Chile;Australien;3;1;;27.52173913043478;25.82608695652174;3425000.0;1025000.0;8927272.727272727;822727.2727272727;20;21
2384330;WM14;Gruppe B;Spanien;Niederlande;1;5;;27.782608695652176;25.956521739130434;24181818.181818184;5714285.714285715;29666666.666666668;14166666.666666666;9;15
2384317;WM14;Gruppe C;Griechenland;Elfenbeinküste;2;1;;27.772727272727273;27.285714285714285;3553846.153846154;3000000.0;3577777.777777778;9166666.666666666;15;18
2384316;WM14;Gruppe C;Japan;Kolumbien;1;4;;26.91304347826087;27.0;3232142.8571428573;3741666.6666666665;5861111.111111111;13322727.272727273;19;20
2384349;WM14;Gruppe C;Japan;Griechenland;0;0;;26.91304347826087;28.043478260869566;3232142.8571428573;3300000.0;5861111.111111111;3744444.4444444445;19;15
2384348;WM14;Gruppe C;Kolumbien;Elfenbeinküste;2;1;;26.956521739130434;27.5;3325000.0;3015384.6153846155;13777272.727272727;9166666.666666666;20;19
2384333;WM14;Gruppe C;Elfenbeinküste;Japan;2;1;;27.391304347826086;26.869565217391305;2821428.5714285714;3232142.8571428573;9166666.666666666;5861111.111111111;20;19
2384332;WM14;Gruppe C;Kolumbien;Griechenland;3;0;;26.956521739130434;28.043478260869566;3280769.230769231;3361538.4615384615;14880000.0;3620000.0;20;15
2384319;WM14;Gruppe D;Costa Rica;England;0;0;;26.956521739130434;26.130434782608695;785000.0;12600000.0;2231250.0;16000000.0;17;9
2384318;WM14;Gruppe D;Italien;Uruguay;0;1;;27.272727272727273;27.90909090909091;13900000.0;5778846.153846154;13666666.666666666;15722222.222222222;9;20
2384351;WM14;Gruppe D;Italien;Costa Rica;0;1;;27.391304347826086;26.956521739130434;13916666.666666666;785000.0;14181818.181818182;2231250.0;10;17
2384350;WM14;Gruppe D;Uruguay;England;2;1;;27.80952380952381;26.363636363636363;5510416.666666667;12375000.0;15722222.222222222;16850000.0;19;9
2384335;WM14;Gruppe D;England;Italien;1;2;;26.318181818181817;27.285714285714285;12375000.0;13850000.0;16850000.0;15227272.727272727;9;10
2384334;WM14;Gruppe D;Uruguay;Costa Rica;1;3;;28.08695652173913;26.956521739130434;5437500.0;785000.0;15722222.222222222;2231250.0;21;17
2384321;WM14;Gruppe E;Ecuador;Frankreich;0;0;;27.26086956521739;26.318181818181817;1852083.3333333333;12788461.538461538;3577272.727272727;21222222.222222224;17;17
2384320;WM14;Gruppe E;Honduras;Schweiz;0;3;;28.08695652173913;25.608695652173914;1050000.0;8000000.0;711111.1111111111;7400000.0;16;16
2384353;WM14;Gruppe E;Honduras;Ecuador;1;2;;28.045454545454547;27.26086956521739;1066666.6666666667;1202272.7272727273;680000.0;4029166.6666666665;15;17
2384352;WM14;Gruppe E;Schweiz;Frankreich;2;5;;25.608695652173914;26.391304347826086;7535714.285714285;13446428.57142857;8055555.555555556;21222222.222222224;16;17
2384336;WM14;Gruppe E;Schweiz;Ecuador;2;1;;25.608695652173914;27.26086956521739;7535714.285714285;1310000.0;8055555.555555556;3728846.153846154;16;17
2384337;WM14;Gruppe E;Frankreich;Honduras;3;0;;26.391304347826086;28.08695652173913;13446428.57142857;1050000.0;21222222.222222224;711111.1111111111;17;16
2384322;WM14;Gruppe F;Nigeria;Argentinien;2;3;;25.136363636363637;28.565217391304348;2918181.8181818184;7333333.333333333;4704545.454545454;27590909.09090909;20;15
2384323;WM14;Gruppe F;Bosnien-Herzegowina;Iran;3;1;;26.652173913043477;27.956521739130434;2618181.8181818184;942307.6923076923;7179166.666666667;1220000.0;22;16
2384355;WM14;Gruppe F;Nigeria;Bosnien-Herzegowina;1;0;;25.136363636363637;26.652173913043477;3175000.0;3015625.0;4575000.0;9528571.42857143;20;22
2384354;WM14;Gruppe F;Argentinien;Iran;1;0;;28.52173913043478;27.956521739130434;7333333.333333333;963333.3333333334;27590909.09090909;1250000.0;15;16
2384338;WM14;Gruppe F;Argentinien;Bosnien-Herzegowina;2;1;;28.52173913043478;26.454545454545453;6636363.636363637;2365384.6153846155;26541666.666666668;8855555.555555556;15;21
2384339;WM14;Gruppe F;Iran;Nigeria;0;0;;27.956521739130434;25.08695652173913;925000.0;2695833.3333333335;1277777.7777777778;4704545.454545454;16;21
2384325;WM14;Gruppe G;Portugal;Ghana;2;1;;28.444444444444443;24.954545454545453;6833333.333333333;3253846.153846154;20666666.666666668;5977777.777777778;13;21
2384324;WM14;Gruppe G;USA;Deutschland;0;1;;27.347826086956523;25.73913043478261;2262500.0;16307692.307692308;2786363.6363636362;31400000.0;20;11
2384357;WM14;Gruppe G;USA;Portugal;2;2;;27.5;28.05;2107692.3076923075;6200000.0;2711111.111111111;18950000.0;19;14
2384356;WM14;Gruppe G;Deutschland;Ghana;2;2;;25.73913043478261;24.954545454545453;15833333.333333334;3253846.153846154;30545454.545454547;5977777.777777778;11;21
2384341;WM14;Gruppe G;Ghana;USA;1;2;;24.91304347826087;27.347826086956523;3292857.1428571427;2376923.076923077;5583333.333333333;2690000.0;22;20
2384340;WM14;Gruppe G;Deutschland;Portugal;4;0;;25.73913043478261;28.17391304347826;15384615.384615384;8333333.333333333;32600000.0;17931818.181818184;11;15
2384326;WM14;Gruppe H;Südkorea;Belgien;0;1;;25.695652173913043;25.285714285714285;1426785.7142857143;12333333.333333334;3605555.5555555555;16777777.777777776;19;15
2384327;WM14;Gruppe H;Algerien;Russland;1;1;;26.217391304347824;27.08695652173913;1311538.4615384615;7250000.0;4015000.0;8672222.222222222;23;9
2384358;WM14;Gruppe H;Belgien;Russland;1;0;;25.52173913043478;27.08695652173913;14166666.666666666;7115384.615384615;16181818.181818182;8705000.0;17;9
2384359;WM14;Gruppe H;Südkorea;Algerien;2;4;;25.695652173913043;26.217391304347824;1426785.7142857143;1311538.4615384615;3605555.5555555555;4015000.0;19;23
2384343;WM14;Gruppe H;Russland;Südkorea;1;1;;27.043478260869566;25.695652173913043;7115384.615384615;1426785.7142857143;8705000.0;3605555.5555555555;9;19
2384342;WM14;Gruppe H;Belgien;Algerien;2;1;;25.52173913043478;26.17391304347826;14615384.615384616;1370833.3333333333;15800000.0;3704545.4545454546;17;23
