tournament;gametype;teamA;teamB;resultA;resultB;addinfo;gameid
AC13;Finale;Nigeria;Burkina Faso;1;0;;2289743
AC13;Spiel um Platz Drei;Mali;Ghana;3;1;;2289742
AC13;Halbfinale;Mali;Nigeria;1;4;;2289691
AC13;Halbfinale;Burkina Faso;Ghana;4;3;n.E.;2289692
AC13;Viertelfinale;Elfenbeinküste;Nigeria;1;2;;2289022
AC13;Viertelfinale;Burkina Faso;Togo;1;0;n.V.;2289023
AC13;Viertelfinale;Ghana;Kap Verde;2;0;;2289020
AC13;Viertelfinale;Südafrika;Mali;2;4;n.E.;2289021
AC13;Gruppe A;Kap Verde;Angola;2;1;;2270413
AC13;Gruppe A;Südafrika;Marokko;2;2;;2270412
AC13;Gruppe A;Südafrika;Angola;2;0;;2270404
AC13;Gruppe A;Marokko;Kap Verde;1;1;;2270405
AC13;Gruppe A;Südafrika;Kap Verde;0;0;;2270396
AC13;Gruppe A;Angola;Marokko;0;0;;2270397
AC13;Gruppe B;Demokratische-Republik-Kongo;Mali;1;1;;2270415
AC13;Gruppe B;Niger;Ghana;0;3;;2270414
AC13;Gruppe B;Ghana;Mali;1;0;;2270406
AC13;Gruppe B;Niger;Demokratische-Republik-Kongo;0;0;;2270407
AC13;Gruppe B;Ghana;Demokratische-Republik-Kongo;2;2;;2270398
AC13;Gruppe B;Mali;Niger;1;0;;2270399
AC13;Gruppe C;Äthiopien;Nigeria;0;2;;2270417
AC13;Gruppe C;Sambia;Burkina Faso;0;0;;2270416
AC13;Gruppe C;Sambia;Nigeria;1;1;;2270408
AC13;Gruppe C;Burkina Faso;Äthiopien;4;0;;2270409
AC13;Gruppe C;Sambia;Äthiopien;1;1;;2270400
AC13;Gruppe C;Nigeria;Burkina Faso;1;1;;2270401
AC13;Gruppe D;Algerien;Elfenbeinküste;2;2;;2270419
AC13;Gruppe D;Togo;Tunesien;1;1;;2270418
AC13;Gruppe D;Elfenbeinküste;Tunesien;3;0;;2270410
AC13;Gruppe D;Algerien;Togo;0;2;;2270411
AC13;Gruppe D;Elfenbeinküste;Togo;2;1;;2270402
AC13;Gruppe D;Tunesien;Algerien;1;0;;2270403
