tournament;gametype;teamA;teamB;resultA;resultB;addinfo;gameid
AC15;Finale;Elfenbeinküste;Ghana;9;8;n.E.;2533047
AC15;Spiel um Platz Drei;Demokratische-Republik-Kongo;Äquatorialguinea;4;2;n.E.;2533046
AC15;Halbfinale;Ghana;Äquatorialguinea;3;0;;2532170
AC15;Halbfinale;Demokratische-Republik-Kongo;Elfenbeinküste;1;3;;2532169
AC15;Viertelfinale;Ghana;Guinea;3;0;;2531005
AC15;Viertelfinale;Elfenbeinküste;Algerien;3;1;;2531006
AC15;Viertelfinale;Kongo;Demokratische-Republik-Kongo;2;4;;2531003
AC15;Viertelfinale;Tunesien;Äquatorialguinea;1;2;n.V.;2531004
AC15;Gruppe A;Kongo;Burkina Faso;2;1;;2515893
AC15;Gruppe A;Gabun;Äquatorialguinea;0;2;;2515892
AC15;Gruppe A;Äquatorialguinea;Burkina Faso;0;0;;2515885
AC15;Gruppe A;Gabun;Kongo;0;1;;2515884
AC15;Gruppe A;Äquatorialguinea;Kongo;1;1;;2515876
AC15;Gruppe A;Burkina Faso;Gabun;0;2;;2515877
AC15;Gruppe B;Kap Verde;Sambia;0;0;;2515894
AC15;Gruppe B;Demokratische-Republik-Kongo;Tunesien;1;1;;2515895
AC15;Gruppe B;Sambia;Tunesien;1;2;;2515887
AC15;Gruppe B;Kap Verde;Demokratische-Republik-Kongo;0;0;;2515886
AC15;Gruppe B;Sambia;Demokratische-Republik-Kongo;1;1;;2515878
AC15;Gruppe B;Tunesien;Kap Verde;1;1;;2515879
AC15;Gruppe C;Senegal;Algerien;0;2;;2515897
AC15;Gruppe C;Südafrika;Ghana;1;2;;2515896
AC15;Gruppe C;Ghana;Algerien;1;0;;2515889
AC15;Gruppe C;Südafrika;Senegal;1;1;;2515888
AC15;Gruppe C;Ghana;Senegal;1;2;;2515880
AC15;Gruppe C;Algerien;Südafrika;3;1;;2515881
AC15;Gruppe D;Guinea;Mali;1;1;;2515899
AC15;Gruppe D;Kamerun;Elfenbeinküste;0;1;;2515898
AC15;Gruppe D;Elfenbeinküste;Mali;1;1;;2515891
AC15;Gruppe D;Kamerun;Guinea;1;1;;2515890
AC15;Gruppe D;Elfenbeinküste;Guinea;1;1;;2515882
AC15;Gruppe D;Mali;Kamerun;1;1;;2515883
