tournament;gametype;teamA;teamB;resultA;resultB;addinfo;gameid
AC17;Finale;Ägypten;Kamerun;1;2;;2820284
AC17;Spiel um Platz Drei;Burkina Faso;Ghana;1;0;;2820283
AC17;Halbfinale;Kamerun;Ghana;2;0;;2818968
AC17;Halbfinale;Burkina Faso;Ägypten;4;5;n.E.;2818967
AC17;Viertelfinale;Demokratische-Republik-Kongo;Ghana;1;2;;2817762
AC17;Viertelfinale;Ägypten;Marokko;1;0;;2817763
AC17;Viertelfinale;Burkina Faso;Tunesien;2;0;;2817760
AC17;Viertelfinale;Senegal;Kamerun;4;5;n.E.;2817761
AC17;Gruppe A;Guinea-Bissau;Burkina Faso;0;2;;2768216
AC17;Gruppe A;Kamerun;Gabun;0;0;;2768215
AC17;Gruppe A;Gabun;Burkina Faso;1;1;;2768207
AC17;Gruppe A;Kamerun;Guinea-Bissau;2;1;;2768208
AC17;Gruppe A;Gabun;Guinea-Bissau;1;1;;2768199
AC17;Gruppe A;Burkina Faso;Kamerun;1;1;;2768200
AC17;Gruppe B;Simbabwe;Tunesien;2;4;;2768218
AC17;Gruppe B;Senegal;Algerien;2;2;;2768217
AC17;Gruppe B;Algerien;Tunesien;1;2;;2768209
AC17;Gruppe B;Senegal;Simbabwe;2;0;;2768210
AC17;Gruppe B;Algerien;Simbabwe;2;2;;2768201
AC17;Gruppe B;Tunesien;Senegal;0;2;;2768202
AC17;Gruppe C;Togo;Demokratische-Republik-Kongo;1;3;;2768220
AC17;Gruppe C;Marokko;Elfenbeinküste;1;0;;2768219
AC17;Gruppe C;Elfenbeinküste;Demokratische-Republik-Kongo;2;2;;2768211
AC17;Gruppe C;Marokko;Togo;3;1;;2768212
AC17;Gruppe C;Elfenbeinküste;Togo;0;0;;2768203
AC17;Gruppe C;Demokratische-Republik-Kongo;Marokko;1;0;;2768204
AC17;Gruppe D;Uganda;Mali;1;1;;2768222
AC17;Gruppe D;Ägypten;Ghana;1;0;;2768221
AC17;Gruppe D;Ghana;Mali;1;0;;2768213
AC17;Gruppe D;Ägypten;Uganda;1;0;;2768214
AC17;Gruppe D;Ghana;Uganda;1;0;;2768205
AC17;Gruppe D;Mali;Ägypten;0;0;;2768206
