tournament;gametype;teamA;teamB;resultA;resultB;addinfo;gameid
AM11;Finale;Australien;Japan;0;1;n.V.;1074995
AM11;Spiel um Platz Drei;Usbekistan;Südkorea;2;3;;1074994
AM11;Halbfinale;Japan;Südkorea;5;3;n.E.;1074870
AM11;Halbfinale;Usbekistan;Australien;0;6;;1074871
AM11;Viertelfinale;Australien;Irak;1;0;n.V.;1074103
AM11;Viertelfinale;Iran;Südkorea;0;1;n.V.;1074105
AM11;Viertelfinale;Japan;Katar;3;2;;1074104
AM11;Viertelfinale;Usbekistan;Jordanien;2;1;;1074102
AM11;Gruppe A;China;Usbekistan;2;2;;1023757
AM11;Gruppe A;Katar;Kuwait;3;0;;1023756
AM11;Gruppe A;Usbekistan;Kuwait;2;1;;1023748
AM11;Gruppe A;China;Katar;0;2;;1023749
AM11;Gruppe A;Kuwait;China;0;2;;1023741
AM11;Gruppe A;Katar;Usbekistan;0;2;;1023740
AM11;Gruppe B;Saudi-Arabien;Japan;0;5;;1023758
AM11;Gruppe B;Jordanien;Syrien;2;1;;1023759
AM11;Gruppe B;Jordanien;Saudi-Arabien;1;0;;1023750
AM11;Gruppe B;Syrien;Japan;1;2;;1023751
AM11;Gruppe B;Japan;Jordanien;1;1;;1023742
AM11;Gruppe B;Saudi-Arabien;Syrien;1;2;;1023743
AM11;Gruppe C;Australien;Bahrain;1;0;;1023761
AM11;Gruppe C;Südkorea;Indien;4;1;;1023760
AM11;Gruppe C;Australien;Südkorea;1;1;;1023752
AM11;Gruppe C;Bahrain;Indien;5;2;;1023753
AM11;Gruppe C;Indien;Australien;0;4;;1023744
AM11;Gruppe C;Südkorea;Bahrain;2;1;;1023745
AM11;Gruppe D;Vereinigte-Arabische-Emirate;Iran;0;3;;1023763
AM11;Gruppe D;Irak;Nordkorea;1;0;;1023762
AM11;Gruppe D;Iran;Nordkorea;1;0;;1023754
AM11;Gruppe D;Vereinigte-Arabische-Emirate;Irak;0;1;;1023755
AM11;Gruppe D;Nordkorea;Vereinigte-Arabische-Emirate;0;0;;1023746
AM11;Gruppe D;Irak;Iran;1;2;;1023747
