tournament;gametype;teamA;teamB;resultA;resultB;addinfo;gameid
AM15;Finale;Südkorea;Australien;1;2;n.V.;2530698
AM15;Spiel um Platz Drei;Irak;Vereinigte-Arabische-Emirate;2;3;;2530699
AM15;Halbfinale;Australien;Vereinigte-Arabische-Emirate;2;0;;2529903
AM15;Halbfinale;Südkorea;Irak;2;0;;2529902
AM15;Viertelfinale;Iran;Irak;9;10;n.E.;2528974
AM15;Viertelfinale;Japan;Vereinigte-Arabische-Emirate;5;6;n.E.;2528975
AM15;Viertelfinale;Südkorea;Usbekistan;2;0;n.V.;2528972
AM15;Viertelfinale;China;Australien;0;2;;2528973
AM15;Gruppe A;Oman;Kuwait;1;0;;2450325
AM15;Gruppe A;Australien;Südkorea;0;1;;2450324
AM15;Gruppe A;Kuwait;Südkorea;0;1;;2450317
AM15;Gruppe A;Oman;Australien;0;4;;2450318
AM15;Gruppe A;Südkorea;Oman;1;0;;2450311
AM15;Gruppe A;Australien;Kuwait;4;1;;2450310
AM15;Gruppe B;China;Nordkorea;2;1;;2450327
AM15;Gruppe B;Usbekistan;Saudi-Arabien;3;1;;2450326
AM15;Gruppe B;Nordkorea;Saudi-Arabien;1;4;;2450319
AM15;Gruppe B;China;Usbekistan;2;1;;2450320
AM15;Gruppe B;Usbekistan;Nordkorea;1;0;;2450312
AM15;Gruppe B;Saudi-Arabien;China;0;1;;2450313
AM15;Gruppe C;Katar;Bahrain;1;2;;2450329
AM15;Gruppe C;Iran;Vereinigte-Arabische-Emirate;1;0;;2450328
AM15;Gruppe C;Bahrain;Vereinigte-Arabische-Emirate;1;2;;2450321
AM15;Gruppe C;Katar;Iran;0;1;;2450322
AM15;Gruppe C;Vereinigte-Arabische-Emirate;Katar;4;1;;2450315
AM15;Gruppe C;Iran;Bahrain;2;0;;2450314
AM15;Gruppe D;Irak;Palästina;2;0;;2492811
AM15;Gruppe D;Japan;Jordanien;2;0;;2450330
AM15;Gruppe D;Palästina;Jordanien;1;5;;2492812
AM15;Gruppe D;Irak;Japan;0;1;;2450323
AM15;Gruppe D;Japan;Palästina;4;0;;2485599
AM15;Gruppe D;Jordanien;Irak;0;1;;2450316
