tournament;gametype;teamA;teamB;resultA;resultB;addinfo;gameid
CA11;Finale;Uruguay;Paraguay;3;0;;1129109
CA11;Spiel um Platz Drei;Peru;Venezuela;4;1;;1129108
CA11;Halbfinale;Paraguay;Venezuela;5;3;n.E.;1128035
CA11;Halbfinale;Peru;Uruguay;0;2;;1128034
CA11;Viertelfinale;Chile;Venezuela;1;2;;1127606
CA11;Viertelfinale;Argentinien;Uruguay;5;6;n.E.;1127604
CA11;Viertelfinale;Brasilien;Paraguay;0;2;n.E.;1127605
CA11;Viertelfinale;Kolumbien;Peru;0;2;n.V.;1127603
CA11;Gruppe A;Argentinien;Costa Rica;3;0;;1103452
CA11;Gruppe A;Kolumbien;Bolivien;2;0;;1103451
CA11;Gruppe A;Bolivien;Costa Rica;0;2;;1103446
CA11;Gruppe A;Argentinien;Kolumbien;0;0;;1103445
CA11;Gruppe A;Argentinien;Bolivien;1;1;;1103439
CA11;Gruppe A;Kolumbien;Costa Rica;1;0;;1103440
CA11;Gruppe B;Paraguay;Venezuela;3;3;;1103453
CA11;Gruppe B;Brasilien;Ecuador;4;2;;1103454
CA11;Gruppe B;Brasilien;Paraguay;2;2;;1103447
CA11;Gruppe B;Venezuela;Ecuador;1;0;;1103448
CA11;Gruppe B;Brasilien;Venezuela;0;0;;1103441
CA11;Gruppe B;Paraguay;Ecuador;0;0;;1103442
CA11;Gruppe C;Chile;Peru;1;0;;1103455
CA11;Gruppe C;Uruguay;Mexiko;1;0;;1103456
CA11;Gruppe C;Uruguay;Chile;1;1;;1103450
CA11;Gruppe C;Peru;Mexiko;1;0;;1103449
CA11;Gruppe C;Uruguay;Peru;1;1;;1103443
CA11;Gruppe C;Chile;Mexiko;2;1;;1103444
