tournament;gametype;teamA;teamB;resultA;resultB;addinfo;gameid
CA15;Finale;Chile;Argentinien;4;1;n.E.;2584679
CA15;Spiel um Platz Drei;Peru;Paraguay;2;0;;2584678
CA15;Halbfinale;Argentinien;Paraguay;6;1;;2583053
CA15;Halbfinale;Chile;Peru;2;1;;2583052
CA15;Viertelfinale;Argentinien;Kolumbien;5;4;n.E.;2580100
CA15;Viertelfinale;Brasilien;Paraguay;4;5;n.E.;2580101
CA15;Viertelfinale;Bolivien;Peru;1;3;;2580099
CA15;Viertelfinale;Chile;Uruguay;1;0;;2580098
CA15;Gruppe A;Chile;Bolivien;5;0;;2547027
CA15;Gruppe A;Mexiko;Ecuador;1;2;;2547026
CA15;Gruppe A;Chile;Mexiko;3;3;;2547021
CA15;Gruppe A;Ecuador;Bolivien;2;3;;2547020
CA15;Gruppe A;Mexiko;Bolivien;0;0;;2547015
CA15;Gruppe A;Chile;Ecuador;2;0;;2547014
CA15;Gruppe B;Uruguay;Paraguay;1;1;;2547028
CA15;Gruppe B;Argentinien;Jamaika;1;0;;2547029
CA15;Gruppe B;Argentinien;Uruguay;1;0;;2547023
CA15;Gruppe B;Paraguay;Jamaika;1;0;;2547022
CA15;Gruppe B;Uruguay;Jamaika;1;0;;2547016
CA15;Gruppe B;Argentinien;Paraguay;2;2;;2547017
CA15;Gruppe C;Kolumbien;Peru;0;0;;2547030
CA15;Gruppe C;Brasilien;Venezuela;2;1;;2547031
CA15;Gruppe C;Peru;Venezuela;1;0;;2547025
CA15;Gruppe C;Brasilien;Kolumbien;0;1;;2547024
CA15;Gruppe C;Kolumbien;Venezuela;0;1;;2547019
CA15;Gruppe C;Brasilien;Peru;2;1;;2547018
