tournament;gametype;teamA;teamB;resultA;resultB;addinfo;gameid
EM08;Finale;Deutschland;Spanien;0;1;;910204
EM08;Halbfinale;Russland;Spanien;0;3;;910203
EM08;Halbfinale;Deutschland;Türkei;3;2;;910200
EM08;Viertelfinale;Spanien;Italien;4;2;n.E.;910151
EM08;Viertelfinale;Niederlande;Russland;1;3;n.V.;910149
EM08;Viertelfinale;Kroatien;Türkei;2;4;n.E.;910143
EM08;Viertelfinale;Portugal;Deutschland;2;3;;910142
EM08;Gruppe A;Türkei;Tschechien;3;2;;88046
EM08;Gruppe A;Schweiz;Portugal;2;0;;88045
EM08;Gruppe A;Tschechien;Portugal;1;3;;88037
EM08;Gruppe A;Schweiz;Türkei;1;2;;88038
EM08;Gruppe A;Schweiz;Tschechien;0;1;;88029
EM08;Gruppe A;Portugal;Türkei;2;0;;88030
EM08;Gruppe B;Polen;Kroatien;0;1;;88048
EM08;Gruppe B;Österreich;Deutschland;0;1;;88047
EM08;Gruppe B;Kroatien;Deutschland;2;1;;88039
EM08;Gruppe B;Österreich;Polen;1;1;;88040
EM08;Gruppe B;Österreich;Kroatien;0;1;;88031
EM08;Gruppe B;Deutschland;Polen;2;0;;88032
EM08;Gruppe C;Frankreich;Italien;0;2;;88050
EM08;Gruppe C;Niederlande;Rumänien;2;0;;88049
EM08;Gruppe C;Italien;Rumänien;1;1;;88041
EM08;Gruppe C;Niederlande;Frankreich;4;1;;88042
EM08;Gruppe C;Rumänien;Frankreich;0;0;;88033
EM08;Gruppe C;Niederlande;Italien;3;0;;88034
EM08;Gruppe D;Russland;Schweden;2;0;;88052
EM08;Gruppe D;Griechenland;Spanien;1;2;;88051
EM08;Gruppe D;Schweden;Spanien;1;2;;88043
EM08;Gruppe D;Griechenland;Russland;0;1;;88044
EM08;Gruppe D;Spanien;Russland;4;1;;88035
EM08;Gruppe D;Griechenland;Schweden;0;2;;88036
