tournament;gametype;teamA;teamB;resultA;resultB;addinfo;gameid
EM12;Finale;Spanien;Italien;4;0;;2232817
EM12;Halbfinale;Deutschland;Italien;1;2;;2221626
EM12;Halbfinale;Portugal;Spanien;2;4;n.E.;2221241
EM12;Viertelfinale;England;Italien;2;4;n.E.;2219616
EM12;Viertelfinale;Spanien;Frankreich;2;0;;2219615
EM12;Viertelfinale;Deutschland;Griechenland;4;2;;2219367
EM12;Viertelfinale;Tschechien;Portugal;0;1;;2219366
EM12;Gruppe A;Griechenland;Russland;1;0;;1168996
EM12;Gruppe A;Tschechien;Polen;1;0;;1168997
EM12;Gruppe A;Griechenland;Tschechien;1;2;;1168994
EM12;Gruppe A;Polen;Russland;1;1;;1168995
EM12;Gruppe A;Polen;Griechenland;1;1;;1168992
EM12;Gruppe A;Russland;Tschechien;4;1;;1168993
EM12;Gruppe B;Dänemark;Deutschland;1;2;;1169003
EM12;Gruppe B;Portugal;Niederlande;2;1;;1169002
EM12;Gruppe B;Dänemark;Portugal;2;3;;1169001
EM12;Gruppe B;Niederlande;Deutschland;1;2;;1169000
EM12;Gruppe B;Niederlande;Dänemark;0;1;;1168998
EM12;Gruppe B;Deutschland;Portugal;1;0;;1168999
EM12;Gruppe C;Italien;Irland;2;0;;1169009
EM12;Gruppe C;Kroatien;Spanien;0;1;;1169008
EM12;Gruppe C;Italien;Kroatien;1;1;;1169006
EM12;Gruppe C;Spanien;Irland;4;0;;1169007
EM12;Gruppe C;Spanien;Italien;1;1;;1169004
EM12;Gruppe C;Irland;Kroatien;1;3;;1169005
EM12;Gruppe D;England;Ukraine;1;0;;1169015
EM12;Gruppe D;Schweden;Frankreich;2;0;;1169014
EM12;Gruppe D;Ukraine;Frankreich;0;2;;1169013
EM12;Gruppe D;Schweden;England;2;3;;1169012
EM12;Gruppe D;Frankreich;England;1;1;;1169010
EM12;Gruppe D;Ukraine;Schweden;2;1;;1169011
