tournament;gametype;teamA;teamB;resultA;resultB;addinfo;gameid
EM16;Finale;Portugal;Frankreich;1;0;n.V.;2711570
EM16;Halbfinale;Deutschland;Frankreich;0;2;;2707829
EM16;Halbfinale;Portugal;Wales;2;0;;2707818
EM16;Viertelfinale;Frankreich;Island;5;2;;2703265
EM16;Viertelfinale;Deutschland;Italien;7;6;n.E.;2702908
EM16;Viertelfinale;Wales;Belgien;3;1;;2702907
EM16;Viertelfinale;Polen;Portugal;4;6;n.E.;2702906
EM16;Achtelfinale;Italien;Spanien;2;0;;2701332
EM16;Achtelfinale;England;Island;1;2;;2701345
EM16;Achtelfinale;Frankreich;Irland;2;1;;2701343
EM16;Achtelfinale;Deutschland;Slowakei;3;0;;2701331
EM16;Achtelfinale;Ungarn;Belgien;0;4;;2701344
EM16;Achtelfinale;Schweiz;Polen;5;6;n.E.;2701329
EM16;Achtelfinale;Wales;Nordirland;1;0;;2701342
EM16;Achtelfinale;Kroatien;Portugal;0;1;n.V.;2701330
EM16;Gruppe A;Rumänien;Albanien;0;1;;2645659
EM16;Gruppe A;Schweiz;Frankreich;0;0;;2645658
EM16;Gruppe A;Rumänien;Schweiz;1;1;;2645647
EM16;Gruppe A;Frankreich;Albanien;2;0;;2645646
EM16;Gruppe A;Albanien;Schweiz;0;1;;2645636
EM16;Gruppe A;Frankreich;Rumänien;2;1;;2645635
EM16;Gruppe B;Russland;Wales;0;3;;2645661
EM16;Gruppe B;Slowakei;England;0;0;;2645660
EM16;Gruppe B;England;Wales;2;1;;2645649
EM16;Gruppe B;Russland;Slowakei;1;2;;2645648
EM16;Gruppe B;Wales;Slowakei;2;1;;2645637
EM16;Gruppe B;England;Russland;1;1;;2645638
EM16;Gruppe C;Ukraine;Polen;0;1;;2645662
EM16;Gruppe C;Nordirland;Deutschland;0;1;;2645663
EM16;Gruppe C;Ukraine;Nordirland;0;2;;2645650
EM16;Gruppe C;Deutschland;Polen;0;0;;2645651
EM16;Gruppe C;Polen;Nordirland;1;0;;2645640
EM16;Gruppe C;Deutschland;Ukraine;2;0;;2645639
EM16;Gruppe D;Tschechien;Türkei;0;2;;2645665
EM16;Gruppe D;Kroatien;Spanien;2;1;;2645664
EM16;Gruppe D;Tschechien;Kroatien;2;2;;2645653
EM16;Gruppe D;Spanien;Türkei;3;0;;2645652
EM16;Gruppe D;Spanien;Tschechien;1;0;;2645670
EM16;Gruppe D;Türkei;Kroatien;0;1;;2645641
EM16;Gruppe E;Schweden;Belgien;0;1;;2645667
EM16;Gruppe E;Italien;Irland;0;1;;2645666
EM16;Gruppe E;Belgien;Irland;3;0;;2645655
EM16;Gruppe E;Italien;Schweden;1;0;;2645654
EM16;Gruppe E;Irland;Schweden;1;1;;2645643
EM16;Gruppe E;Belgien;Italien;0;2;;2645642
EM16;Gruppe F;Ungarn;Portugal;3;3;;2645668
EM16;Gruppe F;Island;Österreich;2;1;;2645669
EM16;Gruppe F;Island;Ungarn;1;1;;2645656
EM16;Gruppe F;Portugal;Österreich;0;0;;2645657
EM16;Gruppe F;Österreich;Ungarn;0;2;;2645644
EM16;Gruppe F;Portugal;Island;1;1;;2645645
