tournament;gametype;teamA;teamB;resultA;resultB;addinfo;gameid
GC11;Finale;USA;Mexiko;2;4;;1121867
GC11;Halbfinale;USA;Panama;1;0;;1120903
GC11;Halbfinale;Honduras;Mexiko;0;2;n.V.;1120902
GC11;Viertelfinale;Panama;El Salvador;6;4;n.E.;1115120
GC11;Viertelfinale;Mexiko;Guatemala;2;1;;1115118
GC11;Viertelfinale;Jamaika;USA;0;2;;1115119
GC11;Viertelfinale;Costa Rica;Honduras;3;5;n.E.;1115117
GC11;Gruppe A;El Salvador;Kuba;6;1;;1103469
GC11;Gruppe A;Mexiko;Costa Rica;4;1;;1103470
GC11;Gruppe A;Costa Rica;El Salvador;1;1;;1103463
GC11;Gruppe A;Kuba;Mexiko;0;5;;1103464
GC11;Gruppe A;Costa Rica;Kuba;5;0;;1103457
GC11;Gruppe A;Mexiko;El Salvador;5;0;;1103458
GC11;Gruppe B;Guatemala;Grenada;4;0;;1103471
GC11;Gruppe B;Honduras;Jamaika;0;1;;1103472
GC11;Gruppe B;Jamaika;Guatemala;2;0;;1103465
GC11;Gruppe B;Grenada;Honduras;1;7;;1103466
GC11;Gruppe B;Jamaika;Grenada;4;0;;1103459
GC11;Gruppe B;Honduras;Guatemala;0;0;;1103460
GC11;Gruppe C;Kanada;Panama;1;1;;1103473
GC11;Gruppe C;Guadeloupe;USA;0;1;;1103474
GC11;Gruppe C;Guadeloupe;Kanada;0;1;;1103467
GC11;Gruppe C;USA;Panama;1;2;;1103468
GC11;Gruppe C;USA;Kanada;2;0;;1103462
GC11;Gruppe C;Panama;Guadeloupe;3;2;;1103461
