tournament;gametype;teamA;teamB;resultA;resultB;addinfo;gameid
GC15;Finale;Jamaika;Mexiko;1;3;;2600987
GC15;Spiel um Platz Drei;USA;Panama;3;4;n.E.;2600986
GC15;Halbfinale;USA;Jamaika;1;2;;2597779
GC15;Halbfinale;Panama;Mexiko;1;2;n.V.;2599102
GC15;Viertelfinale;Mexiko;Costa Rica;1;0;n.V.;2597536
GC15;Viertelfinale;Haiti;Jamaika;0;1;;2597534
GC15;Viertelfinale;Trinidad;Panama;6;7;n.E.;2597535
GC15;Viertelfinale;USA;Kuba;6;0;;2597533
GC15;Gruppe A;Haiti;Honduras;1;0;;2549833
GC15;Gruppe A;Panama;USA;1;1;;2546663
GC15;Gruppe A;Honduras;Panama;1;1;;2549832
GC15;Gruppe A;USA;Haiti;1;0;;2546658
GC15;Gruppe A;Panama;Haiti;1;1;;2546653
GC15;Gruppe A;USA;Honduras;2;1;;2549831
GC15;Gruppe B;Jamaika;El Salvador;1;0;;2546664
GC15;Gruppe B;Kanada;Costa Rica;0;0;;2546665
GC15;Gruppe B;Jamaika;Kanada;1;0;;2546659
GC15;Gruppe B;Costa Rica;El Salvador;1;1;;2546660
GC15;Gruppe B;Costa Rica;Jamaika;2;2;;2546654
GC15;Gruppe B;El Salvador;Kanada;0;0;;2546655
GC15;Gruppe C;Kuba;Guatemala;1;0;;2546666
GC15;Gruppe C;Mexiko;Trinidad;4;4;;2546667
GC15;Gruppe C;Trinidad;Kuba;2;0;;2546661
GC15;Gruppe C;Guatemala;Mexiko;0;0;;2546662
GC15;Gruppe C;Trinidad;Guatemala;3;1;;2546656
GC15;Gruppe C;Mexiko;Kuba;6;0;;2546657
