GameId;team;club;name;age;value;position;role
1023758;Saudi-Arabien;;Waleed Abdullah;24;650000.0;Torwart;Startaufstellung
1023758;Saudi-Arabien;Al-Ahli Dschidda;Kamel Al-Mousa;28;600000.0;Innenverteidiger;Startaufstellung
1023758;Saudi-Arabien;Al-Hilal Riad;Osama Hawsawi;26;1500000.0;Innenverteidiger;Startaufstellung
1023758;Saudi-Arabien;Al-Ittihad Dschidda;Osama Al Harbi;26;700000.0;Innenverteidiger;Startaufstellung
1023758;Saudi-Arabien;;Abdullah Shuhail;25;700000.0;Linker Verteidiger;Startaufstellung
1023758;Saudi-Arabien;;Ahmed Ateef;27;800000.0;Zentrales Mittelfeld;Startaufstellung
1023758;Saudi-Arabien;Al-Ahli Dschidda;Taisir Al-Jassim;26;750000.0;Zentrales Mittelfeld;Startaufstellung
1023758;Saudi-Arabien;Al-Hilal Riad;Mohammad Al-Shalhoub;30;1500000.0;Offensives Mittelfeld;Startaufstellung
1023758;Saudi-Arabien;Al-Shabab Riad;Abdoh Autef;26;150000.0;Offensives Mittelfeld;Startaufstellung
1023758;Saudi-Arabien;Al-Ittihad Dschidda;Naif Hazazi;22;2500000.0;Mittelstürmer;Startaufstellung
1023758;Saudi-Arabien;Al-Hilal Riad;Yasser Al-Qahtani;28;3500000.0;Mittelstürmer;Startaufstellung
1023758;Japan;Sanfrecce Hiroshima;Shusaku Nishikawa;24;1200000.0;Torwart;Startaufstellung
1023758;Japan;VVV-Venlo;Maya Yoshida;22;1250000.0;Innenverteidiger;Startaufstellung
1023758;Japan;FC Tokyo;Yasuyuki Konno;27;1700000.0;Innenverteidiger;Startaufstellung
1023758;Japan;AC Cesena;Yuto Nagatomo;24;2800000.0;Linker Verteidiger;Startaufstellung
1023758;Japan;FC Schalke 04;Atsuto Uchida;22;4500000.0;Rechter Verteidiger;Startaufstellung
1023758;Japan;VfL Wolfsburg;Makoto Hasebe;26;4000000.0;Defensives Mittelfeld;Startaufstellung
1023758;Japan;Gamba Osaka;Yasuhito Endo;30;4500000.0;Zentrales Mittelfeld;Startaufstellung
1023758;Japan;Borussia Dortmund;Shinji Kagawa;21;8000000.0;Linkes Mittelfeld;Startaufstellung
1023758;Japan;Urawa Red Diamonds;Yosuke Kashiwagi;23;1600000.0;Offensives Mittelfeld;Startaufstellung
1023758;Japan;Shimizu S-Pulse;Shinji Okazaki;24;2200000.0;Rechtsaußen;Startaufstellung
1023758;Japan;Júbilo Iwata;Ryoichi Maeda;29;2100000.0;Mittelstürmer;Startaufstellung
1023758;Saudi-Arabien;;Hussein Shaian;21;100000.0;Torwart;Reservebank
1023758;Saudi-Arabien;Al-Ittihad Dschidda;Mabrouk Zaid;31;500000.0;Torwart;Reservebank
1023758;Saudi-Arabien;Al-Ittihad Dschidda;Hamad Al Montashari;28;800000.0;Innenverteidiger;Reservebank
1023758;Saudi-Arabien;Al-Ittihad Dschidda;Mishal Al-Saeed;27;250000.0;Linker Verteidiger;Reservebank
1023758;Saudi-Arabien;Al-Ahli Dschidda;Mootaz Al-Mousa;23;400000.0;Defensives Mittelfeld;Reservebank
1023758;Saudi-Arabien;;Sahib Al-Abdullah;33;500000.0;Defensives Mittelfeld;Reservebank
1023758;Saudi-Arabien;Al-Ahli Dschidda;Mohammed Massad;27;700000.0;Rechtes Mittelfeld;Reservebank
1023758;Saudi-Arabien;Al-Ittihad Dschidda;Manaf Abushgeer;30;600000.0;Linkes Mittelfeld;Reservebank
1023758;Saudi-Arabien;Al-Hilal Riad;Abdullaziz Al-Dawsari;22;300000.0;Linkes Mittelfeld;Reservebank
1023758;Saudi-Arabien;Al-Hilal Riad;Nawaf Al-Abed;20;500000.0;Offensives Mittelfeld;Reservebank
1023758;Saudi-Arabien;Al-Shabab Riad;Nasser Al-Shamrani;27;2000000.0;Mittelstürmer;Reservebank
1023758;Saudi-Arabien;Al-Wahda Mekka;Muhannad Asiri;24;600000.0;Mittelstürmer;Reservebank
1023758;Japan;FC Tokyo;Shuichi Gonda;21;1000000.0;Torwart;Reservebank
1023758;Japan;Kashima Antlers;Masahiko Inoha;25;800000.0;Rechter Verteidiger;Reservebank
1023758;Japan;Kashima Antlers;Daiki Iwamasa;28;1700000.0;Innenverteidiger;Reservebank
1023758;Japan;Sanfrecce Hiroshima;Ryota Moriwaki;24;750000.0;Innenverteidiger;Reservebank
1023758;Japan;Urawa Red Diamonds;Mitsuru Nagata;27;900000.0;Innenverteidiger;Reservebank
1023758;Japan;FC Augsburg;Hajime Hosogai;24;1500000.0;Defensives Mittelfeld;Reservebank
1023758;Japan;Kashima Antlers;Takuya Honda;25;1100000.0;Defensives Mittelfeld;Reservebank
1023758;Japan;Nagoya Grampus;Jungo Fujimoto;26;1800000.0;Rechtes Mittelfeld;Reservebank
1023758;Japan;ZSKA Moskau;Keisuke Honda;24;10000000.0;Offensives Mittelfeld;Reservebank
1023758;Japan;Sanfrecce Hiroshima;Tadanari Lee;25;1000000.0;Hängende Spitze;Reservebank
