GameId;team;club;name;age;value;position;role
1023747;Irak;Erbil SC;Mohammed Kassid;24;100000.0;Torwart;Startaufstellung
1023747;Irak;;Salam Shakir;24;125000.0;Innenverteidiger;Startaufstellung
1023747;Irak;Al-Wakrah Sports Club;Ali Hussein Rehema;25;300000.0;Innenverteidiger;Startaufstellung
1023747;Irak;Qatar Sports Club;Qusay Muneer;29;250000.0;Defensives Mittelfeld;Startaufstellung
1023747;Irak;Erbil SC;Mahdi Kareem;27;500000.0;Rechtes Mittelfeld;Startaufstellung
1023747;Irak;;Samer Saeed;23;150000.0;Rechtes Mittelfeld;Startaufstellung
1023747;Irak;Al-Wakrah Sports Club;Nashat Akram;26;750000.0;Offensives Mittelfeld;Startaufstellung
1023747;Irak;Persija Jakarta;Alaa Abdul-Zahra;23;200000.0;Offensives Mittelfeld;Startaufstellung
1023747;Irak;Esteghlal FC;Hawar Mulla Mohammed;29;450000.0;Linksaußen;Startaufstellung
1023747;Irak;Al Gharafa Sports Club;Younis Mahmoud;27;1500000.0;Mittelstürmer;Startaufstellung
1023747;Irak;Shahin Bushehr FC;Emad Mohammed;28;350000.0;Mittelstürmer;Startaufstellung
1023747;Iran;Sepahan FC;Mehdi Rahmati;29;1250000.0;Torwart;Startaufstellung
1023747;Iran;Sepahan FC;Seyed Jalal Hosseini;28;3000000.0;Innenverteidiger;Startaufstellung
1023747;Iran;Sepahan FC;Hadi Aghili;29;1100000.0;Innenverteidiger;Startaufstellung
1023747;Iran;Sepahan FC;Ehsan Hajsafi;20;1000000.0;Linker Verteidiger;Startaufstellung
1023747;Iran;Tractor Sazi FC;Mohammad Nosrati;30;500000.0;Rechter Verteidiger;Startaufstellung
1023747;Iran;CA Osasuna;Javad Nekounam;30;4000000.0;Defensives Mittelfeld;Startaufstellung
1023747;Iran;Tractor Sazi FC;Andranik Teymourian;27;750000.0;Zentrales Mittelfeld;Startaufstellung
1023747;Iran;Esteghlal FC;Iman Mobali;28;1000000.0;Offensives Mittelfeld;Startaufstellung
1023747;Iran;CA Osasuna;Masoud Shojaei;26;2000000.0;Linksaußen;Startaufstellung
1023747;Iran;Persepolis FC;Gholamreza Rezaei;26;650000.0;Rechtsaußen;Startaufstellung
1023747;Iran;Steel Azin FC;Mohammad Gholami;27;300000.0;Mittelstürmer;Startaufstellung
1023747;Irak;;Ahmad Ibrahim Khalaf;18;100000.0;Innenverteidiger;Reservebank
1023747;Irak;Baniyas SC;Mustafa Kareem;23;600000.0;Mittelstürmer;Reservebank
1023747;Iran;Paykan FC;Ebrahim Mirzapour;32;750000.0;Torwart;Reservebank
1023747;Iran;Zob Ahan Isfahan;Shahab Gordan;26;350000.0;Torwart;Reservebank
1023747;Iran;Zob Ahan Isfahan;Farshid Talebi;29;500000.0;Innenverteidiger;Reservebank
1023747;Iran;Sepahan FC;Mohsen Bengar;31;450000.0;Innenverteidiger;Reservebank
1023747;Iran;Sepahan FC;Khosro Heydari;27;2000000.0;Rechter Verteidiger;Reservebank
1023747;Iran;Malavan of Bandar Anzali;Pejman Nouri;30;800000.0;Zentrales Mittelfeld;Reservebank
1023747;Iran;Zob Ahan Isfahan;Ghasem Hadadifar;27;650000.0;Zentrales Mittelfeld;Reservebank
1023747;Iran;Persepolis FC;Mohammad Nouri;28;550000.0;Offensives Mittelfeld;Reservebank
1023747;Iran;Zob Ahan Isfahan;Mohammad Reza Khalatbari;27;1500000.0;Linksaußen;Reservebank
1023747;Iran;Saipa FC;Karim Ansarifard;20;800000.0;Mittelstürmer;Reservebank
1023747;Iran;Foolad FC;Arash Afshin;21;750000.0;Mittelstürmer;Reservebank
1023747;Iran;Foolad FC;Reza Norouzi;28;150000.0;Mittelstürmer;Reservebank
