GameId;team;club;name;age;value;position;role
1023750;Jordanien;Al-Wehdat;Amer Shafi;28;100000.0;Torwart;Startaufstellung
1023750;Jordanien;Unbekannt;Bashar Bani Yaseen;33;250000.0;Abwehr;Startaufstellung
1023750;Jordanien;;Mohammad Muneer;28;75000.0;Innenverteidiger;Startaufstellung
1023750;Jordanien;;Basem Fat'hi;28;100000.0;Linker Verteidiger;Startaufstellung
1023750;Jordanien;Al-Wahda Mekka;Suliman Al-Salman;23;100000.0;Rechter Verteidiger;Startaufstellung
1023750;Jordanien;;Shadi Abu Hashhash;29;350000.0;Defensives Mittelfeld;Startaufstellung
1023750;Jordanien;;Baha'a Abdulrahman;24;100000.0;Defensives Mittelfeld;Startaufstellung
1023750;Jordanien;Emirates Club;Amer Deeb;30;200000.0;Zentrales Mittelfeld;Startaufstellung
1023750;Jordanien;;Hassan Abdel Fattah;28;125000.0;Offensives Mittelfeld;Startaufstellung
1023750;Jordanien;Shabab Al-Ordon Al-Qadisiya;Abdallah Deeb;23;200000.0;Rechtsaußen;Startaufstellung
1023750;Jordanien;Alki Larnaka;Odai Al Saify;24;500000.0;Mittelstürmer;Startaufstellung
1023750;Saudi-Arabien;;Waleed Abdullah;24;650000.0;Torwart;Startaufstellung
1023750;Saudi-Arabien;Al-Ahli Dschidda;Kamel Al-Mousa;28;600000.0;Innenverteidiger;Startaufstellung
1023750;Saudi-Arabien;Al-Ittihad Dschidda;Osama Al Harbi;26;700000.0;Innenverteidiger;Startaufstellung
1023750;Saudi-Arabien;Al-Hilal Riad;Osama Hawsawi;26;1500000.0;Innenverteidiger;Startaufstellung
1023750;Saudi-Arabien;;Abdullah Shuhail;25;700000.0;Linker Verteidiger;Startaufstellung
1023750;Saudi-Arabien;;Sahib Al-Abdullah;33;500000.0;Defensives Mittelfeld;Startaufstellung
1023750;Saudi-Arabien;Al-Ahli Dschidda;Taisir Al-Jassim;26;750000.0;Zentrales Mittelfeld;Startaufstellung
1023750;Saudi-Arabien;Al-Hilal Riad;Mohammad Al-Shalhoub;30;1500000.0;Offensives Mittelfeld;Startaufstellung
1023750;Saudi-Arabien;Al-Shabab Riad;Abdoh Autef;26;150000.0;Offensives Mittelfeld;Startaufstellung
1023750;Saudi-Arabien;Al-Hilal Riad;Yasser Al-Qahtani;28;3500000.0;Mittelstürmer;Startaufstellung
1023750;Saudi-Arabien;Al-Ittihad Dschidda;Naif Hazazi;22;2500000.0;Mittelstürmer;Startaufstellung
1023750;Jordanien;;Lo'ai Al Amaireh;33;100000.0;Torwart;Reservebank
1023750;Jordanien;Shabab Al-Ordon Al-Qadisiya;Moataz Yaseen;28;75000.0;Torwart;Reservebank
1023750;Jordanien;Al-Faisaly Amman;Hatem Aqel;32;200000.0;Abwehr;Reservebank
1023750;Jordanien;Najran SC;Anas Bani Yassen;22;400000.0;Innenverteidiger;Reservebank
1023750;Jordanien;;Mohamed Al-Dmeiri;23;100000.0;Linker Verteidiger;Reservebank
1023750;Jordanien;;Ala'a Al-Shaqran;23;125000.0;Defensives Mittelfeld;Reservebank
1023750;Jordanien;;Saeed Murjan;20;75000.0;Defensives Mittelfeld;Reservebank
1023750;Jordanien;;Ahmad Abdelhalim Al-Zugheir;24;100000.0;Linkes Mittelfeld;Reservebank
1023750;Jordanien;;Anas Hijah;23;100000.0;Offensives Mittelfeld;Reservebank
1023750;Jordanien;;Moayad Abu Keshek;28;150000.0;Offensives Mittelfeld;Reservebank
1023750;Jordanien;;Ra'ed Al-Nawateer;22;100000.0;Linksaußen;Reservebank
1023750;Jordanien;Al-Ramtha;Hamza Al-Dardour;19;75000.0;Mittelstürmer;Reservebank
1023750;Saudi-Arabien;;Hussein Shaian;21;100000.0;Torwart;Reservebank
1023750;Saudi-Arabien;Al-Ittihad Dschidda;Mabrouk Zaid;31;500000.0;Torwart;Reservebank
1023750;Saudi-Arabien;Al-Ittihad Dschidda;Hamad Al Montashari;28;800000.0;Innenverteidiger;Reservebank
1023750;Saudi-Arabien;Al-Ittihad Dschidda;Mishal Al-Saeed;27;250000.0;Linker Verteidiger;Reservebank
1023750;Saudi-Arabien;Al-Ahli Dschidda;Mootaz Al-Mousa;23;400000.0;Defensives Mittelfeld;Reservebank
1023750;Saudi-Arabien;;Ahmed Ateef;27;800000.0;Zentrales Mittelfeld;Reservebank
1023750;Saudi-Arabien;Al-Ahli Dschidda;Mohammed Massad;27;700000.0;Rechtes Mittelfeld;Reservebank
1023750;Saudi-Arabien;Al-Ittihad Dschidda;Manaf Abushgeer;30;600000.0;Linkes Mittelfeld;Reservebank
1023750;Saudi-Arabien;Al-Hilal Riad;Abdullaziz Al-Dawsari;22;300000.0;Linkes Mittelfeld;Reservebank
1023750;Saudi-Arabien;Al-Hilal Riad;Nawaf Al-Abed;20;500000.0;Offensives Mittelfeld;Reservebank
1023750;Saudi-Arabien;Al-Wahda Mekka;Muhannad Asiri;24;600000.0;Mittelstürmer;Reservebank
1023750;Saudi-Arabien;Al-Shabab Riad;Nasser Al-Shamrani;27;2000000.0;Mittelstürmer;Reservebank
