GameId;team;club;name;age;value;position;role
1023743;Saudi-Arabien;;Waleed Abdullah;24;650000.0;Torwart;Startaufstellung
1023743;Saudi-Arabien;Al-Ittihad Dschidda;Osama Al Harbi;26;700000.0;Innenverteidiger;Startaufstellung
1023743;Saudi-Arabien;Al-Hilal Riad;Osama Hawsawi;26;1500000.0;Innenverteidiger;Startaufstellung
1023743;Saudi-Arabien;Al-Ittihad Dschidda;Mishal Al-Saeed;27;250000.0;Linker Verteidiger;Startaufstellung
1023743;Saudi-Arabien;;Abdullah Shuhail;25;700000.0;Linker Verteidiger;Startaufstellung
1023743;Saudi-Arabien;;Sahib Al-Abdullah;33;500000.0;Defensives Mittelfeld;Startaufstellung
1023743;Saudi-Arabien;;Ahmed Ateef;27;800000.0;Zentrales Mittelfeld;Startaufstellung
1023743;Saudi-Arabien;Al-Ittihad Dschidda;Manaf Abushgeer;30;600000.0;Linkes Mittelfeld;Startaufstellung
1023743;Saudi-Arabien;Al-Shabab Riad;Abdoh Autef;26;150000.0;Offensives Mittelfeld;Startaufstellung
1023743;Saudi-Arabien;Al-Shabab Riad;Nasser Al-Shamrani;27;2000000.0;Mittelstürmer;Startaufstellung
1023743;Saudi-Arabien;Al-Hilal Riad;Yasser Al-Qahtani;28;3500000.0;Mittelstürmer;Startaufstellung
1023743;Syrien;Al Karamah;Musab Balhous;27;300000.0;Torwart;Startaufstellung
1023743;Syrien;Al Ittihad Aleppo;Abdelkader Dakka;25;100000.0;Innenverteidiger;Startaufstellung
1023743;Syrien;Al Shorta SC;Ali Diab;28;250000.0;Innenverteidiger;Startaufstellung
1023743;Syrien;Al Jaish;Nadim Sabbagh;26;100000.0;Linker Verteidiger;Startaufstellung
1023743;Syrien;;Belal Abduldaim;27;250000.0;Rechter Verteidiger;Startaufstellung
1023743;Syrien;Al Jaish;Firas Essmael;28;200000.0;Defensives Mittelfeld;Startaufstellung
1023743;Syrien;Al-Faisaly Harmah;Wael Ayan;25;350000.0;Linkes Mittelfeld;Startaufstellung
1023743;Syrien;Al Karamah;Abdulrazak Al Hussein;24;150000.0;Offensives Mittelfeld;Startaufstellung
1023743;Syrien;Al-Qadisiya;Jehad Al-Hussien;28;125000.0;Offensives Mittelfeld;Startaufstellung
1023743;Syrien;Al Karamah;Mohamed Al Zeno;27;125000.0;Mittelstürmer;Startaufstellung
1023743;Syrien;Panthrakikos Komotini;Sanharib Malki;26;400000.0;Mittelstürmer;Startaufstellung
1023743;Saudi-Arabien;;Hussein Shaian;21;100000.0;Torwart;Reservebank
1023743;Saudi-Arabien;Al-Ittihad Dschidda;Mabrouk Zaid;31;500000.0;Torwart;Reservebank
1023743;Saudi-Arabien;Al-Ahli Dschidda;Kamel Al-Mousa;28;600000.0;Innenverteidiger;Reservebank
1023743;Saudi-Arabien;Al-Ittihad Dschidda;Hamad Al Montashari;28;800000.0;Innenverteidiger;Reservebank
1023743;Saudi-Arabien;Al-Ahli Dschidda;Mootaz Al-Mousa;23;400000.0;Defensives Mittelfeld;Reservebank
1023743;Saudi-Arabien;Al-Ahli Dschidda;Taisir Al-Jassim;26;750000.0;Zentrales Mittelfeld;Reservebank
1023743;Saudi-Arabien;Al-Ahli Dschidda;Mohammed Massad;27;700000.0;Rechtes Mittelfeld;Reservebank
1023743;Saudi-Arabien;Al-Hilal Riad;Abdullaziz Al-Dawsari;22;300000.0;Linkes Mittelfeld;Reservebank
1023743;Saudi-Arabien;Al-Hilal Riad;Nawaf Al-Abed;20;500000.0;Offensives Mittelfeld;Reservebank
1023743;Saudi-Arabien;Al-Hilal Riad;Mohammad Al-Shalhoub;30;1500000.0;Offensives Mittelfeld;Reservebank
1023743;Saudi-Arabien;Al-Wahda Mekka;Muhannad Asiri;24;600000.0;Mittelstürmer;Reservebank
1023743;Saudi-Arabien;Al-Ittihad Dschidda;Naif Hazazi;22;2500000.0;Mittelstürmer;Reservebank
1023743;Syrien;Al Wahda Damascus;Adnan Al Hafez;26;100000.0;Torwart;Reservebank
1023743;Syrien;Al-Majd;Radwan Al Azhar;31;100000.0;Torwart;Reservebank
1023743;Syrien;;Bwrhan Sahiwni;24;100000.0;Abwehr;Reservebank
1023743;Syrien;;Jihad Al-Baour;23;100000.0;Innenverteidiger;Reservebank
1023743;Syrien;;Ahmad Al Salih;20;100000.0;Innenverteidiger;Reservebank
1023743;Syrien;Al Karamah;Adel Abdullah;26;200000.0;Mittelfeld;Reservebank
1023743;Syrien;Sporting Club Taliya;Qusay Habib;23;100000.0;Mittelfeld;Reservebank
1023743;Syrien;Aalborg BK;Louay Chanko;31;1000000.0;Defensives Mittelfeld;Reservebank
1023743;Syrien;Al Ittihad Aleppo;Taha Dyab;20;150000.0;Zentrales Mittelfeld;Reservebank
1023743;Syrien;;Samer Awad;28;150000.0;Linkes Mittelfeld;Reservebank
1023743;Syrien;Al-Qadisiya;Firas Al-Khatib;27;400000.0;Mittelstürmer;Reservebank
1023743;Syrien;Wadi Degla FC;Abdul-Fattah Al Agha;26;150000.0;Mittelstürmer;Reservebank
