GameId;team;club;name;age;value;position;role
1023762;Irak;Erbil SC;Mohammed Kassid;24;100000.0;Torwart;Startaufstellung
1023762;Irak;;Ahmad Ibrahim Khalaf;18;75000.0;Innenverteidiger;Startaufstellung
1023762;Irak;Al-Wakrah Sports Club;Ali Hussein Rehema;25;300000.0;Innenverteidiger;Startaufstellung
1023762;Irak;Konyaspor;Bassim Abbas;28;400000.0;Linker Verteidiger;Startaufstellung
1023762;Irak;Qatar Sports Club;Qusay Muneer;29;250000.0;Defensives Mittelfeld;Startaufstellung
1023762;Irak;Erbil SC;Mahdi Kareem;27;500000.0;Rechtes Mittelfeld;Startaufstellung
1023762;Irak;;Samer Saeed;23;150000.0;Rechtes Mittelfeld;Startaufstellung
1023762;Irak;Tractor Sazi FC;Karrar Jassim;23;150000.0;Offensives Mittelfeld;Startaufstellung
1023762;Irak;Al-Wakrah Sports Club;Nashat Akram;26;750000.0;Offensives Mittelfeld;Startaufstellung
1023762;Irak;Baniyas SC;Mustafa Kareem;23;600000.0;Mittelstürmer;Startaufstellung
1023762;Irak;Al Gharafa Sports Club;Younis Mahmoud;27;1500000.0;Mittelstürmer;Startaufstellung
1023762;Nordkorea;Pyongyang CSG;Myong-Guk Ri;24;350000.0;Torwart;Startaufstellung
1023762;Nordkorea;;Jun-Il Ri;23;350000.0;Innenverteidiger;Startaufstellung
1023762;Nordkorea;25. April Sports Club;Kwang-Chon Ri;25;600000.0;Innenverteidiger;Startaufstellung
1023762;Nordkorea;;Kwang-Ik Jon;22;50000.0;Linker Verteidiger;Startaufstellung
1023762;Nordkorea;FC Wil 1900;Jong-Hyok Cha;25;400000.0;Rechter Verteidiger;Startaufstellung
1023762;Nordkorea;Unbekannt;Kuk-Jin Kim;22;100000.0;Mittelfeld;Startaufstellung
1023762;Nordkorea;Kashiwa Reysol;Young-Hak An;32;350000.0;Defensives Mittelfeld;Startaufstellung
1023762;Nordkorea;;Nam-Chol Pak;25;500000.0;Rechtes Mittelfeld;Startaufstellung
1023762;Nordkorea;25. April Sports Club;Yong-Jo Hong;28;750000.0;Offensives Mittelfeld;Startaufstellung
1023762;Nordkorea;Vegalta Sendai;Yong-Gi Ryang;29;1300000.0;Offensives Mittelfeld;Startaufstellung
1023762;Nordkorea;VfL Bochum;Chong Tese;26;2000000.0;Mittelstürmer;Startaufstellung
1023762;Irak;Al-Talaba SC;Ali Mutashar;21;75000.0;Torwart;Reservebank
1023762;Irak;Erbil SC;Saad Attiya;23;150000.0;Innenverteidiger;Reservebank
1023762;Irak;;Salam Shakir;24;125000.0;Innenverteidiger;Reservebank
1023762;Irak;Al-Shorta SC;Mohammed Ali Karim;24;250000.0;Rechter Verteidiger;Reservebank
1023762;Irak;Al-Zawraa;Muayad Khalid;23;100000.0;Rechter Verteidiger;Reservebank
1023762;Irak;Erbil SC;Ahmad Ayad;20;100000.0;Mittelfeld;Reservebank
1023762;Irak;Al-Quwa Al-Jawiya;Muthana Khalid;21;75000.0;Defensives Mittelfeld;Reservebank
1023762;Irak;;Samer Saeed;23;150000.0;Rechtes Mittelfeld;Reservebank
1023762;Irak;Persija Jakarta;Alaa Abdul-Zahra;23;200000.0;Offensives Mittelfeld;Reservebank
1023762;Irak;Safa Beirut SC;Salih Sadir;29;200000.0;Offensives Mittelfeld;Reservebank
1023762;Irak;Esteghlal FC;Hawar Mulla Mohammed;29;450000.0;Linksaußen;Reservebank
1023762;Irak;Shahin Bushehr FC;Emad Mohammed;28;350000.0;Mittelstürmer;Reservebank
1023762;Nordkorea;;Myong-Gil Kim;26;150000.0;Torwart;Reservebank
1023762;Nordkorea;Sobaeksu Sports Group;Kwang-Il Ri;22;50000.0;Torwart;Reservebank
1023762;Nordkorea;;Chol-Jin Pak;25;500000.0;Innenverteidiger;Reservebank
1023762;Nordkorea;;Nam-Chol Pak;22;150000.0;Innenverteidiger;Reservebank
1023762;Nordkorea;;Kwang-Hyok Ri;23;200000.0;Linker Verteidiger;Reservebank
1023762;Nordkorea;25. April Sports Club;Yun-Nam Ji;25;300000.0;Defensives Mittelfeld;Reservebank
1023762;Nordkorea;Pyongyang CSG;Myong-Ho Choe;22;50000.0;Zentrales Mittelfeld;Reservebank
1023762;Nordkorea;Pyongyang CSG;Yong-Jun Kim;27;600000.0;Rechtes Mittelfeld;Reservebank
1023762;Nordkorea;;In-Guk Mun;32;400000.0;Linkes Mittelfeld;Reservebank
1023762;Nordkorea;;Chol-Min Pak;22;50000.0;Mittelstürmer;Reservebank
1023762;Nordkorea;;Chol-Hyok An;25;450000.0;Mittelstürmer;Reservebank
1023762;Nordkorea;;Kum-Chol Choe;23;450000.0;Mittelstürmer;Reservebank
