GameId;team;club;name;age;value;position;role
1023749;China;Henan Jianye;Cheng Zeng;24;150000.0;Torwart;Startaufstellung
1023749;China;Hangzhou Greentown;Wei Du;28;1500000.0;Innenverteidiger;Startaufstellung
1023749;China;Henan Jianye;Peng Zhao;27;150000.0;Innenverteidiger;Startaufstellung
1023749;China;Hangzhou Greentown;Hao Rong;23;150000.0;Linker Verteidiger;Startaufstellung
1023749;China;Guangzhou Evergrande;Linpeng Zhang;21;150000.0;Rechter Verteidiger;Startaufstellung
1023749;China;Guangzhou Evergrande;Hao Yang;27;150000.0;Defensives Mittelfeld;Startaufstellung
1023749;China;Shanghai Shenhua;Tao Yu;29;150000.0;Defensives Mittelfeld;Startaufstellung
1023749;China;Shaanxi Chanba;Hai Yu;23;225000.0;Linkes Mittelfeld;Startaufstellung
1023749;China;Shandong Luneng Taishan;Zhuoxiang Deng;22;150000.0;Offensives Mittelfeld;Startaufstellung
1023749;China;Shaanxi Chanba;Bo Qu;29;150000.0;Rechtsaußen;Startaufstellung
1023749;China;Guangzhou Evergrande;Lin Gao;24;150000.0;Mittelstürmer;Startaufstellung
1023749;Katar;Al Gharafa Sports Club;Qasem Burhan;25;250000.0;Torwart;Startaufstellung
1023749;Katar;Al Gharafa Sports Club;Ibrahim Al-Ghanim;27;200000.0;Innenverteidiger;Startaufstellung
1023749;Katar;Al Sadd Sports Club;Ibrahim Majid;20;100000.0;Innenverteidiger;Startaufstellung
1023749;Katar;Al Gharafa Sports Club;Bilal Mohammed Rajab;24;250000.0;Innenverteidiger;Startaufstellung
1023749;Katar;Al Rayyan Sports Club;Hamid Ismaeil;24;250000.0;Rechter Verteidiger;Startaufstellung
1023749;Katar;Al Sadd Sports Club;Wesam Rizik;29;350000.0;Defensives Mittelfeld;Startaufstellung
1023749;Katar;Al Sadd Sports Club;Mohammed Kasola;24;250000.0;Defensives Mittelfeld;Startaufstellung
1023749;Katar;Al Gharafa Sports Club;Anas Mubarak;26;350000.0;Defensives Mittelfeld;Startaufstellung
1023749;Katar;;Mohamed Jeedo;23;100000.0;Linksaußen;Startaufstellung
1023749;Katar;;Yusef Ahmed Ali;22;200000.0;Linksaußen;Startaufstellung
1023749;Katar;Qatar Sports Club;Sebastián Soria;27;500000.0;Mittelstürmer;Startaufstellung
1023749;China;Jiangsu Sainty;Zhen Guan;25;150000.0;Torwart;Reservebank
1023749;China;Beijing Guoan;Zhi Yang;27;400000.0;Torwart;Reservebank
1023749;China;Chengdu Tiancheng;Jianbin Li;21;150000.0;Innenverteidiger;Reservebank
1023749;China;Shandong Luneng Taishan;Qiang Wang;28;150000.0;Innenverteidiger;Reservebank
1023749;China;Dalian Shide;Xuepeng Li;22;150000.0;Linker Verteidiger;Reservebank
1023749;China;Beijing Guoan;Bowen Huang;23;150000.0;Defensives Mittelfeld;Reservebank
1023749;China;Jiangsu Sainty;Jianye Liu;23;150000.0;Defensives Mittelfeld;Reservebank
1023749;China;Shaanxi Chanba;Xuri Zhao;25;150000.0;Defensives Mittelfeld;Reservebank
1023749;China;Shandong Luneng Taishan;Haibin Zhou;25;500000.0;Defensives Mittelfeld;Reservebank
1023749;China;FC Schalke 04;Junmin Hao;23;1000000.0;Zentrales Mittelfeld;Reservebank
1023749;China;Hangzhou Greentown;Song Wang;27;150000.0;Offensives Mittelfeld;Reservebank
1023749;China;Liaoning FC;Xu Yang;22;150000.0;Mittelstürmer;Reservebank
1023749;Katar;;Mohamad Mubarak;26;100000.0;Torwart;Reservebank
1023749;Katar;;Saad Al-Sheeb;20;200000.0;Torwart;Reservebank
1023749;Katar;;Musa Haroon;25;100000.0;Innenverteidiger;Reservebank
1023749;Katar;Al Duhail Sports Club;Khalid Muftah;18;150000.0;Linker Verteidiger;Reservebank
1023749;Katar;;Mesaad Al Hamad;24;100000.0;Rechter Verteidiger;Reservebank
1023749;Katar;Al Sadd Sports Club;Majdi Abdulla Siddiq;25;300000.0;Defensives Mittelfeld;Reservebank
1023749;Katar;;Talal Al-Bloushi;24;300000.0;Zentrales Mittelfeld;Reservebank
1023749;Katar;Zamalek SC;Hussein Yasser;28;800000.0;Offensives Mittelfeld;Reservebank
1023749;Katar;Al Sadd Sports Club;Khalfan Ibrahim;22;400000.0;Offensives Mittelfeld;Reservebank
1023749;Katar;Al Rayyan Sports Club;Fábio César Montezine;31;450000.0;Linksaußen;Reservebank
1023749;Katar;;Ali Hassan Afif;22;350000.0;Linksaußen;Reservebank
1023749;Katar;Al Rayyan Sports Club;Jaralla Al Marri;22;200000.0;Mittelstürmer;Reservebank
