GameId;team;club;name;age;value;position;role
1023763;Vereinigte Arabische Emirate;;Majed Naser;26;125000.0;Torwart;Startaufstellung
1023763;Vereinigte Arabische Emirate;Al-Wahda FC Abu Dhabi;Hamdan Al Kamali;21;200000.0;Innenverteidiger;Startaufstellung
1023763;Vereinigte Arabische Emirate;;Walid Abbas;25;125000.0;Innenverteidiger;Startaufstellung
1023763;Vereinigte Arabische Emirate;Baniyas SC;Yousef Jaber;25;150000.0;Linker Verteidiger;Startaufstellung
1023763;Vereinigte Arabische Emirate;Al-Jazira (Abu Dhabi);Khalid Sebil;23;150000.0;Rechter Verteidiger;Startaufstellung
1023763;Vereinigte Arabische Emirate;Al-Jazira (Abu Dhabi);Subait Khater;30;400000.0;Defensives Mittelfeld;Startaufstellung
1023763;Vereinigte Arabische Emirate;;Amer Abdulrahman;21;200000.0;Zentrales Mittelfeld;Startaufstellung
1023763;Vereinigte Arabische Emirate;;Ali Al Wehaibi;27;200000.0;Rechtes Mittelfeld;Startaufstellung
1023763;Vereinigte Arabische Emirate;;Ismail Al Hammadi;22;100000.0;Linksaußen;Startaufstellung
1023763;Vereinigte Arabische Emirate;Al-Wahda FC Abu Dhabi;Ismaeil Matar;27;450000.0;Mittelstürmer;Startaufstellung
1023763;Vereinigte Arabische Emirate;;Ahmed Khalil;19;150000.0;Mittelstürmer;Startaufstellung
1023763;Iran;Zob Ahan Isfahan;Shahab Gordan;26;350000.0;Torwart;Startaufstellung
1023763;Iran;Zob Ahan Isfahan;Farshid Talebi;29;500000.0;Innenverteidiger;Startaufstellung
1023763;Iran;Sepahan FC;Mohsen Bengar;31;450000.0;Innenverteidiger;Startaufstellung
1023763;Iran;Sepahan FC;Ehsan Hajsafi;20;1000000.0;Linker Verteidiger;Startaufstellung
1023763;Iran;Sepahan FC;Khosro Heydari;27;2000000.0;Rechter Verteidiger;Startaufstellung
1023763;Iran;Zob Ahan Isfahan;Ghasem Hadadifar;27;650000.0;Defensives Mittelfeld;Startaufstellung
1023763;Iran;Tractor Sazi FC;Andranik Teymourian;27;750000.0;Zentrales Mittelfeld;Startaufstellung
1023763;Iran;Persepolis FC;Mohammad Nouri;28;550000.0;Offensives Mittelfeld;Startaufstellung
1023763;Iran;Foolad FC;Arash Afshin;21;750000.0;Linksaußen;Startaufstellung
1023763;Iran;CA Osasuna;Masoud Shojaei;26;2000000.0;Rechtsaußen;Startaufstellung
1023763;Iran;Steel Azin FC;Mohammad Gholami;27;300000.0;Mittelstürmer;Startaufstellung
1023763;Iran;Sepahan FC;Mehdi Rahmati;29;1250000.0;Torwart;Reservebank
1023763;Iran;Paykan FC;Ebrahim Mirzapour;32;750000.0;Torwart;Reservebank
1023763;Iran;Sepahan FC;Seyed Jalal Hosseini;28;3000000.0;Innenverteidiger;Reservebank
1023763;Iran;Sepahan FC;Hadi Aghili;30;1100000.0;Innenverteidiger;Reservebank
1023763;Iran;Tractor Sazi FC;Mohammad Nosrati;30;500000.0;Innenverteidiger;Reservebank
1023763;Iran;CA Osasuna;Javad Nekounam;30;4000000.0;Defensives Mittelfeld;Reservebank
1023763;Iran;Malavan of Bandar Anzali;Pejman Nouri;30;800000.0;Zentrales Mittelfeld;Reservebank
1023763;Iran;Esteghlal FC;Iman Mobali;28;1000000.0;Offensives Mittelfeld;Reservebank
1023763;Iran;Zob Ahan Isfahan;Mohammad Reza Khalatbari;27;1500000.0;Linksaußen;Reservebank
1023763;Iran;Persepolis FC;Gholamreza Rezaei;26;650000.0;Rechtsaußen;Reservebank
1023763;Iran;Saipa FC;Karim Ansarifard;20;800000.0;Mittelstürmer;Reservebank
1023763;Iran;Foolad FC;Reza Norouzi;28;150000.0;Mittelstürmer;Reservebank
