GameId;team;club;name;age;value;position;role
1023740;Katar;Al Gharafa Sports Club;Qasem Burhan;25;250000.0;Torwart;Startaufstellung
1023740;Katar;Al Gharafa Sports Club;Ibrahim Al-Ghanim;27;200000.0;Innenverteidiger;Startaufstellung
1023740;Katar;Al Sadd Sports Club;Ibrahim Majid;20;100000.0;Innenverteidiger;Startaufstellung
1023740;Katar;Al Gharafa Sports Club;Bilal Mohammed Rajab;24;250000.0;Innenverteidiger;Startaufstellung
1023740;Katar;Al Rayyan Sports Club;Hamid Ismaeil;24;250000.0;Rechter Verteidiger;Startaufstellung
1023740;Katar;Al Sadd Sports Club;Wesam Rizik;29;350000.0;Defensives Mittelfeld;Startaufstellung
1023740;Katar;Al Gharafa Sports Club;Anas Mubarak;26;350000.0;Defensives Mittelfeld;Startaufstellung
1023740;Katar;Zamalek SC;Hussein Yasser;28;800000.0;Offensives Mittelfeld;Startaufstellung
1023740;Katar;Al Rayyan Sports Club;Fábio César Montezine;31;450000.0;Linksaußen;Startaufstellung
1023740;Katar;Al Rayyan Sports Club;Jaralla Al Marri;22;200000.0;Mittelstürmer;Startaufstellung
1023740;Katar;Qatar Sports Club;Sebastián Soria;27;500000.0;Mittelstürmer;Startaufstellung
1023740;Usbekistan;FC Bunyodkor;Ignatiy Nesterov;27;1000000.0;Torwart;Startaufstellung
1023740;Usbekistan;Changchun Yatai;Anzur Ismailov;25;150000.0;Innenverteidiger;Startaufstellung
1023740;Usbekistan;Anzhi Makhachkala;Odil Akhmedov;23;350000.0;Innenverteidiger;Startaufstellung
1023740;Usbekistan;FC Bunyodkor;Sakhob Juraev;23;200000.0;Linker Verteidiger;Startaufstellung
1023740;Usbekistan;FC Bunyodkor;Victor Karpenko;33;500000.0;Rechter Verteidiger;Startaufstellung
1023740;Usbekistan;FC Bunyodkor;Azizbek Haydarov;25;400000.0;Defensives Mittelfeld;Startaufstellung
1023740;Usbekistan;FC Bunyodkor;Timur Kapadze;29;800000.0;Zentrales Mittelfeld;Startaufstellung
1023740;Usbekistan;Al Duhail Sports Club;Jasur Khasanov;27;25000.0;Rechtes Mittelfeld;Startaufstellung
1023740;Usbekistan;FC Bunyodkor;Server Djeparov;28;2000000.0;Linkes Mittelfeld;Startaufstellung
1023740;Usbekistan;Arsenal Kiew;Maksim Shatskikh;32;1100000.0;Hängende Spitze;Startaufstellung
1023740;Usbekistan;Suwon Samsung Bluewings FC;Aleksandr Geynrikh;26;850000.0;Mittelstürmer;Startaufstellung
1023740;Katar;;Mohamad Mubarak;26;100000.0;Torwart;Reservebank
1023740;Katar;;Saad Al-Sheeb;20;200000.0;Torwart;Reservebank
1023740;Katar;;Musa Haroon;25;100000.0;Innenverteidiger;Reservebank
1023740;Katar;Al Duhail Sports Club;Khalid Muftah;18;100000.0;Linker Verteidiger;Reservebank
1023740;Katar;;Mesaad Al Hamad;24;100000.0;Rechter Verteidiger;Reservebank
1023740;Katar;Al Sadd Sports Club;Mohammed Kasola;24;250000.0;Defensives Mittelfeld;Reservebank
1023740;Katar;Al Sadd Sports Club;Majdi Abdulla Siddiq;25;300000.0;Defensives Mittelfeld;Reservebank
1023740;Katar;;Talal Al-Bloushi;24;300000.0;Zentrales Mittelfeld;Reservebank
1023740;Katar;Al Sadd Sports Club;Khalfan Ibrahim;22;400000.0;Offensives Mittelfeld;Reservebank
1023740;Katar;;Mohamed Jeedo;23;100000.0;Linksaußen;Reservebank
1023740;Katar;;Ali Hassan Afif;22;350000.0;Linksaußen;Reservebank
1023740;Katar;;Yusef Ahmed Ali;22;100000.0;Linksaußen;Reservebank
1023740;Usbekistan;Pakhtakor Tashkent;Temur Juraev;26;250000.0;Torwart;Reservebank
1023740;Usbekistan;Nasaf Qarshi;Murotjon Zukhurov;27;25000.0;Torwart;Reservebank
1023740;Usbekistan;;Farrukh Nurlibaev;20;50000.0;Abwehr;Reservebank
1023740;Usbekistan;Al Ahli Sports Club;Shavkatjon Mulladjanov;24;25000.0;Innenverteidiger;Reservebank
1023740;Usbekistan;Volga Nizhniy Novgorod;Sanjar Tursunov;24;700000.0;Rechtes Mittelfeld;Reservebank
1023740;Usbekistan;;Stanislav Andreev;22;75000.0;Linkes Mittelfeld;Reservebank
1023740;Usbekistan;Rubin Kazan;Vagiz Galiulin;23;750000.0;Linkes Mittelfeld;Reservebank
1023740;Usbekistan;FC Bunyodkor;Shavkat Salomov;25;100000.0;Linksaußen;Reservebank
1023740;Usbekistan;FK Andijan;Olim Novkarov;27;100000.0;Mittelstürmer;Reservebank
1023740;Usbekistan;Alania Vladikavkaz;Marat Bikmaev;25;300000.0;Mittelstürmer;Reservebank
1023740;Usbekistan;Zhetysu Taldykorgan;Ulugbek Bakaev;32;300000.0;Mittelstürmer;Reservebank
1023740;Usbekistan;FC Bohemians Prag 1905;Aziz Ibragimov;24;300000.0;Mittelstürmer;Reservebank
