GameId;team;club;name;age;value;position;role
1023742;Japan;Lierse SK;Eiji Kawashima;27;1800000.0;Torwart;Startaufstellung
1023742;Japan;VVV-Venlo;Maya Yoshida;22;1250000.0;Innenverteidiger;Startaufstellung
1023742;Japan;FC Tokyo;Yasuyuki Konno;27;1700000.0;Innenverteidiger;Startaufstellung
1023742;Japan;AC Cesena;Yuto Nagatomo;24;2800000.0;Linker Verteidiger;Startaufstellung
1023742;Japan;FC Schalke 04;Atsuto Uchida;22;3500000.0;Rechter Verteidiger;Startaufstellung
1023742;Japan;VfL Wolfsburg;Makoto Hasebe;26;5000000.0;Defensives Mittelfeld;Startaufstellung
1023742;Japan;Gamba Osaka;Yasuhito Endo;30;4500000.0;Zentrales Mittelfeld;Startaufstellung
1023742;Japan;Grenoble Foot 38;Daisuke Matsui;29;2300000.0;Rechtes Mittelfeld;Startaufstellung
1023742;Japan;ZSKA Moskau;Keisuke Honda;24;10000000.0;Offensives Mittelfeld;Startaufstellung
1023742;Japan;Borussia Dortmund;Shinji Kagawa;21;5000000.0;Linksaußen;Startaufstellung
1023742;Japan;Júbilo Iwata;Ryoichi Maeda;29;2100000.0;Mittelstürmer;Startaufstellung
1023742;Jordanien;Al-Wehdat;Amer Shafi;28;100000.0;Torwart;Startaufstellung
1023742;Jordanien;Unbekannt;Bashar Bani Yaseen;33;250000.0;Abwehr;Startaufstellung
1023742;Jordanien;Al-Faisaly Amman;Hatem Aqel;32;200000.0;Abwehr;Startaufstellung
1023742;Jordanien;;Basem Fat'hi;28;100000.0;Linker Verteidiger;Startaufstellung
1023742;Jordanien;Al-Wahda Mekka;Suliman Al-Salman;23;100000.0;Rechter Verteidiger;Startaufstellung
1023742;Jordanien;;Shadi Abu Hashhash;29;350000.0;Defensives Mittelfeld;Startaufstellung
1023742;Jordanien;;Baha'a Abdulrahman;24;100000.0;Defensives Mittelfeld;Startaufstellung
1023742;Jordanien;Emirates Club;Amer Deeb;30;200000.0;Zentrales Mittelfeld;Startaufstellung
1023742;Jordanien;;Hassan Abdel Fattah;28;125000.0;Offensives Mittelfeld;Startaufstellung
1023742;Jordanien;Shabab Al-Ordon Al-Qadisiya;Abdallah Deeb;23;200000.0;Rechtsaußen;Startaufstellung
1023742;Jordanien;Alki Larnaka;Odai Al Saify;24;500000.0;Mittelstürmer;Startaufstellung
1023742;Japan;Sanfrecce Hiroshima;Shusaku Nishikawa;24;1200000.0;Torwart;Reservebank
1023742;Japan;FC Tokyo;Shuichi Gonda;21;1000000.0;Torwart;Reservebank
1023742;Japan;Kashima Antlers;Masahiko Inoha;25;800000.0;Innenverteidiger;Reservebank
1023742;Japan;Kashima Antlers;Daiki Iwamasa;28;1700000.0;Innenverteidiger;Reservebank
1023742;Japan;Sanfrecce Hiroshima;Ryota Moriwaki;24;750000.0;Innenverteidiger;Reservebank
1023742;Japan;Urawa Red Diamonds;Mitsuru Nagata;27;900000.0;Innenverteidiger;Reservebank
1023742;Japan;FC Augsburg;Hajime Hosogai;24;1500000.0;Defensives Mittelfeld;Reservebank
1023742;Japan;Kashima Antlers;Takuya Honda;25;1100000.0;Defensives Mittelfeld;Reservebank
1023742;Japan;Urawa Red Diamonds;Yosuke Kashiwagi;23;1600000.0;Zentrales Mittelfeld;Reservebank
1023742;Japan;Nagoya Grampus;Jungo Fujimoto;26;1800000.0;Offensives Mittelfeld;Reservebank
1023742;Japan;Sanfrecce Hiroshima;Tadanari Lee;25;1000000.0;Mittelstürmer;Reservebank
1023742;Japan;Shimizu S-Pulse;Shinji Okazaki;24;2200000.0;Rechtsaußen;Reservebank
1023742;Jordanien;;Lo'ai Al Amaireh;33;100000.0;Torwart;Reservebank
1023742;Jordanien;Shabab Al-Ordon Al-Qadisiya;Moataz Yaseen;28;75000.0;Torwart;Reservebank
1023742;Jordanien;;Mohammad Muneer;28;75000.0;Innenverteidiger;Reservebank
1023742;Jordanien;Najran SC;Anas Bani Yassen;22;400000.0;Innenverteidiger;Reservebank
1023742;Jordanien;;Mohamed Al-Dmeiri;23;100000.0;Linker Verteidiger;Reservebank
1023742;Jordanien;;Ala'a Al-Shaqran;23;125000.0;Defensives Mittelfeld;Reservebank
1023742;Jordanien;;Saeed Murjan;20;75000.0;Defensives Mittelfeld;Reservebank
1023742;Jordanien;;Ahmad Abdelhalim Al-Zugheir;24;100000.0;Linkes Mittelfeld;Reservebank
1023742;Jordanien;;Anas Hijah;23;100000.0;Offensives Mittelfeld;Reservebank
1023742;Jordanien;;Moayad Abu Keshek;28;150000.0;Offensives Mittelfeld;Reservebank
1023742;Jordanien;;Ra'ed Al-Nawateer;22;100000.0;Linksaußen;Reservebank
1023742;Jordanien;Al-Ramtha;Hamza Al-Dardour;19;75000.0;Mittelstürmer;Reservebank
