GameId;team;club;name;age;value;position;role
1023759;Jordanien;Al-Wehdat;Amer Shafi;28;100000.0;Torwart;Startaufstellung
1023759;Jordanien;Unbekannt;Bashar Bani Yaseen;33;250000.0;Abwehr;Startaufstellung
1023759;Jordanien;;Mohammad Muneer;28;75000.0;Innenverteidiger;Startaufstellung
1023759;Jordanien;;Basem Fat'hi;28;100000.0;Linker Verteidiger;Startaufstellung
1023759;Jordanien;Al-Wahda Mekka;Suliman Al-Salman;23;100000.0;Rechter Verteidiger;Startaufstellung
1023759;Jordanien;;Shadi Abu Hashhash;29;350000.0;Defensives Mittelfeld;Startaufstellung
1023759;Jordanien;;Baha'a Abdulrahman;24;100000.0;Defensives Mittelfeld;Startaufstellung
1023759;Jordanien;Emirates Club;Amer Deeb;30;200000.0;Zentrales Mittelfeld;Startaufstellung
1023759;Jordanien;;Hassan Abdel Fattah;28;125000.0;Offensives Mittelfeld;Startaufstellung
1023759;Jordanien;Shabab Al-Ordon Al-Qadisiya;Abdallah Deeb;23;200000.0;Rechtsaußen;Startaufstellung
1023759;Jordanien;Alki Larnaka;Odai Al Saify;24;500000.0;Mittelstürmer;Startaufstellung
1023759;Syrien;Al Karamah;Musab Balhous;27;300000.0;Torwart;Startaufstellung
1023759;Syrien;Al Ittihad Aleppo;Abdelkader Dakka;25;100000.0;Innenverteidiger;Startaufstellung
1023759;Syrien;Al Shorta SC;Ali Diab;28;250000.0;Innenverteidiger;Startaufstellung
1023759;Syrien;;Belal Abduldaim;27;250000.0;Rechter Verteidiger;Startaufstellung
1023759;Syrien;Al Jaish;Firas Essmael;28;200000.0;Defensives Mittelfeld;Startaufstellung
1023759;Syrien;;Samer Awad;28;150000.0;Linkes Mittelfeld;Startaufstellung
1023759;Syrien;Al-Faisaly Harmah;Wael Ayan;25;350000.0;Linkes Mittelfeld;Startaufstellung
1023759;Syrien;Al Karamah;Abdulrazak Al Hussein;24;150000.0;Offensives Mittelfeld;Startaufstellung
1023759;Syrien;Al-Qadisiya;Jehad Al-Hussien;28;125000.0;Offensives Mittelfeld;Startaufstellung
1023759;Syrien;Al Karamah;Mohamed Al Zeno;27;125000.0;Mittelstürmer;Startaufstellung
1023759;Syrien;Panthrakikos Komotini;Sanharib Malki;26;400000.0;Mittelstürmer;Startaufstellung
1023759;Jordanien;;Lo'ai Al Amaireh;33;100000.0;Torwart;Reservebank
1023759;Jordanien;Shabab Al-Ordon Al-Qadisiya;Moataz Yaseen;28;75000.0;Torwart;Reservebank
1023759;Jordanien;Al-Faisaly Amman;Hatem Aqel;32;200000.0;Abwehr;Reservebank
1023759;Jordanien;Najran SC;Anas Bani Yassen;22;400000.0;Innenverteidiger;Reservebank
1023759;Jordanien;;Mohamed Al-Dmeiri;23;100000.0;Linker Verteidiger;Reservebank
1023759;Jordanien;;Ala'a Al-Shaqran;23;125000.0;Defensives Mittelfeld;Reservebank
1023759;Jordanien;;Saeed Murjan;20;75000.0;Defensives Mittelfeld;Reservebank
1023759;Jordanien;;Ahmad Abdelhalim Al-Zugheir;24;100000.0;Linkes Mittelfeld;Reservebank
1023759;Jordanien;;Anas Hijah;23;100000.0;Offensives Mittelfeld;Reservebank
1023759;Jordanien;;Moayad Abu Keshek;28;150000.0;Offensives Mittelfeld;Reservebank
1023759;Jordanien;;Ra'ed Al-Nawateer;22;100000.0;Linksaußen;Reservebank
1023759;Jordanien;Al-Ramtha;Hamza Al-Dardour;19;75000.0;Mittelstürmer;Reservebank
1023759;Syrien;Al Wahda Damascus;Adnan Al Hafez;26;100000.0;Torwart;Reservebank
1023759;Syrien;Al-Majd;Radwan Al Azhar;31;100000.0;Torwart;Reservebank
1023759;Syrien;;Bwrhan Sahiwni;24;100000.0;Abwehr;Reservebank
1023759;Syrien;;Jihad Al-Baour;23;75000.0;Innenverteidiger;Reservebank
1023759;Syrien;;Ahmad Al Salih;20;75000.0;Innenverteidiger;Reservebank
1023759;Syrien;Al Jaish;Nadim Sabbagh;26;100000.0;Linker Verteidiger;Reservebank
1023759;Syrien;Al Karamah;Adel Abdullah;27;200000.0;Mittelfeld;Reservebank
1023759;Syrien;Sporting Club Taliya;Qusay Habib;23;100000.0;Mittelfeld;Reservebank
1023759;Syrien;Aalborg BK;Louay Chanko;31;1000000.0;Defensives Mittelfeld;Reservebank
1023759;Syrien;Al Ittihad Aleppo;Taha Dyab;20;150000.0;Zentrales Mittelfeld;Reservebank
1023759;Syrien;Al-Qadisiya;Firas Al-Khatib;27;400000.0;Mittelstürmer;Reservebank
1023759;Syrien;Wadi Degla FC;Abdul-Fattah Al Agha;26;150000.0;Mittelstürmer;Reservebank
