GameId;team;club;name;age;value;position;role
1023751;Syrien;Al Karamah;Musab Balhous;27;300000.0;Torwart;Startaufstellung
1023751;Syrien;Al Shorta SC;Ali Diab;28;250000.0;Innenverteidiger;Startaufstellung
1023751;Syrien;Al Ittihad Aleppo;Abdelkader Dakka;25;100000.0;Innenverteidiger;Startaufstellung
1023751;Syrien;Al Jaish;Nadim Sabbagh;26;100000.0;Linker Verteidiger;Startaufstellung
1023751;Syrien;;Belal Abduldaim;27;250000.0;Rechter Verteidiger;Startaufstellung
1023751;Syrien;Al Jaish;Firas Essmael;28;200000.0;Defensives Mittelfeld;Startaufstellung
1023751;Syrien;;Samer Awad;28;150000.0;Linkes Mittelfeld;Startaufstellung
1023751;Syrien;Al-Faisaly Harmah;Wael Ayan;25;350000.0;Linkes Mittelfeld;Startaufstellung
1023751;Syrien;Al Karamah;Abdulrazak Al Hussein;24;150000.0;Offensives Mittelfeld;Startaufstellung
1023751;Syrien;Al-Qadisiya;Jehad Al-Hussien;28;125000.0;Offensives Mittelfeld;Startaufstellung
1023751;Syrien;Al Karamah;Mohamed Al Zeno;27;125000.0;Mittelstürmer;Startaufstellung
1023751;Japan;Lierse SK;Eiji Kawashima;27;1800000.0;Torwart;Startaufstellung
1023751;Japan;VVV-Venlo;Maya Yoshida;22;1250000.0;Innenverteidiger;Startaufstellung
1023751;Japan;FC Tokyo;Yasuyuki Konno;27;1700000.0;Innenverteidiger;Startaufstellung
1023751;Japan;AC Cesena;Yuto Nagatomo;24;2800000.0;Linker Verteidiger;Startaufstellung
1023751;Japan;FC Schalke 04;Atsuto Uchida;22;4500000.0;Rechter Verteidiger;Startaufstellung
1023751;Japan;VfL Wolfsburg;Makoto Hasebe;26;4000000.0;Defensives Mittelfeld;Startaufstellung
1023751;Japan;Gamba Osaka;Yasuhito Endo;30;4500000.0;Zentrales Mittelfeld;Startaufstellung
1023751;Japan;Grenoble Foot 38;Daisuke Matsui;29;1500000.0;Rechtes Mittelfeld;Startaufstellung
1023751;Japan;Borussia Dortmund;Shinji Kagawa;21;8000000.0;Linkes Mittelfeld;Startaufstellung
1023751;Japan;ZSKA Moskau;Keisuke Honda;24;10000000.0;Offensives Mittelfeld;Startaufstellung
1023751;Japan;Júbilo Iwata;Ryoichi Maeda;29;2100000.0;Mittelstürmer;Startaufstellung
1023751;Syrien;Al Wahda Damascus;Adnan Al Hafez;26;100000.0;Torwart;Reservebank
1023751;Syrien;Al-Majd;Radwan Al Azhar;31;100000.0;Torwart;Reservebank
1023751;Syrien;;Bwrhan Sahiwni;24;100000.0;Abwehr;Reservebank
1023751;Syrien;;Jihad Al-Baour;23;75000.0;Innenverteidiger;Reservebank
1023751;Syrien;;Ahmad Al Salih;20;75000.0;Innenverteidiger;Reservebank
1023751;Syrien;Sporting Club Taliya;Qusay Habib;23;100000.0;Mittelfeld;Reservebank
1023751;Syrien;Al Karamah;Adel Abdullah;27;200000.0;Mittelfeld;Reservebank
1023751;Syrien;Aalborg BK;Louay Chanko;31;1000000.0;Defensives Mittelfeld;Reservebank
1023751;Syrien;Al Ittihad Aleppo;Taha Dyab;20;150000.0;Zentrales Mittelfeld;Reservebank
1023751;Syrien;Al-Qadisiya;Firas Al-Khatib;27;400000.0;Mittelstürmer;Reservebank
1023751;Syrien;Wadi Degla FC;Abdul-Fattah Al Agha;26;150000.0;Mittelstürmer;Reservebank
1023751;Syrien;Panthrakikos Komotini;Sanharib Malki;26;400000.0;Mittelstürmer;Reservebank
1023751;Japan;Sanfrecce Hiroshima;Shusaku Nishikawa;24;1200000.0;Torwart;Reservebank
1023751;Japan;FC Tokyo;Shuichi Gonda;21;1000000.0;Torwart;Reservebank
1023751;Japan;Kashima Antlers;Masahiko Inoha;25;800000.0;Innenverteidiger;Reservebank
1023751;Japan;Kashima Antlers;Daiki Iwamasa;28;1700000.0;Innenverteidiger;Reservebank
1023751;Japan;Sanfrecce Hiroshima;Ryota Moriwaki;24;750000.0;Innenverteidiger;Reservebank
1023751;Japan;Urawa Red Diamonds;Mitsuru Nagata;27;900000.0;Innenverteidiger;Reservebank
1023751;Japan;FC Augsburg;Hajime Hosogai;24;1500000.0;Linkes Mittelfeld;Reservebank
1023751;Japan;Kashima Antlers;Takuya Honda;25;1100000.0;Defensives Mittelfeld;Reservebank
1023751;Japan;Urawa Red Diamonds;Yosuke Kashiwagi;23;1600000.0;Zentrales Mittelfeld;Reservebank
1023751;Japan;Nagoya Grampus;Jungo Fujimoto;26;1800000.0;Rechtes Mittelfeld;Reservebank
1023751;Japan;Sanfrecce Hiroshima;Tadanari Lee;25;1000000.0;Hängende Spitze;Reservebank
1023751;Japan;Shimizu S-Pulse;Shinji Okazaki;24;2200000.0;Rechtsaußen;Reservebank
