GameId;team;club;name;age;value;position;role
1023760;Südkorea;Suwon Samsung Bluewings FC;Sung-Ryong Jung;26;1200000.0;Torwart;Startaufstellung
1023760;Südkorea;Suwon Samsung Bluewings FC;Jae-won Hwang;29;500000.0;Innenverteidiger;Startaufstellung
1023760;Südkorea;Ulsan Hyundai;Tae-heui Kwak;29;850000.0;Innenverteidiger;Startaufstellung
1023760;Südkorea;Al-Hilal Riad;Young-Pyo Lee;33;1500000.0;Linker Verteidiger;Startaufstellung
1023760;Südkorea;Celtic Glasgow;Du-Ri Cha;30;1250000.0;Rechter Verteidiger;Startaufstellung
1023760;Südkorea;Suwon Samsung Bluewings FC;Yong-rae Lee;24;800000.0;Defensives Mittelfeld;Startaufstellung
1023760;Südkorea;Celtic Glasgow;Sung-Yong Ki;21;3500000.0;Defensives Mittelfeld;Startaufstellung
1023760;Südkorea;Manchester United;Ji-Sung Park;29;12000000.0;Offensives Mittelfeld;Startaufstellung
1023760;Südkorea;Jeju United FC;Ja-Cheol Koo;21;1000000.0;Linksaußen;Startaufstellung
1023760;Südkorea;Bolton Wanderers;Chung-Yong Lee;22;4000000.0;Rechtsaußen;Startaufstellung
1023760;Südkorea;Jeonnam Dragons FC;Dong-Won Ji;19;900000.0;Mittelstürmer;Startaufstellung
1023760;Indien;Pune FC;Subrata Pal;24;100000.0;Torwart;Startaufstellung
1023760;Indien;Mohun Bagan AC;Anwar Ali;26;50000.0;Innenverteidiger;Startaufstellung
1023760;Indien;Churchill Brothers SC;Gouramangi Singh;24;100000.0;Innenverteidiger;Startaufstellung
1023760;Indien;United Sikkim FC;Renedy Singh;31;100000.0;Linker Verteidiger;Startaufstellung
1023760;Indien;Mohun Bagan AC;Surkumar Singh;27;100000.0;Rechter Verteidiger;Startaufstellung
1023760;Indien;Dempo SC;Climax Lawrence;32;100000.0;Zentrales Mittelfeld;Startaufstellung
1023760;Indien;Viva Kerala FC;Pappachen Pradeep;27;100000.0;Zentrales Mittelfeld;Startaufstellung
1023760;Indien;Churchill Brothers SC;Steven Dias;27;100000.0;Rechtes Mittelfeld;Startaufstellung
1023760;Indien;East Bengal FC;Syed Nabi;25;75000.0;Linkes Mittelfeld;Startaufstellung
1023760;Indien;Sporting Kansas City;Sunil Chhetri;26;125000.0;Mittelstürmer;Startaufstellung
1023760;Indien;Mumbai FC;Abhishek Yadav;30;50000.0;Mittelstürmer;Startaufstellung
1023760;Südkorea;FC Seoul;Yong-dae Kim;31;900000.0;Torwart;Reservebank
1023760;Südkorea;Cerezo Osaka;Jin-Hyeon Kim;23;650000.0;Torwart;Reservebank
1023760;Südkorea;Al Sadd Sports Club;Jeong-su Lee;31;1000000.0;Innenverteidiger;Reservebank
1023760;Südkorea;Al Rayyan Sports Club;Yong-hyeong Jo;27;1000000.0;Innenverteidiger;Reservebank
1023760;Südkorea;Jeju United FC;Jeong-ho Hong;21;800000.0;Innenverteidiger;Reservebank
1023760;Südkorea;Sangju Sangmu Phoenix FC;Hyo-jin Choi;27;1200000.0;Rechter Verteidiger;Reservebank
1023760;Südkorea;Gyeongnam FC;Bit-garam Yun;20;1000000.0;Zentrales Mittelfeld;Reservebank
1023760;Südkorea;Cerezo Osaka;Bo-Kyung Kim;21;450000.0;Offensives Mittelfeld;Reservebank
1023760;Südkorea;Suwon Samsung Bluewings FC;Ki-hun Yeom;27;750000.0;Linksaußen;Reservebank
1023760;Südkorea;Hamburger SV;Heung-Min Son;18;3000000.0;Linksaußen;Reservebank
1023760;Südkorea;Incheon United FC;Byeong-su Yu;22;2000000.0;Mittelstürmer;Reservebank
1023760;Südkorea;;Shin-uk Kim;22;700000.0;Mittelstürmer;Reservebank
1023760;Indien;Dempo SC;Subhasish Roy Chowdhury;24;25000.0;Torwart;Reservebank
1023760;Indien;AIFF XI;Gurpreet Singh Sandhu;18;25000.0;Torwart;Reservebank
1023760;Indien;;Rakesh Masih;23;25000.0;Abwehr;Reservebank
1023760;Indien;Mohun Bagan AC;Shivananju Manju;23;75000.0;Abwehr;Reservebank
1023760;Indien;Mohun Bagan AC;Deepak Mondal;31;50000.0;Innenverteidiger;Reservebank
1023760;Indien;Salgaocar SC Goa;Govin Singh;23;25000.0;Innenverteidiger;Reservebank
1023760;Indien;Dempo SC;Mahesh Gawli;30;100000.0;Innenverteidiger;Reservebank
1023760;Indien;East Bengal FC;Mehrajuddin Wadoo;26;75000.0;Rechter Verteidiger;Reservebank
1023760;Indien;Salgaocar SC Goa;Baldeep Singh;24;25000.0;Defensives Mittelfeld;Reservebank
1023760;Indien;;Clifford Miranda;28;50000.0;Offensives Mittelfeld;Reservebank
1023760;Indien;East Bengal FC;Baichung Bhutia;34;75000.0;Mittelstürmer;Reservebank
1023760;Indien;East Bengal FC;Sushil Kumar Singh;21;50000.0;Mittelstürmer;Reservebank
