GameId;team;club;name;age;value;position;role
1023757;China;Beijing Guoan;Zhi Yang;28;400000.0;Torwart;Startaufstellung
1023757;China;Hangzhou Greentown;Wei Du;28;1500000.0;Innenverteidiger;Startaufstellung
1023757;China;Hangzhou Greentown;Hao Rong;23;150000.0;Linker Verteidiger;Startaufstellung
1023757;China;Dalian Shide;Xuepeng Li;22;150000.0;Linker Verteidiger;Startaufstellung
1023757;China;Guangzhou Evergrande;Linpeng Zhang;21;150000.0;Rechter Verteidiger;Startaufstellung
1023757;China;Guangzhou Evergrande;Hao Yang;27;150000.0;Defensives Mittelfeld;Startaufstellung
1023757;China;Shaanxi Chanba;Xuri Zhao;25;150000.0;Defensives Mittelfeld;Startaufstellung
1023757;China;FC Schalke 04;Junmin Hao;23;1000000.0;Zentrales Mittelfeld;Startaufstellung
1023757;China;Shaanxi Chanba;Hai Yu;23;225000.0;Linkes Mittelfeld;Startaufstellung
1023757;China;Hangzhou Greentown;Song Wang;27;150000.0;Offensives Mittelfeld;Startaufstellung
1023757;China;Guangzhou Evergrande;Lin Gao;24;150000.0;Mittelstürmer;Startaufstellung
1023757;Usbekistan;FC Bunyodkor;Ignatiy Nesterov;27;1000000.0;Torwart;Startaufstellung
1023757;Usbekistan;Changchun Yatai;Anzur Ismailov;25;150000.0;Innenverteidiger;Startaufstellung
1023757;Usbekistan;FC Bunyodkor;Azizbek Haydarov;25;400000.0;Defensives Mittelfeld;Startaufstellung
1023757;Usbekistan;Anzhi Makhachkala;Odil Akhmedov;23;350000.0;Defensives Mittelfeld;Startaufstellung
1023757;Usbekistan;FC Bunyodkor;Timur Kapadze;29;800000.0;Zentrales Mittelfeld;Startaufstellung
1023757;Usbekistan;FC Bunyodkor;Victor Karpenko;33;500000.0;Rechtes Mittelfeld;Startaufstellung
1023757;Usbekistan;;Stanislav Andreev;22;75000.0;Linkes Mittelfeld;Startaufstellung
1023757;Usbekistan;FC Bunyodkor;Server Djeparov;28;2000000.0;Offensives Mittelfeld;Startaufstellung
1023757;Usbekistan;FK Andijan;Olim Novkarov;27;100000.0;Mittelstürmer;Startaufstellung
1023757;Usbekistan;Suwon Samsung Bluewings FC;Aleksandr Geynrikh;26;850000.0;Mittelstürmer;Startaufstellung
1023757;Usbekistan;Arsenal Kiew;Maksim Shatskikh;32;1100000.0;Mittelstürmer;Startaufstellung
1023757;China;Jiangsu Sainty;Zhen Guan;25;150000.0;Torwart;Reservebank
1023757;China;Henan Jianye;Cheng Zeng;24;150000.0;Torwart;Reservebank
1023757;China;Chengdu Tiancheng;Jianbin Li;21;150000.0;Innenverteidiger;Reservebank
1023757;China;Shandong Luneng Taishan;Qiang Wang;28;150000.0;Innenverteidiger;Reservebank
1023757;China;Henan Jianye;Peng Zhao;27;150000.0;Innenverteidiger;Reservebank
1023757;China;Beijing Guoan;Bowen Huang;23;150000.0;Defensives Mittelfeld;Reservebank
1023757;China;Jiangsu Sainty;Jianye Liu;23;150000.0;Defensives Mittelfeld;Reservebank
1023757;China;Shanghai Shenhua;Tao Yu;29;150000.0;Defensives Mittelfeld;Reservebank
1023757;China;Shandong Luneng Taishan;Haibin Zhou;25;500000.0;Defensives Mittelfeld;Reservebank
1023757;China;Shandong Luneng Taishan;Zhuoxiang Deng;22;150000.0;Offensives Mittelfeld;Reservebank
1023757;China;Shaanxi Chanba;Bo Qu;29;150000.0;Rechtsaußen;Reservebank
1023757;China;Liaoning FC;Xu Yang;22;150000.0;Mittelstürmer;Reservebank
1023757;Usbekistan;Pakhtakor Tashkent;Temur Juraev;26;250000.0;Torwart;Reservebank
1023757;Usbekistan;Nasaf Qarshi;Murotjon Zukhurov;27;25000.0;Torwart;Reservebank
1023757;Usbekistan;;Farrukh Nurlibaev;20;50000.0;Abwehr;Reservebank
1023757;Usbekistan;Al Ahli Sports Club;Shavkatjon Mulladjanov;24;100000.0;Innenverteidiger;Reservebank
1023757;Usbekistan;FC Bunyodkor;Sakhob Juraev;23;200000.0;Linker Verteidiger;Reservebank
1023757;Usbekistan;Volga Nizhniy Novgorod;Sanjar Tursunov;24;700000.0;Rechtes Mittelfeld;Reservebank
1023757;Usbekistan;Rubin Kazan;Vagiz Galiulin;23;750000.0;Linkes Mittelfeld;Reservebank
1023757;Usbekistan;Al Duhail Sports Club;Jasur Khasanov;27;25000.0;Offensives Mittelfeld;Reservebank
1023757;Usbekistan;FC Bunyodkor;Shavkat Salomov;25;100000.0;Linksaußen;Reservebank
1023757;Usbekistan;Alania Vladikavkaz;Marat Bikmaev;25;300000.0;Mittelstürmer;Reservebank
1023757;Usbekistan;Zhetysu Taldykorgan;Ulugbek Bakaev;32;300000.0;Mittelstürmer;Reservebank
1023757;Usbekistan;FC Bohemians Prag 1905;Aziz Ibragimov;24;300000.0;Mittelstürmer;Reservebank
