GameId;team;club;name;age;value;position;role
1027635;Brasilien;FC Internazionale;Júlio César;30;25000000.0;Torwart;Startaufstellung
1027635;Brasilien;FC Internazionale;Lúcio;32;16500000.0;Innenverteidiger;Startaufstellung
1027635;Brasilien;AS Rom;Juan;31;16000000.0;Innenverteidiger;Startaufstellung
1027635;Brasilien;Olympique Lyon;Michel Bastos;26;16000000.0;Linker Verteidiger;Startaufstellung
1027635;Brasilien;FC Internazionale;Maicon;28;30000000.0;Rechter Verteidiger;Startaufstellung
1027635;Brasilien;Panathinaikos Athen;Gilberto Silva;33;7500000.0;Defensives Mittelfeld;Startaufstellung
1027635;Brasilien;FC Barcelona;Dani Alves;27;30000000.0;Rechtes Mittelfeld;Startaufstellung
1027635;Brasilien;Benfica Lissabon;Ramires;23;9000000.0;Linkes Mittelfeld;Startaufstellung
1027635;Brasilien;Real Madrid;Kaká;28;50000000.0;Offensives Mittelfeld;Startaufstellung
1027635;Brasilien;FC Santos;Robinho;26;15000000.0;Hängende Spitze;Startaufstellung
1027635;Brasilien;FC Sevilla;Luís Fabiano;29;28000000.0;Mittelstürmer;Startaufstellung
1027635;Chile;Real Sociedad San Sebastián;Claudio Bravo;27;4000000.0;Torwart;Startaufstellung
1027635;Chile;CD Universidad Católica;Ismael Fuentes;28;800000.0;Innenverteidiger;Startaufstellung
1027635;Chile;PAOK Thessaloniki;Pablo Contreras;31;5000000.0;Innenverteidiger;Startaufstellung
1027635;Chile;West Bromwich Albion;Gonzalo Jara;24;1500000.0;Innenverteidiger;Startaufstellung
1027635;Chile;Udinese Calcio;Mauricio Isla;22;5000000.0;Rechter Verteidiger;Startaufstellung
1027635;Chile;Reggina Calcio;Carlos Carmona;23;1750000.0;Defensives Mittelfeld;Startaufstellung
1027635;Chile;Bayer 04 Leverkusen;Arturo Vidal;23;10000000.0;Zentrales Mittelfeld;Startaufstellung
1027635;Chile;CF América;Jean Beausejour;26;2500000.0;Linksaußen;Startaufstellung
1027635;Chile;ZSKA Moskau;Mark González;25;5000000.0;Linksaußen;Startaufstellung
1027635;Chile;Udinese Calcio;Alexis Sánchez;21;8000000.0;Rechtsaußen;Startaufstellung
1027635;Chile;Real Saragossa ;Humberto Suazo;29;10000000.0;Mittelstürmer;Startaufstellung
1027635;Brasilien;Tottenham Hotspur;Heurelho Gomes;29;9000000.0;Torwart;Reservebank
1027635;Brasilien;AS Rom;Doni;30;4500000.0;Torwart;Reservebank
1027635;Brasilien;Benfica Lissabon;Luisão;29;10500000.0;Innenverteidiger;Reservebank
1027635;Brasilien;AC Mailand;Thiago Silva;25;15500000.0;Innenverteidiger;Reservebank
1027635;Brasilien;VfL Wolfsburg;Josué;30;8000000.0;Defensives Mittelfeld;Reservebank
1027635;Brasilien;EC Cruzeiro Belo Horizonte;Gilberto;34;1600000.0;Zentrales Mittelfeld;Reservebank
1027635;Brasilien;Flamengo Rio de Janeiro;Kléberson;31;2500000.0;Zentrales Mittelfeld;Reservebank
1027635;Brasilien;FC Villarreal;Nilmar;25;14000000.0;Mittelstürmer;Reservebank
1027635;Brasilien;VfL Wolfsburg;Grafite;31;9000000.0;Mittelstürmer;Reservebank
1027635;Chile;Club Universidad de Chile;Miguel Pinto;26;750000.0;Torwart;Reservebank
1027635;Chile;Unión Española;Luis Marín;27;475000.0;Torwart;Reservebank
1027635;Chile;Flamengo Rio de Janeiro;Gonzalo Fierro;27;1000000.0;Rechtes Mittelfeld;Reservebank
1027635;Chile;CSD Colo Colo;Rodrigo Millar;28;700000.0;Zentrales Mittelfeld;Reservebank
1027635;Chile;Besiktas Istanbul;Rodrigo Tello;30;6000000.0;Linkes Mittelfeld;Reservebank
1027635;Chile;Al-Ain FC;Jorge Valdivia;26;3000000.0;Offensives Mittelfeld;Reservebank
1027635;Chile;Sporting Lissabon;Matías Fernández;24;7000000.0;Offensives Mittelfeld;Reservebank
1027635;Chile;Deportivo Xerez;Fabián Orellana;24;1200000.0;Rechtsaußen;Reservebank
1027635;Chile;CSD Colo Colo;Esteban Paredes;29;1100000.0;Mittelstürmer;Reservebank
