GameId;team;club;name;age;value;position;role
1027723;Uruguay;Lazio Rom;Fernando Muslera;24;7500000.0;Torwart;Startaufstellung
1027723;Uruguay;Fenerbahce Istanbul;Diego Lugano;29;10500000.0;Innenverteidiger;Startaufstellung
1027723;Uruguay;Club Universidad de Chile;Mauricio Victorino;27;675000.0;Innenverteidiger;Startaufstellung
1027723;Uruguay;FC Porto;Jorge Fucile;25;5200000.0;Linker Verteidiger;Startaufstellung
1027723;Uruguay;Benfica Lissabon;Maxi Pereira;26;5200000.0;Rechter Verteidiger;Startaufstellung
1027723;Uruguay;AS Monaco;Diego Pérez;30;2300000.0;Defensives Mittelfeld;Startaufstellung
1027723;Uruguay;CA Peñarol;Egidio Arévalo Ríos;28;900000.0;Defensives Mittelfeld;Startaufstellung
1027723;Uruguay;Seattle Sounders FC;Álvaro Fernández;24;625000.0;Linkes Mittelfeld;Startaufstellung
1027723;Uruguay;Ajax Amsterdam;Luis Suárez;23;20000000.0;Rechtsaußen;Startaufstellung
1027723;Uruguay;Atlético Madrid;Diego Forlán;31;22000000.0;Mittelstürmer;Startaufstellung
1027723;Uruguay;US Palermo;Edinson Cavani;23;11000000.0;Mittelstürmer;Startaufstellung
1027723;Ghana;Wigan Athletic;Richard Kingson;32;500000.0;Torwart;Startaufstellung
1027723;Ghana;AFC Sunderland;John Mensah;27;5000000.0;Innenverteidiger;Startaufstellung
1027723;Ghana;TSG 1899 Hoffenheim;Isaac Vorsah;22;3500000.0;Innenverteidiger;Startaufstellung
1027723;Ghana;Bayer 04 Leverkusen;Hans Sarpei;34;500000.0;Linker Verteidiger;Startaufstellung
1027723;Ghana;FC Fulham;John Paintsil;29;4000000.0;Rechter Verteidiger;Startaufstellung
1027723;Ghana;Rosenborg BK;Anthony Annan;23;1750000.0;Defensives Mittelfeld;Startaufstellung
1027723;Ghana;Udinese Calcio;Kwadwo Asamoah;21;5500000.0;Zentrales Mittelfeld;Startaufstellung
1027723;Ghana;FC Basel 1893;Samuel Inkoom;21;1500000.0;Rechtes Mittelfeld;Startaufstellung
1027723;Ghana;FC Internazionale;Sulley Muntari;25;13000000.0;Linkes Mittelfeld;Startaufstellung
1027723;Ghana;FC Genua 1893;Kevin-Prince Boateng;23;4000000.0;Offensives Mittelfeld;Startaufstellung
1027723;Ghana;FC Stade Rennes;Asamoah Gyan;24;6200000.0;Mittelstürmer;Startaufstellung
1027723;Uruguay;Deportivo Cali;Juan Castillo;32;750000.0;Torwart;Reservebank
1027723;Uruguay;Defensor Sporting Club;Martín Silva;27;800000.0;Torwart;Reservebank
1027723;Uruguay;CSD Colo Colo;Andrés Scotti;34;1200000.0;Innenverteidiger;Reservebank
1027723;Uruguay;FC Porto;Álvaro Pereira;24;4500000.0;Linker Verteidiger;Reservebank
1027723;Uruguay;FC Barcelona;Martín Cáceres;23;7500000.0;Rechter Verteidiger;Reservebank
1027723;Uruguay;SSC Neapel;Walter Gargano;25;7000000.0;Defensives Mittelfeld;Reservebank
1027723;Uruguay;FC Villarreal;Sebastián Eguren;29;5000000.0;Defensives Mittelfeld;Reservebank
1027723;Uruguay;Ajax Amsterdam;Nicolás Lodeiro;21;1250000.0;Offensives Mittelfeld;Reservebank
1027723;Uruguay;FC Valencia;Ignacio González;28;600000.0;Offensives Mittelfeld;Reservebank
1027723;Uruguay;Club Atlético Banfield;Sebastián Fernández;25;2500000.0;Hängende Spitze;Reservebank
1027723;Uruguay;Botafogo Rio de Janeiro;Sebastián Abreu;33;1000000.0;Mittelstürmer;Reservebank
1027723;Ghana;Liberty Professionals Accra;Daniel Agyei;20;200000.0;Torwart;Reservebank
1027723;Ghana;Hapoel Ashkelon;Stephen Ahorlu;21;150000.0;Torwart;Reservebank
1027723;Ghana;Berekum Chelsea FC;Lee Addy;19;200000.0;Innenverteidiger;Reservebank
1027723;Ghana;Zamalek SC;Ibrahim Ayew;22;400000.0;Rechter Verteidiger;Reservebank
1027723;Ghana;FC Getafe;Derek Boateng;27;3400000.0;Defensives Mittelfeld;Reservebank
1027723;Ghana;FC Bologna;Stephen Appiah;29;2000000.0;Zentrales Mittelfeld;Reservebank
1027723;Ghana;Al Sadd Sports Club;Quincy Owusu-Abeyie;24;1000000.0;Linksaußen;Reservebank
1027723;Ghana;AC Mailand;Dominic Adiyiah;20;1000000.0;Rechtsaußen;Reservebank
1027723;Ghana;TSG 1899 Hoffenheim;Prince Tagoe;23;1000000.0;Mittelstürmer;Reservebank
1027723;Ghana;NAC Breda;Matthew Amoah;29;2500000.0;Mittelstürmer;Reservebank
