GameId;team;club;name;age;value;position;role
1027001;Vereinigte Staaten;FC Everton;Tim Howard;31;9500000.0;Torwart;Startaufstellung
1027001;Vereinigte Staaten;FC Stade Rennes;Carlos Bocanegra;31;3500000.0;Innenverteidiger;Startaufstellung
1027001;Vereinigte Staaten;FC Watford;Jay DeMerit;30;2000000.0;Innenverteidiger;Startaufstellung
1027001;Vereinigte Staaten;CD Chivas USA;Jonathan Bornstein;25;250000.0;Linker Verteidiger;Startaufstellung
1027001;Vereinigte Staaten;Hannover 96;Steven Cherundolo;31;2000000.0;Rechter Verteidiger;Startaufstellung
1027001;Vereinigte Staaten;Eintracht Frankfurt;Ricardo Clark;27;750000.0;Defensives Mittelfeld;Startaufstellung
1027001;Vereinigte Staaten;Borussia Mönchengladbach;Michael Bradley;22;5000000.0;Zentrales Mittelfeld;Startaufstellung
1027001;Vereinigte Staaten;FC Fulham;Clint Dempsey;27;7000000.0;Linksaußen;Startaufstellung
1027001;Vereinigte Staaten;Los Angeles Galaxy;Landon Donovan;28;3000000.0;Rechtsaußen;Startaufstellung
1027001;Vereinigte Staaten;Hull City;Jozy Altidore;20;3000000.0;Mittelstürmer;Startaufstellung
1027001;Vereinigte Staaten;Real Salt Lake City;Robbie Findley;24;250000.0;Mittelstürmer;Startaufstellung
1027001;Ghana;Wigan Athletic;Richard Kingson;32;500000.0;Torwart;Startaufstellung
1027001;Ghana;AFC Sunderland;John Mensah;27;5000000.0;Innenverteidiger;Startaufstellung
1027001;Ghana;FC Granada;Jonathan Mensah;19;300000.0;Innenverteidiger;Startaufstellung
1027001;Ghana;Bayer 04 Leverkusen;Hans Sarpei;33;500000.0;Linker Verteidiger;Startaufstellung
1027001;Ghana;FC Fulham;John Paintsil;29;4000000.0;Rechter Verteidiger;Startaufstellung
1027001;Ghana;Rosenborg BK;Anthony Annan;23;1750000.0;Defensives Mittelfeld;Startaufstellung
1027001;Ghana;FC Portsmouth;Kevin-Prince Boateng;23;4000000.0;Zentrales Mittelfeld;Startaufstellung
1027001;Ghana;Udinese Calcio;Kwadwo Asamoah;21;5500000.0;Zentrales Mittelfeld;Startaufstellung
1027001;Ghana;FC Basel 1893;Samuel Inkoom;21;1500000.0;Rechtes Mittelfeld;Startaufstellung
1027001;Ghana;Athlétic Club Arlésien;André Ayew;20;1000000.0;Linksaußen;Startaufstellung
1027001;Ghana;FC Stade Rennes;Asamoah Gyan;24;6200000.0;Mittelstürmer;Startaufstellung
1027001;Vereinigte Staaten;Aston Villa;Brad Guzan;25;1000000.0;Torwart;Reservebank
1027001;Vereinigte Staaten;Wolverhampton Wanderers;Marcus Hahnemann;38;1750000.0;Torwart;Reservebank
1027001;Vereinigte Staaten;AC Mailand;Oguchi Onyewu;28;5000000.0;Innenverteidiger;Reservebank
1027001;Vereinigte Staaten;IK Start Kristiansand;Clarence Goodson;28;1500000.0;Innenverteidiger;Reservebank
1027001;Vereinigte Staaten;Glasgow Rangers;DaMarcus Beasley;28;1750000.0;Linker Verteidiger;Reservebank
1027001;Vereinigte Staaten;West Ham United;Jonathan Spector;24;2000000.0;Rechter Verteidiger;Reservebank
1027001;Vereinigte Staaten;Glasgow Rangers;Maurice Edu;24;2000000.0;Defensives Mittelfeld;Reservebank
1027001;Vereinigte Staaten;CF Pachuca;José Francisco Torres;22;2000000.0;Zentrales Mittelfeld;Reservebank
1027001;Vereinigte Staaten;Bolton Wanderers;Stuart Holden;24;750000.0;Zentrales Mittelfeld;Reservebank
1027001;Vereinigte Staaten;Aarhus GF;Benny Feilhaber;25;1500000.0;Zentrales Mittelfeld;Reservebank
1027001;Vereinigte Staaten;Puebla FC;Hérculez Gómez;28;2000000.0;Mittelstürmer;Reservebank
1027001;Vereinigte Staaten;Los Angeles Galaxy;Edson Buddle;29;150000.0;Mittelstürmer;Reservebank
1027001;Ghana;Liberty Professionals Accra;Daniel Agyei;20;200000.0;Torwart;Reservebank
1027001;Ghana;;Stephen Ahorlu;21;150000.0;Torwart;Reservebank
1027001;Ghana;Berekum Chelsea FC;Lee Addy;19;200000.0;Linker Verteidiger;Reservebank
1027001;Ghana;Zamalek SC;Ibrahim Ayew;22;400000.0;Rechter Verteidiger;Reservebank
1027001;Ghana;FC Getafe;Derek Boateng;27;3400000.0;Defensives Mittelfeld;Reservebank
1027001;Ghana;FC Internazionale;Sulley Muntari;25;13000000.0;Rechtes Mittelfeld;Reservebank
1027001;Ghana;FC Bologna;Stephen Appiah;29;2000000.0;Zentrales Mittelfeld;Reservebank
1027001;Ghana;Al Sadd Sports Club;Quincy Owusu-Abeyie;24;1000000.0;Linksaußen;Reservebank
1027001;Ghana;AC Mailand;Dominic Adiyiah;20;1000000.0;Rechtsaußen;Reservebank
1027001;Ghana;TSG 1899 Hoffenheim;Prince Tagoe;23;1000000.0;Mittelstürmer;Reservebank
1027001;Ghana;NAC Breda;Matthew Amoah;29;2500000.0;Mittelstürmer;Reservebank
