GameId;team;club;name;age;value;position;role
1027048;Niederlande;Ajax Amsterdam;Maarten Stekelenburg;27;6000000.0;Torwart;Startaufstellung
1027048;Niederlande;Hamburger SV;Joris Mathijsen;30;9000000.0;Innenverteidiger;Startaufstellung
1027048;Niederlande;FC Everton;Johnny Heitinga;26;9000000.0;Innenverteidiger;Startaufstellung
1027048;Niederlande;Feyenoord Rotterdam;Giovanni van Bronckhorst;35;3750000.0;Linker Verteidiger;Startaufstellung
1027048;Niederlande;Ajax Amsterdam;Gregory van der Wiel;22;6500000.0;Rechter Verteidiger;Startaufstellung
1027048;Niederlande;FC Bayern München;Mark van Bommel;33;6500000.0;Defensives Mittelfeld;Startaufstellung
1027048;Niederlande;Manchester City;Nigel de Jong;25;14000000.0;Defensives Mittelfeld;Startaufstellung
1027048;Niederlande;FC Internazionale;Wesley Sneijder;26;35000000.0;Offensives Mittelfeld;Startaufstellung
1027048;Niederlande;FC Liverpool;Dirk Kuyt;29;17000000.0;Linksaußen;Startaufstellung
1027048;Niederlande;FC Bayern München;Arjen Robben;26;38000000.0;Rechtsaußen;Startaufstellung
1027048;Niederlande;FC Arsenal;Robin van Persie;26;25000000.0;Mittelstürmer;Startaufstellung
1027048;Slowakei;Legia Warschau;Ján Mucha;27;3200000.0;Torwart;Startaufstellung
1027048;Slowakei;Hannover 96;Jan Durica;28;1500000.0;Innenverteidiger;Startaufstellung
1027048;Slowakei;FC Liverpool;Martin Skrtel;25;13500000.0;Innenverteidiger;Startaufstellung
1027048;Slowakei;1.FSV Mainz 05;Radoslav Zabavník;29;1500000.0;Linker Verteidiger;Startaufstellung
1027048;Slowakei;VfL Wolfsburg;Peter Pekarík;23;2500000.0;Rechter Verteidiger;Startaufstellung
1027048;Slowakei;SSC Neapel;Marek Hamsik;22;24000000.0;Zentrales Mittelfeld;Startaufstellung
1027048;Slowakei;AC Sparta Prag;Juraj Kucka;23;1500000.0;Zentrales Mittelfeld;Startaufstellung
1027048;Slowakei;Manchester City;Vladimír Weiss;20;1500000.0;Offensives Mittelfeld;Startaufstellung
1027048;Slowakei;1.FC Kaiserslautern;Erik Jendrisek;23;2500000.0;Linksaußen;Startaufstellung
1027048;Slowakei;FC Twente Enschede;Miroslav Stoch;20;4500000.0;Rechtsaußen;Startaufstellung
1027048;Slowakei;MKE Ankaragücü;Róbert Vittek;28;2300000.0;Mittelstürmer;Startaufstellung
1027048;Niederlande;FC Twente Enschede;Sander Boschker;39;800000.0;Torwart;Reservebank
1027048;Niederlande;FC Utrecht;Michel Vorm;26;3500000.0;Torwart;Reservebank
1027048;Niederlande;VfB Stuttgart;Khalid Boulahrouz;28;3000000.0;Innenverteidiger;Reservebank
1027048;Niederlande;PSV Eindhoven;André Ooijer;35;2000000.0;Innenverteidiger;Reservebank
1027048;Niederlande;Celtic Glasgow;Edson Braafheid;27;3000000.0;Linker Verteidiger;Reservebank
1027048;Niederlande;AZ Alkmaar;Stijn Schaars;26;6000000.0;Defensives Mittelfeld;Reservebank
1027048;Niederlande;Ajax Amsterdam;Demy de Zeeuw;27;7500000.0;Zentrales Mittelfeld;Reservebank
1027048;Niederlande;PSV Eindhoven;Ibrahim Afellay;24;9000000.0;Offensives Mittelfeld;Reservebank
1027048;Niederlande;Real Madrid;Rafael van der Vaart;27;15000000.0;Offensives Mittelfeld;Reservebank
1027048;Niederlande;Hamburger SV;Eljero Elia;23;14000000.0;Rechtsaußen;Reservebank
1027048;Niederlande;FC Liverpool;Ryan Babel;23;7000000.0;Linksaußen;Reservebank
1027048;Niederlande;AC Mailand;Klaas-Jan Huntelaar;26;15000000.0;Mittelstürmer;Reservebank
1027048;Slowakei;Dundee United FC;Dusan Pernis;25;250000.0;Torwart;Reservebank
1027048;Slowakei;FC Vaslui;Dusan Kuciak;25;1350000.0;Torwart;Reservebank
1027048;Slowakei;Slovan Bratislava;Kornel Salata;25;600000.0;Innenverteidiger;Reservebank
1027048;Slowakei;West Bromwich Albion;Marek Cech;27;2200000.0;Linker Verteidiger;Reservebank
1027048;Slowakei;AC Cesena;Martin Petras;30;700000.0;Rechter Verteidiger;Reservebank
1027048;Slowakei;Spartak Trnava;Kamil Kopúnek;26;300000.0;Defensives Mittelfeld;Reservebank
1027048;Slowakei;FC Timisoara;Jan Kozak;30;950000.0;Offensives Mittelfeld;Reservebank
1027048;Slowakei;MKE Ankaragücü;Marek Sapara;27;2500000.0;Zentrales Mittelfeld;Reservebank
1027048;Slowakei;Besiktas Istanbul;Filip Holosko;26;6500000.0;Rechtsaußen;Reservebank
1027048;Slowakei;VfL Bochum;Stanislav Sestak;27;4500000.0;Mittelstürmer;Reservebank
1027048;Slowakei;Saturn Ramenskoe;Martin Jakubko;30;1200000.0;Mittelstürmer;Reservebank
