GameId;team;club;name;age;value;position;role
1028686;Paraguay;Real Valladolid;Justo Villar;33;1600000.0;Torwart;Startaufstellung
1028686;Paraguay;AFC Sunderland;Paulo da Silva;30;3000000.0;Innenverteidiger;Startaufstellung
1028686;Paraguay;Wigan Athletic;Antolín Alcaraz;27;3000000.0;Innenverteidiger;Startaufstellung
1028686;Paraguay;Club Atlético Boca Juniors;Claudio Morel;32;1800000.0;Linker Verteidiger;Startaufstellung
1028686;Paraguay;UNAM Pumas;Darío Verón;30;2500000.0;Rechter Verteidiger;Startaufstellung
1028686;Paraguay;Club Libertad Asunción;Víctor Cáceres;25;800000.0;Defensives Mittelfeld;Startaufstellung
1028686;Paraguay;AFC Sunderland;Cristian Riveros;27;3000000.0;Defensives Mittelfeld;Startaufstellung
1028686;Paraguay;Atalanta Bergamo;Édgar Barreto;25;3500000.0;Rechtes Mittelfeld;Startaufstellung
1028686;Paraguay;Kayserispor;Jonathan Santana;28;1500000.0;Linkes Mittelfeld;Startaufstellung
1028686;Paraguay;Borussia Dortmund;Nelson Valdez;26;4000000.0;Hängende Spitze;Startaufstellung
1028686;Paraguay;Benfica Lissabon;Óscar Cardozo;27;12500000.0;Mittelstürmer;Startaufstellung
1028686;Spanien;Real Madrid;Iker Casillas;29;32000000.0;Torwart;Startaufstellung
1028686;Spanien;FC Barcelona;Gerard Piqué;23;25000000.0;Innenverteidiger;Startaufstellung
1028686;Spanien;FC Barcelona;Carles Puyol;32;28000000.0;Innenverteidiger;Startaufstellung
1028686;Spanien;FC Villarreal;Joan Capdevila;32;10000000.0;Linker Verteidiger;Startaufstellung
1028686;Spanien;Real Madrid;Sergio Ramos;24;27000000.0;Rechter Verteidiger;Startaufstellung
1028686;Spanien;FC Barcelona;Sergio Busquets;21;20000000.0;Defensives Mittelfeld;Startaufstellung
1028686;Spanien;Real Madrid;Xabi Alonso;28;30000000.0;Zentrales Mittelfeld;Startaufstellung
1028686;Spanien;FC Barcelona;Xavi;30;65000000.0;Offensives Mittelfeld;Startaufstellung
1028686;Spanien;FC Barcelona;David Villa;28;45000000.0;Linksaußen;Startaufstellung
1028686;Spanien;FC Barcelona;Andrés Iniesta;26;60000000.0;Rechtsaußen;Startaufstellung
1028686;Spanien;FC Liverpool;Fernando Torres;26;50000000.0;Mittelstürmer;Startaufstellung
1028686;Paraguay;Club Cerro Porteño;Diego Barreto;28;250000.0;Torwart;Reservebank
1028686;Paraguay;Corinthians Sao Paulo;Aldo Bobadilla;34;1000000.0;Torwart;Reservebank
1028686;Paraguay;Clube Atlético Mineiro;Julio Cáceres;30;1800000.0;Innenverteidiger;Reservebank
1028686;Paraguay;Club Atlético San Lorenzo de Almagro;Aureliano Torres;28;1800000.0;Linker Verteidiger;Reservebank
1028686;Paraguay;Club León FC;Denis Caniza;35;800000.0;Rechter Verteidiger;Reservebank
1028686;Paraguay;Club Libertad Asunción;Carlos Bonet;32;1500000.0;Rechter Verteidiger;Reservebank
1028686;Paraguay;LDU Quito;Enrique Vera;31;1500000.0;Rechtes Mittelfeld;Reservebank
1028686;Paraguay;Argentinos Juniors;Néstor Ortigoza;25;2300000.0;Zentrales Mittelfeld;Reservebank
1028686;Paraguay;CF Pachuca;Edgar Benítez;22;2500000.0;Linksaußen;Reservebank
1028686;Paraguay;Club Libertad Asunción;Rodolfo Gamarra;21;1000000.0;Hängende Spitze;Reservebank
1028686;Paraguay;Manchester City;Roque Santa Cruz;28;8000000.0;Mittelstürmer;Reservebank
1028686;Paraguay;Borussia Dortmund;Lucas Barrios;25;11000000.0;Mittelstürmer;Reservebank
1028686;Spanien;FC Barcelona;Víctor Valdés;28;18000000.0;Torwart;Reservebank
1028686;Spanien;FC Liverpool;Pepe Reina;27;20000000.0;Torwart;Reservebank
1028686;Spanien;Real Madrid;Raúl Albiol;24;18000000.0;Innenverteidiger;Reservebank
1028686;Spanien;FC Valencia;Carlos Marchena;30;8000000.0;Innenverteidiger;Reservebank
1028686;Spanien;Real Madrid;Álvaro Arbeloa;27;12000000.0;Rechter Verteidiger;Reservebank
1028686;Spanien;Athletic Bilbao;Javi Martínez;21;15000000.0;Defensives Mittelfeld;Reservebank
1028686;Spanien;FC Arsenal;Cesc Fàbregas;23;55000000.0;Offensives Mittelfeld;Reservebank
1028686;Spanien;FC Valencia;Juan Mata;22;23000000.0;Offensives Mittelfeld;Reservebank
1028686;Spanien;FC Valencia;David Silva;24;32000000.0;Offensives Mittelfeld;Reservebank
1028686;Spanien;FC Barcelona;Pedro;22;14000000.0;Rechtsaußen;Reservebank
1028686;Spanien;FC Sevilla;Jesús Navas;24;28000000.0;Rechtsaußen;Reservebank
1028686;Spanien;Athletic Bilbao;Fernando Llorente;25;15000000.0;Mittelstürmer;Reservebank
