GameId;team;club;name;age;value;position;role
1029770;Uruguay;Lazio Rom;Fernando Muslera;24;7500000.0;Torwart;Startaufstellung
1029770;Uruguay;FC Villarreal;Diego Godín;24;12000000.0;Innenverteidiger;Startaufstellung
1029770;Uruguay;Club Universidad de Chile;Mauricio Victorino;27;675000.0;Innenverteidiger;Startaufstellung
1029770;Uruguay;FC Barcelona;Martín Cáceres;23;7500000.0;Linker Verteidiger;Startaufstellung
1029770;Uruguay;Benfica Lissabon;Maxi Pereira;26;5200000.0;Rechter Verteidiger;Startaufstellung
1029770;Uruguay;CA Peñarol;Egidio Arévalo Ríos;28;900000.0;Defensives Mittelfeld;Startaufstellung
1029770;Uruguay;AS Monaco;Diego Pérez;30;2300000.0;Rechtes Mittelfeld;Startaufstellung
1029770;Uruguay;FC Porto;Álvaro Pereira;24;4500000.0;Linkes Mittelfeld;Startaufstellung
1029770;Uruguay;SSC Neapel;Walter Gargano;25;7000000.0;Offensives Mittelfeld;Startaufstellung
1029770;Uruguay;Atlético Madrid;Diego Forlán;31;22000000.0;Mittelstürmer;Startaufstellung
1029770;Uruguay;US Palermo;Edinson Cavani;23;11000000.0;Mittelstürmer;Startaufstellung
1029770;Niederlande;Ajax Amsterdam;Maarten Stekelenburg;27;6000000.0;Torwart;Startaufstellung
1029770;Niederlande;Hamburger SV;Joris Mathijsen;30;9000000.0;Innenverteidiger;Startaufstellung
1029770;Niederlande;FC Everton;Johnny Heitinga;26;9000000.0;Innenverteidiger;Startaufstellung
1029770;Niederlande;Karriereende;Giovanni van Bronckhorst;35;800000.0;Linker Verteidiger;Startaufstellung
1029770;Niederlande;VfB Stuttgart;Khalid Boulahrouz;28;3000000.0;Rechter Verteidiger;Startaufstellung
1029770;Niederlande;FC Bayern München;Mark van Bommel;33;6500000.0;Defensives Mittelfeld;Startaufstellung
1029770;Niederlande;Ajax Amsterdam;Demy de Zeeuw;27;7500000.0;Defensives Mittelfeld;Startaufstellung
1029770;Niederlande;FC Internazionale;Wesley Sneijder;26;35000000.0;Offensives Mittelfeld;Startaufstellung
1029770;Niederlande;FC Liverpool;Dirk Kuyt;29;17000000.0;Linksaußen;Startaufstellung
1029770;Niederlande;FC Bayern München;Arjen Robben;26;38000000.0;Rechtsaußen;Startaufstellung
1029770;Niederlande;FC Arsenal;Robin van Persie;26;25000000.0;Mittelstürmer;Startaufstellung
1029770;Uruguay;Deportivo Cali;Juan Castillo;32;750000.0;Torwart;Reservebank
1029770;Uruguay;Defensor Sporting Club;Martín Silva;27;800000.0;Torwart;Reservebank
1029770;Uruguay;CSD Colo Colo;Andrés Scotti;34;1200000.0;Innenverteidiger;Reservebank
1029770;Uruguay;FC Villarreal;Sebastián Eguren;29;5000000.0;Defensives Mittelfeld;Reservebank
1029770;Uruguay;Seattle Sounders FC;Álvaro Fernández;24;625000.0;Zentrales Mittelfeld;Reservebank
1029770;Uruguay;FC Valencia;Ignacio González;28;600000.0;Offensives Mittelfeld;Reservebank
1029770;Uruguay;Club Atlético Banfield;Sebastián Fernández;25;2500000.0;Hängende Spitze;Reservebank
1029770;Uruguay;Botafogo Rio de Janeiro;Sebastián Abreu;33;1000000.0;Mittelstürmer;Reservebank
1029770;Niederlande;FC Twente Enschede;Sander Boschker;39;800000.0;Torwart;Reservebank
1029770;Niederlande;FC Utrecht;Michel Vorm;26;3500000.0;Torwart;Reservebank
1029770;Niederlande;PSV Eindhoven;André Ooijer;35;2000000.0;Innenverteidiger;Reservebank
1029770;Niederlande;FC Bayern München;Edson Braafheid;27;3000000.0;Linker Verteidiger;Reservebank
1029770;Niederlande;AZ Alkmaar;Stijn Schaars;26;6000000.0;Defensives Mittelfeld;Reservebank
1029770;Niederlande;PSV Eindhoven;Ibrahim Afellay;24;9000000.0;Linkes Mittelfeld;Reservebank
1029770;Niederlande;Real Madrid;Rafael van der Vaart;27;15000000.0;Offensives Mittelfeld;Reservebank
1029770;Niederlande;Hamburger SV;Eljero Elia;23;14000000.0;Linksaußen;Reservebank
1029770;Niederlande;FC Liverpool;Ryan Babel;23;7000000.0;Linksaußen;Reservebank
1029770;Niederlande;AC Mailand;Klaas-Jan Huntelaar;26;15000000.0;Mittelstürmer;Reservebank
