GameId;team;club;name;age;value;position;role
1030711;Uruguay;Lazio Rom;Fernando Muslera;24;7500000.0;Torwart;Startaufstellung
1030711;Uruguay;Fenerbahce Istanbul;Diego Lugano;29;10500000.0;Innenverteidiger;Startaufstellung
1030711;Uruguay;FC Villarreal;Diego Godín;24;12000000.0;Innenverteidiger;Startaufstellung
1030711;Uruguay;FC Barcelona;Martín Cáceres;23;7500000.0;Linker Verteidiger;Startaufstellung
1030711;Uruguay;FC Porto;Jorge Fucile;25;5200000.0;Rechter Verteidiger;Startaufstellung
1030711;Uruguay;CA Peñarol;Egidio Arévalo Ríos;28;900000.0;Defensives Mittelfeld;Startaufstellung
1030711;Uruguay;AS Monaco;Diego Pérez;30;2300000.0;Zentrales Mittelfeld;Startaufstellung
1030711;Uruguay;Benfica Lissabon;Maxi Pereira;26;5200000.0;Rechtes Mittelfeld;Startaufstellung
1030711;Uruguay;US Palermo;Edinson Cavani;23;11000000.0;Linksaußen;Startaufstellung
1030711;Uruguay;Atlético Madrid;Diego Forlán;31;22000000.0;Mittelstürmer;Startaufstellung
1030711;Uruguay;Ajax Amsterdam;Luis Suárez;23;20000000.0;Mittelstürmer;Startaufstellung
1030711;Deutschland;FC Bayern München;Hans Jörg Butt;36;2500000.0;Torwart;Startaufstellung
1030711;Deutschland;VfL Wolfsburg;Arne Friedrich;31;6000000.0;Innenverteidiger;Startaufstellung
1030711;Deutschland;SV Werder Bremen;Per Mertesacker;25;15000000.0;Innenverteidiger;Startaufstellung
1030711;Deutschland;Hamburger SV;Dennis Aogo;23;6500000.0;Linker Verteidiger;Startaufstellung
1030711;Deutschland;Manchester City;Jérôme Boateng;21;15000000.0;Rechter Verteidiger;Startaufstellung
1030711;Deutschland;FC Bayern München;Bastian Schweinsteiger;25;24000000.0;Defensives Mittelfeld;Startaufstellung
1030711;Deutschland;VfB Stuttgart;Sami Khedira;23;15000000.0;Zentrales Mittelfeld;Startaufstellung
1030711;Deutschland;SV Werder Bremen;Mesut Özil;21;20000000.0;Offensives Mittelfeld;Startaufstellung
1030711;Deutschland;Hamburger SV;Marcell Jansen;24;10000000.0;Linksaußen;Startaufstellung
1030711;Deutschland;FC Bayern München;Thomas Müller;20;10000000.0;Rechtsaußen;Startaufstellung
1030711;Deutschland;VfB Stuttgart;Cacau;29;6000000.0;Mittelstürmer;Startaufstellung
1030711;Uruguay;Deportivo Cali;Juan Castillo;32;750000.0;Torwart;Reservebank
1030711;Uruguay;Defensor Sporting Club;Martín Silva;27;800000.0;Torwart;Reservebank
1030711;Uruguay;Club Universidad de Chile;Mauricio Victorino;27;675000.0;Innenverteidiger;Reservebank
1030711;Uruguay;CSD Colo Colo;Andrés Scotti;34;1200000.0;Innenverteidiger;Reservebank
1030711;Uruguay;FC Porto;Álvaro Pereira;24;4500000.0;Linker Verteidiger;Reservebank
1030711;Uruguay;SSC Neapel;Walter Gargano;25;7000000.0;Defensives Mittelfeld;Reservebank
1030711;Uruguay;Sporting Gijón;Sebastián Eguren;29;5000000.0;Defensives Mittelfeld;Reservebank
1030711;Uruguay;Seattle Sounders FC;Álvaro Fernández;24;625000.0;Zentrales Mittelfeld;Reservebank
1030711;Uruguay;FC Valencia;Ignacio González;28;600000.0;Offensives Mittelfeld;Reservebank
1030711;Uruguay;Club Atlético Banfield;Sebastián Fernández;25;2500000.0;Hängende Spitze;Reservebank
1030711;Uruguay;Botafogo Rio de Janeiro;Sebastián Abreu;33;1000000.0;Mittelstürmer;Reservebank
1030711;Deutschland;FC Schalke 04;Manuel Neuer;24;18000000.0;Torwart;Reservebank
1030711;Deutschland;FC Bayern München;Holger Badstuber;21;8000000.0;Innenverteidiger;Reservebank
1030711;Deutschland;VfB Stuttgart;Serdar Tasci;23;10000000.0;Innenverteidiger;Reservebank
1030711;Deutschland;FC Bayern München;Toni Kroos;20;12000000.0;Zentrales Mittelfeld;Reservebank
1030711;Deutschland;Hamburger SV;Piotr Trochowski;26;8500000.0;Offensives Mittelfeld;Reservebank
1030711;Deutschland;SV Werder Bremen;Marko Marin;21;14000000.0;Linksaußen;Reservebank
1030711;Deutschland;1.FC Köln;Lukas Podolski;25;10000000.0;Mittelstürmer;Reservebank
1030711;Deutschland;Bayer 04 Leverkusen;Stefan Kießling;26;12000000.0;Mittelstürmer;Reservebank
1030711;Deutschland;FC Bayern München;Miroslav Klose;32;7500000.0;Mittelstürmer;Reservebank
1030711;Deutschland;FC Bayern München;Mario Gómez;25;27500000.0;Mittelstürmer;Reservebank
