GameId;team;club;name;age;value;position;role
1030710;Niederlande;Ajax Amsterdam;Maarten Stekelenburg;27;6000000.0;Torwart;Startaufstellung
1030710;Niederlande;Hamburger SV;Joris Mathijsen;30;9000000.0;Innenverteidiger;Startaufstellung
1030710;Niederlande;FC Everton;Johnny Heitinga;26;9000000.0;Innenverteidiger;Startaufstellung
1030710;Niederlande;Karriereende;Giovanni van Bronckhorst;35;800000.0;Linker Verteidiger;Startaufstellung
1030710;Niederlande;Ajax Amsterdam;Gregory van der Wiel;22;6500000.0;Rechter Verteidiger;Startaufstellung
1030710;Niederlande;FC Bayern München;Mark van Bommel;33;6500000.0;Defensives Mittelfeld;Startaufstellung
1030710;Niederlande;Manchester City;Nigel de Jong;25;14000000.0;Zentrales Mittelfeld;Startaufstellung
1030710;Niederlande;FC Internazionale;Wesley Sneijder;26;35000000.0;Offensives Mittelfeld;Startaufstellung
1030710;Niederlande;FC Liverpool;Dirk Kuyt;29;17000000.0;Linksaußen;Startaufstellung
1030710;Niederlande;FC Bayern München;Arjen Robben;26;38000000.0;Rechtsaußen;Startaufstellung
1030710;Niederlande;FC Arsenal;Robin van Persie;26;25000000.0;Mittelstürmer;Startaufstellung
1030710;Spanien;Real Madrid;Iker Casillas;29;32000000.0;Torwart;Startaufstellung
1030710;Spanien;FC Barcelona;Gerard Piqué;23;25000000.0;Innenverteidiger;Startaufstellung
1030710;Spanien;FC Barcelona;Carles Puyol;32;28000000.0;Innenverteidiger;Startaufstellung
1030710;Spanien;FC Villarreal;Joan Capdevila;32;10000000.0;Linker Verteidiger;Startaufstellung
1030710;Spanien;Real Madrid;Sergio Ramos;24;27000000.0;Rechter Verteidiger;Startaufstellung
1030710;Spanien;FC Barcelona;Sergio Busquets;21;20000000.0;Defensives Mittelfeld;Startaufstellung
1030710;Spanien;Real Madrid;Xabi Alonso;28;30000000.0;Zentrales Mittelfeld;Startaufstellung
1030710;Spanien;FC Barcelona;Xavi;30;65000000.0;Offensives Mittelfeld;Startaufstellung
1030710;Spanien;FC Barcelona;Andrés Iniesta;26;60000000.0;Linksaußen;Startaufstellung
1030710;Spanien;FC Barcelona;Pedro;22;14000000.0;Rechtsaußen;Startaufstellung
1030710;Spanien;FC Barcelona;David Villa;28;45000000.0;Mittelstürmer;Startaufstellung
1030710;Niederlande;FC Twente Enschede;Sander Boschker;39;800000.0;Torwart;Reservebank
1030710;Niederlande;FC Utrecht;Michel Vorm;26;3500000.0;Torwart;Reservebank
1030710;Niederlande;VfB Stuttgart;Khalid Boulahrouz;28;3000000.0;Innenverteidiger;Reservebank
1030710;Niederlande;PSV Eindhoven;André Ooijer;36;2000000.0;Innenverteidiger;Reservebank
1030710;Niederlande;FC Bayern München;Edson Braafheid;27;3000000.0;Linker Verteidiger;Reservebank
1030710;Niederlande;AZ Alkmaar;Stijn Schaars;26;6000000.0;Defensives Mittelfeld;Reservebank
1030710;Niederlande;Ajax Amsterdam;Demy de Zeeuw;27;7500000.0;Zentrales Mittelfeld;Reservebank
1030710;Niederlande;PSV Eindhoven;Ibrahim Afellay;24;9000000.0;Linkes Mittelfeld;Reservebank
1030710;Niederlande;Real Madrid;Rafael van der Vaart;27;15000000.0;Zentrales Mittelfeld;Reservebank
1030710;Niederlande;Hamburger SV;Eljero Elia;23;14000000.0;Linksaußen;Reservebank
1030710;Niederlande;FC Liverpool;Ryan Babel;23;7000000.0;Linksaußen;Reservebank
1030710;Niederlande;AC Mailand;Klaas-Jan Huntelaar;26;15000000.0;Mittelstürmer;Reservebank
1030710;Spanien;FC Barcelona;Víctor Valdés;28;18000000.0;Torwart;Reservebank
1030710;Spanien;FC Liverpool;Pepe Reina;27;20000000.0;Torwart;Reservebank
1030710;Spanien;Real Madrid;Raúl Albiol;24;18000000.0;Innenverteidiger;Reservebank
1030710;Spanien;FC Valencia;Carlos Marchena;30;8000000.0;Innenverteidiger;Reservebank
1030710;Spanien;Real Madrid;Álvaro Arbeloa;27;12000000.0;Rechter Verteidiger;Reservebank
1030710;Spanien;Athletic Bilbao;Javi Martínez;21;15000000.0;Defensives Mittelfeld;Reservebank
1030710;Spanien;FC Arsenal;Cesc Fàbregas;23;55000000.0;Zentrales Mittelfeld;Reservebank
1030710;Spanien;FC Valencia;Juan Mata;22;23000000.0;Offensives Mittelfeld;Reservebank
1030710;Spanien;FC Valencia;David Silva;24;32000000.0;Offensives Mittelfeld;Reservebank
1030710;Spanien;FC Sevilla;Jesús Navas;24;28000000.0;Rechtsaußen;Reservebank
1030710;Spanien;FC Liverpool;Fernando Torres;26;50000000.0;Mittelstürmer;Reservebank
1030710;Spanien;Athletic Bilbao;Fernando Llorente;25;15000000.0;Mittelstürmer;Reservebank
