GameId;team;club;name;age;value;position;role
1074994;Usbekistan;FC Bunyodkor;Ignatiy Nesterov;27;1000000.0;Torwart;Startaufstellung
1074994;Usbekistan;Al Ahli Sports Club;Shavkatjon Mulladjanov;25;100000.0;Innenverteidiger;Startaufstellung
1074994;Usbekistan;Anzhi Makhachkala;Odil Akhmedov;23;350000.0;Innenverteidiger;Startaufstellung
1074994;Usbekistan;;Stanislav Andreev;22;75000.0;Linker Verteidiger;Startaufstellung
1074994;Usbekistan;FC Bunyodkor;Victor Karpenko;33;500000.0;Rechter Verteidiger;Startaufstellung
1074994;Usbekistan;FC Bunyodkor;Azizbek Haydarov;25;400000.0;Defensives Mittelfeld;Startaufstellung
1074994;Usbekistan;FC Bunyodkor;Timur Kapadze;29;800000.0;Zentrales Mittelfeld;Startaufstellung
1074994;Usbekistan;Volga Nizhniy Novgorod;Sanjar Tursunov;24;700000.0;Rechtes Mittelfeld;Startaufstellung
1074994;Usbekistan;FC Bunyodkor;Server Djeparov;28;2000000.0;Linkes Mittelfeld;Startaufstellung
1074994;Usbekistan;FK Andijan;Olim Novkarov;27;100000.0;Mittelstürmer;Startaufstellung
1074994;Usbekistan;Suwon Samsung Bluewings FC;Aleksandr Geynrikh;26;850000.0;Mittelstürmer;Startaufstellung
1074994;Südkorea;Suwon Samsung Bluewings FC;Sung-Ryong Jung;26;1200000.0;Torwart;Startaufstellung
1074994;Südkorea;Suwon Samsung Bluewings FC;Jae-won Hwang;29;500000.0;Innenverteidiger;Startaufstellung
1074994;Südkorea;Al Sadd Sports Club;Jeong-su Lee;31;1000000.0;Innenverteidiger;Startaufstellung
1074994;Südkorea;Al-Hilal Riad;Young-Pyo Lee;33;1500000.0;Linker Verteidiger;Startaufstellung
1074994;Südkorea;Jeju United FC;Jeong-ho Hong;21;800000.0;Rechter Verteidiger;Startaufstellung
1074994;Südkorea;Suwon Samsung Bluewings FC;Yong-rae Lee;24;800000.0;Defensives Mittelfeld;Startaufstellung
1074994;Südkorea;Celtic Glasgow;Sung-Yong Ki;22;3500000.0;Defensives Mittelfeld;Startaufstellung
1074994;Südkorea;Jeju United FC;Ja-Cheol Koo;21;1000000.0;Offensives Mittelfeld;Startaufstellung
1074994;Südkorea;Bolton Wanderers;Chung-Yong Lee;22;4000000.0;Linksaußen;Startaufstellung
1074994;Südkorea;Celtic Glasgow;Du-Ri Cha;30;1250000.0;Rechtsaußen;Startaufstellung
1074994;Südkorea;Jeonnam Dragons FC;Dong-Won Ji;19;900000.0;Mittelstürmer;Startaufstellung
1074994;Usbekistan;Pakhtakor Tashkent;Temur Juraev;26;250000.0;Torwart;Reservebank
1074994;Usbekistan;Nasaf Qarshi;Murotjon Zukhurov;27;25000.0;Torwart;Reservebank
1074994;Usbekistan;;Farrukh Nurlibaev;20;50000.0;Abwehr;Reservebank
1074994;Usbekistan;Changchun Yatai;Anzur Ismailov;25;150000.0;Innenverteidiger;Reservebank
1074994;Usbekistan;Al Duhail Sports Club;Jasur Khasanov;27;25000.0;Offensives Mittelfeld;Reservebank
1074994;Usbekistan;FC Bunyodkor;Shavkat Salomov;25;100000.0;Linksaußen;Reservebank
1074994;Usbekistan;Alania Vladikavkaz;Marat Bikmaev;25;300000.0;Mittelstürmer;Reservebank
1074994;Usbekistan;Arsenal Kiew;Maksim Shatskikh;32;1100000.0;Mittelstürmer;Reservebank
1074994;Usbekistan;FC Bohemians Prag 1905;Aziz Ibragimov;24;300000.0;Mittelstürmer;Reservebank
1074994;Südkorea;FC Seoul;Yong-dae Kim;31;900000.0;Torwart;Reservebank
1074994;Südkorea;Cerezo Osaka;Jin-Hyeon Kim;23;650000.0;Torwart;Reservebank
1074994;Südkorea;Ulsan Hyundai;Tae-heui Kwak;29;850000.0;Innenverteidiger;Reservebank
1074994;Südkorea;Al Rayyan Sports Club;Yong-hyeong Jo;27;1000000.0;Innenverteidiger;Reservebank
1074994;Südkorea;Sangju Sangmu Phoenix FC;Hyo-jin Choi;27;1200000.0;Rechter Verteidiger;Reservebank
1074994;Südkorea;Gyeongnam FC;Bit-garam Yun;20;1000000.0;Zentrales Mittelfeld;Reservebank
1074994;Südkorea;Cerezo Osaka;Bo-Kyung Kim;21;450000.0;Offensives Mittelfeld;Reservebank
1074994;Südkorea;Suwon Samsung Bluewings FC;Ki-hun Yeom;27;750000.0;Linksaußen;Reservebank
1074994;Südkorea;Hamburger SV;Heung-Min Son;18;3000000.0;Linksaußen;Reservebank
1074994;Südkorea;Incheon United FC;Byeong-su Yu;22;2000000.0;Mittelstürmer;Reservebank
1074994;Südkorea;;Shin-uk Kim;22;700000.0;Mittelstürmer;Reservebank
