GameId;team;club;name;age;value;position;role
1074104;Japan;Lierse SK;Eiji Kawashima;27;1800000.0;Torwart;Startaufstellung
1074104;Japan;VVV-Venlo;Maya Yoshida;22;1250000.0;Innenverteidiger;Startaufstellung
1074104;Japan;FC Tokyo;Yasuyuki Konno;27;1700000.0;Innenverteidiger;Startaufstellung
1074104;Japan;AC Cesena;Yuto Nagatomo;24;2800000.0;Linker Verteidiger;Startaufstellung
1074104;Japan;Kashima Antlers;Masahiko Inoha;25;800000.0;Rechter Verteidiger;Startaufstellung
1074104;Japan;VfL Wolfsburg;Makoto Hasebe;27;4000000.0;Defensives Mittelfeld;Startaufstellung
1074104;Japan;Gamba Osaka;Yasuhito Endo;30;4500000.0;Zentrales Mittelfeld;Startaufstellung
1074104;Japan;ZSKA Moskau;Keisuke Honda;24;10000000.0;Offensives Mittelfeld;Startaufstellung
1074104;Japan;Borussia Dortmund;Shinji Kagawa;21;8000000.0;Linksaußen;Startaufstellung
1074104;Japan;Shimizu S-Pulse;Shinji Okazaki;24;2200000.0;Rechtsaußen;Startaufstellung
1074104;Japan;Júbilo Iwata;Ryoichi Maeda;29;2100000.0;Mittelstürmer;Startaufstellung
1074104;Katar;Al Gharafa Sports Club;Qasem Burhan;25;250000.0;Torwart;Startaufstellung
1074104;Katar;Al Gharafa Sports Club;Ibrahim Al-Ghanim;27;200000.0;Innenverteidiger;Startaufstellung
1074104;Katar;Al Sadd Sports Club;Ibrahim Majid;20;100000.0;Innenverteidiger;Startaufstellung
1074104;Katar;Al Gharafa Sports Club;Bilal Mohammed Rajab;24;250000.0;Innenverteidiger;Startaufstellung
1074104;Katar;Al Rayyan Sports Club;Hamid Ismaeil;24;250000.0;Rechter Verteidiger;Startaufstellung
1074104;Katar;;Mesaad Al Hamad;24;100000.0;Rechter Verteidiger;Startaufstellung
1074104;Katar;Al Sadd Sports Club;Wesam Rizik;29;350000.0;Defensives Mittelfeld;Startaufstellung
1074104;Katar;Al Gharafa Sports Club;Anas Mubarak;26;350000.0;Defensives Mittelfeld;Startaufstellung
1074104;Katar;;Mohamed Jeedo;23;100000.0;Linksaußen;Startaufstellung
1074104;Katar;;Yusef Ahmed Ali;22;200000.0;Linksaußen;Startaufstellung
1074104;Katar;Qatar Sports Club;Sebastián Soria;27;500000.0;Mittelstürmer;Startaufstellung
1074104;Japan;Sanfrecce Hiroshima;Shusaku Nishikawa;24;1200000.0;Torwart;Reservebank
1074104;Japan;FC Tokyo;Shuichi Gonda;21;1000000.0;Torwart;Reservebank
1074104;Japan;Kashima Antlers;Daiki Iwamasa;28;1700000.0;Innenverteidiger;Reservebank
1074104;Japan;Sanfrecce Hiroshima;Ryota Moriwaki;24;750000.0;Innenverteidiger;Reservebank
1074104;Japan;Urawa Red Diamonds;Mitsuru Nagata;27;900000.0;Innenverteidiger;Reservebank
1074104;Japan;FC Augsburg;Hajime Hosogai;24;1500000.0;Defensives Mittelfeld;Reservebank
1074104;Japan;Kashima Antlers;Takuya Honda;25;1100000.0;Defensives Mittelfeld;Reservebank
1074104;Japan;Urawa Red Diamonds;Yosuke Kashiwagi;23;1600000.0;Zentrales Mittelfeld;Reservebank
1074104;Japan;Nagoya Grampus;Jungo Fujimoto;26;1800000.0;Rechtes Mittelfeld;Reservebank
1074104;Japan;Sanfrecce Hiroshima;Tadanari Lee;25;1000000.0;Hängende Spitze;Reservebank
1074104;Katar;;Mohamad Mubarak;26;100000.0;Torwart;Reservebank
1074104;Katar;;Saad Al-Sheeb;20;200000.0;Torwart;Reservebank
1074104;Katar;;Musa Haroon;25;100000.0;Innenverteidiger;Reservebank
1074104;Katar;Al Duhail Sports Club;Khalid Muftah;18;150000.0;Linker Verteidiger;Reservebank
1074104;Katar;Al Sadd Sports Club;Majdi Abdulla Siddiq;25;300000.0;Defensives Mittelfeld;Reservebank
1074104;Katar;;Abdul Aziz Al Sulaiti;22;100000.0;Zentrales Mittelfeld;Reservebank
1074104;Katar;;Talal Al-Bloushi;24;300000.0;Zentrales Mittelfeld;Reservebank
1074104;Katar;Al Sadd Sports Club;Khalfan Ibrahim;22;400000.0;Offensives Mittelfeld;Reservebank
1074104;Katar;Al Rayyan Sports Club;Fábio César Montezine;31;450000.0;Linksaußen;Reservebank
1074104;Katar;;Ali Hassan Afif;23;350000.0;Linksaußen;Reservebank
1074104;Katar;Al Sadd Sports Club;Hasan Al-Haydos;20;400000.0;Rechtsaußen;Reservebank
1074104;Katar;Al Rayyan Sports Club;Jaralla Al Marri;22;200000.0;Mittelstürmer;Reservebank
