GameId;team;club;name;age;value;position;role
1074103;Australien;FC Fulham;Mark Schwarzer;38;4000000.0;Torwart;Startaufstellung
1074103;Australien;Seongnam FC;Sasa Ognenovski;31;1500000.0;Innenverteidiger;Startaufstellung
1074103;Australien;Galatasaray Istanbul;Lucas Neill;32;4000000.0;Innenverteidiger;Startaufstellung
1074103;Australien;FC Blackpool;David Carney;27;750000.0;Linker Verteidiger;Startaufstellung
1074103;Australien;Dinamo Moskau;Luke Wilkshire;29;5000000.0;Rechter Verteidiger;Startaufstellung
1074103;Australien;Genclerbirligi Ankara;Mile Jedinak;26;2000000.0;Zentrales Mittelfeld;Startaufstellung
1074103;Australien;US Sassuolo;Carl Valeri;26;1400000.0;Zentrales Mittelfeld;Startaufstellung
1074103;Australien;Brisbane Roar;Matt McKay;28;500000.0;Linkes Mittelfeld;Startaufstellung
1074103;Australien;FC Everton;Tim Cahill;31;16000000.0;Offensives Mittelfeld;Startaufstellung
1074103;Australien;AZ Alkmaar;Brett Holman;26;2600000.0;Rechtsaußen;Startaufstellung
1074103;Australien;Galatasaray Istanbul;Harry Kewell;32;6000000.0;Mittelstürmer;Startaufstellung
1074103;Irak;Erbil SC;Mohammed Kassid;24;100000.0;Torwart;Startaufstellung
1074103;Irak;;Salam Shakir;24;125000.0;Innenverteidiger;Startaufstellung
1074103;Irak;Al-Wakrah Sports Club;Ali Hussein Rehema;25;300000.0;Innenverteidiger;Startaufstellung
1074103;Irak;Konyaspor;Bassim Abbas;28;300000.0;Linker Verteidiger;Startaufstellung
1074103;Irak;Qatar Sports Club;Qusay Muneer;29;250000.0;Defensives Mittelfeld;Startaufstellung
1074103;Irak;Erbil SC;Mahdi Kareem;27;500000.0;Rechtes Mittelfeld;Startaufstellung
1074103;Irak;;Samer Saeed;23;150000.0;Rechtes Mittelfeld;Startaufstellung
1074103;Irak;Al-Wakrah Sports Club;Nashat Akram;26;750000.0;Offensives Mittelfeld;Startaufstellung
1074103;Irak;Esteghlal FC;Hawar Mulla Mohammed;29;450000.0;Linksaußen;Startaufstellung
1074103;Irak;Al Gharafa Sports Club;Younis Mahmoud;27;1500000.0;Mittelstürmer;Startaufstellung
1074103;Irak;Shahin Bushehr FC;Emad Mohammed;28;350000.0;Mittelstürmer;Startaufstellung
1074103;Australien;FC Liverpool;Brad Jones;28;1500000.0;Torwart;Reservebank
1074103;Australien;SönderjyskE;Nathan Coe;26;400000.0;Torwart;Reservebank
1074103;Australien;Wellington Phoenix;Jade North;29;750000.0;Innenverteidiger;Reservebank
1074103;Australien;Urawa Red Diamonds;Matthew Spiranovic;22;550000.0;Innenverteidiger;Reservebank
1074103;Australien;Al-Nasr Riad;Jonny McKain;28;500000.0;Innenverteidiger;Reservebank
1074103;Australien;Leeds United;Neil Kilkenny;25;1000000.0;Defensives Mittelfeld;Reservebank
1074103;Australien;Blackburn Rovers;Brett Emerton;31;3500000.0;Rechtes Mittelfeld;Reservebank
1074103;Australien;FC Utrecht;Tommy Oar;19;700000.0;Linksaußen;Reservebank
1074103;Australien;Melbourne Victory;Robbie Kruse;22;750000.0;Linksaußen;Reservebank
1074103;Australien;AEK Athen;Nathan Burns;22;1000000.0;Mittelstürmer;Reservebank
1074103;Australien;FC Middlesbrough;Scott McDonald;27;3500000.0;Mittelstürmer;Reservebank
1074103;Irak;Al-Talaba SC;Ali Mutashar;21;75000.0;Torwart;Reservebank
1074103;Irak;;Ahmad Ibrahim Khalaf;18;75000.0;Innenverteidiger;Reservebank
1074103;Irak;Erbil SC;Saad Attiya;23;150000.0;Innenverteidiger;Reservebank
1074103;Irak;Al-Shorta SC;Mohammed Ali Karim;24;250000.0;Rechter Verteidiger;Reservebank
1074103;Irak;Al-Zawraa;Muayad Khalid;23;100000.0;Rechter Verteidiger;Reservebank
1074103;Irak;Erbil SC;Ahmad Ayad;20;100000.0;Mittelfeld;Reservebank
1074103;Irak;Al-Quwa Al-Jawiya;Muthana Khalid;21;75000.0;Defensives Mittelfeld;Reservebank
1074103;Irak;;Samer Saeed;23;150000.0;Rechtes Mittelfeld;Reservebank
1074103;Irak;Tractor Sazi FC;Karrar Jassim;23;150000.0;Offensives Mittelfeld;Reservebank
1074103;Irak;Persija Jakarta;Alaa Abdul-Zahra;23;200000.0;Offensives Mittelfeld;Reservebank
1074103;Irak;Safa Beirut SC;Salih Sadir;29;200000.0;Offensives Mittelfeld;Reservebank
1074103;Irak;Baniyas SC;Mustafa Kareem;23;600000.0;Mittelstürmer;Reservebank
