GameId;team;club;name;age;value;position;role
1103464;Kuba;;Odelín Molina;36;75000.0;Torwart;Startaufstellung
1103464;Kuba;;Hanier Dranguet;28;50000.0;Abwehr;Startaufstellung
1103464;Kuba;;Reysánder Fernández;26;50000.0;Abwehr;Startaufstellung
1103464;Kuba;;Yenier Márquez;32;125000.0;Innenverteidiger;Startaufstellung
1103464;Kuba;;Carlos Francisco;21;50000.0;Linker Verteidiger;Startaufstellung
1103464;Kuba;;Yoel Colomé;28;75000.0;Rechter Verteidiger;Startaufstellung
1103464;Kuba;;Marcel Hernández;22;50000.0;Mittelfeld;Startaufstellung
1103464;Kuba;;Jaime Colomé;31;125000.0;Zentrales Mittelfeld;Startaufstellung
1103464;Kuba;;Alberto Gómez;23;50000.0;Linkes Mittelfeld;Startaufstellung
1103464;Kuba;;Roberto Linares;25;50000.0;Sturm;Startaufstellung
1103464;Kuba;;Alain Cervantes;27;75000.0;Rechtsaußen;Startaufstellung
1103464;Mexiko;Deportivo Toluca;Alfredo Talavera;28;1500000.0;Torwart;Startaufstellung
1103464;Mexiko;AZ Alkmaar;Héctor Moreno;23;4500000.0;Innenverteidiger;Startaufstellung
1103464;Mexiko;New York Red Bulls;Rafael Márquez;32;3000000.0;Innenverteidiger;Startaufstellung
1103464;Mexiko;FC Fulham;Carlos Salcido;31;4500000.0;Linker Verteidiger;Startaufstellung
1103464;Mexiko;Celtic Glasgow;Efraín Juárez;23;2500000.0;Rechter Verteidiger;Startaufstellung
1103464;Mexiko;CD Cruz Azul;Gerardo Torrado;32;2500000.0;Defensives Mittelfeld;Startaufstellung
1103464;Mexiko;Racing Santander;Giovani dos Santos;22;5000000.0;Offensives Mittelfeld;Startaufstellung
1103464;Mexiko;CF América;Ángel Reyna;26;2000000.0;Offensives Mittelfeld;Startaufstellung
1103464;Mexiko;Deportivo La Coruna ;Andrés Guardado;24;5000000.0;Linksaußen;Startaufstellung
1103464;Mexiko;West Ham United;Pablo Barrera;23;3500000.0;Rechtsaußen;Startaufstellung
1103464;Mexiko;Manchester United;Chicharito;23;11000000.0;Mittelstürmer;Startaufstellung
1103464;Kuba;;Julio Pichardo;21;50000.0;Torwart;Reservebank
1103464;Kuba;;Francisco Carrazana;25;50000.0;Abwehr;Reservebank
1103464;Kuba;;Jorge Clavelo;28;75000.0;Innenverteidiger;Reservebank
1103464;Kuba;;Dagoberto Quesada;23;50000.0;Mittelfeld;Reservebank
1103464;Kuba;;Yaudel Lahera;19;50000.0;Sturm;Reservebank
1103464;Kuba;Vereinslos;Yosniel Mesa;30;50000.0;Sturm;Reservebank
1103464;Kuba;;Alianni Urgellés;25;50000.0;Sturm;Reservebank
1103464;Mexiko;CF Monterrey;Jonathan Orozco;25;3000000.0;Torwart;Reservebank
1103464;Mexiko;Tigres UANL;Jorge Torres;23;2000000.0;Linker Verteidiger;Reservebank
1103464;Mexiko;CF Monterrey;Jesús Zavala;23;2000000.0;Defensives Mittelfeld;Reservebank
1103464;Mexiko;UNAM Pumas;Israel Castro;30;2750000.0;Zentrales Mittelfeld;Reservebank
1103464;Mexiko;Monarcas Morelia;Elías Hernández;23;2000000.0;Rechtes Mittelfeld;Reservebank
1103464;Mexiko;CF Monterrey;Aldo de Nigris;27;3000000.0;Mittelstürmer;Reservebank
