GameId;team;club;name;age;value;position;role
1103439;Argentinien;AZ Alkmaar;Sergio Romero;24;7000000.0;Torwart;Startaufstellung
1103439;Argentinien;FC Barcelona;Gabriel Milito;30;8000000.0;Innenverteidiger;Startaufstellung
1103439;Argentinien;AS Rom;Nicolás Burdisso;30;6500000.0;Innenverteidiger;Startaufstellung
1103439;Argentinien;Spartak Moskau;Marcos Rojo;21;1500000.0;Linker Verteidiger;Startaufstellung
1103439;Argentinien;FC Internazionale;Javier Zanetti;37;4500000.0;Rechter Verteidiger;Startaufstellung
1103439;Argentinien;FC Barcelona;Javier Mascherano;27;25000000.0;Defensives Mittelfeld;Startaufstellung
1103439;Argentinien;FC Internazionale;Esteban Cambiasso;30;24000000.0;Zentrales Mittelfeld;Startaufstellung
1103439;Argentinien;FC Valencia;Éver Banega;23;12000000.0;Zentrales Mittelfeld;Startaufstellung
1103439;Argentinien;Manchester City;Carlos Tévez;27;38000000.0;Linksaußen;Startaufstellung
1103439;Argentinien;SSC Neapel;Ezequiel Lavezzi;26;23500000.0;Rechtsaußen;Startaufstellung
1103439;Argentinien;FC Barcelona;Lionel Messi;24;100000000.0;Mittelstürmer;Startaufstellung
1103439;Bolivien;Maccabi Netanya;Carlos Arias;31;500000.0;Torwart;Startaufstellung
1103439;Bolivien;Club Atlético Colón (Santa Fe);Ronald Raldes;30;1000000.0;Innenverteidiger;Startaufstellung
1103439;Bolivien;Shenzhen Ruby;Ronald Rivero;31;50000.0;Innenverteidiger;Startaufstellung
1103439;Bolivien;Oriente Petrolero;Luis Gutiérrez;26;400000.0;Linker Verteidiger;Startaufstellung
1103439;Bolivien;Bolívar La Paz;Lorgio Álvarez;33;500000.0;Rechter Verteidiger;Startaufstellung
1103439;Bolivien;Bolívar La Paz;Wálter Flores;32;300000.0;Defensives Mittelfeld;Startaufstellung
1103439;Bolivien;Club Aurora;Jaime Robles;33;300000.0;Defensives Mittelfeld;Startaufstellung
1103439;Bolivien;Oriente Petrolero;Joselito Vaca;28;50000.0;Rechtes Mittelfeld;Startaufstellung
1103439;Bolivien;Bolívar La Paz;Jhasmani Campos;23;50000.0;Linkes Mittelfeld;Startaufstellung
1103439;Bolivien;Naval 1º de Maio;Edivaldo Rojas;25;900000.0;Hängende Spitze;Startaufstellung
1103439;Bolivien;Shakhtar Donetsk;Marcelo Moreno;24;3500000.0;Mittelstürmer;Startaufstellung
1103439;Argentinien;Lazio Rom;Juan Pablo Carrizo;27;1500000.0;Torwart;Reservebank
1103439;Argentinien;Catania Calcio;Mariano Andújar;27;4000000.0;Torwart;Reservebank
1103439;Argentinien;Benfica Lissabon;Ezequiel Garay;24;10000000.0;Innenverteidiger;Reservebank
1103439;Argentinien;Spartak Moskau;Nicolás Pareja;27;7000000.0;Innenverteidiger;Reservebank
1103439;Argentinien;Manchester City;Pablo Zabaleta;26;12000000.0;Rechter Verteidiger;Reservebank
1103439;Argentinien;RSC Anderlecht;Lucas Biglia;25;8500000.0;Defensives Mittelfeld;Reservebank
1103439;Argentinien;Real Madrid;Fernando Gago;25;9000000.0;Defensives Mittelfeld;Reservebank
1103439;Argentinien;US Palermo;Javier Pastore;22;21000000.0;Offensives Mittelfeld;Reservebank
1103439;Argentinien;Real Madrid;Ángel Di María;23;25000000.0;Rechtsaußen;Reservebank
1103439;Argentinien;Real Madrid;Gonzalo Higuaín;23;38000000.0;Mittelstürmer;Reservebank
1103439;Argentinien;Atlético Madrid;Sergio Agüero;23;36000000.0;Mittelstürmer;Reservebank
1103439;Argentinien;FC Internazionale;Diego Milito;32;17000000.0;Mittelstürmer;Reservebank
1103439;Bolivien;Blooming Santa Cruz;Sergio Galarza;35;50000.0;Torwart;Reservebank
1103439;Bolivien;The Strongest La Paz;Daniel Vaca;32;50000.0;Torwart;Reservebank
1103439;Bolivien;Oriente Petrolero;Miguel Hoyos;30;400000.0;Innenverteidiger;Reservebank
1103439;Bolivien;CA Nacional Potosí;Santos Amador;29;50000.0;Innenverteidiger;Reservebank
1103439;Bolivien;Club Deportivo San José;Christian Vargas;27;400000.0;Rechter Verteidiger;Reservebank
1103439;Bolivien;Blooming Santa Cruz;José Luis Chávez;24;50000.0;Zentrales Mittelfeld;Reservebank
1103439;Bolivien;Aris Thessaloniki;Ronald García;30;1500000.0;Zentrales Mittelfeld;Reservebank
1103439;Bolivien;Bolívar La Paz;Rudy Cardozo;21;50000.0;Offensives Mittelfeld;Reservebank
1103439;Bolivien;Vitória Guimarães SC;Mauricio Saucedo;25;300000.0;Offensives Mittelfeld;Reservebank
1103439;Bolivien;;Alcides Peña;22;50000.0;Linksaußen;Reservebank
1103439;Bolivien;Oriente Petrolero;Juan Carlos Arce;26;500000.0;Rechtsaußen;Reservebank
1103439;Bolivien;Sivasspor;Ricardo Pedriel;24;1200000.0;Mittelstürmer;Reservebank
