GameId;team;club;name;age;value;position;role
1103463;Costa Rica;Albacete Balompié;Keylor Navas;24;600000.0;Torwart;Startaufstellung
1103463;Costa Rica;LD Alajuelense;Jhonny Acosta;27;50000.0;Innenverteidiger;Startaufstellung
1103463;Costa Rica;Aalborg BK;Dennis Marshall †;†25;300000.0;Linker Verteidiger;Startaufstellung
1103463;Costa Rica;FC Brügge;Júnior Díaz;27;2000000.0;Linker Verteidiger;Startaufstellung
1103463;Costa Rica;LD Alajuelense;José Salvatierra;21;50000.0;Rechter Verteidiger;Startaufstellung
1103463;Costa Rica;Santos de Guápiles FC;Héiner Mora;26;50000.0;Rechter Verteidiger;Startaufstellung
1103463;Costa Rica;Fredrikstad FK;Celso Borges;23;900000.0;Zentrales Mittelfeld;Startaufstellung
1103463;Costa Rica;LD Alajuelense;Allen Guevara;22;50000.0;Rechtes Mittelfeld;Startaufstellung
1103463;Costa Rica;FC Kopenhagen;Christian Bolaños;27;1500000.0;Rechtsaußen;Startaufstellung
1103463;Costa Rica;Kuban Krasnodar;Marcos Ureña;21;50000.0;Hängende Spitze;Startaufstellung
1103463;Costa Rica;Real Salt Lake City;Álvaro Saborío;29;750000.0;Mittelstürmer;Startaufstellung
1103463;El Salvador;CD Águila;Miguel Montes;31;50000.0;Torwart;Startaufstellung
1103463;El Salvador;CD Luis Angel Firpo;Xavier García;20;50000.0;Innenverteidiger;Startaufstellung
1103463;El Salvador;CD Universidad de El Salvador;Luis Anaya;30;50000.0;Innenverteidiger;Startaufstellung
1103463;El Salvador;CD Luis Angel Firpo;Víctor Turcios;23;50000.0;Innenverteidiger;Startaufstellung
1103463;El Salvador;;Reynaldo Hernández;26;50000.0;Linker Verteidiger;Startaufstellung
1103463;El Salvador;;Gilberto Baires;21;50000.0;Zentrales Mittelfeld;Startaufstellung
1103463;El Salvador;CD Luis Angel Firpo;Jaime Alás;21;50000.0;Linkes Mittelfeld;Startaufstellung
1103463;El Salvador;CD Luis Angel Firpo;Dennis Alas;26;50000.0;Offensives Mittelfeld;Startaufstellung
1103463;El Salvador;AD Isidro Metapán;Andrés Flores;20;50000.0;Offensives Mittelfeld;Startaufstellung
1103463;El Salvador;Alianza Fútbol Club;Rudis Corrales;31;50000.0;Mittelstürmer;Startaufstellung
1103463;El Salvador;Alianza Fútbol Club;Rodolfo Zelaya;22;50000.0;Mittelstürmer;Startaufstellung
1103463;Costa Rica;AD San Carlos;Donny Grant;35;50000.0;Torwart;Reservebank
1103463;Costa Rica;Deportivo Saprissa;David Guzmán;21;50000.0;Defensives Mittelfeld;Reservebank
1103463;Costa Rica;CS Herediano;José Miguel Cubero;24;50000.0;Defensives Mittelfeld;Reservebank
1103463;Costa Rica;FC Twente Enschede;Bryan Ruíz;25;12500000.0;Linkes Mittelfeld;Reservebank
1103463;Costa Rica;Puntarenas FC;Joel Campbell;18;50000.0;Rechtsaußen;Reservebank
1103463;Costa Rica;CS Cartaginés;Randall Brenes;27;200000.0;Mittelstürmer;Reservebank
1103463;Costa Rica;Deportivo Saprissa;Josué Martínez;21;50000.0;Mittelstürmer;Reservebank
1103463;El Salvador;Once Lobos;Dagoberto Portillo;31;50000.0;Torwart;Reservebank
1103463;El Salvador;Portland Timbers;Steve Purdy-Ramos;26;100000.0;Innenverteidiger;Reservebank
1103463;El Salvador;;Shawn Martín;24;50000.0;Mittelfeld;Reservebank
1103463;El Salvador;CD Águila;Ramón Sánchez;29;50000.0;Zentrales Mittelfeld;Reservebank
1103463;El Salvador;CD Luis Angel Firpo;Eliseo Quintanilla;28;150000.0;Offensives Mittelfeld;Reservebank
1103463;El Salvador;Real Salt Lake City;Arturo Álvarez;25;250000.0;Linksaußen;Reservebank
1103463;El Salvador;AD Isidro Metapán;Léster Blanco;22;50000.0;Mittelstürmer;Reservebank
