GameId;team;club;name;age;value;position;role
1103451;Kolumbien;Once Caldas;Luis Martínez;28;850000.0;Torwart;Startaufstellung
1103451;Kolumbien;AC Mailand;Mario Yepes;35;1000000.0;Innenverteidiger;Startaufstellung
1103451;Kolumbien;Atlético Madrid;Luis Perea;32;3000000.0;Innenverteidiger;Startaufstellung
1103451;Kolumbien;Udinese Calcio;Pablo Armero;24;5000000.0;Linker Verteidiger;Startaufstellung
1103451;Kolumbien;SSC Neapel;Camilo Zúñiga;25;4500000.0;Rechter Verteidiger;Startaufstellung
1103451;Kolumbien;Valenciennes FC ;Carlos Sánchez;25;3700000.0;Defensives Mittelfeld;Startaufstellung
1103451;Kolumbien;Hércules Alicante;Abel Aguilar;26;2500000.0;Zentrales Mittelfeld;Startaufstellung
1103451;Kolumbien;FC Porto;Fredy Guarín;25;9500000.0;Zentrales Mittelfeld;Startaufstellung
1103451;Kolumbien;Hertha BSC;Adrián Ramos;25;5000000.0;Linksaußen;Startaufstellung
1103451;Kolumbien;Club Tijuana;Dayro Moreno;25;1500000.0;Rechtsaußen;Startaufstellung
1103451;Kolumbien;FC Porto;Falcao;25;25000000.0;Mittelstürmer;Startaufstellung
1103451;Bolivien;Maccabi Netanya;Carlos Arias;31;500000.0;Torwart;Startaufstellung
1103451;Bolivien;Club Atlético Colón (Santa Fe);Ronald Raldes;30;1000000.0;Innenverteidiger;Startaufstellung
1103451;Bolivien;CA Nacional Potosí;Santos Amador;29;50000.0;Innenverteidiger;Startaufstellung
1103451;Bolivien;Bolívar La Paz;Lorgio Álvarez;33;500000.0;Linker Verteidiger;Startaufstellung
1103451;Bolivien;Club Deportivo San José;Christian Vargas;27;400000.0;Rechter Verteidiger;Startaufstellung
1103451;Bolivien;Club Aurora;Jaime Robles;33;300000.0;Defensives Mittelfeld;Startaufstellung
1103451;Bolivien;Aris Thessaloniki;Ronald García;30;1500000.0;Defensives Mittelfeld;Startaufstellung
1103451;Bolivien;Naval 1º de Maio;Edivaldo Rojas;25;900000.0;Rechtes Mittelfeld;Startaufstellung
1103451;Bolivien;Bolívar La Paz;Jhasmani Campos;23;50000.0;Linkes Mittelfeld;Startaufstellung
1103451;Bolivien;Oriente Petrolero;Juan Carlos Arce;26;500000.0;Hängende Spitze;Startaufstellung
1103451;Bolivien;Shakhtar Donetsk;Marcelo Moreno;24;2800000.0;Mittelstürmer;Startaufstellung
1103451;Kolumbien;Millonarios FC;Nelson Ramos;29;650000.0;Torwart;Reservebank
1103451;Kolumbien;Independiente Medellín;Bréiner Castillo;33;450000.0;Torwart;Reservebank
1103451;Kolumbien;Udinese Calcio;Cristián Zapata;24;9000000.0;Innenverteidiger;Reservebank
1103451;Kolumbien;CF América;Aquivaldo Mosquera;30;1750000.0;Innenverteidiger;Reservebank
1103451;Kolumbien;Junior FC;Juan David Valencia;25;900000.0;Linker Verteidiger;Reservebank
1103451;Kolumbien;1.FSV Mainz 05;Elkin Soto;30;2000000.0;Zentrales Mittelfeld;Reservebank
1103451;Kolumbien;Deportes Tolima;Gustavo Bolívar;26;450000.0;Zentrales Mittelfeld;Reservebank
1103451;Kolumbien;Independiente Santa Fe;Yulián Anchico;27;1000000.0;Rechtes Mittelfeld;Reservebank
1103451;Kolumbien;Udinese Calcio;Juan Cuadrado;23;800000.0;Rechtsaußen;Reservebank
1103451;Kolumbien;Racing Club de Avellaneda;Teófilo Gutiérrez;26;1800000.0;Hängende Spitze;Reservebank
1103451;Kolumbien;Jaguares de Chiapas;Jackson Martínez;24;3500000.0;Mittelstürmer;Reservebank
1103451;Kolumbien;Wigan Athletic;Hugo Rodallega;25;7500000.0;Mittelstürmer;Reservebank
1103451;Bolivien;Blooming Santa Cruz;Sergio Galarza;35;50000.0;Torwart;Reservebank
1103451;Bolivien;The Strongest La Paz;Daniel Vaca;32;50000.0;Torwart;Reservebank
1103451;Bolivien;Oriente Petrolero;Luis Gutiérrez;26;400000.0;Innenverteidiger;Reservebank
1103451;Bolivien;Oriente Petrolero;Miguel Hoyos;30;400000.0;Innenverteidiger;Reservebank
1103451;Bolivien;Blooming Santa Cruz;José Luis Chávez;24;50000.0;Zentrales Mittelfeld;Reservebank
1103451;Bolivien;Bolívar La Paz;Rudy Cardozo;21;50000.0;Offensives Mittelfeld;Reservebank
1103451;Bolivien;Vitória Guimarães SC;Mauricio Saucedo;25;300000.0;Offensives Mittelfeld;Reservebank
1103451;Bolivien;Oriente Petrolero;Joselito Vaca;28;50000.0;Offensives Mittelfeld;Reservebank
1103451;Bolivien;;Alcides Peña;22;50000.0;Linksaußen;Reservebank
1103451;Bolivien;Sivasspor;Ricardo Pedriel;24;1200000.0;Mittelstürmer;Reservebank
