GameId;team;club;name;age;value;position;role
1103452;Argentinien;AZ Alkmaar;Sergio Romero;24;7000000.0;Torwart;Startaufstellung
1103452;Argentinien;FC Barcelona;Gabriel Milito;30;8000000.0;Innenverteidiger;Startaufstellung
1103452;Argentinien;AS Rom;Nicolás Burdisso;30;6500000.0;Innenverteidiger;Startaufstellung
1103452;Argentinien;FC Barcelona;Javier Mascherano;27;25000000.0;Innenverteidiger;Startaufstellung
1103452;Argentinien;Manchester City;Pablo Zabaleta;26;12000000.0;Rechter Verteidiger;Startaufstellung
1103452;Argentinien;FC Internazionale;Javier Zanetti;37;4500000.0;Rechter Verteidiger;Startaufstellung
1103452;Argentinien;Real Madrid;Fernando Gago;25;9000000.0;Defensives Mittelfeld;Startaufstellung
1103452;Argentinien;Real Madrid;Ángel Di María;23;25000000.0;Rechtsaußen;Startaufstellung
1103452;Argentinien;FC Barcelona;Lionel Messi;24;100000000.0;Rechtsaußen;Startaufstellung
1103452;Argentinien;Real Madrid;Gonzalo Higuaín;23;38000000.0;Mittelstürmer;Startaufstellung
1103452;Argentinien;Atlético Madrid;Sergio Agüero;23;36000000.0;Mittelstürmer;Startaufstellung
1103452;Costa Rica;CS Herediano;Leonel Moreira;21;50000.0;Torwart;Startaufstellung
1103452;Costa Rica;LD Alajuelense;Jhonny Acosta;27;50000.0;Innenverteidiger;Startaufstellung
1103452;Costa Rica;Deportivo Saprissa;Óscar Duarte;22;50000.0;Innenverteidiger;Startaufstellung
1103452;Costa Rica;CS Herediano;Francisco Calvo;19;50000.0;Innenverteidiger;Startaufstellung
1103452;Costa Rica;;Pedro Leal;22;50000.0;Linker Verteidiger;Startaufstellung
1103452;Costa Rica;LD Alajuelense;José Salvatierra;21;50000.0;Rechter Verteidiger;Startaufstellung
1103452;Costa Rica;CS Herediano;José Miguel Cubero;24;50000.0;Defensives Mittelfeld;Startaufstellung
1103452;Costa Rica;Deportivo Saprissa;Héiner Mora;27;50000.0;Rechtes Mittelfeld;Startaufstellung
1103452;Costa Rica;Deportivo Saprissa;César Elizondo;23;50000.0;Linkes Mittelfeld;Startaufstellung
1103452;Costa Rica;Deportivo Saprissa;Joel Campbell;19;50000.0;Mittelstürmer;Startaufstellung
1103452;Costa Rica;Deportivo Saprissa;Josué Martínez;21;50000.0;Mittelstürmer;Startaufstellung
1103452;Argentinien;Lazio Rom;Juan Pablo Carrizo;27;1500000.0;Torwart;Reservebank
1103452;Argentinien;Catania Calcio;Mariano Andújar;27;4000000.0;Torwart;Reservebank
1103452;Argentinien;Spartak Moskau;Marcos Rojo;21;1500000.0;Innenverteidiger;Reservebank
1103452;Argentinien;Benfica Lissabon;Ezequiel Garay;24;10000000.0;Innenverteidiger;Reservebank
1103452;Argentinien;Spartak Moskau;Nicolás Pareja;27;7000000.0;Innenverteidiger;Reservebank
1103452;Argentinien;FC Internazionale;Esteban Cambiasso;30;24000000.0;Defensives Mittelfeld;Reservebank
1103452;Argentinien;RSC Anderlecht;Lucas Biglia;25;8500000.0;Defensives Mittelfeld;Reservebank
1103452;Argentinien;FC Valencia;Éver Banega;23;12000000.0;Zentrales Mittelfeld;Reservebank
1103452;Argentinien;US Palermo;Javier Pastore;22;21000000.0;Offensives Mittelfeld;Reservebank
1103452;Argentinien;SSC Neapel;Ezequiel Lavezzi;26;23500000.0;Linksaußen;Reservebank
1103452;Argentinien;Manchester City;Carlos Tévez;27;38000000.0;Hängende Spitze;Reservebank
1103452;Argentinien;FC Internazionale;Diego Milito;32;17000000.0;Mittelstürmer;Reservebank
1103452;Costa Rica;CD Belén Siglo XXI;Minor Álvarez;21;50000.0;Torwart;Reservebank
1103452;Costa Rica;AD San Carlos;Danny Carvajal;22;50000.0;Torwart;Reservebank
1103452;Costa Rica;Santos de Guápiles FC;Kevin Fajardo;21;50000.0;Innenverteidiger;Reservebank
1103452;Costa Rica;LD Alajuelense;Luis Miguel Valle;22;50000.0;Defensives Mittelfeld;Reservebank
1103452;Costa Rica;Deportivo Saprissa;David Guzmán;21;50000.0;Defensives Mittelfeld;Reservebank
1103452;Costa Rica;LD Alajuelense;Allen Guevara;22;50000.0;Rechtes Mittelfeld;Reservebank
1103452;Costa Rica;Santos de Guápiles FC;Hansell Arauz;21;50000.0;Rechtes Mittelfeld;Reservebank
1103452;Costa Rica;LD Alajuelense;Jorge Gatgens;22;50000.0;Rechtes Mittelfeld;Reservebank
1103452;Costa Rica;Club Cerro Porteño;Diego Madrigal;22;50000.0;Linkes Mittelfeld;Reservebank
1103452;Costa Rica;CS Cartaginés;Randall Brenes;27;200000.0;Mittelstürmer;Reservebank
1103452;Costa Rica;Santos de Guápiles FC;Alejandro Castro;20;50000.0;Mittelstürmer;Reservebank
