GameId;team;club;name;age;value;position;role
1103466;Grenada;;Shemel Louison;20;75000.0;Torwart;Startaufstellung
1103466;Grenada;;Shannon Phillip;22;75000.0;Innenverteidiger;Startaufstellung
1103466;Grenada;Wycombe Wanderers;Leon Johnson;30;175000.0;Innenverteidiger;Startaufstellung
1103466;Grenada;Portmore United;Anthony Modeste;35;75000.0;Innenverteidiger;Startaufstellung
1103466;Grenada;Aldershot Town;Anthony Straker;22;75000.0;Linker Verteidiger;Startaufstellung
1103466;Grenada;;Cassim Langaigne;31;75000.0;Rechter Verteidiger;Startaufstellung
1103466;Grenada;Anchor Queen's Park Rangers;Ricky Charles;35;75000.0;Mittelfeld;Startaufstellung
1103466;Grenada;;Lancaster Joseph;28;75000.0;Mittelfeld;Startaufstellung
1103466;Grenada;;Junior Williams;23;75000.0;Linkes Mittelfeld;Startaufstellung
1103466;Grenada;;Clive Murray;20;75000.0;Sturm;Startaufstellung
1103466;Grenada;Lincoln City;Delroy Facey;31;150000.0;Mittelstürmer;Startaufstellung
1103466;Honduras;CD Olimpia;Noel Valladares;34;1500000.0;Torwart;Startaufstellung
1103466;Honduras;Wisla Krakau;Osman Chávez;26;900000.0;Innenverteidiger;Startaufstellung
1103466;Honduras;Lierse SK;Víctor Bernárdez;29;1200000.0;Innenverteidiger;Startaufstellung
1103466;Honduras;CD Olimpia;Juan Carlos García;23;300000.0;Linker Verteidiger;Startaufstellung
1103466;Honduras;CD Marathón;Mauricio Sabillón;32;1000000.0;Rechter Verteidiger;Startaufstellung
1103466;Honduras;Wigan Athletic;Hendry Thomas;26;3000000.0;Defensives Mittelfeld;Startaufstellung
1103466;Honduras;;Edder Delgado;24;300000.0;Defensives Mittelfeld;Startaufstellung
1103466;Honduras;CD Marathón;Emil Martínez;28;600000.0;Zentrales Mittelfeld;Startaufstellung
1103466;Honduras;CD Olimpia;Boniek García;26;1000000.0;Rechtes Mittelfeld;Startaufstellung
1103466;Honduras;Atlas Guadalajara;Carlo Costly;28;1100000.0;Mittelstürmer;Startaufstellung
1103466;Honduras;CD Motagua Tegucigalpa;Jerry Bengtson;24;350000.0;Mittelstürmer;Startaufstellung
1103466;Grenada;Ashford Town FC;Andre Baptiste;34;75000.0;Torwart;Reservebank
1103466;Grenada;;Marc Marshall;25;75000.0;Innenverteidiger;Reservebank
1103466;Grenada;;Dwayne Leo;28;75000.0;Mittelfeld;Reservebank
1103466;Grenada;;Moron Phillip;19;75000.0;Linkes Mittelfeld;Reservebank
1103466;Grenada;;Marcus Julien;24;75000.0;Sturm;Reservebank
1103466;Grenada;FC Farnborough;Bradley Bubb;24;75000.0;Rechtsaußen;Reservebank
1103466;Grenada;Paradise FC;Shane Rennie;24;75000.0;Mittelstürmer;Reservebank
1103466;Honduras;CD Olimpia;Donis Escober;30;400000.0;Torwart;Reservebank
1103466;Honduras;CD Motagua Tegucigalpa;Johnny Leverón;21;300000.0;Innenverteidiger;Reservebank
1103466;Honduras;;Brayan Beckeles;25;300000.0;Rechter Verteidiger;Reservebank
1103466;Honduras;;Alfredo Mejía;21;300000.0;Defensives Mittelfeld;Reservebank
1103466;Honduras;Sporting Kansas City;Róger Espinoza;24;600000.0;Zentrales Mittelfeld;Reservebank
1103466;Honduras;Scunthorpe United;Ramón Núñez;25;850000.0;Zentrales Mittelfeld;Reservebank
1103466;Honduras;Beijing Guoan;Wálter Martínez;29;800000.0;Linkes Mittelfeld;Reservebank
