GameId;team;club;name;age;value;position;role
1103473;Kanada;FK Rad Belgrad;Milan Borjan;23;800000.0;Torwart;Startaufstellung
1103473;Kanada;Houston Dynamo;Andre Hainault;24;350000.0;Innenverteidiger;Startaufstellung
1103473;Kanada;1.FC Köln;Kevin McKenna;31;1250000.0;Innenverteidiger;Startaufstellung
1103473;Kanada;Vereinslos;Michael Klukowski;30;1500000.0;Linker Verteidiger;Startaufstellung
1103473;Kanada;SV Wehen Wiesbaden;Nikolas Ledgerwood;26;400000.0;Rechter Verteidiger;Startaufstellung
1103473;Kanada;Vancouver Whitecaps;Terry Dunfield;29;150000.0;Defensives Mittelfeld;Startaufstellung
1103473;Kanada;Real Salt Lake City;Will Johnson;24;600000.0;Rechtes Mittelfeld;Startaufstellung
1103473;Kanada;Toronto FC;Julian de Guzmán;30;1750000.0;Linkes Mittelfeld;Startaufstellung
1103473;Kanada;Grandmedical Manisaspor;Josh Simpson;28;2000000.0;Offensives Mittelfeld;Startaufstellung
1103473;Kanada;New York Red Bulls;Dwayne de Rosario;33;600000.0;Mittelstürmer;Startaufstellung
1103473;Kanada;Norwich City;Simeon Jackson;24;400000.0;Mittelstürmer;Startaufstellung
1103473;Panama;FC Toulouse;Luis Mejía;20;75000.0;Torwart;Startaufstellung
1103473;Panama;Atlético Bucaramanga;Eduardo Dasent;22;75000.0;Innenverteidiger;Startaufstellung
1103473;Panama;Comunicaciones FC;Adolfo Machado;26;75000.0;Innenverteidiger;Startaufstellung
1103473;Panama;Santos Laguna;Felipe Baloy;30;2000000.0;Innenverteidiger;Startaufstellung
1103473;Panama;;Éric Davis;20;75000.0;Linker Verteidiger;Startaufstellung
1103473;Panama;Lech Posen;Luis Henríquez;29;700000.0;Linker Verteidiger;Startaufstellung
1103473;Panama;CD La Equidad;Gabriel Gómez;27;1200000.0;Defensives Mittelfeld;Startaufstellung
1103473;Panama;San Francisco FC;Eybir Bonaga;25;75000.0;Zentrales Mittelfeld;Startaufstellung
1103473;Panama;FC Ontinyent;Alberto Quintero;23;75000.0;Rechtes Mittelfeld;Startaufstellung
1103473;Panama;CD Real Cartagena;Luis Rentería †;22;75000.0;Mittelstürmer;Startaufstellung
1103473;Panama;Club León FC;Blas Pérez;30;1500000.0;Mittelstürmer;Startaufstellung
1103473;Kanada;Valerenga Oslo;Lars Hirschfeld;32;1000000.0;Torwart;Reservebank
1103473;Kanada;Ipswich Town;Jaime Peters;24;500000.0;Rechter Verteidiger;Reservebank
1103473;Kanada;Preußen Münster ;Jonathan Beaulieu-Bourgault;22;200000.0;Defensives Mittelfeld;Reservebank
1103473;Kanada;CD Santa Clara;Pedro Pacheco;26;300000.0;Zentrales Mittelfeld;Reservebank
1103473;Kanada;Hertha BSC;Rob Friend;30;1500000.0;Mittelstürmer;Reservebank
1103473;Kanada;Montreal Impact;Ali Gerba;29;400000.0;Mittelstürmer;Reservebank
1103473;Kanada;Politehnica Timisoara ;Tosaint Ricketts;23;300000.0;Mittelstürmer;Reservebank
1103473;Panama;;Kevin Melgar;18;75000.0;Torwart;Reservebank
1103473;Panama;Atletico River Plate Montevideo;Hárold Cummings;19;125000.0;Innenverteidiger;Reservebank
1103473;Panama;;Aníbal Godoy;21;75000.0;Defensives Mittelfeld;Reservebank
1103473;Panama;;Armando Cooper;23;75000.0;Zentrales Mittelfeld;Reservebank
1103473;Panama;CD Plaza Amador;Aramis Haywood;26;75000.0;Rechtes Mittelfeld;Reservebank
1103473;Panama;The Strongest La Paz;Renán Addles;21;75000.0;Mittelstürmer;Reservebank
1103473;Panama;Club Juan Aurich;Luis Tejada;29;350000.0;Mittelstürmer;Reservebank
