GameId;team;club;name;age;value;position;role
1103474;Guadeloupe;FCO Dijon;Franck Grandel;33;200000.0;Torwart;Startaufstellung
1103474;Guadeloupe;CS Moulien;Julien Ictoi;33;125000.0;Abwehr;Startaufstellung
1103474;Guadeloupe;Stade Reims;Mickaël Tacalfred;30;500000.0;Innenverteidiger;Startaufstellung
1103474;Guadeloupe;Plymouth Argyle;Stéphane Zubar;24;600000.0;Innenverteidiger;Startaufstellung
1103474;Guadeloupe;Vereinslos;Eddy Viator;29;600000.0;Rechter Verteidiger;Startaufstellung
1103474;Guadeloupe;Sporting Kansas City;Stéphane Auvray;29;125000.0;Defensives Mittelfeld;Startaufstellung
1103474;Guadeloupe;Stade Reims;Thomas Gamiette;24;600000.0;Defensives Mittelfeld;Startaufstellung
1103474;Guadeloupe;Charlton Athletic;Thierry Racon;27;500000.0;Defensives Mittelfeld;Startaufstellung
1103474;Guadeloupe;OC Vannes;Loïc Loval;29;400000.0;Linksaußen;Startaufstellung
1103474;Guadeloupe;Stade Laval;Livio Nabab;23;300000.0;Mittelstürmer;Startaufstellung
1103474;Guadeloupe;AC Ajaccio;Richard Socrier;32;500000.0;Mittelstürmer;Startaufstellung
1103474;Vereinigte Staaten;FC Everton;Tim Howard;32;10000000.0;Torwart;Startaufstellung
1103474;Vereinigte Staaten;AS Saint-Étienne;Carlos Bocanegra;32;2500000.0;Innenverteidiger;Startaufstellung
1103474;Vereinigte Staaten;Bröndby IF;Clarence Goodson;29;1850000.0;Innenverteidiger;Startaufstellung
1103474;Vereinigte Staaten;Hannover 96;Steven Cherundolo;32;2000000.0;Rechter Verteidiger;Startaufstellung
1103474;Vereinigte Staaten;Aston Villa;Eric Lichaj;22;1000000.0;Rechter Verteidiger;Startaufstellung
1103474;Vereinigte Staaten;Blackburn Rovers;Jermaine Jones;29;5000000.0;Defensives Mittelfeld;Startaufstellung
1103474;Vereinigte Staaten;Aston Villa;Michael Bradley;23;5000000.0;Zentrales Mittelfeld;Startaufstellung
1103474;Vereinigte Staaten;Los Angeles Galaxy;Landon Donovan;29;3000000.0;Hängende Spitze;Startaufstellung
1103474;Vereinigte Staaten;FC Fulham;Clint Dempsey;28;9000000.0;Hängende Spitze;Startaufstellung
1103474;Vereinigte Staaten;Bursaspor;Jozy Altidore;21;2200000.0;Mittelstürmer;Startaufstellung
1103474;Vereinigte Staaten;San Jose Earthquakes;Chris Wondolowski;28;250000.0;Mittelstürmer;Startaufstellung
1103474;Guadeloupe;CS Moulien;Fabrice Mercury;29;125000.0;Torwart;Reservebank
1103474;Guadeloupe;Southend United;Miguel Comminges;29;250000.0;Rechter Verteidiger;Reservebank
1103474;Guadeloupe;FC Metz;David Fleurival;27;600000.0;Zentrales Mittelfeld;Reservebank
1103474;Guadeloupe;Olympic Charleroi;Grégory Gendrey;24;125000.0;Offensives Mittelfeld;Reservebank
1103474;Guadeloupe;L'Etoile de Morne-à-l'Eau;Dmitri Fautrai;25;125000.0;Sturm;Reservebank
1103474;Guadeloupe;AS Beauvais Oise;Cédric Collet;27;500000.0;Linksaußen;Reservebank
1103474;Guadeloupe;CS Moulien;Ludovic Gotin;26;125000.0;Mittelstürmer;Reservebank
1103474;Vereinigte Staaten;Wolverhampton Wanderers;Marcus Hahnemann;39;1000000.0;Torwart;Reservebank
1103474;Vereinigte Staaten;FC Twente Enschede;Oguchi Onyewu;29;5000000.0;Innenverteidiger;Reservebank
1103474;Vereinigte Staaten;Portland Timbers;Jonathan Bornstein;26;250000.0;Linker Verteidiger;Reservebank
1103474;Vereinigte Staaten;Glasgow Rangers;Maurice Edu;25;2500000.0;Defensives Mittelfeld;Reservebank
1103474;Vereinigte Staaten;RSC Anderlecht;Sacha Kljestan;25;1200000.0;Offensives Mittelfeld;Reservebank
1103474;Vereinigte Staaten;Örebro SK;Alejandro Bedoya;24;1500000.0;Offensives Mittelfeld;Reservebank
1103474;Vereinigte Staaten;New York Red Bulls;Juan Agudelo;18;175000.0;Mittelstürmer;Reservebank
