GameId;team;club;name;age;value;position;role
1103449;Peru;OGC Nizza;Raúl Fernández;25;200000.0;Torwart;Startaufstellung
1103449;Peru;Sporting Cristal Lima;Wálter Vílchez;29;500000.0;Innenverteidiger;Startaufstellung
1103449;Peru;Sporting Lissabon;Alberto Rodríguez;27;5800000.0;Innenverteidiger;Startaufstellung
1103449;Peru;UD Almería;Santiago Acasiete;33;700000.0;Innenverteidiger;Startaufstellung
1103449;Peru;AC Florenz;Juan Manuel Vargas;27;15000000.0;Linker Verteidiger;Startaufstellung
1103449;Peru;Sporting Cristal Lima;Luis Advíncula;21;250000.0;Rechter Verteidiger;Startaufstellung
1103449;Peru;Club Atlético San Lorenzo de Almagro;Giancarlo Carmona;25;1200000.0;Rechter Verteidiger;Startaufstellung
1103449;Peru;Universidad San Martín de Porres;Adán Balbín;24;200000.0;Defensives Mittelfeld;Startaufstellung
1103449;Peru;Club Juan Aurich;Rinaldo Cruzado;26;300000.0;Zentrales Mittelfeld;Startaufstellung
1103449;Peru;Sporting Cristal Lima;Carlos Lobatón;31;300000.0;Zentrales Mittelfeld;Startaufstellung
1103449;Peru;Hamburger SV;Paolo Guerrero;27;4500000.0;Mittelstürmer;Startaufstellung
1103449;Mexiko;Deportivo Guadalajara;Luis Michel;31;3000000.0;Torwart;Startaufstellung
1103449;Mexiko;Deportivo Guadalajara;Héctor Reynoso;30;1500000.0;Innenverteidiger;Startaufstellung
1103449;Mexiko;CD Cruz Azul;Néstor Araujo;19;700000.0;Innenverteidiger;Startaufstellung
1103449;Mexiko;CF Monterrey;Hiram Mier;21;850000.0;Innenverteidiger;Startaufstellung
1103449;Mexiko;CF Monterrey;Dárvin Chávez;21;800000.0;Linker Verteidiger;Startaufstellung
1103449;Mexiko;CF América;Paul Aguilar;25;2000000.0;Rechter Verteidiger;Startaufstellung
1103449;Mexiko;CF América;Diego Reyes;18;800000.0;Defensives Mittelfeld;Startaufstellung
1103449;Mexiko;Deportivo Guadalajara;Jorge Enríquez;20;1000000.0;Defensives Mittelfeld;Startaufstellung
1103449;Mexiko;Tottenham Hotspur;Giovani dos Santos;22;5000000.0;Rechtes Mittelfeld;Startaufstellung
1103449;Mexiko;CD Cruz Azul;Javier Aquino;21;750000.0;Linkes Mittelfeld;Startaufstellung
1103449;Mexiko;Monarcas Morelia;Rafael Márquez;29;1500000.0;Hängende Spitze;Startaufstellung
1103449;Peru;Universidad San Martín de Porres;Josepmir Ballón;23;500000.0;Defensives Mittelfeld;Reservebank
1103449;Peru;Sporting Cristal Lima;Yoshimar Yotún;21;150000.0;Zentrales Mittelfeld;Reservebank
1103449;Peru;Sport Boys Callao;Michael Guevara;27;200000.0;Offensives Mittelfeld;Reservebank
1103449;Mexiko;Deportivo Guadalajara;Miguel Ponce;22;1000000.0;Linker Verteidiger;Reservebank
1103449;Mexiko;Tigres UANL;Edgar Pacheco;21;2000000.0;Offensives Mittelfeld;Reservebank
1103449;Mexiko;Santos Laguna;Oribe Peralta;27;1850000.0;Mittelstürmer;Reservebank
