GameId;team;club;name;age;value;position;role
1103469;El Salvador;CD Águila;Miguel Montes;31;50000.0;Torwart;Startaufstellung
1103469;El Salvador;CD Universidad de El Salvador;Luis Anaya;30;50000.0;Innenverteidiger;Startaufstellung
1103469;El Salvador;CD Luis Angel Firpo;Xavier García;20;50000.0;Innenverteidiger;Startaufstellung
1103469;El Salvador;CD Luis Angel Firpo;Víctor Turcios;23;50000.0;Innenverteidiger;Startaufstellung
1103469;El Salvador;;Reynaldo Hernández;26;50000.0;Linker Verteidiger;Startaufstellung
1103469;El Salvador;CD Luis Angel Firpo;Jaime Alás;21;50000.0;Linkes Mittelfeld;Startaufstellung
1103469;El Salvador;CD Luis Angel Firpo;Dennis Alas;26;50000.0;Offensives Mittelfeld;Startaufstellung
1103469;El Salvador;CD Águila;Osael Romero;25;400000.0;Offensives Mittelfeld;Startaufstellung
1103469;El Salvador;AD Isidro Metapán;Andrés Flores;20;50000.0;Offensives Mittelfeld;Startaufstellung
1103469;El Salvador;Alianza Fútbol Club;Rudis Corrales;31;50000.0;Mittelstürmer;Startaufstellung
1103469;El Salvador;Alianza Fútbol Club;Rodolfo Zelaya;22;50000.0;Mittelstürmer;Startaufstellung
1103469;Kuba;;Julio Pichardo;21;50000.0;Torwart;Startaufstellung
1103469;Kuba;;Hanier Dranguet;28;50000.0;Abwehr;Startaufstellung
1103469;Kuba;;Reysánder Fernández;26;50000.0;Abwehr;Startaufstellung
1103469;Kuba;;Yenier Márquez;32;125000.0;Innenverteidiger;Startaufstellung
1103469;Kuba;;Carlos Francisco;21;50000.0;Linker Verteidiger;Startaufstellung
1103469;Kuba;;Yoel Colomé;28;75000.0;Rechter Verteidiger;Startaufstellung
1103469;Kuba;;Marcel Hernández;22;50000.0;Mittelfeld;Startaufstellung
1103469;Kuba;;Jaime Colomé;31;125000.0;Zentrales Mittelfeld;Startaufstellung
1103469;Kuba;;Alberto Gómez;23;50000.0;Linkes Mittelfeld;Startaufstellung
1103469;Kuba;;Roberto Linares;25;50000.0;Sturm;Startaufstellung
1103469;Kuba;;Alianni Urgellés;25;50000.0;Sturm;Startaufstellung
1103469;El Salvador;CD Águila;Juan José Gómez;30;50000.0;Torwart;Reservebank
1103469;El Salvador;CD Águila;Marvin González;29;50000.0;Linker Verteidiger;Reservebank
1103469;El Salvador;;Gilberto Baires;21;50000.0;Zentrales Mittelfeld;Reservebank
1103469;El Salvador;CD Águila;Ramón Sánchez;29;50000.0;Zentrales Mittelfeld;Reservebank
1103469;El Salvador;CD Luis Angel Firpo;Eliseo Quintanilla;28;150000.0;Offensives Mittelfeld;Reservebank
1103469;El Salvador;Real Salt Lake City;Arturo Álvarez;25;250000.0;Linksaußen;Reservebank
1103469;El Salvador;AD Isidro Metapán;Léster Blanco;22;50000.0;Mittelstürmer;Reservebank
1103469;Kuba;;Odelín Molina;36;75000.0;Torwart;Reservebank
1103469;Kuba;;Francisco Carrazana;25;50000.0;Abwehr;Reservebank
1103469;Kuba;;Jorge Clavelo;28;75000.0;Innenverteidiger;Reservebank
1103469;Kuba;;Dagoberto Quesada;23;50000.0;Mittelfeld;Reservebank
1103469;Kuba;;Yaudel Lahera;19;50000.0;Sturm;Reservebank
1103469;Kuba;;Alain Cervantes;27;75000.0;Rechtsaußen;Reservebank
