GameId;team;club;name;age;value;position;role
1103459;Jamaika;Los Angeles Galaxy;Donovan Ricketts;34;400000.0;Torwart;Startaufstellung
1103459;Jamaika;Toronto FC;Dicoy Williams;24;100000.0;Innenverteidiger;Startaufstellung
1103459;Jamaika;Houston Dynamo;Jermaine Taylor;26;275000.0;Innenverteidiger;Startaufstellung
1103459;Jamaika;Sporting Kansas City;Shavar Thomas;30;250000.0;Innenverteidiger;Startaufstellung
1103459;Jamaika;Aalesunds FK;Demar Phillips;27;700000.0;Linker Verteidiger;Startaufstellung
1103459;Jamaika;Aalesunds FK;Jason Morrison;27;500000.0;Defensives Mittelfeld;Startaufstellung
1103459;Jamaika;Brann Bergen;Rodolph Austin;26;1000000.0;Defensives Mittelfeld;Startaufstellung
1103459;Jamaika;Portmore United;Eric Vernan;23;125000.0;Rechtes Mittelfeld;Startaufstellung
1103459;Jamaika;New York Red Bulls;Dane Richards;27;150000.0;Rechtes Mittelfeld;Startaufstellung
1103459;Jamaika;Valerenga Oslo;Luton Shelton;25;1800000.0;Linksaußen;Startaufstellung
1103459;Jamaika;San Jose Earthquakes;Ryan Johnson;26;400000.0;Mittelstürmer;Startaufstellung
1103459;Grenada;;Shemel Louison;20;75000.0;Torwart;Startaufstellung
1103459;Grenada;;Patrick Modeste;34;75000.0;Abwehr;Startaufstellung
1103459;Grenada;;Marc Marshall;25;75000.0;Innenverteidiger;Startaufstellung
1103459;Grenada;Wycombe Wanderers;Leon Johnson;30;175000.0;Innenverteidiger;Startaufstellung
1103459;Grenada;Portmore United;Anthony Modeste;35;75000.0;Innenverteidiger;Startaufstellung
1103459;Grenada;Bradford Park Avenue;David Cyrus;22;75000.0;Linker Verteidiger;Startaufstellung
1103459;Grenada;Aldershot Town;Anthony Straker;22;75000.0;Linker Verteidiger;Startaufstellung
1103459;Grenada;Anchor Queen's Park Rangers;Ricky Charles;35;75000.0;Mittelfeld;Startaufstellung
1103459;Grenada;Sporting Kansas City;Craig Rocastle;29;250000.0;Rechtes Mittelfeld;Startaufstellung
1103459;Grenada;Paradise FC;Shane Rennie;24;75000.0;Mittelstürmer;Startaufstellung
1103459;Grenada;Lincoln City;Delroy Facey;31;150000.0;Mittelstürmer;Startaufstellung
1103459;Jamaika;Syrianska FC;Dwayne Miller;23;200000.0;Torwart;Reservebank
1103459;Jamaika;Portmore United;Adrian Reid;26;100000.0;Innenverteidiger;Reservebank
1103459;Jamaika;Houston Dynamo;Je-Vaughn Watson;27;100000.0;Rechter Verteidiger;Reservebank
1103459;Jamaika;Nybergsund;Damion Williams;30;175000.0;Defensives Mittelfeld;Reservebank
1103459;Jamaika;Tivoli Gardens FC;Keammar Daley;23;100000.0;Zentrales Mittelfeld;Reservebank
1103459;Jamaika;;Richard Edwards;28;100000.0;Zentrales Mittelfeld;Reservebank
1103459;Jamaika;Bradford City;Omar Daley;30;400000.0;Rechtes Mittelfeld;Reservebank
1103459;Grenada;Ashford Town FC;Andre Baptiste;34;75000.0;Torwart;Reservebank
1103459;Grenada;;Shannon Phillip;22;75000.0;Innenverteidiger;Reservebank
1103459;Grenada;;Dwayne Leo;28;75000.0;Mittelfeld;Reservebank
1103459;Grenada;;Lancaster Joseph;28;75000.0;Mittelfeld;Reservebank
1103459;Grenada;;Moron Phillip;19;75000.0;Linkes Mittelfeld;Reservebank
1103459;Grenada;;Clive Murray;20;75000.0;Sturm;Reservebank
1103459;Grenada;FC Farnborough;Bradley Bubb;24;75000.0;Rechtsaußen;Reservebank
