GameId;team;club;name;age;value;position;role
1103461;Panama;CSD Municipal;Jaime Penedo;29;100000.0;Torwart;Startaufstellung
1103461;Panama;Atlético Bucaramanga;Eduardo Dasent;22;75000.0;Innenverteidiger;Startaufstellung
1103461;Panama;Santos Laguna;Felipe Baloy;30;2000000.0;Innenverteidiger;Startaufstellung
1103461;Panama;Comunicaciones FC;Adolfo Machado;26;75000.0;Innenverteidiger;Startaufstellung
1103461;Panama;Lech Posen;Luis Henríquez;29;700000.0;Linker Verteidiger;Startaufstellung
1103461;Panama;CD La Equidad;Gabriel Gómez;27;1200000.0;Defensives Mittelfeld;Startaufstellung
1103461;Panama;CD Atlético Huila;Amílcar Henríquez †;27;75000.0;Defensives Mittelfeld;Startaufstellung
1103461;Panama;;Armando Cooper;23;75000.0;Zentrales Mittelfeld;Startaufstellung
1103461;Panama;Caracas FC;Nelson Barahona;23;550000.0;Offensives Mittelfeld;Startaufstellung
1103461;Panama;Club León FC;Blas Pérez;30;1500000.0;Mittelstürmer;Startaufstellung
1103461;Panama;Club Juan Aurich;Luis Tejada;29;350000.0;Mittelstürmer;Startaufstellung
1103461;Guadeloupe;FCO Dijon;Franck Grandel;33;200000.0;Torwart;Startaufstellung
1103461;Guadeloupe;Amical Club Marie Galante;Jean-Luc Lambourde;30;125000.0;Innenverteidiger;Startaufstellung
1103461;Guadeloupe;Stade Reims;Mickaël Tacalfred;30;500000.0;Innenverteidiger;Startaufstellung
1103461;Guadeloupe;Southend United;Miguel Comminges;29;250000.0;Rechter Verteidiger;Startaufstellung
1103461;Guadeloupe;Vereinslos;Eddy Viator;29;600000.0;Rechter Verteidiger;Startaufstellung
1103461;Guadeloupe;Sporting Kansas City;Stéphane Auvray;29;125000.0;Defensives Mittelfeld;Startaufstellung
1103461;Guadeloupe;FC Metz;David Fleurival;27;600000.0;Zentrales Mittelfeld;Startaufstellung
1103461;Guadeloupe;Olympic Charleroi;Grégory Gendrey;24;125000.0;Offensives Mittelfeld;Startaufstellung
1103461;Guadeloupe;AS Beauvais Oise;Cédric Collet;27;500000.0;Linksaußen;Startaufstellung
1103461;Guadeloupe;OC Vannes;Loïc Loval;29;400000.0;Linksaußen;Startaufstellung
1103461;Guadeloupe;AC Ajaccio;Richard Socrier;32;500000.0;Mittelstürmer;Startaufstellung
1103461;Panama;FC Toulouse;Luis Mejía;20;75000.0;Torwart;Reservebank
1103461;Panama;Atletico River Plate Montevideo;Hárold Cummings;19;125000.0;Innenverteidiger;Reservebank
1103461;Panama;;Éric Davis;20;75000.0;Linker Verteidiger;Reservebank
1103461;Panama;San Francisco FC;Eybir Bonaga;25;75000.0;Zentrales Mittelfeld;Reservebank
1103461;Panama;FC Ontinyent;Alberto Quintero;23;75000.0;Rechtes Mittelfeld;Reservebank
1103461;Panama;CD Real Cartagena;Luis Rentería †;22;75000.0;Mittelstürmer;Reservebank
1103461;Panama;CD La Equidad;Gabriel Torres;22;75000.0;Mittelstürmer;Reservebank
1103461;Guadeloupe;CS Moulien;Fabrice Mercury;29;125000.0;Torwart;Reservebank
1103461;Guadeloupe;CS Moulien;Julien Ictoi;33;125000.0;Abwehr;Reservebank
1103461;Guadeloupe;Plymouth Argyle;Stéphane Zubar;24;600000.0;Innenverteidiger;Reservebank
1103461;Guadeloupe;Stade Reims;Thomas Gamiette;24;600000.0;Defensives Mittelfeld;Reservebank
1103461;Guadeloupe;Charlton Athletic;Thierry Racon;27;500000.0;Defensives Mittelfeld;Reservebank
1103461;Guadeloupe;AC Le Havre;Brice Jovial;27;1000000.0;Mittelstürmer;Reservebank
1103461;Guadeloupe;Stade Laval;Livio Nabab;22;300000.0;Mittelstürmer;Reservebank
