GameId;team;club;name;age;value;position;role
1103442;Paraguay;Estudiantes de La Plata;Justo Villar;34;800000.0;Torwart;Startaufstellung
1103442;Paraguay;UNAM Pumas;Darío Verón;31;2000000.0;Innenverteidiger;Startaufstellung
1103442;Paraguay;Real Saragossa ;Paulo da Silva;31;2000000.0;Innenverteidiger;Startaufstellung
1103442;Paraguay;Club Atlético San Lorenzo de Almagro;Aureliano Torres;29;1600000.0;Linker Verteidiger;Startaufstellung
1103442;Paraguay;Club Cerro Porteño;Iván Piris;22;250000.0;Rechter Verteidiger;Startaufstellung
1103442;Paraguay;AFC Sunderland;Cristian Riveros;28;3000000.0;Defensives Mittelfeld;Startaufstellung
1103442;Paraguay;Atalanta Bergamo;Édgar Barreto;26;3500000.0;Zentrales Mittelfeld;Startaufstellung
1103442;Paraguay;Club Atlético San Lorenzo de Almagro;Néstor Ortigoza;26;2300000.0;Zentrales Mittelfeld;Startaufstellung
1103442;Paraguay;FC Le Mans;Marcelo Estigarribia;23;800000.0;Linkes Mittelfeld;Startaufstellung
1103442;Paraguay;Borussia Dortmund;Lucas Barrios;26;17000000.0;Mittelstürmer;Startaufstellung
1103442;Paraguay;Manchester City;Roque Santa Cruz;29;5000000.0;Mittelstürmer;Startaufstellung
1103442;Ecuador;Deportivo Quito;Marcelo Elizaga;39;500000.0;Torwart;Startaufstellung
1103442;Ecuador;CD El Nacional;Frickson Erazo;23;1000000.0;Innenverteidiger;Startaufstellung
1103442;Ecuador;LDU Quito;Norberto Araujo;32;750000.0;Innenverteidiger;Startaufstellung
1103442;Ecuador;CF Monterrey;Wálter Ayoví;31;2000000.0;Linker Verteidiger;Startaufstellung
1103442;Ecuador;LDU Quito;Néicer Reascos;33;600000.0;Rechter Verteidiger;Startaufstellung
1103442;Ecuador;Manchester United;Antonio Valencia;25;19000000.0;Rechter Verteidiger;Startaufstellung
1103442;Ecuador;Deportivo Quito;Segundo Castillo;29;2000000.0;Defensives Mittelfeld;Startaufstellung
1103442;Ecuador;Rubin Kazan;Christian Noboa;26;8000000.0;Zentrales Mittelfeld;Startaufstellung
1103442;Ecuador;CS Emelec;Édison Méndez;32;1250000.0;Offensives Mittelfeld;Startaufstellung
1103442;Ecuador;UD Levante;Felipe Caicedo;22;5000000.0;Mittelstürmer;Startaufstellung
1103442;Ecuador;CF América;Christian Benítez;25;6500000.0;Mittelstürmer;Startaufstellung
1103442;Paraguay;Club Cerro Porteño;Diego Barreto;29;250000.0;Torwart;Reservebank
1103442;Paraguay;Club Cerro Porteño;Roberto Fernández;23;800000.0;Torwart;Reservebank
1103442;Paraguay;Wigan Athletic;Antolín Alcaraz;28;4000000.0;Innenverteidiger;Reservebank
1103442;Paraguay;Racing Club de Avellaneda;Marcos Cáceres;25;1000000.0;Innenverteidiger;Reservebank
1103442;Paraguay;Club Guaraní;Elvis Israel Marecos;31;250000.0;Linker Verteidiger;Reservebank
1103442;Paraguay;Club Libertad Asunción;Víctor Cáceres;26;800000.0;Defensives Mittelfeld;Reservebank
1103442;Paraguay;LDU Quito;Enrique Vera;32;1500000.0;Defensives Mittelfeld;Reservebank
1103442;Paraguay;CF Atlante;Osvaldo Martínez;25;2500000.0;Zentrales Mittelfeld;Reservebank
1103442;Paraguay;Kayserispor;Jonathan Santana;29;2500000.0;Zentrales Mittelfeld;Reservebank
1103442;Paraguay;FC Villarreal;Hernán Pérez;22;1000000.0;Rechtsaußen;Reservebank
1103442;Paraguay;Olimpia Asunción;Pablo Zeballos;25;850000.0;Hängende Spitze;Reservebank
1103442;Paraguay;Hércules Alicante;Nelson Valdez;27;5000000.0;Mittelstürmer;Reservebank
1103442;Ecuador;Barcelona SC Guayaquil;Máximo Banguera;25;500000.0;Torwart;Reservebank
1103442;Ecuador;LDU Quito;Alexander Domínguez;24;750000.0;Torwart;Reservebank
1103442;Ecuador;LDU Quito;Diego Calderón;24;500000.0;Innenverteidiger;Reservebank
1103442;Ecuador;LDU Quito;Geovanny Caicedo;30;1000000.0;Innenverteidiger;Reservebank
1103442;Ecuador;CS Emelec;Gabriel Achilier;26;500000.0;Innenverteidiger;Reservebank
1103442;Ecuador;Deportivo Quito;Luis Checa;27;500000.0;Innenverteidiger;Reservebank
1103442;Ecuador;Barcelona SC Guayaquil;Geovanny Nazareno;23;500000.0;Linker Verteidiger;Reservebank
1103442;Ecuador;Deportivo Quito;Oswaldo Minda;27;500000.0;Defensives Mittelfeld;Reservebank
1103442;Ecuador;CS Emelec;David Quiroz;28;500000.0;Zentrales Mittelfeld;Reservebank
1103442;Ecuador;San Luis FC;Michael Arroyo;24;2000000.0;Linksaußen;Reservebank
1103442;Ecuador;Independiente del Valle;Narciso Mina;28;750000.0;Mittelstürmer;Reservebank
1103442;Ecuador;KAA Gent;Édson Montaño;20;500000.0;Mittelstürmer;Reservebank
