GameId;team;club;name;age;value;position;role
1103468;Vereinigte Staaten;FC Everton;Tim Howard;32;10000000.0;Torwart;Startaufstellung
1103468;Vereinigte Staaten;AS Saint-Étienne;Carlos Bocanegra;32;2500000.0;Innenverteidiger;Startaufstellung
1103468;Vereinigte Staaten;New York Red Bulls;Tim Ream;23;250000.0;Innenverteidiger;Startaufstellung
1103468;Vereinigte Staaten;Bröndby IF;Clarence Goodson;29;1500000.0;Innenverteidiger;Startaufstellung
1103468;Vereinigte Staaten;Hannover 96;Steven Cherundolo;32;2000000.0;Rechter Verteidiger;Startaufstellung
1103468;Vereinigte Staaten;Blackburn Rovers;Jermaine Jones;29;5000000.0;Defensives Mittelfeld;Startaufstellung
1103468;Vereinigte Staaten;Aston Villa;Michael Bradley;23;5000000.0;Zentrales Mittelfeld;Startaufstellung
1103468;Vereinigte Staaten;Los Angeles Galaxy;Landon Donovan;29;3000000.0;Hängende Spitze;Startaufstellung
1103468;Vereinigte Staaten;FC Fulham;Clint Dempsey;28;9000000.0;Hängende Spitze;Startaufstellung
1103468;Vereinigte Staaten;New York Red Bulls;Juan Agudelo;18;175000.0;Mittelstürmer;Startaufstellung
1103468;Vereinigte Staaten;Bursaspor;Jozy Altidore;21;2200000.0;Mittelstürmer;Startaufstellung
1103468;Panama;CSD Municipal;Jaime Penedo;29;100000.0;Torwart;Startaufstellung
1103468;Panama;Atlético Bucaramanga;Eduardo Dasent;22;75000.0;Innenverteidiger;Startaufstellung
1103468;Panama;Santos Laguna;Felipe Baloy;30;2000000.0;Innenverteidiger;Startaufstellung
1103468;Panama;Atlético Nacional;Román Torres;25;750000.0;Innenverteidiger;Startaufstellung
1103468;Panama;Lech Posen;Luis Henríquez;29;700000.0;Linker Verteidiger;Startaufstellung
1103468;Panama;CD La Equidad;Gabriel Gómez;27;1200000.0;Defensives Mittelfeld;Startaufstellung
1103468;Panama;CD Atlético Huila;Amílcar Henríquez †;27;75000.0;Defensives Mittelfeld;Startaufstellung
1103468;Panama;;Armando Cooper;23;75000.0;Zentrales Mittelfeld;Startaufstellung
1103468;Panama;Caracas FC;Nelson Barahona;23;550000.0;Offensives Mittelfeld;Startaufstellung
1103468;Panama;Club León FC;Blas Pérez;30;1500000.0;Mittelstürmer;Startaufstellung
1103468;Panama;Club Juan Aurich;Luis Tejada;29;350000.0;Mittelstürmer;Startaufstellung
1103468;Vereinigte Staaten;Wolverhampton Wanderers;Marcus Hahnemann;38;1000000.0;Torwart;Reservebank
1103468;Vereinigte Staaten;FC Twente Enschede;Oguchi Onyewu;29;5000000.0;Innenverteidiger;Reservebank
1103468;Vereinigte Staaten;Aston Villa;Eric Lichaj;22;1000000.0;Rechter Verteidiger;Reservebank
1103468;Vereinigte Staaten;Glasgow Rangers;Maurice Edu;25;2500000.0;Defensives Mittelfeld;Reservebank
1103468;Vereinigte Staaten;RSC Anderlecht;Sacha Kljestan;25;1200000.0;Offensives Mittelfeld;Reservebank
1103468;Vereinigte Staaten;Örebro SK;Alejandro Bedoya;24;1500000.0;Offensives Mittelfeld;Reservebank
1103468;Vereinigte Staaten;San Jose Earthquakes;Chris Wondolowski;28;250000.0;Mittelstürmer;Reservebank
1103468;Panama;FC Toulouse;Luis Mejía;20;75000.0;Torwart;Reservebank
1103468;Panama;Atletico River Plate Montevideo;Hárold Cummings;19;125000.0;Innenverteidiger;Reservebank
1103468;Panama;;Éric Davis;20;75000.0;Linker Verteidiger;Reservebank
1103468;Panama;San Francisco FC;Eybir Bonaga;25;75000.0;Zentrales Mittelfeld;Reservebank
1103468;Panama;FC Ontinyent;Alberto Quintero;23;75000.0;Rechtes Mittelfeld;Reservebank
1103468;Panama;CD Real Cartagena;Luis Rentería †;22;75000.0;Mittelstürmer;Reservebank
1103468;Panama;CD La Equidad;Gabriel Torres;22;75000.0;Mittelstürmer;Reservebank
