GameId;team;club;name;age;value;position;role
1103465;Jamaika;Los Angeles Galaxy;Donovan Ricketts;34;400000.0;Torwart;Startaufstellung
1103465;Jamaika;Houston Dynamo;Jermaine Taylor;26;275000.0;Innenverteidiger;Startaufstellung
1103465;Jamaika;Toronto FC;Dicoy Williams;24;100000.0;Innenverteidiger;Startaufstellung
1103465;Jamaika;Sporting Kansas City;Shavar Thomas;30;250000.0;Innenverteidiger;Startaufstellung
1103465;Jamaika;Aalesunds FK;Demar Phillips;27;700000.0;Linker Verteidiger;Startaufstellung
1103465;Jamaika;Brann Bergen;Rodolph Austin;26;1000000.0;Defensives Mittelfeld;Startaufstellung
1103465;Jamaika;Aalesunds FK;Jason Morrison;27;500000.0;Defensives Mittelfeld;Startaufstellung
1103465;Jamaika;New York Red Bulls;Dane Richards;27;150000.0;Rechtes Mittelfeld;Startaufstellung
1103465;Jamaika;Portmore United;Eric Vernan;23;125000.0;Rechtes Mittelfeld;Startaufstellung
1103465;Jamaika;Valerenga Oslo;Luton Shelton;25;1800000.0;Linksaußen;Startaufstellung
1103465;Jamaika;San Jose Earthquakes;Ryan Johnson;26;400000.0;Mittelstürmer;Startaufstellung
1103465;Guatemala;Club Comunicaciones (Agronomia);Ricardo Jérez;25;100000.0;Torwart;Startaufstellung
1103465;Guatemala;Universidad San Carlos;Carlos Gallardo;27;100000.0;Innenverteidiger;Startaufstellung
1103465;Guatemala;;Cristian Noriega;24;100000.0;Innenverteidiger;Startaufstellung
1103465;Guatemala;Comunicaciones FC;Elías Vásquez;18;100000.0;Innenverteidiger;Startaufstellung
1103465;Guatemala;Deportivo Mictlán;Edwin González;29;100000.0;Linker Verteidiger;Startaufstellung
1103465;Guatemala;Universidad San Carlos;Manuel León;23;100000.0;Defensives Mittelfeld;Startaufstellung
1103465;Guatemala;;Wilfred Velásquez;25;100000.0;Defensives Mittelfeld;Startaufstellung
1103465;Guatemala;Comunicaciones FC;José Manuel Contreras;25;200000.0;Zentrales Mittelfeld;Startaufstellung
1103465;Guatemala;Deportivo Marquense;Jonathan López;23;100000.0;Rechtsaußen;Startaufstellung
1103465;Guatemala;CD Malacateco;Óscar Isaula;28;100000.0;Mittelstürmer;Startaufstellung
1103465;Guatemala;Philadelphia Union;Carlos Ruiz;31;800000.0;Mittelstürmer;Startaufstellung
1103465;Jamaika;Syrianska FC;Dwayne Miller;23;200000.0;Torwart;Reservebank
1103465;Jamaika;Portmore United;Adrian Reid;26;100000.0;Innenverteidiger;Reservebank
1103465;Jamaika;Houston Dynamo;Je-Vaughn Watson;27;100000.0;Rechter Verteidiger;Reservebank
1103465;Jamaika;Nybergsund;Damion Williams;30;175000.0;Defensives Mittelfeld;Reservebank
1103465;Jamaika;Tivoli Gardens FC;Keammar Daley;23;100000.0;Zentrales Mittelfeld;Reservebank
1103465;Jamaika;;Richard Edwards;28;100000.0;Zentrales Mittelfeld;Reservebank
1103465;Jamaika;Bradford City;Omar Daley;30;400000.0;Rechtes Mittelfeld;Reservebank
1103465;Guatemala;Comunicaciones FC;Juan José Paredes;26;100000.0;Torwart;Reservebank
1103465;Guatemala;Comunicaciones FC;Carlos Castrillo;26;100000.0;Rechter Verteidiger;Reservebank
1103465;Guatemala;Comunicaciones FC;Javier del Águila;20;100000.0;Zentrales Mittelfeld;Reservebank
1103465;Guatemala;CSD Xelajú MC;Carlos Figueroa;31;100000.0;Zentrales Mittelfeld;Reservebank
1103465;Guatemala;Chicago Fire;Marco Pappa;23;400000.0;Linksaußen;Reservebank
1103465;Guatemala;Esporte Clube Noroeste (SP);Henry López;18;100000.0;Mittelstürmer;Reservebank
1103465;Guatemala;Comunicaciones FC;Dwight Pezzarossi;32;400000.0;Mittelstürmer;Reservebank
