GameId;team;club;name;age;value;position;role
1103470;Mexiko;Deportivo Toluca;Alfredo Talavera;28;1500000.0;Torwart;Startaufstellung
1103470;Mexiko;AZ Alkmaar;Héctor Moreno;23;4500000.0;Innenverteidiger;Startaufstellung
1103470;Mexiko;New York Red Bulls;Rafael Márquez;32;3000000.0;Innenverteidiger;Startaufstellung
1103470;Mexiko;FC Fulham;Carlos Salcido;31;4500000.0;Innenverteidiger;Startaufstellung
1103470;Mexiko;Celtic Glasgow;Efraín Juárez;23;2500000.0;Rechter Verteidiger;Startaufstellung
1103470;Mexiko;CD Cruz Azul;Gerardo Torrado;32;2500000.0;Defensives Mittelfeld;Startaufstellung
1103470;Mexiko;Deportivo La Coruna ;Andrés Guardado;24;5000000.0;Defensives Mittelfeld;Startaufstellung
1103470;Mexiko;UNAM Pumas;Israel Castro;30;2750000.0;Zentrales Mittelfeld;Startaufstellung
1103470;Mexiko;West Ham United;Pablo Barrera;23;3500000.0;Rechtsaußen;Startaufstellung
1103470;Mexiko;Racing Santander;Giovani dos Santos;22;5000000.0;Hängende Spitze;Startaufstellung
1103470;Mexiko;Manchester United;Chicharito;23;11000000.0;Mittelstürmer;Startaufstellung
1103470;Costa Rica;Albacete Balompié;Keylor Navas;24;600000.0;Torwart;Startaufstellung
1103470;Costa Rica;LD Alajuelense;Jhonny Acosta;27;50000.0;Innenverteidiger;Startaufstellung
1103470;Costa Rica;FC Brügge;Júnior Díaz;27;2000000.0;Linker Verteidiger;Startaufstellung
1103470;Costa Rica;Aalborg BK;Dennis Marshall †;†25;300000.0;Linker Verteidiger;Startaufstellung
1103470;Costa Rica;LD Alajuelense;José Salvatierra;21;50000.0;Rechter Verteidiger;Startaufstellung
1103470;Costa Rica;Santos de Guápiles FC;Héiner Mora;26;50000.0;Rechter Verteidiger;Startaufstellung
1103470;Costa Rica;Fredrikstad FK;Celso Borges;23;900000.0;Zentrales Mittelfeld;Startaufstellung
1103470;Costa Rica;LD Alajuelense;Allen Guevara;22;50000.0;Rechtes Mittelfeld;Startaufstellung
1103470;Costa Rica;FC Twente Enschede;Bryan Ruíz;25;12500000.0;Linkes Mittelfeld;Startaufstellung
1103470;Costa Rica;FC Kopenhagen;Christian Bolaños;27;1500000.0;Rechtsaußen;Startaufstellung
1103470;Costa Rica;Real Salt Lake City;Álvaro Saborío;29;750000.0;Mittelstürmer;Startaufstellung
1103470;Mexiko;CF Monterrey;Jonathan Orozco;25;3000000.0;Torwart;Reservebank
1103470;Mexiko;Tigres UANL;Jorge Torres;23;2000000.0;Linker Verteidiger;Reservebank
1103470;Mexiko;CF Monterrey;Jesús Zavala;23;2000000.0;Defensives Mittelfeld;Reservebank
1103470;Mexiko;Monarcas Morelia;Elías Hernández;23;2000000.0;Rechtes Mittelfeld;Reservebank
1103470;Mexiko;CF América;Ángel Reyna;26;2000000.0;Hängende Spitze;Reservebank
1103470;Mexiko;CF Monterrey;Aldo de Nigris;27;3000000.0;Mittelstürmer;Reservebank
1103470;Costa Rica;AD San Carlos;Donny Grant;35;50000.0;Torwart;Reservebank
1103470;Costa Rica;Deportivo Saprissa;Óscar Duarte;22;50000.0;Innenverteidiger;Reservebank
1103470;Costa Rica;Deportivo Saprissa;David Guzmán;21;50000.0;Defensives Mittelfeld;Reservebank
1103470;Costa Rica;Club Cerro Porteño;Diego Madrigal;22;50000.0;Linkes Mittelfeld;Reservebank
1103470;Costa Rica;Puntarenas FC;Joel Campbell;18;50000.0;Rechtsaußen;Reservebank
1103470;Costa Rica;Kuban Krasnodar;Marcos Ureña;21;50000.0;Hängende Spitze;Reservebank
1103470;Costa Rica;CS Cartaginés;Randall Brenes;27;200000.0;Mittelstürmer;Reservebank
