GameId;team;club;name;age;value;position;role
1103445;Argentinien;AZ Alkmaar;Sergio Romero;24;7000000.0;Torwart;Startaufstellung
1103445;Argentinien;FC Barcelona;Gabriel Milito;30;8000000.0;Innenverteidiger;Startaufstellung
1103445;Argentinien;AS Rom;Nicolás Burdisso;30;6500000.0;Innenverteidiger;Startaufstellung
1103445;Argentinien;Manchester City;Pablo Zabaleta;26;12000000.0;Linker Verteidiger;Startaufstellung
1103445;Argentinien;FC Internazionale;Javier Zanetti;37;4500000.0;Rechter Verteidiger;Startaufstellung
1103445;Argentinien;FC Barcelona;Javier Mascherano;27;25000000.0;Defensives Mittelfeld;Startaufstellung
1103445;Argentinien;FC Internazionale;Esteban Cambiasso;30;24000000.0;Zentrales Mittelfeld;Startaufstellung
1103445;Argentinien;FC Valencia;Éver Banega;23;12000000.0;Zentrales Mittelfeld;Startaufstellung
1103445;Argentinien;SSC Neapel;Ezequiel Lavezzi;26;23500000.0;Linksaußen;Startaufstellung
1103445;Argentinien;FC Barcelona;Lionel Messi;24;100000000.0;Rechtsaußen;Startaufstellung
1103445;Argentinien;Manchester City;Carlos Tévez;27;38000000.0;Mittelstürmer;Startaufstellung
1103445;Kolumbien;Once Caldas;Luis Martínez;28;850000.0;Torwart;Startaufstellung
1103445;Kolumbien;AC Mailand;Mario Yepes;35;1000000.0;Innenverteidiger;Startaufstellung
1103445;Kolumbien;Atlético Madrid;Luis Perea;32;3000000.0;Innenverteidiger;Startaufstellung
1103445;Kolumbien;Udinese Calcio;Pablo Armero;24;5000000.0;Linker Verteidiger;Startaufstellung
1103445;Kolumbien;SSC Neapel;Camilo Zúñiga;25;4500000.0;Rechter Verteidiger;Startaufstellung
1103445;Kolumbien;Valenciennes FC ;Carlos Sánchez;25;3700000.0;Defensives Mittelfeld;Startaufstellung
1103445;Kolumbien;Hércules Alicante;Abel Aguilar;26;2500000.0;Defensives Mittelfeld;Startaufstellung
1103445;Kolumbien;Hertha BSC;Adrián Ramos;25;5000000.0;Linksaußen;Startaufstellung
1103445;Kolumbien;FC Porto;Fredy Guarín;25;9500000.0;Rechtsaußen;Startaufstellung
1103445;Kolumbien;FC Porto;Falcao;25;25000000.0;Mittelstürmer;Startaufstellung
1103445;Kolumbien;Club Tijuana;Dayro Moreno;25;1500000.0;Mittelstürmer;Startaufstellung
1103445;Argentinien;Lazio Rom;Juan Pablo Carrizo;27;1500000.0;Torwart;Reservebank
1103445;Argentinien;Catania Calcio;Mariano Andújar;27;4000000.0;Torwart;Reservebank
1103445;Argentinien;Spartak Moskau;Marcos Rojo;21;1500000.0;Innenverteidiger;Reservebank
1103445;Argentinien;Benfica Lissabon;Ezequiel Garay;24;10000000.0;Innenverteidiger;Reservebank
1103445;Argentinien;Spartak Moskau;Nicolás Pareja;27;7000000.0;Innenverteidiger;Reservebank
1103445;Argentinien;RSC Anderlecht;Lucas Biglia;25;8500000.0;Defensives Mittelfeld;Reservebank
1103445;Argentinien;Real Madrid;Fernando Gago;25;9000000.0;Defensives Mittelfeld;Reservebank
1103445;Argentinien;US Palermo;Javier Pastore;22;21000000.0;Offensives Mittelfeld;Reservebank
1103445;Argentinien;Real Madrid;Ángel Di María;23;25000000.0;Rechtsaußen;Reservebank
1103445;Argentinien;Real Madrid;Gonzalo Higuaín;23;38000000.0;Mittelstürmer;Reservebank
1103445;Argentinien;Atlético Madrid;Sergio Agüero;23;36000000.0;Mittelstürmer;Reservebank
1103445;Argentinien;FC Internazionale;Diego Milito;32;17000000.0;Mittelstürmer;Reservebank
1103445;Kolumbien;Millonarios FC;Nelson Ramos;29;650000.0;Torwart;Reservebank
1103445;Kolumbien;Independiente Medellín;Bréiner Castillo;33;450000.0;Torwart;Reservebank
1103445;Kolumbien;Udinese Calcio;Cristián Zapata;24;9000000.0;Innenverteidiger;Reservebank
1103445;Kolumbien;CF América;Aquivaldo Mosquera;30;1750000.0;Innenverteidiger;Reservebank
1103445;Kolumbien;Junior FC;Juan David Valencia;25;900000.0;Linker Verteidiger;Reservebank
1103445;Kolumbien;1.FSV Mainz 05;Elkin Soto;30;2000000.0;Zentrales Mittelfeld;Reservebank
1103445;Kolumbien;Deportes Tolima;Gustavo Bolívar;26;450000.0;Zentrales Mittelfeld;Reservebank
1103445;Kolumbien;Independiente Santa Fe;Yulián Anchico;27;1000000.0;Rechtes Mittelfeld;Reservebank
1103445;Kolumbien;Udinese Calcio;Juan Cuadrado;23;800000.0;Rechtsaußen;Reservebank
1103445;Kolumbien;Racing Club de Avellaneda;Teófilo Gutiérrez;26;1800000.0;Hängende Spitze;Reservebank
1103445;Kolumbien;Jaguares de Chiapas;Jackson Martínez;24;3500000.0;Mittelstürmer;Reservebank
1103445;Kolumbien;Wigan Athletic;Hugo Rodallega;25;7500000.0;Mittelstürmer;Reservebank
