GameId;team;club;name;age;value;position;role
1103444;Chile;Real Sociedad San Sebastián;Claudio Bravo;28;6000000.0;Torwart;Startaufstellung
1103444;Chile;CD Cruz Azul;Waldo Ponce;28;800000.0;Innenverteidiger;Startaufstellung
1103444;Chile;PAOK Thessaloniki;Pablo Contreras;32;4750000.0;Innenverteidiger;Startaufstellung
1103444;Chile;West Bromwich Albion;Gonzalo Jara;25;3000000.0;Innenverteidiger;Startaufstellung
1103444;Chile;FC Sevilla;Gary Medel;23;5000000.0;Innenverteidiger;Startaufstellung
1103444;Chile;Udinese Calcio;Mauricio Isla;23;10000000.0;Rechter Verteidiger;Startaufstellung
1103444;Chile;Bayer 04 Leverkusen;Arturo Vidal;24;20000000.0;Zentrales Mittelfeld;Startaufstellung
1103444;Chile;Birmingham City;Jean Beausejour;27;2500000.0;Linkes Mittelfeld;Startaufstellung
1103444;Chile;Sporting Lissabon;Matías Fernández;25;8300000.000000001;Offensives Mittelfeld;Startaufstellung
1103444;Chile;FC Barcelona;Alexis Sánchez;22;25000000.0;Mittelstürmer;Startaufstellung
1103444;Chile;CF Monterrey;Humberto Suazo;30;6000000.0;Mittelstürmer;Startaufstellung
1103444;Mexiko;Deportivo Guadalajara;Luis Michel;31;3000000.0;Torwart;Startaufstellung
1103444;Mexiko;Deportivo Guadalajara;Héctor Reynoso;30;1500000.0;Innenverteidiger;Startaufstellung
1103444;Mexiko;CD Cruz Azul;Néstor Araujo;19;700000.0;Innenverteidiger;Startaufstellung
1103444;Mexiko;CF Monterrey;Hiram Mier;21;850000.0;Innenverteidiger;Startaufstellung
1103444;Mexiko;CF Monterrey;Dárvin Chávez;21;800000.0;Linker Verteidiger;Startaufstellung
1103444;Mexiko;CF América;Paul Aguilar;25;2000000.0;Rechter Verteidiger;Startaufstellung
1103444;Mexiko;CF América;Diego Reyes;18;800000.0;Defensives Mittelfeld;Startaufstellung
1103444;Mexiko;Deportivo Guadalajara;Jorge Enríquez;20;1000000.0;Defensives Mittelfeld;Startaufstellung
1103444;Mexiko;CD Cruz Azul;Javier Aquino;21;750000.0;Linkes Mittelfeld;Startaufstellung
1103444;Mexiko;Tottenham Hotspur;Giovani dos Santos;22;5000000.0;Rechtsaußen;Startaufstellung
1103444;Mexiko;Monarcas Morelia;Rafael Márquez;29;1500000.0;Mittelstürmer;Startaufstellung
1103444;Chile;Atlas Guadalajara;Miguel Pinto;28;1800000.0;Torwart;Reservebank
1103444;Chile;Club Universidad de Chile;Paulo Garcés;26;750000.0;Torwart;Reservebank
1103444;Chile;Flamengo Rio de Janeiro;Gonzalo Fierro;28;500000.0;Rechtes Mittelfeld;Reservebank
1103444;Chile;HSC Montpellier;Marco Estrada;28;2800000.0;Defensives Mittelfeld;Reservebank
1103444;Chile;CD Universidad Católica;Francisco Silva;25;800000.0;Defensives Mittelfeld;Reservebank
1103444;Chile;CD Universidad Católica;Felipe Gutiérrez;20;700000.0;Zentrales Mittelfeld;Reservebank
1103444;Chile;Atalanta Bergamo;Carlos Carmona;24;1600000.0;Defensives Mittelfeld;Reservebank
1103444;Chile;CSD Colo Colo;Rodrigo Millar;29;1000000.0;Zentrales Mittelfeld;Reservebank
1103444;Chile;SE Palmeiras São Paulo;Jorge Valdivia;27;2500000.0;Offensives Mittelfeld;Reservebank
1103444;Chile;Al-Ahli Dubai Club;Luis Jiménez;27;5000000.0;Offensives Mittelfeld;Reservebank
1103444;Chile;CSD Colo Colo;Esteban Paredes;30;1500000.0;Mittelstürmer;Reservebank
1103444;Chile;CSD Colo Colo;Carlos Muñoz;22;700000.0;Mittelstürmer;Reservebank
1103444;Mexiko;Mérida FC;Carlos Rodríguez;22;300000.0;Torwart;Reservebank
1103444;Mexiko;Querétaro FC;Liborio Sánchez;21;250000.0;Torwart;Reservebank
1103444;Mexiko;Estudiantes Tecos;Oswaldo Alanís;22;800000.0;Innenverteidiger;Reservebank
1103444;Mexiko;Deportivo Guadalajara;Kristian Álvarez;19;500000.0;Innenverteidiger;Reservebank
1103444;Mexiko;Deportivo Guadalajara;Miguel Ponce;22;1000000.0;Linker Verteidiger;Reservebank
1103444;Mexiko;Deportivo Guadalajara;Antonio Gallardo;22;600000.0;Zentrales Mittelfeld;Reservebank
1103444;Mexiko;UNAM Pumas;Diego de Buen;20;50000.0;Zentrales Mittelfeld;Reservebank
1103444;Mexiko;UNAM Pumas;Carlos Orrantía;20;850000.0;Rechtes Mittelfeld;Reservebank
1103444;Mexiko;Deportivo Guadalajara;Ulises Dávila;20;300000.0;Offensives Mittelfeld;Reservebank
1103444;Mexiko;Tigres UANL;Edgar Pacheco;21;2000000.0;Offensives Mittelfeld;Reservebank
1103444;Mexiko;Santos Laguna;Oribe Peralta;27;1850000.0;Mittelstürmer;Reservebank
1103444;Mexiko;Tigres UANL;Alan Pulido;20;850000.0;Mittelstürmer;Reservebank
