GameId;team;club;name;age;value;position;role
1103440;Kolumbien;Once Caldas;Luis Martínez;28;850000.0;Torwart;Startaufstellung
1103440;Kolumbien;AC Mailand;Mario Yepes;35;1000000.0;Innenverteidiger;Startaufstellung
1103440;Kolumbien;Atlético Madrid;Luis Perea;32;3000000.0;Innenverteidiger;Startaufstellung
1103440;Kolumbien;Udinese Calcio;Pablo Armero;24;5000000.0;Linker Verteidiger;Startaufstellung
1103440;Kolumbien;Hércules Alicante;Abel Aguilar;26;2500000.0;Defensives Mittelfeld;Startaufstellung
1103440;Kolumbien;Deportes Tolima;Gustavo Bolívar;26;450000.0;Zentrales Mittelfeld;Startaufstellung
1103440;Kolumbien;FC Porto;Fredy Guarín;25;9500000.0;Zentrales Mittelfeld;Startaufstellung
1103440;Kolumbien;SSC Neapel;Camilo Zúñiga;25;4500000.0;Linkes Mittelfeld;Startaufstellung
1103440;Kolumbien;FC Porto;Falcao;25;25000000.0;Mittelstürmer;Startaufstellung
1103440;Kolumbien;Club Tijuana;Dayro Moreno;25;1500000.0;Mittelstürmer;Startaufstellung
1103440;Kolumbien;Hertha BSC;Adrián Ramos;25;5000000.0;Mittelstürmer;Startaufstellung
1103440;Costa Rica;CS Herediano;Leonel Moreira;21;50000.0;Torwart;Startaufstellung
1103440;Costa Rica;LD Alajuelense;Jhonny Acosta;27;50000.0;Innenverteidiger;Startaufstellung
1103440;Costa Rica;Deportivo Saprissa;Óscar Duarte;22;50000.0;Innenverteidiger;Startaufstellung
1103440;Costa Rica;CS Herediano;Francisco Calvo;18;50000.0;Innenverteidiger;Startaufstellung
1103440;Costa Rica;;Pedro Leal;22;50000.0;Linker Verteidiger;Startaufstellung
1103440;Costa Rica;LD Alajuelense;José Salvatierra;21;50000.0;Rechter Verteidiger;Startaufstellung
1103440;Costa Rica;Deportivo Saprissa;David Guzmán;21;50000.0;Zentrales Mittelfeld;Startaufstellung
1103440;Costa Rica;Deportivo Saprissa;Héiner Mora;27;50000.0;Rechtes Mittelfeld;Startaufstellung
1103440;Costa Rica;Club Cerro Porteño;Diego Madrigal;22;50000.0;Linkes Mittelfeld;Startaufstellung
1103440;Costa Rica;Deportivo Saprissa;Joel Campbell;19;50000.0;Mittelstürmer;Startaufstellung
1103440;Costa Rica;CS Cartaginés;Randall Brenes;27;200000.0;Mittelstürmer;Startaufstellung
1103440;Kolumbien;Millonarios FC;Nelson Ramos;29;650000.0;Torwart;Reservebank
1103440;Kolumbien;Independiente Medellín;Bréiner Castillo;33;450000.0;Torwart;Reservebank
1103440;Kolumbien;Udinese Calcio;Cristián Zapata;24;9000000.0;Innenverteidiger;Reservebank
1103440;Kolumbien;CF América;Aquivaldo Mosquera;30;1750000.0;Innenverteidiger;Reservebank
1103440;Kolumbien;Junior FC;Juan David Valencia;25;900000.0;Linker Verteidiger;Reservebank
1103440;Kolumbien;Valenciennes FC ;Carlos Sánchez;25;3700000.0;Defensives Mittelfeld;Reservebank
1103440;Kolumbien;1.FSV Mainz 05;Elkin Soto;30;2000000.0;Zentrales Mittelfeld;Reservebank
1103440;Kolumbien;Independiente Santa Fe;Yulián Anchico;27;1000000.0;Rechtes Mittelfeld;Reservebank
1103440;Kolumbien;Udinese Calcio;Juan Cuadrado;23;800000.0;Rechtsaußen;Reservebank
1103440;Kolumbien;Racing Club de Avellaneda;Teófilo Gutiérrez;26;1800000.0;Hängende Spitze;Reservebank
1103440;Kolumbien;Jaguares de Chiapas;Jackson Martínez;24;3500000.0;Mittelstürmer;Reservebank
1103440;Kolumbien;Wigan Athletic;Hugo Rodallega;25;7500000.0;Mittelstürmer;Reservebank
1103440;Costa Rica;CD Belén Siglo XXI;Minor Álvarez;21;50000.0;Torwart;Reservebank
1103440;Costa Rica;AD San Carlos;Danny Carvajal;22;50000.0;Torwart;Reservebank
1103440;Costa Rica;Santos de Guápiles FC;Kevin Fajardo;21;50000.0;Innenverteidiger;Reservebank
1103440;Costa Rica;LD Alajuelense;Luis Miguel Valle;22;50000.0;Defensives Mittelfeld;Reservebank
1103440;Costa Rica;CS Herediano;José Miguel Cubero;24;50000.0;Defensives Mittelfeld;Reservebank
1103440;Costa Rica;LD Alajuelense;Allen Guevara;22;50000.0;Rechtes Mittelfeld;Reservebank
1103440;Costa Rica;Santos de Guápiles FC;Hansell Arauz;21;50000.0;Rechtes Mittelfeld;Reservebank
1103440;Costa Rica;LD Alajuelense;Jorge Gatgens;22;50000.0;Rechtes Mittelfeld;Reservebank
1103440;Costa Rica;Santos de Guápiles FC;Alejandro Castro;20;50000.0;Mittelstürmer;Reservebank
1103440;Costa Rica;Deportivo Saprissa;Josué Martínez;21;50000.0;Mittelstürmer;Reservebank
1103440;Costa Rica;Deportivo Saprissa;César Elizondo;23;50000.0;Mittelstürmer;Reservebank
