GameId;team;club;name;age;value;position;role
1103467;Guadeloupe;FCO Dijon;Franck Grandel;33;200000.0;Torwart;Startaufstellung
1103467;Guadeloupe;Amical Club Marie Galante;Jean-Luc Lambourde;30;125000.0;Innenverteidiger;Startaufstellung
1103467;Guadeloupe;Plymouth Argyle;Stéphane Zubar;24;600000.0;Innenverteidiger;Startaufstellung
1103467;Guadeloupe;Southend United;Miguel Comminges;29;250000.0;Rechter Verteidiger;Startaufstellung
1103467;Guadeloupe;Vereinslos;Eddy Viator;29;600000.0;Rechter Verteidiger;Startaufstellung
1103467;Guadeloupe;Charlton Athletic;Thierry Racon;27;500000.0;Defensives Mittelfeld;Startaufstellung
1103467;Guadeloupe;Stade Reims;Thomas Gamiette;24;600000.0;Defensives Mittelfeld;Startaufstellung
1103467;Guadeloupe;Sporting Kansas City;Stéphane Auvray;29;125000.0;Defensives Mittelfeld;Startaufstellung
1103467;Guadeloupe;FC Metz;David Fleurival;27;600000.0;Zentrales Mittelfeld;Startaufstellung
1103467;Guadeloupe;AC Le Havre;Brice Jovial;27;1000000.0;Mittelstürmer;Startaufstellung
1103467;Guadeloupe;AC Ajaccio;Richard Socrier;32;500000.0;Mittelstürmer;Startaufstellung
1103467;Kanada;FK Rad Belgrad;Milan Borjan;23;800000.0;Torwart;Startaufstellung
1103467;Kanada;Houston Dynamo;Andre Hainault;24;350000.0;Innenverteidiger;Startaufstellung
1103467;Kanada;1.FC Köln;Kevin McKenna;31;1250000.0;Innenverteidiger;Startaufstellung
1103467;Kanada;Vereinslos;Michael Klukowski;30;1500000.0;Linker Verteidiger;Startaufstellung
1103467;Kanada;SV Wehen Wiesbaden;Nikolas Ledgerwood;26;400000.0;Rechter Verteidiger;Startaufstellung
1103467;Kanada;Toronto FC;Julian de Guzmán;30;1750000.0;Defensives Mittelfeld;Startaufstellung
1103467;Kanada;Vancouver Whitecaps;Terry Dunfield;29;150000.0;Zentrales Mittelfeld;Startaufstellung
1103467;Kanada;Real Salt Lake City;Will Johnson;24;600000.0;Rechtes Mittelfeld;Startaufstellung
1103467;Kanada;New York Red Bulls;Dwayne de Rosario;33;600000.0;Linkes Mittelfeld;Startaufstellung
1103467;Kanada;Grandmedical Manisaspor;Josh Simpson;28;2000000.0;Offensives Mittelfeld;Startaufstellung
1103467;Kanada;Montreal Impact;Ali Gerba;29;400000.0;Mittelstürmer;Startaufstellung
1103467;Guadeloupe;CS Moulien;Fabrice Mercury;29;125000.0;Torwart;Reservebank
1103467;Guadeloupe;CS Moulien;Julien Ictoi;33;125000.0;Abwehr;Reservebank
1103467;Guadeloupe;SC Covilha;Ulrick Lupède;27;200000.0;Innenverteidiger;Reservebank
1103467;Guadeloupe;OC Vannes;Loïc Loval;29;400000.0;Linksaußen;Reservebank
1103467;Guadeloupe;AS Beauvais Oise;Cédric Collet;27;500000.0;Linksaußen;Reservebank
1103467;Guadeloupe;CS Moulien;Ludovic Gotin;26;125000.0;Mittelstürmer;Reservebank
1103467;Guadeloupe;Stade Laval;Livio Nabab;22;300000.0;Mittelstürmer;Reservebank
1103467;Kanada;Valerenga Oslo;Lars Hirschfeld;32;1000000.0;Torwart;Reservebank
1103467;Kanada;Ipswich Town;Jaime Peters;24;500000.0;Rechter Verteidiger;Reservebank
1103467;Kanada;Preußen Münster ;Jonathan Beaulieu-Bourgault;22;200000.0;Defensives Mittelfeld;Reservebank
1103467;Kanada;CD Santa Clara;Pedro Pacheco;26;300000.0;Zentrales Mittelfeld;Reservebank
1103467;Kanada;Hertha BSC;Rob Friend;30;1500000.0;Mittelstürmer;Reservebank
1103467;Kanada;Politehnica Timisoara ;Tosaint Ricketts;23;300000.0;Mittelstürmer;Reservebank
1103467;Kanada;Norwich City;Simeon Jackson;24;400000.0;Mittelstürmer;Reservebank
