GameId;team;club;name;age;value;position;role
1120902;Honduras;CD Olimpia;Noel Valladares;34;1500000.0;Torwart;Startaufstellung
1120902;Honduras;Lierse SK;Víctor Bernárdez;29;1200000.0;Innenverteidiger;Startaufstellung
1120902;Honduras;Wisla Krakau;Osman Chávez;26;900000.0;Innenverteidiger;Startaufstellung
1120902;Honduras;CD Olimpia;Juan Carlos García;23;300000.0;Linker Verteidiger;Startaufstellung
1120902;Honduras;CD Olimpia;Javier Portillo;30;300000.0;Linker Verteidiger;Startaufstellung
1120902;Honduras;CD Marathón;Mauricio Sabillón;32;1000000.0;Rechter Verteidiger;Startaufstellung
1120902;Honduras;;Alfredo Mejía;21;300000.0;Defensives Mittelfeld;Startaufstellung
1120902;Honduras;Wigan Athletic;Hendry Thomas;26;3000000.0;Defensives Mittelfeld;Startaufstellung
1120902;Honduras;Sporting Kansas City;Róger Espinoza;24;600000.0;Zentrales Mittelfeld;Startaufstellung
1120902;Honduras;CD Olimpia;Boniek García;26;1000000.0;Rechtes Mittelfeld;Startaufstellung
1120902;Honduras;CD Motagua Tegucigalpa;Jerry Bengtson;24;350000.0;Mittelstürmer;Startaufstellung
1120902;Mexiko;Deportivo Toluca;Alfredo Talavera;28;1500000.0;Torwart;Startaufstellung
1120902;Mexiko;AZ Alkmaar;Héctor Moreno;23;4500000.0;Innenverteidiger;Startaufstellung
1120902;Mexiko;New York Red Bulls;Rafael Márquez;32;3000000.0;Innenverteidiger;Startaufstellung
1120902;Mexiko;FC Fulham;Carlos Salcido;31;4500000.0;Innenverteidiger;Startaufstellung
1120902;Mexiko;Celtic Glasgow;Efraín Juárez;23;2500000.0;Rechter Verteidiger;Startaufstellung
1120902;Mexiko;CD Cruz Azul;Gerardo Torrado;32;2500000.0;Defensives Mittelfeld;Startaufstellung
1120902;Mexiko;Deportivo La Coruna ;Andrés Guardado;24;5000000.0;Defensives Mittelfeld;Startaufstellung
1120902;Mexiko;UNAM Pumas;Israel Castro;30;2750000.0;Zentrales Mittelfeld;Startaufstellung
1120902;Mexiko;West Ham United;Pablo Barrera;24;3500000.0;Rechtsaußen;Startaufstellung
1120902;Mexiko;Racing Santander;Giovani dos Santos;22;5000000.0;Hängende Spitze;Startaufstellung
1120902;Mexiko;Manchester United;Chicharito;23;11000000.0;Mittelstürmer;Startaufstellung
1120902;Honduras;CD Olimpia;Donis Escober;30;400000.0;Torwart;Reservebank
1120902;Honduras;CD Motagua Tegucigalpa;Johnny Leverón;21;300000.0;Innenverteidiger;Reservebank
1120902;Honduras;;Brayan Beckeles;25;300000.0;Rechter Verteidiger;Reservebank
1120902;Honduras;Tottenham Hotspur;Wilson Palacios;26;14000000.0;Defensives Mittelfeld;Reservebank
1120902;Honduras;CD Marathón;Emil Martínez;28;600000.0;Zentrales Mittelfeld;Reservebank
1120902;Honduras;Scunthorpe United;Ramón Núñez;25;850000.0;Zentrales Mittelfeld;Reservebank
1120902;Honduras;Atlas Guadalajara;Carlo Costly;28;1100000.0;Mittelstürmer;Reservebank
1120902;Mexiko;CF Monterrey;Jonathan Orozco;25;3000000.0;Torwart;Reservebank
1120902;Mexiko;Deportivo Guadalajara;Héctor Reynoso;30;1500000.0;Innenverteidiger;Reservebank
1120902;Mexiko;Tigres UANL;Jorge Torres;23;2000000.0;Linker Verteidiger;Reservebank
1120902;Mexiko;CF Pachuca;Paul Aguilar;25;2000000.0;Rechter Verteidiger;Reservebank
1120902;Mexiko;CF Monterrey;Jesús Zavala;23;2000000.0;Defensives Mittelfeld;Reservebank
1120902;Mexiko;CF América;Ángel Reyna;26;2000000.0;Hängende Spitze;Reservebank
1120902;Mexiko;CF Monterrey;Aldo de Nigris;27;3000000.0;Mittelstürmer;Reservebank
