GameId;team;club;name;age;value;position;role
1121867;Vereinigte Staaten;FC Everton;Tim Howard;32;10000000.0;Torwart;Startaufstellung
1121867;Vereinigte Staaten;AS Saint-Étienne;Carlos Bocanegra;32;2500000.0;Innenverteidiger;Startaufstellung
1121867;Vereinigte Staaten;Bröndby IF;Clarence Goodson;29;1850000.0;Innenverteidiger;Startaufstellung
1121867;Vereinigte Staaten;Hannover 96;Steven Cherundolo;32;2000000.0;Rechter Verteidiger;Startaufstellung
1121867;Vereinigte Staaten;Aston Villa;Eric Lichaj;22;1000000.0;Rechter Verteidiger;Startaufstellung
1121867;Vereinigte Staaten;Blackburn Rovers;Jermaine Jones;29;5000000.0;Defensives Mittelfeld;Startaufstellung
1121867;Vereinigte Staaten;Aston Villa;Michael Bradley;23;5000000.0;Zentrales Mittelfeld;Startaufstellung
1121867;Vereinigte Staaten;Caykur Rizespor;Freddy Adu;22;600000.0;Offensives Mittelfeld;Startaufstellung
1121867;Vereinigte Staaten;Örebro SK;Alejandro Bedoya;24;1500000.0;Offensives Mittelfeld;Startaufstellung
1121867;Vereinigte Staaten;Los Angeles Galaxy;Landon Donovan;29;3000000.0;Hängende Spitze;Startaufstellung
1121867;Vereinigte Staaten;FC Fulham;Clint Dempsey;28;9000000.0;Hängende Spitze;Startaufstellung
1121867;Mexiko;Deportivo Toluca;Alfredo Talavera;28;1500000.0;Torwart;Startaufstellung
1121867;Mexiko;AZ Alkmaar;Héctor Moreno;23;4500000.0;Innenverteidiger;Startaufstellung
1121867;Mexiko;New York Red Bulls;Rafael Márquez;32;3000000.0;Innenverteidiger;Startaufstellung
1121867;Mexiko;FC Fulham;Carlos Salcido;31;4500000.0;Innenverteidiger;Startaufstellung
1121867;Mexiko;Celtic Glasgow;Efraín Juárez;23;2500000.0;Rechter Verteidiger;Startaufstellung
1121867;Mexiko;CD Cruz Azul;Gerardo Torrado;32;2500000.0;Defensives Mittelfeld;Startaufstellung
1121867;Mexiko;Deportivo La Coruna ;Andrés Guardado;24;5000000.0;Defensives Mittelfeld;Startaufstellung
1121867;Mexiko;UNAM Pumas;Israel Castro;30;2750000.0;Zentrales Mittelfeld;Startaufstellung
1121867;Mexiko;West Ham United;Pablo Barrera;24;3500000.0;Rechtsaußen;Startaufstellung
1121867;Mexiko;Racing Santander;Giovani dos Santos;22;5000000.0;Hängende Spitze;Startaufstellung
1121867;Mexiko;Manchester United;Chicharito;23;11000000.0;Mittelstürmer;Startaufstellung
1121867;Vereinigte Staaten;Wolverhampton Wanderers;Marcus Hahnemann;39;1000000.0;Torwart;Reservebank
1121867;Vereinigte Staaten;New York Red Bulls;Tim Ream;23;250000.0;Innenverteidiger;Reservebank
1121867;Vereinigte Staaten;Portland Timbers;Jonathan Bornstein;26;250000.0;Linker Verteidiger;Reservebank
1121867;Vereinigte Staaten;West Ham United;Jonathan Spector;25;2500000.0;Rechter Verteidiger;Reservebank
1121867;Vereinigte Staaten;Glasgow Rangers;Maurice Edu;25;2500000.0;Defensives Mittelfeld;Reservebank
1121867;Vereinigte Staaten;RSC Anderlecht;Sacha Kljestan;25;1200000.0;Offensives Mittelfeld;Reservebank
1121867;Vereinigte Staaten;New York Red Bulls;Juan Agudelo;18;175000.0;Mittelstürmer;Reservebank
1121867;Mexiko;CF Monterrey;Jonathan Orozco;25;3000000.0;Torwart;Reservebank
1121867;Mexiko;Deportivo Guadalajara;Héctor Reynoso;30;1500000.0;Innenverteidiger;Reservebank
1121867;Mexiko;Tigres UANL;Jorge Torres;23;2000000.0;Linker Verteidiger;Reservebank
1121867;Mexiko;CF Pachuca;Paul Aguilar;25;2000000.0;Rechter Verteidiger;Reservebank
1121867;Mexiko;CF Monterrey;Jesús Zavala;23;2000000.0;Defensives Mittelfeld;Reservebank
1121867;Mexiko;CF América;Ángel Reyna;26;2000000.0;Hängende Spitze;Reservebank
1121867;Mexiko;CF Monterrey;Aldo de Nigris;27;3000000.0;Mittelstürmer;Reservebank
