GameId;team;club;name;age;value;position;role
1126205;Elfenbeinküste;KSK Beveren;Boubacar Copa;26;900000.0;Torwart;Startaufstellung
1126205;Elfenbeinküste;ES Troyes AC;Blaise Kouassi;31;1800000.0;Innenverteidiger;Startaufstellung
1126205;Elfenbeinküste;US Créteil-Lusitanos;Cyril Domoraud;34;1000000.0;Innenverteidiger;Startaufstellung
1126205;Elfenbeinküste;RC Straßburg Alsace;Arthur Boka;23;2350000.0;Linker Verteidiger;Startaufstellung
1126205;Elfenbeinküste;FC Arsenal;Emmanuel Eboué;23;4500000.0;Rechter Verteidiger;Startaufstellung
1126205;Elfenbeinküste;AS Saint-Étienne;Didier Zokora;25;7000000.0;Defensives Mittelfeld;Startaufstellung
1126205;Elfenbeinküste;Olympiakos Piräus;Yaya Touré;23;8000000.0;Zentrales Mittelfeld;Startaufstellung
1126205;Elfenbeinküste;AJ Auxerre;Kanga Akalé;25;3500000.0;Linksaußen;Startaufstellung
1126205;Elfenbeinküste;LOSC Lille;Abdul Kader Keita;24;2000000.0;Rechtsaußen;Startaufstellung
1126205;Elfenbeinküste;RC Lens;Aruna Dindane;25;4000000.0;Mittelstürmer;Startaufstellung
1126205;Elfenbeinküste;PSV Eindhoven;Arouna Koné;22;6000000.0;Mittelstürmer;Startaufstellung
1126205;Serbien und Montenegro;Ankaraspor;Dragoslav Jevric;31;1000000.0;Torwart;Startaufstellung
1126205;Serbien und Montenegro;Roter Stern Belgrad;Milan Dudic;26;1800000.0;Innenverteidiger;Startaufstellung
1126205;Serbien und Montenegro;Dynamo Kiew;Goran Gavrancic;27;1700000.0;Innenverteidiger;Startaufstellung
1126205;Serbien und Montenegro;FC Schalke 04;Mladen Krstajic;32;5000000.0;Linker Verteidiger;Startaufstellung
1126205;Serbien und Montenegro;Shakhtar Donetsk;Igor Duljaj;26;3500000.0;Rechter Verteidiger;Startaufstellung
1126205;Serbien und Montenegro;FK Partizan Belgrad;Nenad Djordjevic;26;1700000.0;Defensives Mittelfeld;Startaufstellung
1126205;Serbien und Montenegro;Olympiakos Piräus;Predrag Djordjevic;33;2800000.0;Rechtes Mittelfeld;Startaufstellung
1126205;Serbien und Montenegro;FC Basel 1893;Ivan Ergic;25;1800000.0;Linkes Mittelfeld;Startaufstellung
1126205;Serbien und Montenegro;FC Internazionale;Dejan Stanković;27;22000000.0;Offensives Mittelfeld;Startaufstellung
1126205;Serbien und Montenegro;Galatasaray Istanbul;Sasa Ilic;28;4500000.0;Hängende Spitze;Startaufstellung
1126205;Serbien und Montenegro;Roter Stern Belgrad;Nikola Zigic;25;8000000.0;Mittelstürmer;Startaufstellung
1126205;Elfenbeinküste;Esperance Tunis;Jean-Jacques Tizie;33;300000.0;Torwart;Reservebank
1126205;Elfenbeinküste;HSC Montpellier;Gérard Gnanhouan;27;1000000.0;Torwart;Reservebank
1126205;Elfenbeinküste;FC Arsenal;Kolo Touré;25;10000000.0;Innenverteidiger;Reservebank
1126205;Elfenbeinküste;Olympique Marseille;Abdoulaye Méïté;25;4000000.0;Innenverteidiger;Reservebank
1126205;Elfenbeinküste;FC Messina Peloro;Marco Zoro;22;1500000.0;Innenverteidiger;Reservebank
1126205;Elfenbeinküste;Hamburger SV;Guy Demel;25;4750000.0;Rechter Verteidiger;Reservebank
1126205;Elfenbeinküste;Le Mans Union Club 72;Romaric;23;1200000.0;Defensives Mittelfeld;Reservebank
1126205;Elfenbeinküste;BSC Young Boys;Gilles Yapi;24;2500000.0;Defensives Mittelfeld;Reservebank
1126205;Elfenbeinküste;FC Nantes;Emerse Faé;22;3000000.0;Zentrales Mittelfeld;Reservebank
1126205;Elfenbeinküste;FC Paris Saint-Germain;Bonaventure Kalou;28;6500000.0;Offensives Mittelfeld;Reservebank
1126205;Elfenbeinküste;OGC Nizza;Bakari Koné;24;3000000.0;Linksaußen;Reservebank
1126205;Serbien und Montenegro;FK Partizan Belgrad;Albert Nadj;31;1500000.0;Defensives Mittelfeld;Reservebank
1126205;Serbien und Montenegro;Shakhtar Donetsk;Zvonimir Vukic;26;4500000.0;Offensives Mittelfeld;Reservebank
1126205;Serbien und Montenegro;CA Osasuna;Savo Milosevic;32;3600000.0;Mittelstürmer;Reservebank
