GameId;team;club;name;age;value;position;role
1126203;Serbien und Montenegro;Ankaraspor;Dragoslav Jevric;31;1000000.0;Torwart;Startaufstellung
1126203;Serbien und Montenegro;FC Sevilla;Ivica Dragutinovic;30;1500000.0;Innenverteidiger;Startaufstellung
1126203;Serbien und Montenegro;FC Schalke 04;Mladen Krstajic;32;5000000.0;Innenverteidiger;Startaufstellung
1126203;Serbien und Montenegro;Dynamo Kiew;Goran Gavrancic;27;1700000.0;Linker Verteidiger;Startaufstellung
1126203;Serbien und Montenegro;FK Partizan Belgrad;Nenad Djordjevic;26;1700000.0;Rechter Verteidiger;Startaufstellung
1126203;Serbien und Montenegro;Shakhtar Donetsk;Igor Duljaj;26;3500000.0;Zentrales Mittelfeld;Startaufstellung
1126203;Serbien und Montenegro;FC Internazionale;Dejan Stanković;27;22000000.0;Zentrales Mittelfeld;Startaufstellung
1126203;Serbien und Montenegro;FK Partizan Belgrad;Albert Nadj;31;1500000.0;Rechtes Mittelfeld;Startaufstellung
1126203;Serbien und Montenegro;Olympiakos Piräus;Predrag Djordjevic;33;2800000.0;Linkes Mittelfeld;Startaufstellung
1126203;Serbien und Montenegro;CA Osasuna;Savo Milosevic;32;3600000.0;Mittelstürmer;Startaufstellung
1126203;Serbien und Montenegro;Atlético Madrid;Mateja Kezman;27;12500000.0;Mittelstürmer;Startaufstellung
1126203;Niederlande;Manchester United;Edwin van der Sar;35;5500000.0;Torwart;Startaufstellung
1126203;Niederlande;AZ Alkmaar;Joris Mathijsen;26;6000000.0;Innenverteidiger;Startaufstellung
1126203;Niederlande;PSV Eindhoven;André Ooijer;31;2500000.0;Innenverteidiger;Startaufstellung
1126203;Niederlande;FC Barcelona;Giovanni van Bronckhorst;31;6000000.0;Linker Verteidiger;Startaufstellung
1126203;Niederlande;Ajax Amsterdam;Johnny Heitinga;22;4500000.0;Rechter Verteidiger;Startaufstellung
1126203;Niederlande;PSV Eindhoven;Phillip Cocu;35;3500000.0;Defensives Mittelfeld;Startaufstellung
1126203;Niederlande;FC Barcelona;Mark van Bommel;29;12000000.0;Defensives Mittelfeld;Startaufstellung
1126203;Niederlande;Ajax Amsterdam;Wesley Sneijder;22;10000000.0;Offensives Mittelfeld;Startaufstellung
1126203;Niederlande;FC Chelsea;Arjen Robben;22;27500000.0;Linksaußen;Startaufstellung
1126203;Niederlande;FC Arsenal;Robin van Persie;22;7250000.0;Rechtsaußen;Startaufstellung
1126203;Niederlande;Manchester United;Ruud van Nistelrooy;29;36000000.0;Mittelstürmer;Startaufstellung
1126203;Serbien und Montenegro;ZSKA Sofia;Oliver Kovačević;31;500000.0;Torwart;Reservebank
1126203;Serbien und Montenegro;Roter Stern Belgrad;Vladimir Stojkovic;22;2000000.0;Torwart;Reservebank
1126203;Serbien und Montenegro;Roter Stern Belgrad;Milan Dudic;26;1800000.0;Innenverteidiger;Reservebank
1126203;Serbien und Montenegro;Manchester United;Nemanja Vidic‎;24;8500000.0;Innenverteidiger;Reservebank
1126203;Serbien und Montenegro;OFK Belgrad;Dusan Petkovic;31;450000.0;Innenverteidiger;Reservebank
1126203;Serbien und Montenegro;Roter Stern Belgrad;Dusan Basta;21;5000000.0;Rechter Verteidiger;Reservebank
1126203;Serbien und Montenegro;Galatasaray Istanbul;Sasa Ilic;28;4500000.0;Zentrales Mittelfeld;Reservebank
1126203;Serbien und Montenegro;FC Basel 1893;Ivan Ergic;25;1800000.0;Zentrales Mittelfeld;Reservebank
1126203;Serbien und Montenegro;Shakhtar Donetsk;Zvonimir Vukic;26;4500000.0;Offensives Mittelfeld;Reservebank
1126203;Serbien und Montenegro;Terek Grozny;Ognjen Koroman;27;2750000.0;Rechtsaußen;Reservebank
1126203;Serbien und Montenegro;VfB Stuttgart;Danijel Ljuboja;27;3750000.0;Mittelstürmer;Reservebank
1126203;Serbien und Montenegro;Roter Stern Belgrad;Nikola Zigic;25;8000000.0;Mittelstürmer;Reservebank
1126203;Niederlande;AZ Alkmaar;Henk Timmer;34;2500000.0;Torwart;Reservebank
1126203;Niederlande;Ajax Amsterdam;Maarten Stekelenburg;23;2500000.0;Torwart;Reservebank
1126203;Niederlande;AZ Alkmaar;Kew Jaliens;27;1000000.0;Innenverteidiger;Reservebank
1126203;Niederlande;Hamburger SV;Khalid Boulahrouz;24;10500000.0;Innenverteidiger;Reservebank
1126203;Niederlande;AZ Alkmaar;Tim de Cler;27;3250000.0;Linker Verteidiger;Reservebank
1126203;Niederlande;FC Liverpool;Jan Kromkamp;25;8000000.0;Rechter Verteidiger;Reservebank
1126203;Niederlande;Ajax Amsterdam;Hedwiges Maduro;21;3000000.0;Defensives Mittelfeld;Reservebank
1126203;Niederlande;AZ Alkmaar;Denny Landzaat;30;7000000.0;Zentrales Mittelfeld;Reservebank
1126203;Niederlande;Hamburger SV;Rafael van der Vaart;23;21000000.0;Offensives Mittelfeld;Reservebank
1126203;Niederlande;Ajax Amsterdam;Ryan Babel;19;4000000.0;Linksaußen;Reservebank
1126203;Niederlande;Feyenoord Rotterdam;Dirk Kuyt;25;17500000.0;Rechtsaußen;Reservebank
1126203;Niederlande;PSV Eindhoven;Jan Vennegoor of Hesselink;27;6000000.0;Mittelstürmer;Reservebank
