GameId;team;club;name;age;value;position;role
1127606;Chile;Real Sociedad San Sebastián;Claudio Bravo;28;6000000.0;Torwart;Startaufstellung
1127606;Chile;CD Cruz Azul;Waldo Ponce;28;800000.0;Innenverteidiger;Startaufstellung
1127606;Chile;PAOK Thessaloniki;Pablo Contreras;32;4500000.0;Innenverteidiger;Startaufstellung
1127606;Chile;West Bromwich Albion;Gonzalo Jara;25;3000000.0;Innenverteidiger;Startaufstellung
1127606;Chile;FC Sevilla;Gary Medel;23;5000000.0;Innenverteidiger;Startaufstellung
1127606;Chile;Udinese Calcio;Mauricio Isla;23;10000000.0;Rechter Verteidiger;Startaufstellung
1127606;Chile;Atalanta Bergamo;Carlos Carmona;24;1600000.0;Defensives Mittelfeld;Startaufstellung
1127606;Chile;Bayer 04 Leverkusen;Arturo Vidal;24;20000000.0;Zentrales Mittelfeld;Startaufstellung
1127606;Chile;Al-Ahli Dubai Club;Luis Jiménez;27;500000.0;Offensives Mittelfeld;Startaufstellung
1127606;Chile;FC Barcelona;Alexis Sánchez;22;25000000.0;Mittelstürmer;Startaufstellung
1127606;Chile;CF Monterrey;Humberto Suazo;30;6000000.0;Mittelstürmer;Startaufstellung
1127606;Venezuela;Caracas FC;Renny Vega;32;1500000.0;Torwart;Startaufstellung
1127606;Venezuela;Deportivo Anzoátegui SC;Oswaldo Vizcarrondo;27;100000.0;Innenverteidiger;Startaufstellung
1127606;Venezuela;Boyacá Chicó FC;Grenddy Perozo;25;100000.0;Innenverteidiger;Startaufstellung
1127606;Venezuela;Caracas FC;Gabriel Cichero;27;700000.0;Linker Verteidiger;Startaufstellung
1127606;Venezuela;FC Twente Enschede;Roberto Rosales;22;3500000.0;Rechter Verteidiger;Startaufstellung
1127606;Venezuela;Caracas FC;Franklin Lucena;30;100000.0;Defensives Mittelfeld;Startaufstellung
1127606;Venezuela;Hamburger SV;Tomás Rincón;23;2000000.0;Zentrales Mittelfeld;Startaufstellung
1127606;Venezuela;Club de Gimnasia y Esgrima La Plata;César González;28;700000.0;Rechtes Mittelfeld;Startaufstellung
1127606;Venezuela;Borussia Mönchengladbach;Juan Arango;31;3500000.0;Linkes Mittelfeld;Startaufstellung
1127606;Venezuela;FC Getafe;Miku Fedor;25;3500000.0;Hängende Spitze;Startaufstellung
1127606;Venezuela;CF Atlante;Giancarlo Maldonado;29;2000000.0;Mittelstürmer;Startaufstellung
1127606;Chile;Atlas Guadalajara;Miguel Pinto;28;1800000.0;Torwart;Reservebank
1127606;Chile;Club Universidad de Chile;Paulo Garcés;26;750000.0;Torwart;Reservebank
1127606;Chile;Birmingham City;Jean Beausejour;27;2500000.0;Linkes Mittelfeld;Reservebank
1127606;Chile;Flamengo Rio de Janeiro;Gonzalo Fierro;28;500000.0;Rechtes Mittelfeld;Reservebank
1127606;Chile;HSC Montpellier;Marco Estrada;28;2800000.0;Defensives Mittelfeld;Reservebank
1127606;Chile;CD Universidad Católica;Francisco Silva;25;800000.0;Defensives Mittelfeld;Reservebank
1127606;Chile;CD Universidad Católica;Felipe Gutiérrez;20;700000.0;Zentrales Mittelfeld;Reservebank
1127606;Chile;CSD Colo Colo;Rodrigo Millar;29;1000000.0;Zentrales Mittelfeld;Reservebank
1127606;Chile;SE Palmeiras São Paulo;Jorge Valdivia;27;2500000.0;Offensives Mittelfeld;Reservebank
1127606;Chile;Sporting Lissabon;Matías Fernández;25;8300000.000000001;Offensives Mittelfeld;Reservebank
1127606;Chile;CSD Colo Colo;Esteban Paredes;30;1500000.0;Mittelstürmer;Reservebank
1127606;Chile;CSD Colo Colo;Carlos Muñoz;22;700000.0;Mittelstürmer;Reservebank
1127606;Venezuela;Real Murcia;Dani Hernández;25;100000.0;Torwart;Reservebank
1127606;Venezuela;Deportivo Anzoátegui SC;Leonardo Morales;33;100000.0;Torwart;Reservebank
1127606;Venezuela;Deportivo Lara;José Manuel Rey;36;300000.0;Innenverteidiger;Reservebank
1127606;Venezuela;Deportivo Anzoátegui SC;Giácomo di Giorgi;30;100000.0;Innenverteidiger;Reservebank
1127606;Venezuela;Deportivo La Guaira;José Luis Granados;24;150000.0;Linker Verteidiger;Reservebank
1127606;Venezuela;Caracas FC;Alexander González;18;100000.0;Rechter Verteidiger;Reservebank
1127606;Venezuela;Independiente Santa Fe;Luis Manuel Seijas;25;1000000.0;Linkes Mittelfeld;Reservebank
1127606;Venezuela;Atlas Guadalajara;Jesús Meza;25;100000.0;Offensives Mittelfeld;Reservebank
1127606;Venezuela;VfL Wolfsburg;Yohandry Orozco;20;750000.0;Linksaußen;Reservebank
1127606;Venezuela;Deportivo Anzoátegui SC;Daniel Arismendi;29;800000.0;Mittelstürmer;Reservebank
1127606;Venezuela;Vancouver Whitecaps;Alejandro Moreno;32;350000.0;Mittelstürmer;Reservebank
1127606;Venezuela;FC Málaga;José Salomón Rondón;21;5000000.0;Mittelstürmer;Reservebank
