GameId;team;club;name;age;value;position;role
1127605;Brasilien;FC Internazionale;Júlio César;31;19000000.0;Torwart;Startaufstellung
1127605;Brasilien;FC Internazionale;Lúcio;33;9000000.0;Innenverteidiger;Startaufstellung
1127605;Brasilien;AC Mailand;Thiago Silva;26;30000000.0;Innenverteidiger;Startaufstellung
1127605;Brasilien;Fenerbahce Istanbul;André Santos;28;8500000.0;Linker Verteidiger;Startaufstellung
1127605;Brasilien;FC Internazionale;Maicon;29;24500000.0;Rechter Verteidiger;Startaufstellung
1127605;Brasilien;FC Liverpool;Lucas Leiva;24;8500000.0;Defensives Mittelfeld;Startaufstellung
1127605;Brasilien;FC Chelsea;Ramires;24;14000000.0;Zentrales Mittelfeld;Startaufstellung
1127605;Brasilien;FC Santos;Ganso;21;18000000.0;Offensives Mittelfeld;Startaufstellung
1127605;Brasilien;FC Santos;Neymar;19;25000000.0;Linksaußen;Startaufstellung
1127605;Brasilien;AC Mailand;Robinho;27;22000000.0;Rechtsaußen;Startaufstellung
1127605;Brasilien;AC Mailand;Alexandre Pato;21;34000000.0;Mittelstürmer;Startaufstellung
1127605;Paraguay;Estudiantes de La Plata;Justo Villar;34;800000.0;Torwart;Startaufstellung
1127605;Paraguay;UNAM Pumas;Darío Verón;31;2000000.0;Innenverteidiger;Startaufstellung
1127605;Paraguay;Wigan Athletic;Antolín Alcaraz;28;4000000.0;Innenverteidiger;Startaufstellung
1127605;Paraguay;Real Saragossa ;Paulo da Silva;31;2000000.0;Innenverteidiger;Startaufstellung
1127605;Paraguay;Club Atlético San Lorenzo de Almagro;Aureliano Torres;29;1600000.0;Linker Verteidiger;Startaufstellung
1127605;Paraguay;Club Libertad Asunción;Víctor Cáceres;26;800000.0;Defensives Mittelfeld;Startaufstellung
1127605;Paraguay;AFC Sunderland;Cristian Riveros;28;3000000.0;Defensives Mittelfeld;Startaufstellung
1127605;Paraguay;LDU Quito;Enrique Vera;32;1500000.0;Defensives Mittelfeld;Startaufstellung
1127605;Paraguay;FC Le Mans;Marcelo Estigarribia;23;800000.0;Linkes Mittelfeld;Startaufstellung
1127605;Paraguay;Borussia Dortmund;Lucas Barrios;26;17000000.0;Mittelstürmer;Startaufstellung
1127605;Paraguay;Hércules Alicante;Nelson Valdez;27;5000000.0;Mittelstürmer;Startaufstellung
1127605;Brasilien;Grêmio Porto Alegre;Victor;28;6500000.0;Torwart;Reservebank
1127605;Brasilien;Botafogo Rio de Janeiro;Jefferson;28;2500000.0;Torwart;Reservebank
1127605;Brasilien;FC Chelsea;David Luiz;24;20000000.0;Innenverteidiger;Reservebank
1127605;Brasilien;Benfica Lissabon;Luisão;30;9500000.0;Innenverteidiger;Reservebank
1127605;Brasilien;FC Barcelona;Adriano;26;12000000.0;Linker Verteidiger;Reservebank
1127605;Brasilien;FC Barcelona;Dani Alves;28;35000000.0;Rechter Verteidiger;Reservebank
1127605;Brasilien;Atlético Madrid;Elias;26;7000000.0;Zentrales Mittelfeld;Reservebank
1127605;Brasilien;Shakhtar Donetsk;Jádson;27;7500000.0;Offensives Mittelfeld;Reservebank
1127605;Brasilien;FC Santos;Elano;30;5000000.0;Offensives Mittelfeld;Reservebank
1127605;Brasilien;FC São Paulo;Lucas;18;10000000.0;Rechtsaußen;Reservebank
1127605;Brasilien;Fluminense Rio de Janeiro;Fred;27;7500000.0;Mittelstürmer;Reservebank
1127605;Paraguay;Club Cerro Porteño;Diego Barreto;30;250000.0;Torwart;Reservebank
1127605;Paraguay;Club Cerro Porteño;Roberto Fernández;23;800000.0;Torwart;Reservebank
1127605;Paraguay;Racing Club de Avellaneda;Marcos Cáceres;25;1000000.0;Innenverteidiger;Reservebank
1127605;Paraguay;Club Guaraní;Elvis Israel Marecos;31;250000.0;Linker Verteidiger;Reservebank
1127605;Paraguay;FC São Paulo;Iván Piris;22;250000.0;Rechter Verteidiger;Reservebank
1127605;Paraguay;Atalanta Bergamo;Édgar Barreto;27;3500000.0;Zentrales Mittelfeld;Reservebank
1127605;Paraguay;CF Atlante;Osvaldo Martínez;25;2500000.0;Zentrales Mittelfeld;Reservebank
1127605;Paraguay;Club Atlético San Lorenzo de Almagro;Néstor Ortigoza;26;2300000.0;Zentrales Mittelfeld;Reservebank
1127605;Paraguay;Kayserispor;Jonathan Santana;29;2500000.0;Zentrales Mittelfeld;Reservebank
1127605;Paraguay;FC Villarreal;Hernán Pérez;22;1000000.0;Rechtsaußen;Reservebank
1127605;Paraguay;Olimpia Asunción;Pablo Zeballos;25;850000.0;Hängende Spitze;Reservebank
1127605;Paraguay;Manchester City;Roque Santa Cruz;29;5000000.0;Mittelstürmer;Reservebank
