GameId;team;club;name;age;value;position;role
1129108;Peru;OGC Nizza;Raúl Fernández;25;750000.0;Torwart;Startaufstellung
1129108;Peru;Sporting Lissabon;Alberto Rodríguez;27;5800000.0;Innenverteidiger;Startaufstellung
1129108;Peru;Alianza Lima;Christian Ramos;22;300000.0;Innenverteidiger;Startaufstellung
1129108;Peru;Universidad San Martín de Porres;Aldo Corzo;22;150000.0;Rechter Verteidiger;Startaufstellung
1129108;Peru;Universitario de Deportes;Renzo Revoredo;25;400000.0;Rechter Verteidiger;Startaufstellung
1129108;Peru;Universidad San Martín de Porres;Adán Balbín;24;200000.0;Defensives Mittelfeld;Startaufstellung
1129108;Peru;Sporting Cristal Lima;Yoshimar Yotún;21;150000.0;Zentrales Mittelfeld;Startaufstellung
1129108;Peru;Club Juan Aurich;Rinaldo Cruzado;26;300000.0;Zentrales Mittelfeld;Startaufstellung
1129108;Peru;Sporting Cristal Lima;Carlos Lobatón;31;300000.0;Zentrales Mittelfeld;Startaufstellung
1129108;Peru;Club Juan Aurich;William Chiroque;31;300000.0;Offensives Mittelfeld;Startaufstellung
1129108;Peru;Hamburger SV;Paolo Guerrero;27;4500000.0;Mittelstürmer;Startaufstellung
1129108;Venezuela;Caracas FC;Renny Vega;32;1500000.0;Torwart;Startaufstellung
1129108;Venezuela;Deportivo Anzoátegui SC;Oswaldo Vizcarrondo;27;100000.0;Innenverteidiger;Startaufstellung
1129108;Venezuela;Deportivo Lara;José Manuel Rey;36;300000.0;Innenverteidiger;Startaufstellung
1129108;Venezuela;Caracas FC;Gabriel Cichero;27;700000.0;Linker Verteidiger;Startaufstellung
1129108;Venezuela;FC Twente Enschede;Roberto Rosales;22;3500000.0;Rechter Verteidiger;Startaufstellung
1129108;Venezuela;Hamburger SV;Tomás Rincón;23;2000000.0;Defensives Mittelfeld;Startaufstellung
1129108;Venezuela;Independiente Santa Fe;Luis Manuel Seijas;25;1000000.0;Zentrales Mittelfeld;Startaufstellung
1129108;Venezuela;VfL Wolfsburg;Yohandry Orozco;20;750000.0;Linksaußen;Startaufstellung
1129108;Venezuela;Club de Gimnasia y Esgrima La Plata;César González;28;700000.0;Rechtsaußen;Startaufstellung
1129108;Venezuela;FC Getafe;Miku Fedor;25;3500000.0;Hängende Spitze;Startaufstellung
1129108;Venezuela;CF Atlante;Giancarlo Maldonado;29;2000000.0;Mittelstürmer;Startaufstellung
1129108;Peru;Universidad San Martín de Porres;Leao Butrón;34;400000.0;Torwart;Reservebank
1129108;Peru;Alianza Lima;Salomón Libman;27;400000.0;Torwart;Reservebank
1129108;Peru;Sporting Cristal Lima;Wálter Vílchez;29;500000.0;Innenverteidiger;Reservebank
1129108;Peru;UD Almería;Santiago Acasiete;33;700000.0;Innenverteidiger;Reservebank
1129108;Peru;Sporting Cristal Lima;Luis Advíncula;21;250000.0;Rechter Verteidiger;Reservebank
1129108;Peru;Club Atlético San Lorenzo de Almagro;Giancarlo Carmona;25;1200000.0;Rechter Verteidiger;Reservebank
1129108;Peru;Universidad San Martín de Porres;Josepmir Ballón;23;500000.0;Defensives Mittelfeld;Reservebank
1129108;Peru;Universitario de Deportes;Antonio Gonzales;25;300000.0;Defensives Mittelfeld;Reservebank
1129108;Peru;Sport Boys Callao;Michael Guevara;27;200000.0;Offensives Mittelfeld;Reservebank
1129108;Peru;Sporting Lissabon;André Carrillo;20;400000.0;Rechtsaußen;Reservebank
1129108;Peru;Universitario de Deportes;Raúl Ruidíaz;20;300000.0;Mittelstürmer;Reservebank
1129108;Venezuela;Real Murcia;Dani Hernández;25;100000.0;Torwart;Reservebank
1129108;Venezuela;Deportivo Anzoátegui SC;Leonardo Morales;33;100000.0;Torwart;Reservebank
1129108;Venezuela;Boyacá Chicó FC;Grenddy Perozo;25;100000.0;Innenverteidiger;Reservebank
1129108;Venezuela;Deportivo Anzoátegui SC;Giácomo di Giorgi;30;100000.0;Innenverteidiger;Reservebank
1129108;Venezuela;Caracas FC;Franklin Lucena;30;100000.0;Innenverteidiger;Reservebank
1129108;Venezuela;Deportivo La Guaira;José Luis Granados;24;150000.0;Linker Verteidiger;Reservebank
1129108;Venezuela;Caracas FC;Alexander González;18;100000.0;Rechter Verteidiger;Reservebank
1129108;Venezuela;Atlas Guadalajara;Jesús Meza;25;100000.0;Offensives Mittelfeld;Reservebank
1129108;Venezuela;Borussia Mönchengladbach;Juan Arango;31;3500000.0;Linksaußen;Reservebank
1129108;Venezuela;Deportivo Anzoátegui SC;Daniel Arismendi;29;800000.0;Mittelstürmer;Reservebank
1129108;Venezuela;Vancouver Whitecaps;Alejandro Moreno;32;350000.0;Mittelstürmer;Reservebank
1129108;Venezuela;FC Málaga;José Salomón Rondón;21;5000000.0;Mittelstürmer;Reservebank
