GameId;team;club;name;age;value;position;role
1168998;Niederlande;AS Rom;Maarten Stekelenburg;29;9000000.0;Torwart;Startaufstellung
1168998;Niederlande;FC Everton;Johnny Heitinga;28;10000000.0;Innenverteidiger;Startaufstellung
1168998;Niederlande;Feyenoord Rotterdam;Ron Vlaar;27;5000000.0;Innenverteidiger;Startaufstellung
1168998;Niederlande;PSV Eindhoven;Jetro Willems;18;1500000.0;Linker Verteidiger;Startaufstellung
1168998;Niederlande;Ajax Amsterdam;Gregory van der Wiel;24;10000000.0;Rechter Verteidiger;Startaufstellung
1168998;Niederlande;AC Mailand;Mark van Bommel;35;2500000.0;Defensives Mittelfeld;Startaufstellung
1168998;Niederlande;Manchester City;Nigel de Jong;27;17000000.0;Defensives Mittelfeld;Startaufstellung
1168998;Niederlande;FC Internazionale;Wesley Sneijder;28;32000000.0;Offensives Mittelfeld;Startaufstellung
1168998;Niederlande;FC Barcelona;Ibrahim Afellay;26;10000000.0;Linksaußen;Startaufstellung
1168998;Niederlande;FC Bayern München;Arjen Robben;28;32000000.0;Rechtsaußen;Startaufstellung
1168998;Niederlande;FC Arsenal;Robin van Persie;28;45000000.0;Mittelstürmer;Startaufstellung
1168998;Dänemark;FC Évian Thonon Gaillard;Stephan Andersen;30;2000000.0;Torwart;Startaufstellung
1168998;Dänemark;FC Liverpool;Daniel Agger;27;13000000.0;Innenverteidiger;Startaufstellung
1168998;Dänemark;AS Rom;Simon Kjaer;23;8000000.0;Innenverteidiger;Startaufstellung
1168998;Dänemark;AZ Alkmaar;Simon Poulsen;27;3500000.0;Linker Verteidiger;Startaufstellung
1168998;Dänemark;FC Kopenhagen;Lars Jacobsen;32;1500000.0;Rechter Verteidiger;Startaufstellung
1168998;Dänemark;VfB Stuttgart;William Kvist;27;7000000.0;Defensives Mittelfeld;Startaufstellung
1168998;Dänemark;FC Brügge;Niki Zimling;27;2500000.0;Defensives Mittelfeld;Startaufstellung
1168998;Dänemark;Ajax Amsterdam;Christian Eriksen;20;13000000.0;Offensives Mittelfeld;Startaufstellung
1168998;Dänemark;Bröndby IF;Michael Krohn-Dehli;29;3500000.0;Linksaußen;Startaufstellung
1168998;Dänemark;Bröndby IF;Dennis Rommedahl;33;1500000.0;Rechtsaußen;Startaufstellung
1168998;Dänemark;FC Arsenal;Nicklas Bendtner;24;7500000.0;Mittelstürmer;Startaufstellung
1168998;Niederlande;Newcastle United;Tim Krul;24;6000000.0;Torwart;Reservebank
1168998;Niederlande;Swansea City;Michel Vorm;28;8000000.0;Torwart;Reservebank
1168998;Niederlande;FC Málaga;Joris Mathijsen;32;3500000.0;Innenverteidiger;Reservebank
1168998;Niederlande;VfB Stuttgart;Khalid Boulahrouz;30;3000000.0;Innenverteidiger;Reservebank
1168998;Niederlande;PSV Eindhoven;Wilfred Bouma;33;3000000.0;Linker Verteidiger;Reservebank
1168998;Niederlande;Sporting Lissabon;Stijn Schaars;28;7000000.0;Offensives Mittelfeld;Reservebank
1168998;Niederlande;PSV Eindhoven;Kevin Strootman;22;8000000.0;Zentrales Mittelfeld;Reservebank
1168998;Niederlande;Tottenham Hotspur;Rafael van der Vaart;29;25000000.0;Zentrales Mittelfeld;Reservebank
1168998;Niederlande;FC Liverpool;Dirk Kuyt;31;8000000.0;Rechtsaußen;Reservebank
1168998;Niederlande;SC Heerenveen;Luciano Narsingh;21;3500000.0;Rechtsaußen;Reservebank
1168998;Niederlande;FC Schalke 04;Klaas-Jan Huntelaar;28;20000000.0;Mittelstürmer;Reservebank
1168998;Niederlande;FC Twente Enschede;Luuk de Jong;21;8000000.0;Mittelstürmer;Reservebank
1168998;Dänemark;Manchester United;Anders Lindegaard;28;5000000.0;Torwart;Reservebank
1168998;Dänemark;Leicester City;Kasper Schmeichel;25;2000000.0;Torwart;Reservebank
1168998;Dänemark;FC Nordsjaelland;Andreas Bjelland;23;2000000.0;Innenverteidiger;Reservebank
1168998;Dänemark;FC Nordsjaelland;Jores Okore;19;1000000.0;Innenverteidiger;Reservebank
1168998;Dänemark;FC Évian Thonon Gaillard;Christian Poulsen;32;2250000.0;Defensives Mittelfeld;Reservebank
1168998;Dänemark;NEC Nijmegen;Lasse Schöne;26;2500000.0;Offensives Mittelfeld;Reservebank
1168998;Dänemark;BSC Young Boys;Michael Silberbauer;30;1000000.0;Zentrales Mittelfeld;Reservebank
1168998;Dänemark;FC Évian Thonon Gaillard;Daniel Wass;23;3000000.0;Zentrales Mittelfeld;Reservebank
1168998;Dänemark;FC Midtjylland;Jakob Poulsen;28;2000000.0;Zentrales Mittelfeld;Reservebank
1168998;Dänemark;FC Évian Thonon Gaillard;Thomas Kahlenberg;29;2250000.0;Zentrales Mittelfeld;Reservebank
1168998;Dänemark;FC Nordsjaelland;Tobias Mikkelsen;25;850000.0;Rechtsaußen;Reservebank
1168998;Dänemark;FC Groningen;Nicklas Pedersen;24;1250000.0;Mittelstürmer;Reservebank
