GameId;team;club;name;age;value;position;role
1168992;Polen;FC Arsenal;Wojciech Szczesny;22;12000000.0;Torwart;Startaufstellung
1168992;Polen;RSC Anderlecht;Marcin Wasilewski;31;1500000.0;Innenverteidiger;Startaufstellung
1168992;Polen;FC Sochaux-Montbéliard;Damien Perquis;28;3000000.0;Innenverteidiger;Startaufstellung
1168992;Polen;SV Werder Bremen;Sebastian Boenisch;25;1250000.0;Linker Verteidiger;Startaufstellung
1168992;Polen;Borussia Dortmund;Lukasz Piszczek;27;9000000.0;Rechter Verteidiger;Startaufstellung
1168992;Polen;1.FSV Mainz 05;Eugen Polanski;26;4000000.0;Defensives Mittelfeld;Startaufstellung
1168992;Polen;Lech Posen;Rafal Murawski;30;2000000.0;Defensives Mittelfeld;Startaufstellung
1168992;Polen;FC Girondins Bordeaux;Ludovic Obraniak;27;4000000.0;Offensives Mittelfeld;Startaufstellung
1168992;Polen;Terek Grozny;Maciej Rybus;22;2000000.0;Linksaußen;Startaufstellung
1168992;Polen;Borussia Dortmund;Jakub Blaszczykowski;26;7000000.0;Rechtsaußen;Startaufstellung
1168992;Polen;Borussia Dortmund;Robert Lewandowski;23;15000000.0;Mittelstürmer;Startaufstellung
1168992;Griechenland;PAOK Thessaloniki;Konstantinos Chalkias;38;600000.0;Torwart;Startaufstellung
1168992;Griechenland;Olympiakos Piräus;Avraam Papadopoulos;27;4500000.0;Innenverteidiger;Startaufstellung
1168992;Griechenland;SV Werder Bremen;Sokratis;23;8000000.0;Innenverteidiger;Startaufstellung
1168992;Griechenland;Olympiakos Piräus;José Holebas;27;2750000.0;Linker Verteidiger;Startaufstellung
1168992;Griechenland;Olympiakos Piräus;Vasilios Torosidis;26;7500000.0;Rechter Verteidiger;Startaufstellung
1168992;Griechenland;Panathinaikos Athen;Konstantinos Katsouranis;32;4500000.0;Defensives Mittelfeld;Startaufstellung
1168992;Griechenland;Olympiakos Piräus;Giannis Maniatis;25;3000000.0;Zentrales Mittelfeld;Startaufstellung
1168992;Griechenland;Panathinaikos Athen;Georgios Karagounis;35;2000000.0;Zentrales Mittelfeld;Startaufstellung
1168992;Griechenland;Celtic Glasgow;Georgios Samaras;27;3000000.0;Linksaußen;Startaufstellung
1168992;Griechenland;Panathinaikos Athen;Sotiris Ninis;22;6000000.0;Rechtsaußen;Startaufstellung
1168992;Griechenland;Samsunspor;Theofanis Gekas;32;2000000.0;Mittelstürmer;Startaufstellung
1168992;Polen;Jagiellonia Bialystok;Grzegorz Sandomierski;22;1200000.0;Torwart;Reservebank
1168992;Polen;PSV Eindhoven;Przemyslaw Tyton;25;3000000.0;Torwart;Reservebank
1168992;Polen;Lech Posen;Marcin Kaminski;20;600000.0;Innenverteidiger;Reservebank
1168992;Polen;AJ Auxerre;Dariusz Dudka;28;2500000.0;Innenverteidiger;Reservebank
1168992;Polen;Legia Warschau;Jakub Wawrzyniak;28;1000000.0;Linker Verteidiger;Reservebank
1168992;Polen;Lech Posen;Grzegorz Wojtkowiak;28;1200000.0;Rechter Verteidiger;Reservebank
1168992;Polen;Fortuna Düsseldorf;Adam Matuszczyk;23;2000000.0;Defensives Mittelfeld;Reservebank
1168992;Polen;Trabzonspor;Adrian Mierzejewski;25;4250000.0;Offensives Mittelfeld;Reservebank
1168992;Polen;Legia Warschau;Rafal Wolski;19;1100000.0;Offensives Mittelfeld;Reservebank
1168992;Polen;Sivasspor;Kamil Grosicki;24;4000000.0;Rechtsaußen;Reservebank
1168992;Polen;Hannover 96;Artur Sobiech;21;1750000.0;Mittelstürmer;Reservebank
1168992;Polen;Celtic Glasgow;Pawel Brozek;29;2000000.0;Mittelstürmer;Reservebank
1168992;Griechenland;US Palermo;Alexandros Tzorvas;29;2000000.0;Torwart;Reservebank
1168992;Griechenland;Aris Thessaloniki;Michalis Sifakis;27;3500000.0;Torwart;Reservebank
1168992;Griechenland;AS Monaco;Georgios Tzavellas;24;1750000.0;Innenverteidiger;Reservebank
1168992;Griechenland;PAOK Thessaloniki;Stelios Malezas;27;2750000.0;Innenverteidiger;Reservebank
1168992;Griechenland;FC Schalke 04;Kyriakos Papadopoulos;20;9000000.0;Innenverteidiger;Reservebank
1168992;Griechenland;AEK Athen;Grigoris Makos;25;3500000.0;Defensives Mittelfeld;Reservebank
1168992;Griechenland;PAOK Thessaloniki;Georgios Fotakis;30;3250000.0;Zentrales Mittelfeld;Reservebank
1168992;Griechenland;1.FC Kaiserslautern;Konstantinos Fortounis;19;1500000.0;Linksaußen;Reservebank
1168992;Griechenland;Olympiakos Piräus;Giannis Fetfatzidis;21;4250000.0;Rechtsaußen;Reservebank
1168992;Griechenland;PAOK Thessaloniki;Dimitrios Salpingidis;30;4500000.0;Rechtsaußen;Reservebank
1168992;Griechenland;Atromitos Athen;Konstantinos Mitroglou;24;3500000.0;Mittelstürmer;Reservebank
1168992;Griechenland;AEK Athen;Nikolaos Lyberopoulos;36;600000.0;Mittelstürmer;Reservebank
