GameId;team;club;name;age;value;position;role
1168996;Griechenland;Aris Thessaloniki;Michalis Sifakis;27;3500000.0;Torwart;Startaufstellung
1168996;Griechenland;FC Schalke 04;Kyriakos Papadopoulos;20;9000000.0;Innenverteidiger;Startaufstellung
1168996;Griechenland;SV Werder Bremen;Sokratis;24;8000000.0;Innenverteidiger;Startaufstellung
1168996;Griechenland;AS Monaco;Georgios Tzavellas;24;1750000.0;Linker Verteidiger;Startaufstellung
1168996;Griechenland;Olympiakos Piräus;Vasilios Torosidis;27;7500000.0;Rechter Verteidiger;Startaufstellung
1168996;Griechenland;Olympiakos Piräus;Giannis Maniatis;25;3000000.0;Defensives Mittelfeld;Startaufstellung
1168996;Griechenland;Panathinaikos Athen;Konstantinos Katsouranis;32;4500000.0;Defensives Mittelfeld;Startaufstellung
1168996;Griechenland;Panathinaikos Athen;Georgios Karagounis;35;2000000.0;Offensives Mittelfeld;Startaufstellung
1168996;Griechenland;Celtic Glasgow;Georgios Samaras;27;3000000.0;Linksaußen;Startaufstellung
1168996;Griechenland;PAOK Thessaloniki;Dimitrios Salpingidis;30;4500000.0;Rechtsaußen;Startaufstellung
1168996;Griechenland;Samsunspor;Theofanis Gekas;32;2000000.0;Mittelstürmer;Startaufstellung
1168996;Russland;Zenit St. Petersburg;Vyacheslav Malafeev;33;6500000.0;Torwart;Startaufstellung
1168996;Russland;ZSKA Moskau;Aleksey Berezutski;29;4500000.0;Innenverteidiger;Startaufstellung
1168996;Russland;ZSKA Moskau;Sergey Ignashevich;32;6000000.0;Innenverteidiger;Startaufstellung
1168996;Russland;Anzhi Makhachkala;Yuri Zhirkov;28;12000000.0;Linker Verteidiger;Startaufstellung
1168996;Russland;Zenit St. Petersburg;Aleksandr Anyukov;29;9000000.0;Rechter Verteidiger;Startaufstellung
1168996;Russland;Zenit St. Petersburg;Igor Denisov;28;14000000.0;Defensives Mittelfeld;Startaufstellung
1168996;Russland;Lokomotiv Moskau;Denis Glushakov;25;8000000.0;Zentrales Mittelfeld;Startaufstellung
1168996;Russland;Zenit St. Petersburg;Roman Shirokov;30;5000000.0;Zentrales Mittelfeld;Startaufstellung
1168996;Russland;FC Arsenal;Andrey Arshavin;31;11000000.0;Linksaußen;Startaufstellung
1168996;Russland;ZSKA Moskau;Alan Dzagoev;21;16000000.0;Rechtsaußen;Startaufstellung
1168996;Russland;Zenit St. Petersburg;Aleksandr Kerzhakov;29;13000000.0;Mittelstürmer;Startaufstellung
1168996;Griechenland;PAOK Thessaloniki;Konstantinos Chalkias;38;600000.0;Torwart;Reservebank
1168996;Griechenland;US Palermo;Alexandros Tzorvas;29;2000000.0;Torwart;Reservebank
1168996;Griechenland;PAOK Thessaloniki;Stelios Malezas;27;2750000.0;Innenverteidiger;Reservebank
1168996;Griechenland;Olympiakos Piräus;José Holebas;27;2750000.0;Linksaußen;Reservebank
1168996;Griechenland;AEK Athen;Grigoris Makos;25;3500000.0;Defensives Mittelfeld;Reservebank
1168996;Griechenland;PAOK Thessaloniki;Georgios Fotakis;30;3250000.0;Zentrales Mittelfeld;Reservebank
1168996;Griechenland;1.FC Kaiserslautern;Konstantinos Fortounis;19;1500000.0;Offensives Mittelfeld;Reservebank
1168996;Griechenland;Panathinaikos Athen;Sotiris Ninis;22;6000000.0;Rechtsaußen;Reservebank
1168996;Griechenland;Olympiakos Piräus;Giannis Fetfatzidis;21;4250000.0;Rechtsaußen;Reservebank
1168996;Griechenland;Atromitos Athen;Konstantinos Mitroglou;24;3500000.0;Mittelstürmer;Reservebank
1168996;Griechenland;AEK Athen;Nikolaos Lyberopoulos;36;600000.0;Mittelstürmer;Reservebank
1168996;Russland;Dinamo Moskau;Anton Shunin;25;4500000.0;Torwart;Reservebank
1168996;Russland;ZSKA Moskau;Igor Akinfeev;26;17000000.0;Torwart;Reservebank
1168996;Russland;Rubin Kazan;Roman Sharonov;35;700000.0;Defensives Mittelfeld;Reservebank
1168996;Russland;Dinamo Moskau;Vladimir Granat;25;2800000.0;Innenverteidiger;Reservebank
1168996;Russland;Spartak Moskau;Dmitri Kombarov;25;5000000.0;Linker Verteidiger;Reservebank
1168996;Russland;ZSKA Moskau;Kirill Nababkin;25;3500000.0;Rechter Verteidiger;Reservebank
1168996;Russland;Sporting Lissabon;Marat Izmailov;29;5000000.0;Rechtsaußen;Reservebank
1168996;Russland;Dinamo Moskau;Igor Semshov;34;3000000.0;Zentrales Mittelfeld;Reservebank
1168996;Russland;FC Fulham;Pavel Pogrebnyak;28;3500000.0;Mittelstürmer;Reservebank
1168996;Russland;Lokomotiv Moskau;Roman Pavlyuchenko;30;8500000.0;Mittelstürmer;Reservebank
