GameId;team;club;name;age;value;position;role
1168995;Polen;PSV Eindhoven;Przemyslaw Tyton;25;3000000.0;Torwart;Startaufstellung
1168995;Polen;RSC Anderlecht;Marcin Wasilewski;32;1500000.0;Innenverteidiger;Startaufstellung
1168995;Polen;FC Sochaux-Montbéliard;Damien Perquis;28;3000000.0;Innenverteidiger;Startaufstellung
1168995;Polen;SV Werder Bremen;Sebastian Boenisch;25;1250000.0;Linker Verteidiger;Startaufstellung
1168995;Polen;Borussia Dortmund;Lukasz Piszczek;27;9000000.0;Rechter Verteidiger;Startaufstellung
1168995;Polen;AJ Auxerre;Dariusz Dudka;28;2500000.0;Defensives Mittelfeld;Startaufstellung
1168995;Polen;1.FSV Mainz 05;Eugen Polanski;26;4000000.0;Defensives Mittelfeld;Startaufstellung
1168995;Polen;Lech Posen;Rafal Murawski;30;2000000.0;Defensives Mittelfeld;Startaufstellung
1168995;Polen;FC Girondins Bordeaux;Ludovic Obraniak;27;4000000.0;Offensives Mittelfeld;Startaufstellung
1168995;Polen;Borussia Dortmund;Jakub Blaszczykowski;26;7000000.0;Hängende Spitze;Startaufstellung
1168995;Polen;Borussia Dortmund;Robert Lewandowski;23;15000000.0;Mittelstürmer;Startaufstellung
1168995;Russland;Zenit St. Petersburg;Vyacheslav Malafeev;33;6500000.0;Torwart;Startaufstellung
1168995;Russland;ZSKA Moskau;Aleksey Berezutski;29;4500000.0;Innenverteidiger;Startaufstellung
1168995;Russland;ZSKA Moskau;Sergey Ignashevich;32;6000000.0;Innenverteidiger;Startaufstellung
1168995;Russland;Anzhi Makhachkala;Yuri Zhirkov;28;12000000.0;Linker Verteidiger;Startaufstellung
1168995;Russland;Zenit St. Petersburg;Aleksandr Anyukov;29;9000000.0;Rechter Verteidiger;Startaufstellung
1168995;Russland;Zenit St. Petersburg;Igor Denisov;28;14000000.0;Defensives Mittelfeld;Startaufstellung
1168995;Russland;Zenit St. Petersburg;Roman Shirokov;30;5000000.0;Zentrales Mittelfeld;Startaufstellung
1168995;Russland;Zenit St. Petersburg;Konstantin Zyryanov;34;1200000.0;Zentrales Mittelfeld;Startaufstellung
1168995;Russland;FC Arsenal;Andrey Arshavin;31;11000000.0;Linksaußen;Startaufstellung
1168995;Russland;ZSKA Moskau;Alan Dzagoev;21;16000000.0;Rechtsaußen;Startaufstellung
1168995;Russland;Zenit St. Petersburg;Aleksandr Kerzhakov;29;13000000.0;Mittelstürmer;Startaufstellung
1168995;Polen;Jagiellonia Bialystok;Grzegorz Sandomierski;22;1200000.0;Torwart;Reservebank
1168995;Polen;Lech Posen;Marcin Kaminski;20;600000.0;Innenverteidiger;Reservebank
1168995;Polen;Legia Warschau;Jakub Wawrzyniak;28;1000000.0;Linker Verteidiger;Reservebank
1168995;Polen;Lech Posen;Grzegorz Wojtkowiak;28;1200000.0;Rechter Verteidiger;Reservebank
1168995;Polen;Fortuna Düsseldorf;Adam Matuszczyk;23;2000000.0;Defensives Mittelfeld;Reservebank
1168995;Polen;Terek Grozny;Maciej Rybus;22;2000000.0;Linkes Mittelfeld;Reservebank
1168995;Polen;Trabzonspor;Adrian Mierzejewski;25;4250000.0;Offensives Mittelfeld;Reservebank
1168995;Polen;Legia Warschau;Rafal Wolski;19;1100000.0;Offensives Mittelfeld;Reservebank
1168995;Polen;Sivasspor;Kamil Grosicki;24;4000000.0;Rechtsaußen;Reservebank
1168995;Polen;Hannover 96;Artur Sobiech;22;1750000.0;Mittelstürmer;Reservebank
1168995;Polen;Celtic Glasgow;Pawel Brozek;29;2000000.0;Mittelstürmer;Reservebank
1168995;Russland;Dinamo Moskau;Anton Shunin;25;4500000.0;Torwart;Reservebank
1168995;Russland;ZSKA Moskau;Igor Akinfeev;26;17000000.0;Torwart;Reservebank
1168995;Russland;Rubin Kazan;Roman Sharonov;35;700000.0;Innenverteidiger;Reservebank
1168995;Russland;Dinamo Moskau;Vladimir Granat;25;2800000.0;Innenverteidiger;Reservebank
1168995;Russland;Spartak Moskau;Dmitri Kombarov;25;5000000.0;Linker Verteidiger;Reservebank
1168995;Russland;ZSKA Moskau;Kirill Nababkin;25;3500000.0;Rechter Verteidiger;Reservebank
1168995;Russland;Lokomotiv Moskau;Denis Glushakov;25;8000000.0;Zentrales Mittelfeld;Reservebank
1168995;Russland;Sporting Lissabon;Marat Izmailov;29;5000000.0;Rechtsaußen;Reservebank
1168995;Russland;Dinamo Moskau;Igor Semshov;34;3000000.0;Zentrales Mittelfeld;Reservebank
1168995;Russland;FC Fulham;Pavel Pogrebnyak;28;3500000.0;Mittelstürmer;Reservebank
1168995;Russland;Lokomotiv Moskau;Roman Pavlyuchenko;30;8500000.0;Mittelstürmer;Reservebank
1168995;Russland;Dinamo Moskau;Aleksandr Kokorin;21;2500000.0;Mittelstürmer;Reservebank
