GameId;team;club;name;age;value;position;role
1169012;Schweden;PSV Eindhoven;Andreas Isaksson;30;4000000.0;Torwart;Startaufstellung
1169012;Schweden;West Bromwich Albion;Jonas Olsson;29;3000000.0;Innenverteidiger;Startaufstellung
1169012;Schweden;Olympiakos Piräus;Olof Mellberg;34;3250000.0;Innenverteidiger;Startaufstellung
1169012;Schweden;Blackburn Rovers;Martin Olsson;24;3500000.0;Linker Verteidiger;Startaufstellung
1169012;Schweden;FC Genua 1893;Andreas Granqvist;27;3800000.0;Rechter Verteidiger;Startaufstellung
1169012;Schweden;IF Elfsborg Boras;Anders Svensson;35;1000000.0;Defensives Mittelfeld;Startaufstellung
1169012;Schweden;Olympique Lyon;Kim Källström;29;8500000.0;Zentrales Mittelfeld;Startaufstellung
1169012;Schweden;AFC Sunderland;Sebastian Larsson;27;8000000.0;Rechtes Mittelfeld;Startaufstellung
1169012;Schweden;AZ Alkmaar;Rasmus Elm;24;7500000.0;Linkes Mittelfeld;Startaufstellung
1169012;Schweden;AC Mailand;Zlatan Ibrahimovic;30;37000000.0;Hängende Spitze;Startaufstellung
1169012;Schweden;Galatasaray Istanbul;Johan Elmander;31;8000000.0;Mittelstürmer;Startaufstellung
1169012;England;Manchester City;Joe Hart;25;21000000.0;Torwart;Startaufstellung
1169012;England;Manchester City;Joleon Lescott;29;15000000.0;Innenverteidiger;Startaufstellung
1169012;England;FC Chelsea;John Terry;31;24000000.0;Innenverteidiger;Startaufstellung
1169012;England;FC Chelsea;Ashley Cole;31;17000000.0;Linker Verteidiger;Startaufstellung
1169012;England;FC Liverpool;Glen Johnson;27;14000000.0;Rechter Verteidiger;Startaufstellung
1169012;England;FC Liverpool;Steven Gerrard;32;21000000.0;Zentrales Mittelfeld;Startaufstellung
1169012;England;Tottenham Hotspur;Scott Parker;31;14000000.0;Zentrales Mittelfeld;Startaufstellung
1169012;England;Manchester City;James Milner;26;20000000.0;Rechtes Mittelfeld;Startaufstellung
1169012;England;Manchester United;Ashley Young;26;25000000.0;Linkes Mittelfeld;Startaufstellung
1169012;England;Manchester United;Danny Welbeck;21;13000000.0;Hängende Spitze;Startaufstellung
1169012;England;FC Liverpool;Andy Carroll;23;17000000.0;Mittelstürmer;Startaufstellung
1169012;Schweden;FC Kopenhagen;Johan Wiland;31;2500000.0;Torwart;Reservebank
1169012;Schweden;Helsingborgs IF;Pär Hansson;25;2500000.0;Torwart;Reservebank
1169012;Schweden;FC Bologna;Mikael Antonsson;31;1500000.0;Innenverteidiger;Reservebank
1169012;Schweden;RSC Anderlecht;Behrang Safari;27;2500000.0;Linker Verteidiger;Reservebank
1169012;Schweden;Celtic Glasgow;Mikael Lustig;25;1900000.0;Rechter Verteidiger;Reservebank
1169012;Schweden;ZSKA Moskau;Pontus Wernbloom;25;3500000.0;Defensives Mittelfeld;Reservebank
1169012;Schweden;Istanbul Büyüksehir Belediyespor;Samuel Holmén;27;4000000.0;Offensives Mittelfeld;Reservebank
1169012;Schweden;FC Twente Enschede;Emir Bajrami;24;2000000.0;Rechtsaußen;Reservebank
1169012;Schweden;Al-Hilal Riad;Christian Wilhelmsson;32;1000000.0;Linksaußen;Reservebank
1169012;Schweden;IFK Göteborg;Tobias Hysén;30;2000000.0;Mittelstürmer;Reservebank
1169012;Schweden;PSV Eindhoven;Ola Toivonen;25;8000000.0;Mittelstürmer;Reservebank
1169012;Schweden;SV Werder Bremen;Markus Rosenberg;29;3000000.0;Mittelstürmer;Reservebank
1169012;England;West Ham United;Robert Green;32;4500000.0;Torwart;Reservebank
1169012;England;Birmingham City;Jack Butland;19;250000.0;Torwart;Reservebank
1169012;England;Manchester United;Phil Jones;20;18000000.0;Innenverteidiger;Reservebank
1169012;England;FC Everton;Phil Jagielka;29;12000000.0;Innenverteidiger;Reservebank
1169012;England;FC Everton;Leighton Baines;27;18000000.0;Linker Verteidiger;Reservebank
1169012;England;FC Liverpool;Martin Kelly;22;4500000.0;Rechter Verteidiger;Reservebank
1169012;England;FC Liverpool;Jordan Henderson;21;15000000.0;Zentrales Mittelfeld;Reservebank
1169012;England;FC Arsenal;Alex Oxlade-Chamberlain;18;10000000.0;Hängende Spitze;Reservebank
1169012;England;FC Liverpool;Stewart Downing;27;16000000.0;Linkes Mittelfeld;Reservebank
1169012;England;FC Arsenal;Theo Walcott;23;17000000.0;Rechtsaußen;Reservebank
1169012;England;Tottenham Hotspur;Jermain Defoe;29;11000000.0;Mittelstürmer;Reservebank
