GameId;team;club;name;age;value;position;role
1169011;Ukraine;Shakhtar Donetsk;Andriy Pyatov;27;6000000.0;Torwart;Startaufstellung
1169011;Ukraine;Dynamo Kiew;Evgen Khacheridi;24;3500000.0;Innenverteidiger;Startaufstellung
1169011;Ukraine;Dynamo Kiew;Taras Mykhalyk;28;4000000.0;Innenverteidiger;Startaufstellung
1169011;Ukraine;Vorskla Poltava;Evgen Selin;24;1800000.0;Linker Verteidiger;Startaufstellung
1169011;Ukraine;Dynamo Kiew;Oleg Gusev;29;7000000.0;Rechter Verteidiger;Startaufstellung
1169011;Ukraine;FC Bayern München;Anatoliy Tymoshchuk;33;5000000.0;Defensives Mittelfeld;Startaufstellung
1169011;Ukraine;SK Tavriya Simferopol;Sergiy Nazarenko;32;2000000.0;Zentrales Mittelfeld;Startaufstellung
1169011;Ukraine;Dnipro Dnipropetrovsk;Yevhen Konoplyanka;22;7500000.0;Linksaußen;Startaufstellung
1169011;Ukraine;Dynamo Kiew;Andriy Yarmolenko;22;9000000.0;Rechtsaußen;Startaufstellung
1169011;Ukraine;Dinamo Moskau;Andriy Voronin;32;5000000.0;Hängende Spitze;Startaufstellung
1169011;Ukraine;Dynamo Kiew;Andriy Shevchenko;35;5000000.0;Mittelstürmer;Startaufstellung
1169011;Schweden;PSV Eindhoven;Andreas Isaksson;30;4000000.0;Torwart;Startaufstellung
1169011;Schweden;Olympiakos Piräus;Olof Mellberg;34;3250000.0;Innenverteidiger;Startaufstellung
1169011;Schweden;FC Genua 1893;Andreas Granqvist;27;3800000.0;Innenverteidiger;Startaufstellung
1169011;Schweden;Blackburn Rovers;Martin Olsson;24;3500000.0;Linker Verteidiger;Startaufstellung
1169011;Schweden;Celtic Glasgow;Mikael Lustig;25;1900000.0;Rechter Verteidiger;Startaufstellung
1169011;Schweden;AZ Alkmaar;Rasmus Elm;24;7500000.0;Defensives Mittelfeld;Startaufstellung
1169011;Schweden;Olympique Lyon;Kim Källström;29;8500000.0;Zentrales Mittelfeld;Startaufstellung
1169011;Schweden;AFC Sunderland;Sebastian Larsson;27;8000000.0;Rechtes Mittelfeld;Startaufstellung
1169011;Schweden;PSV Eindhoven;Ola Toivonen;25;8000000.0;Linksaußen;Startaufstellung
1169011;Schweden;AC Mailand;Zlatan Ibrahimovic;30;37000000.0;Mittelstürmer;Startaufstellung
1169011;Schweden;SV Werder Bremen;Markus Rosenberg;29;3000000.0;Mittelstürmer;Startaufstellung
1169011;Ukraine;Dynamo Kiew;Maksym Koval;19;2000000.0;Torwart;Reservebank
1169011;Ukraine;Metalist Kharkiv;Oleksandr Goryainov;36;600000.0;Torwart;Reservebank
1169011;Ukraine;Shakhtar Donetsk;Yaroslav Rakitsky;22;8000000.0;Innenverteidiger;Reservebank
1169011;Ukraine;Shakhtar Donetsk;Oleksandr Kucher;29;3500000.0;Innenverteidiger;Reservebank
1169011;Ukraine;Shakhtar Donetsk;Vyacheslav Shevchuk;33;1500000.0;Linker Verteidiger;Reservebank
1169011;Ukraine;Ilyichivets Mariupol;Bogdan Butko;21;2000000.0;Rechter Verteidiger;Reservebank
1169011;Ukraine;Dnipro Dnipropetrovsk;Ruslan Rotan;30;3500000.0;Zentrales Mittelfeld;Reservebank
1169011;Ukraine;Dynamo Kiew;Oleksandr Aliev;27;7500000.0;Offensives Mittelfeld;Reservebank
1169011;Ukraine;Dynamo Kiew;Denys Garmash;22;3000000.0;Offensives Mittelfeld;Reservebank
1169011;Ukraine;Metalist Kharkiv;Marko Devic;28;7000000.0;Linkes Mittelfeld;Reservebank
1169011;Ukraine;Dynamo Kiew;Artem Milevsky;27;8000000.0;Mittelstürmer;Reservebank
1169011;Ukraine;Shakhtar Donetsk;Evgen Seleznev;26;5000000.0;Mittelstürmer;Reservebank
1169011;Schweden;FC Kopenhagen;Johan Wiland;31;2500000.0;Torwart;Reservebank
1169011;Schweden;Helsingborgs IF;Pär Hansson;25;2500000.0;Torwart;Reservebank
1169011;Schweden;IF Elfsborg Boras;Anders Svensson;35;1000000.0;Zentrales Mittelfeld;Reservebank
1169011;Schweden;West Bromwich Albion;Jonas Olsson;29;3000000.0;Innenverteidiger;Reservebank
1169011;Schweden;FC Bologna;Mikael Antonsson;31;1500000.0;Innenverteidiger;Reservebank
1169011;Schweden;RSC Anderlecht;Behrang Safari;27;2500000.0;Linker Verteidiger;Reservebank
1169011;Schweden;ZSKA Moskau;Pontus Wernbloom;25;3500000.0;Defensives Mittelfeld;Reservebank
1169011;Schweden;Istanbul Büyüksehir Belediyespor;Samuel Holmén;27;4000000.0;Offensives Mittelfeld;Reservebank
1169011;Schweden;FC Twente Enschede;Emir Bajrami;24;2000000.0;Rechtsaußen;Reservebank
1169011;Schweden;Al-Hilal Riad;Christian Wilhelmsson;32;1000000.0;Linksaußen;Reservebank
1169011;Schweden;IFK Göteborg;Tobias Hysén;30;2000000.0;Mittelstürmer;Reservebank
1169011;Schweden;Galatasaray Istanbul;Johan Elmander;31;8000000.0;Mittelstürmer;Reservebank
