GameId;team;club;name;age;value;position;role
1169007;Spanien;Real Madrid;Iker Casillas;31;35000000.0;Torwart;Startaufstellung
1169007;Spanien;FC Barcelona;Gerard Piqué;25;38000000.0;Innenverteidiger;Startaufstellung
1169007;Spanien;Real Madrid;Sergio Ramos;26;34000000.0;Innenverteidiger;Startaufstellung
1169007;Spanien;FC Valencia;Jordi Alba;23;10000000.0;Linker Verteidiger;Startaufstellung
1169007;Spanien;Real Madrid;Álvaro Arbeloa;29;12000000.0;Rechter Verteidiger;Startaufstellung
1169007;Spanien;FC Barcelona;Sergio Busquets;23;35000000.0;Defensives Mittelfeld;Startaufstellung
1169007;Spanien;Real Madrid;Xabi Alonso;30;35000000.0;Zentrales Mittelfeld;Startaufstellung
1169007;Spanien;FC Barcelona;Xavi;32;35000000.0;Zentrales Mittelfeld;Startaufstellung
1169007;Spanien;FC Barcelona;Andrés Iniesta;28;65000000.0;Linksaußen;Startaufstellung
1169007;Spanien;Manchester City;David Silva;26;46000000.0;Rechtsaußen;Startaufstellung
1169007;Spanien;FC Chelsea;Fernando Torres;28;35000000.0;Mittelstürmer;Startaufstellung
1169007;Irland;Aston Villa;Shay Given;36;3500000.0;Torwart;Startaufstellung
1169007;Irland;Leicester City;Sean St. Ledger;27;1250000.0;Innenverteidiger;Startaufstellung
1169007;Irland;Aston Villa;Richard Dunne;32;5500000.0;Innenverteidiger;Startaufstellung
1169007;Irland;Wolverhampton Wanderers;Stephen Ward;26;4000000.0;Linker Verteidiger;Startaufstellung
1169007;Irland;AFC Sunderland;John O'Shea;31;4500000.0;Rechter Verteidiger;Startaufstellung
1169007;Irland;Stoke City;Glenn Whelan;28;4000000.0;Defensives Mittelfeld;Startaufstellung
1169007;Irland;West Bromwich Albion;Keith Andrews;31;1500000.0;Defensives Mittelfeld;Startaufstellung
1169007;Irland;FC Fulham;Damien Duff;33;2500000.0;Linkes Mittelfeld;Startaufstellung
1169007;Irland;Spartak Moskau;Aiden McGeady;26;9000000.0;Rechtsaußen;Startaufstellung
1169007;Irland;West Bromwich Albion;Simon Cox;25;1500000.0;Mittelstürmer;Startaufstellung
1169007;Irland;Los Angeles Galaxy;Robbie Keane;31;4500000.0;Mittelstürmer;Startaufstellung
1169007;Spanien;FC Barcelona;Víctor Valdés;30;20000000.0;Torwart;Reservebank
1169007;Spanien;FC Liverpool;Pepe Reina;29;19000000.0;Torwart;Reservebank
1169007;Spanien;Real Madrid;Raúl Albiol;26;9000000.0;Innenverteidiger;Reservebank
1169007;Spanien;Atlético Madrid;Juanfran;27;8000000.0;Rechter Verteidiger;Reservebank
1169007;Spanien;Athletic Bilbao;Javi Martínez;23;22000000.0;Zentrales Mittelfeld;Reservebank
1169007;Spanien;FC Málaga;Santi Cazorla;27;20000000.0;Zentrales Mittelfeld;Reservebank
1169007;Spanien;FC Barcelona;Cesc Fàbregas;25;55000000.0;Mittelstürmer;Reservebank
1169007;Spanien;FC Chelsea;Juan Mata;24;34000000.0;Offensives Mittelfeld;Reservebank
1169007;Spanien;FC Barcelona;Pedro;24;28000000.0;Linksaußen;Reservebank
1169007;Spanien;FC Sevilla;Jesús Navas;26;20000000.0;Rechtsaußen;Reservebank
1169007;Spanien;FC Sevilla;Álvaro Negredo;26;18000000.0;Mittelstürmer;Reservebank
1169007;Spanien;Athletic Bilbao;Fernando Llorente;27;25000000.0;Mittelstürmer;Reservebank
1169007;Irland;AFC Sunderland;Keiren Westwood;27;1500000.0;Torwart;Reservebank
1169007;Irland;FC Millwall;David Forde;32;500000.0;Torwart;Reservebank
1169007;Irland;Celtic Glasgow;Darren O'Dea;25;500000.0;Innenverteidiger;Reservebank
1169007;Irland;Hull City;Paul McShane;26;2000000.0;Innenverteidiger;Reservebank
1169007;Irland;FC Fulham;Stephen Kelly;28;2000000.0;Rechter Verteidiger;Reservebank
1169007;Irland;FC Everton;Darron Gibson;24;3000000.0;Zentrales Mittelfeld;Reservebank
1169007;Irland;Derby County;Paul Green;29;750000.0;Defensives Mittelfeld;Reservebank
1169007;Irland;Wolverhampton Wanderers;Stephen Hunt;30;3500000.0;Linkes Mittelfeld;Reservebank
1169007;Irland;AFC Sunderland;James McClean;23;1500000.0;Linkes Mittelfeld;Reservebank
1169007;Irland;Stoke City;Jonathan Walters;28;5000000.0;Mittelstürmer;Reservebank
1169007;Irland;West Bromwich Albion;Shane Long;25;4500000.0;Mittelstürmer;Reservebank
1169007;Irland;Wolverhampton Wanderers;Kevin Doyle;28;4500000.0;Mittelstürmer;Reservebank
