GameId;team;club;name;age;value;position;role
1169014;Schweden;PSV Eindhoven;Andreas Isaksson;30;4000000.0;Torwart;Startaufstellung
1169014;Schweden;West Bromwich Albion;Jonas Olsson;29;3000000.0;Innenverteidiger;Startaufstellung
1169014;Schweden;Olympiakos Piräus;Olof Mellberg;34;3250000.0;Innenverteidiger;Startaufstellung
1169014;Schweden;Blackburn Rovers;Martin Olsson;24;3500000.0;Linker Verteidiger;Startaufstellung
1169014;Schweden;FC Genua 1893;Andreas Granqvist;27;3800000.0;Rechter Verteidiger;Startaufstellung
1169014;Schweden;IF Elfsborg Boras;Anders Svensson;35;1000000.0;Defensives Mittelfeld;Startaufstellung
1169014;Schweden;Olympique Lyon;Kim Källström;29;8500000.0;Zentrales Mittelfeld;Startaufstellung
1169014;Schweden;AFC Sunderland;Sebastian Larsson;27;8000000.0;Rechtes Mittelfeld;Startaufstellung
1169014;Schweden;FC Twente Enschede;Emir Bajrami;24;2000000.0;Linkes Mittelfeld;Startaufstellung
1169014;Schweden;AC Mailand;Zlatan Ibrahimovic;30;37000000.0;Mittelstürmer;Startaufstellung
1169014;Schweden;PSV Eindhoven;Ola Toivonen;25;8000000.0;Mittelstürmer;Startaufstellung
1169014;Frankreich;Olympique Lyon;Hugo Lloris;25;19000000.0;Torwart;Startaufstellung
1169014;Frankreich;FC Valencia;Adil Rami;26;14000000.0;Innenverteidiger;Startaufstellung
1169014;Frankreich;AC Mailand;Philippe Mexès;30;8000000.0;Innenverteidiger;Startaufstellung
1169014;Frankreich;Manchester City;Gaël Clichy;26;13000000.0;Linker Verteidiger;Startaufstellung
1169014;Frankreich;LOSC Lille;Mathieu Debuchy;26;11000000.0;Rechter Verteidiger;Startaufstellung
1169014;Frankreich;Olympique Marseille;Alou Diarra;30;6000000.0;Defensives Mittelfeld;Startaufstellung
1169014;Frankreich;FC Stade Rennes;Yann M'Vila;21;21000000.0;Zentrales Mittelfeld;Startaufstellung
1169014;Frankreich;Manchester City;Samir Nasri;24;25000000.0;Offensives Mittelfeld;Startaufstellung
1169014;Frankreich;FC Bayern München;Franck Ribéry;29;42000000.0;Linksaußen;Startaufstellung
1169014;Frankreich;Newcastle United;Hatem Ben Arfa;25;8500000.0;Rechtsaußen;Startaufstellung
1169014;Frankreich;Real Madrid;Karim Benzema;24;35000000.0;Mittelstürmer;Startaufstellung
1169014;Schweden;FC Kopenhagen;Johan Wiland;31;2500000.0;Torwart;Reservebank
1169014;Schweden;Helsingborgs IF;Pär Hansson;25;2500000.0;Torwart;Reservebank
1169014;Schweden;FC Bologna;Mikael Antonsson;31;1500000.0;Innenverteidiger;Reservebank
1169014;Schweden;RSC Anderlecht;Behrang Safari;27;2500000.0;Linker Verteidiger;Reservebank
1169014;Schweden;Celtic Glasgow;Mikael Lustig;25;1900000.0;Rechter Verteidiger;Reservebank
1169014;Schweden;AZ Alkmaar;Rasmus Elm;24;7500000.0;Defensives Mittelfeld;Reservebank
1169014;Schweden;ZSKA Moskau;Pontus Wernbloom;25;3500000.0;Offensives Mittelfeld;Reservebank
1169014;Schweden;Istanbul Büyüksehir Belediyespor;Samuel Holmén;27;4200000.0;Zentrales Mittelfeld;Reservebank
1169014;Schweden;Al-Hilal Riad;Christian Wilhelmsson;32;1000000.0;Linkes Mittelfeld;Reservebank
1169014;Schweden;IFK Göteborg;Tobias Hysén;30;2000000.0;Mittelstürmer;Reservebank
1169014;Schweden;Galatasaray Istanbul;Johan Elmander;31;8000000.0;Mittelstürmer;Reservebank
1169014;Schweden;SV Werder Bremen;Markus Rosenberg;29;3000000.0;Mittelstürmer;Reservebank
1169014;Frankreich;Olympique Marseille;Steve Mandanda;27;17000000.0;Torwart;Reservebank
1169014;Frankreich;FC Girondins Bordeaux;Cédric Carrasso;30;9000000.0;Torwart;Reservebank
1169014;Frankreich;FC Arsenal;Laurent Koscielny;26;16000000.0;Innenverteidiger;Reservebank
1169014;Frankreich;Manchester United;Patrice Evra;31;19000000.0;Linker Verteidiger;Reservebank
1169014;Frankreich;Olympique Lyon;Anthony Réveillère;32;4000000.0;Rechter Verteidiger;Reservebank
1169014;Frankreich;FC Paris Saint-Germain;Blaise Matuidi;25;10000000.0;Zentrales Mittelfeld;Reservebank
1169014;Frankreich;FC Chelsea;Florent Malouda;32;9000000.0;Rechtsaußen;Reservebank
1169014;Frankreich;Newcastle United;Yohan Cabaye;26;12000000.0;Zentrales Mittelfeld;Reservebank
1169014;Frankreich;FC Sochaux-Montbéliard;Marvin Martin;24;9500000.0;Offensives Mittelfeld;Reservebank
1169014;Frankreich;Olympique Marseille;Mathieu Valbuena;27;12000000.0;Linksaußen;Reservebank
1169014;Frankreich;HSC Montpellier;Olivier Giroud;25;13000000.0;Mittelstürmer;Reservebank
1169014;Frankreich;FC Paris Saint-Germain;Jérémy Ménez;25;18000000.0;Offensives Mittelfeld;Reservebank
