GameId;team;club;name;age;value;position;role
1169000;Niederlande;AS Rom;Maarten Stekelenburg;29;9000000.0;Torwart;Startaufstellung
1169000;Niederlande;FC Málaga;Joris Mathijsen;32;3500000.0;Innenverteidiger;Startaufstellung
1169000;Niederlande;FC Everton;Johnny Heitinga;28;10000000.0;Innenverteidiger;Startaufstellung
1169000;Niederlande;PSV Eindhoven;Jetro Willems;18;1500000.0;Linker Verteidiger;Startaufstellung
1169000;Niederlande;Ajax Amsterdam;Gregory van der Wiel;24;10000000.0;Rechter Verteidiger;Startaufstellung
1169000;Niederlande;AC Mailand;Mark van Bommel;35;2500000.0;Defensives Mittelfeld;Startaufstellung
1169000;Niederlande;Manchester City;Nigel de Jong;27;17000000.0;Defensives Mittelfeld;Startaufstellung
1169000;Niederlande;FC Internazionale;Wesley Sneijder;28;32000000.0;Offensives Mittelfeld;Startaufstellung
1169000;Niederlande;FC Barcelona;Ibrahim Afellay;26;10000000.0;Linksaußen;Startaufstellung
1169000;Niederlande;FC Bayern München;Arjen Robben;28;32000000.0;Rechtsaußen;Startaufstellung
1169000;Niederlande;FC Arsenal;Robin van Persie;28;45000000.0;Mittelstürmer;Startaufstellung
1169000;Deutschland;FC Bayern München;Manuel Neuer;26;30000000.0;Torwart;Startaufstellung
1169000;Deutschland;FC Bayern München;Holger Badstuber;23;17500000.0;Innenverteidiger;Startaufstellung
1169000;Deutschland;Borussia Dortmund;Mats Hummels;23;20000000.0;Innenverteidiger;Startaufstellung
1169000;Deutschland;FC Bayern München;Philipp Lahm;28;28000000.0;Linker Verteidiger;Startaufstellung
1169000;Deutschland;FC Bayern München;Jérôme Boateng;23;13500000.0;Rechter Verteidiger;Startaufstellung
1169000;Deutschland;Real Madrid;Sami Khedira;25;20000000.0;Defensives Mittelfeld;Startaufstellung
1169000;Deutschland;FC Bayern München;Bastian Schweinsteiger;27;38000000.0;Zentrales Mittelfeld;Startaufstellung
1169000;Deutschland;Real Madrid;Mesut Özil;23;32000000.0;Offensives Mittelfeld;Startaufstellung
1169000;Deutschland;1.FC Köln;Lukas Podolski;27;20000000.0;Linksaußen;Startaufstellung
1169000;Deutschland;FC Bayern München;Thomas Müller;22;35000000.0;Rechtsaußen;Startaufstellung
1169000;Deutschland;FC Bayern München;Mario Gómez;26;42000000.0;Mittelstürmer;Startaufstellung
1169000;Niederlande;Newcastle United;Tim Krul;24;6000000.0;Torwart;Reservebank
1169000;Niederlande;Swansea City;Michel Vorm;28;8000000.0;Torwart;Reservebank
1169000;Niederlande;Feyenoord Rotterdam;Ron Vlaar;27;5000000.0;Innenverteidiger;Reservebank
1169000;Niederlande;VfB Stuttgart;Khalid Boulahrouz;30;3000000.0;Innenverteidiger;Reservebank
1169000;Niederlande;PSV Eindhoven;Wilfred Bouma;33;3000000.0;Linker Verteidiger;Reservebank
1169000;Niederlande;Sporting Lissabon;Stijn Schaars;28;7000000.0;Offensives Mittelfeld;Reservebank
1169000;Niederlande;PSV Eindhoven;Kevin Strootman;22;8000000.0;Zentrales Mittelfeld;Reservebank
1169000;Niederlande;Tottenham Hotspur;Rafael van der Vaart;29;25000000.0;Zentrales Mittelfeld;Reservebank
1169000;Niederlande;FC Liverpool;Dirk Kuyt;31;8000000.0;Rechtsaußen;Reservebank
1169000;Niederlande;SC Heerenveen;Luciano Narsingh;21;3500000.0;Rechtsaußen;Reservebank
1169000;Niederlande;FC Schalke 04;Klaas-Jan Huntelaar;28;20000000.0;Mittelstürmer;Reservebank
1169000;Niederlande;FC Twente Enschede;Luuk de Jong;21;8000000.0;Mittelstürmer;Reservebank
1169000;Deutschland;SV Werder Bremen;Tim Wiese;30;7000000.0;Torwart;Reservebank
1169000;Deutschland;Hannover 96;Ron-Robert Zieler;23;6500000.0;Torwart;Reservebank
1169000;Deutschland;FC Schalke 04;Benedikt Höwedes;24;15000000.0;Innenverteidiger;Reservebank
1169000;Deutschland;FC Arsenal;Per Mertesacker;27;14000000.0;Innenverteidiger;Reservebank
1169000;Deutschland;Borussia Dortmund;Marcel Schmelzer;24;7500000.0;Linker Verteidiger;Reservebank
1169000;Deutschland;Bayer 04 Leverkusen;Lars Bender;23;14000000.0;Rechtes Mittelfeld;Reservebank
1169000;Deutschland;FC Bayern München;Toni Kroos;22;23000000.0;Offensives Mittelfeld;Reservebank
1169000;Deutschland;Borussia Dortmund;Ilkay Gündogan;21;6000000.0;Zentrales Mittelfeld;Reservebank
1169000;Deutschland;Borussia Dortmund;Mario Götze;20;30000000.0;Offensives Mittelfeld;Reservebank
1169000;Deutschland;Bayer 04 Leverkusen;André Schürrle;21;14000000.0;Linksaußen;Reservebank
1169000;Deutschland;Borussia Mönchengladbach;Marco Reus;23;20000000.0;Linksaußen;Reservebank
1169000;Deutschland;Lazio Rom;Miroslav Klose;34;6000000.0;Mittelstürmer;Reservebank
