GameId;team;club;name;age;value;position;role
1169005;Irland;Aston Villa;Shay Given;36;3500000.0;Torwart;Startaufstellung
1169005;Irland;Leicester City;Sean St. Ledger;27;1250000.0;Innenverteidiger;Startaufstellung
1169005;Irland;Aston Villa;Richard Dunne;32;5500000.0;Innenverteidiger;Startaufstellung
1169005;Irland;Wolverhampton Wanderers;Stephen Ward;26;4000000.0;Linker Verteidiger;Startaufstellung
1169005;Irland;AFC Sunderland;John O'Shea;31;4500000.0;Rechter Verteidiger;Startaufstellung
1169005;Irland;West Bromwich Albion;Keith Andrews;31;1500000.0;Defensives Mittelfeld;Startaufstellung
1169005;Irland;Stoke City;Glenn Whelan;28;4000000.0;Zentrales Mittelfeld;Startaufstellung
1169005;Irland;FC Fulham;Damien Duff;33;2500000.0;Rechtes Mittelfeld;Startaufstellung
1169005;Irland;Spartak Moskau;Aiden McGeady;26;9000000.0;Linksaußen;Startaufstellung
1169005;Irland;Wolverhampton Wanderers;Kevin Doyle;28;4500000.0;Mittelstürmer;Startaufstellung
1169005;Irland;Los Angeles Galaxy;Robbie Keane;31;4500000.0;Mittelstürmer;Startaufstellung
1169005;Kroatien;FK Rostov;Stipe Pletikosa;33;2000000.0;Torwart;Startaufstellung
1169005;Kroatien;Bayer 04 Leverkusen;Vedran Corluka;26;7500000.0;Innenverteidiger;Startaufstellung
1169005;Kroatien;Eintracht Frankfurt;Gordon Schildenfeld;27;2000000.0;Innenverteidiger;Startaufstellung
1169005;Kroatien;Dnipro Dnipropetrovsk;Ivan Strinic;24;3500000.0;Linker Verteidiger;Startaufstellung
1169005;Kroatien;Shakhtar Donetsk;Darijo Srna;30;14000000.0;Rechter Verteidiger;Startaufstellung
1169005;Kroatien;Dynamo Kiew;Ognjen Vukojevic;28;8500000.0;Defensives Mittelfeld;Startaufstellung
1169005;Kroatien;Tottenham Hotspur;Luka Modric;26;39000000.0;Zentrales Mittelfeld;Startaufstellung
1169005;Kroatien;FC Sevilla;Ivan Rakitic;24;9000000.0;Rechtes Mittelfeld;Startaufstellung
1169005;Kroatien;Borussia Dortmund;Ivan Perisic;23;6000000.0;Linksaußen;Startaufstellung
1169005;Kroatien;FC Everton;Nikica Jelavic;26;5000000.0;Mittelstürmer;Startaufstellung
1169005;Kroatien;VfL Wolfsburg;Mario Mandzukic;26;10000000.0;Mittelstürmer;Startaufstellung
1169005;Irland;AFC Sunderland;Keiren Westwood;27;1500000.0;Torwart;Reservebank
1169005;Irland;FC Millwall;David Forde;32;500000.0;Torwart;Reservebank
1169005;Irland;Celtic Glasgow;Darren O'Dea;25;500000.0;Innenverteidiger;Reservebank
1169005;Irland;Hull City;Paul McShane;26;2000000.0;Innenverteidiger;Reservebank
1169005;Irland;FC Fulham;Stephen Kelly;28;2000000.0;Rechter Verteidiger;Reservebank
1169005;Irland;FC Everton;Darron Gibson;24;3000000.0;Zentrales Mittelfeld;Reservebank
1169005;Irland;Derby County;Paul Green;29;750000.0;Zentrales Mittelfeld;Reservebank
1169005;Irland;Wolverhampton Wanderers;Stephen Hunt;30;3500000.0;Linkes Mittelfeld;Reservebank
1169005;Irland;AFC Sunderland;James McClean;23;1500000.0;Linksaußen;Reservebank
1169005;Irland;Stoke City;Jonathan Walters;28;5000000.0;Mittelstürmer;Reservebank
1169005;Irland;West Bromwich Albion;Simon Cox;25;1500000.0;Linksaußen;Reservebank
1169005;Irland;West Bromwich Albion;Shane Long;25;4500000.0;Mittelstürmer;Reservebank
1169005;Kroatien;GNK Dinamo Zagreb;Ivan Kelava;24;2500000.0;Torwart;Reservebank
1169005;Kroatien;AS Monaco;Danijel Subasic;27;2000000.0;Torwart;Reservebank
1169005;Kroatien;GNK Dinamo Zagreb;Josip Simunic;34;1500000.0;Innenverteidiger;Reservebank
1169005;Kroatien;Maccabi Haifa;Jurica Buljat;25;1000000.0;Innenverteidiger;Reservebank
1169005;Kroatien;GNK Dinamo Zagreb;Domagoj Vida;23;3000000.0;Innenverteidiger;Reservebank
1169005;Kroatien;FC Bayern München;Danijel Pranjic;30;3500000.0;Linker Verteidiger;Reservebank
1169005;Kroatien;GNK Dinamo Zagreb;Sime Vrsaljko;20;5500000.0;Rechter Verteidiger;Reservebank
1169005;Kroatien;GNK Dinamo Zagreb;Milan Badelj;23;4500000.0;Defensives Mittelfeld;Reservebank
1169005;Kroatien;Real Saragossa ;Tomislav Dujmovic;31;2000000.0;Defensives Mittelfeld;Reservebank
1169005;Kroatien;Tottenham Hotspur;Niko Kranjcar;27;7000000.0;Offensives Mittelfeld;Reservebank
1169005;Kroatien;Shakhtar Donetsk;Eduardo;29;8000000.0;Mittelstürmer;Reservebank
1169005;Kroatien;Dnipro Dnipropetrovsk;Nikola Kalinic;24;6000000.0;Mittelstürmer;Reservebank
