GameId;team;club;name;age;value;position;role
1169008;Kroatien;FK Rostov;Stipe Pletikosa;33;2000000.0;Torwart;Startaufstellung
1169008;Kroatien;Bayer 04 Leverkusen;Vedran Corluka;26;7500000.0;Innenverteidiger;Startaufstellung
1169008;Kroatien;Eintracht Frankfurt;Gordon Schildenfeld;27;2000000.0;Innenverteidiger;Startaufstellung
1169008;Kroatien;Dnipro Dnipropetrovsk;Ivan Strinic;24;3500000.0;Linker Verteidiger;Startaufstellung
1169008;Kroatien;GNK Dinamo Zagreb;Domagoj Vida;23;3000000.0;Rechter Verteidiger;Startaufstellung
1169008;Kroatien;Dynamo Kiew;Ognjen Vukojevic;28;8500000.0;Defensives Mittelfeld;Startaufstellung
1169008;Kroatien;FC Sevilla;Ivan Rakitic;24;9000000.0;Zentrales Mittelfeld;Startaufstellung
1169008;Kroatien;Shakhtar Donetsk;Darijo Srna;30;14000000.0;Rechtes Mittelfeld;Startaufstellung
1169008;Kroatien;FC Bayern München;Danijel Pranjic;30;3500000.0;Linkes Mittelfeld;Startaufstellung
1169008;Kroatien;Tottenham Hotspur;Luka Modric;26;39000000.0;Offensives Mittelfeld;Startaufstellung
1169008;Kroatien;VfL Wolfsburg;Mario Mandzukic;26;10000000.0;Mittelstürmer;Startaufstellung
1169008;Spanien;Real Madrid;Iker Casillas;31;35000000.0;Torwart;Startaufstellung
1169008;Spanien;FC Barcelona;Gerard Piqué;25;38000000.0;Innenverteidiger;Startaufstellung
1169008;Spanien;Real Madrid;Sergio Ramos;26;34000000.0;Innenverteidiger;Startaufstellung
1169008;Spanien;FC Valencia;Jordi Alba;23;10000000.0;Linker Verteidiger;Startaufstellung
1169008;Spanien;Real Madrid;Álvaro Arbeloa;29;12000000.0;Rechter Verteidiger;Startaufstellung
1169008;Spanien;FC Barcelona;Sergio Busquets;23;35000000.0;Defensives Mittelfeld;Startaufstellung
1169008;Spanien;Real Madrid;Xabi Alonso;30;35000000.0;Zentrales Mittelfeld;Startaufstellung
1169008;Spanien;FC Barcelona;Xavi;32;35000000.0;Zentrales Mittelfeld;Startaufstellung
1169008;Spanien;FC Barcelona;Andrés Iniesta;28;65000000.0;Linksaußen;Startaufstellung
1169008;Spanien;Manchester City;David Silva;26;46000000.0;Rechtsaußen;Startaufstellung
1169008;Spanien;FC Chelsea;Fernando Torres;28;35000000.0;Mittelstürmer;Startaufstellung
1169008;Kroatien;GNK Dinamo Zagreb;Ivan Kelava;24;2500000.0;Torwart;Reservebank
1169008;Kroatien;AS Monaco;Danijel Subasic;27;2000000.0;Torwart;Reservebank
1169008;Kroatien;GNK Dinamo Zagreb;Josip Simunic;34;1500000.0;Innenverteidiger;Reservebank
1169008;Kroatien;Maccabi Haifa;Jurica Buljat;25;1000000.0;Innenverteidiger;Reservebank
1169008;Kroatien;GNK Dinamo Zagreb;Sime Vrsaljko;20;5500000.0;Rechter Verteidiger;Reservebank
1169008;Kroatien;GNK Dinamo Zagreb;Milan Badelj;23;4500000.0;Defensives Mittelfeld;Reservebank
1169008;Kroatien;Real Saragossa ;Tomislav Dujmovic;31;2000000.0;Zentrales Mittelfeld;Reservebank
1169008;Kroatien;Tottenham Hotspur;Niko Kranjcar;27;7000000.0;Offensives Mittelfeld;Reservebank
1169008;Kroatien;Borussia Dortmund;Ivan Perisic;23;6000000.0;Linksaußen;Reservebank
1169008;Kroatien;Shakhtar Donetsk;Eduardo;29;8000000.0;Hängende Spitze;Reservebank
1169008;Kroatien;FC Everton;Nikica Jelavic;26;5000000.0;Mittelstürmer;Reservebank
1169008;Kroatien;Dnipro Dnipropetrovsk;Nikola Kalinic;24;6000000.0;Mittelstürmer;Reservebank
1169008;Spanien;FC Barcelona;Víctor Valdés;30;20000000.0;Torwart;Reservebank
1169008;Spanien;FC Liverpool;Pepe Reina;29;19000000.0;Torwart;Reservebank
1169008;Spanien;Real Madrid;Raúl Albiol;26;9000000.0;Innenverteidiger;Reservebank
1169008;Spanien;Atlético Madrid;Juanfran;27;8000000.0;Rechter Verteidiger;Reservebank
1169008;Spanien;Athletic Bilbao;Javi Martínez;23;22000000.0;Defensives Mittelfeld;Reservebank
1169008;Spanien;FC Málaga;Santi Cazorla;27;20000000.0;Zentrales Mittelfeld;Reservebank
1169008;Spanien;FC Barcelona;Cesc Fàbregas;25;55000000.0;Mittelstürmer;Reservebank
1169008;Spanien;FC Chelsea;Juan Mata;24;34000000.0;Offensives Mittelfeld;Reservebank
1169008;Spanien;FC Barcelona;Pedro;24;28000000.0;Linksaußen;Reservebank
1169008;Spanien;FC Sevilla;Jesús Navas;26;20000000.0;Rechtsaußen;Reservebank
1169008;Spanien;FC Sevilla;Álvaro Negredo;26;18000000.0;Mittelstürmer;Reservebank
1169008;Spanien;Athletic Bilbao;Fernando Llorente;27;25000000.0;Mittelstürmer;Reservebank
