GameId;team;club;name;age;value;position;role
1169009;Italien;Juventus Turin;Gianluigi Buffon;34;16000000.0;Torwart;Startaufstellung
1169009;Italien;Juventus Turin;Giorgio Chiellini;27;24000000.0;Innenverteidiger;Startaufstellung
1169009;Italien;Juventus Turin;Andrea Barzagli;31;10000000.0;Innenverteidiger;Startaufstellung
1169009;Italien;US Palermo;Federico Balzaretti;30;7500000.0;Linker Verteidiger;Startaufstellung
1169009;Italien;AC Mailand;Ignazio Abate;25;12000000.0;Rechter Verteidiger;Startaufstellung
1169009;Italien;Juventus Turin;Andrea Pirlo;33;10000000.0;Defensives Mittelfeld;Startaufstellung
1169009;Italien;Juventus Turin;Claudio Marchisio;26;23000000.0;Rechtes Mittelfeld;Startaufstellung
1169009;Italien;AS Rom;Daniele De Rossi;28;32000000.0;Linkes Mittelfeld;Startaufstellung
1169009;Italien;FC Paris Saint-Germain;Thiago Motta;29;14000000.0;Offensives Mittelfeld;Startaufstellung
1169009;Italien;AC Mailand;Antonio Cassano;29;10000000.0;Hängende Spitze;Startaufstellung
1169009;Italien;Udinese Calcio;Antonio Di Natale;34;7000000.0;Mittelstürmer;Startaufstellung
1169009;Irland;Aston Villa;Shay Given;36;3500000.0;Torwart;Startaufstellung
1169009;Irland;Leicester City;Sean St. Ledger;27;1250000.0;Innenverteidiger;Startaufstellung
1169009;Irland;Aston Villa;Richard Dunne;32;5500000.0;Innenverteidiger;Startaufstellung
1169009;Irland;Wolverhampton Wanderers;Stephen Ward;26;4000000.0;Linker Verteidiger;Startaufstellung
1169009;Irland;AFC Sunderland;John O'Shea;31;4500000.0;Rechter Verteidiger;Startaufstellung
1169009;Irland;West Bromwich Albion;Keith Andrews;31;1500000.0;Defensives Mittelfeld;Startaufstellung
1169009;Irland;Stoke City;Glenn Whelan;28;4000000.0;Zentrales Mittelfeld;Startaufstellung
1169009;Irland;FC Fulham;Damien Duff;33;2500000.0;Linkes Mittelfeld;Startaufstellung
1169009;Irland;Spartak Moskau;Aiden McGeady;26;9000000.0;Rechtsaußen;Startaufstellung
1169009;Irland;Wolverhampton Wanderers;Kevin Doyle;28;4500000.0;Mittelstürmer;Startaufstellung
1169009;Irland;Los Angeles Galaxy;Robbie Keane;31;4500000.0;Mittelstürmer;Startaufstellung
1169009;Italien;FC Paris Saint-Germain;Salvatore Sirigu;25;13000000.0;Torwart;Reservebank
1169009;Italien;SSC Neapel;Morgan De Sanctis;35;4200000.0;Torwart;Reservebank
1169009;Italien;FC Turin;Angelo Ogbonna;24;6000000.0;Innenverteidiger;Reservebank
1169009;Italien;Juventus Turin;Leonardo Bonucci;25;13500000.0;Innenverteidiger;Reservebank
1169009;Italien;SSC Neapel;Christian Maggio;30;11000000.0;Rechter Verteidiger;Reservebank
1169009;Italien;AC Florenz;Riccardo Montolivo;27;13000000.0;Defensives Mittelfeld;Reservebank
1169009;Italien;AC Mailand;Antonio Nocerino;27;11000000.0;Zentrales Mittelfeld;Reservebank
1169009;Italien;Juventus Turin;Emanuele Giaccherini;27;4700000.0;Linksaußen;Reservebank
1169009;Italien;AS Rom;Fabio Borini;21;8000000.0;Linksaußen;Reservebank
1169009;Italien;FC Bologna;Alessandro Diamanti;29;6500000.0;Hängende Spitze;Reservebank
1169009;Italien;Parma FC;Sebastian Giovinco;25;12500000.0;Hängende Spitze;Reservebank
1169009;Italien;Manchester City;Mario Balotelli;21;30000000.0;Mittelstürmer;Reservebank
1169009;Irland;AFC Sunderland;Keiren Westwood;27;1500000.0;Torwart;Reservebank
1169009;Irland;FC Millwall;David Forde;32;500000.0;Torwart;Reservebank
1169009;Irland;Celtic Glasgow;Darren O'Dea;25;500000.0;Innenverteidiger;Reservebank
1169009;Irland;Hull City;Paul McShane;26;2000000.0;Innenverteidiger;Reservebank
1169009;Irland;FC Fulham;Stephen Kelly;28;2000000.0;Rechter Verteidiger;Reservebank
1169009;Irland;FC Everton;Darron Gibson;24;3000000.0;Zentrales Mittelfeld;Reservebank
1169009;Irland;Derby County;Paul Green;29;750000.0;Zentrales Mittelfeld;Reservebank
1169009;Irland;Wolverhampton Wanderers;Stephen Hunt;30;3500000.0;Linkes Mittelfeld;Reservebank
1169009;Irland;AFC Sunderland;James McClean;23;1500000.0;Linksaußen;Reservebank
1169009;Irland;Stoke City;Jonathan Walters;28;5000000.0;Mittelstürmer;Reservebank
1169009;Irland;West Bromwich Albion;Simon Cox;25;1500000.0;Mittelstürmer;Reservebank
1169009;Irland;West Bromwich Albion;Shane Long;25;4500000.0;Rechtsaußen;Reservebank
