GameId;team;club;name;age;value;position;role
2219366;Tschechien;FC Chelsea;Petr Cech;30;25000000.0;Torwart;Startaufstellung
2219366;Tschechien;Bayer 04 Leverkusen;Michal Kadlec;27;7500000.0;Innenverteidiger;Startaufstellung
2219366;Tschechien;Besiktas Istanbul;Tomás Sivok;28;7800000.0;Innenverteidiger;Startaufstellung
2219366;Tschechien;FC Viktoria Pilsen;David Limbersky;28;1600000.0;Linker Verteidiger;Startaufstellung
2219366;Tschechien;FC Slovan Liberec;Theodor Gebre Selassie;25;1500000.0;Rechter Verteidiger;Startaufstellung
2219366;Tschechien;Shakhtar Donetsk;Tomas Hübschman;30;4000000.0;Defensives Mittelfeld;Startaufstellung
2219366;Tschechien;FC Girondins Bordeaux;Jaroslav Plasil;30;6500000.0;Zentrales Mittelfeld;Startaufstellung
2219366;Tschechien;VfL Wolfsburg;Petr Jirácek;26;4000000.0;Rechtes Mittelfeld;Startaufstellung
2219366;Tschechien;FC Viktoria Pilsen;Vladimír Darida;21;600000.0;Offensives Mittelfeld;Startaufstellung
2219366;Tschechien;FC Viktoria Pilsen;Vaclav Pilar;23;2000000.0;Linksaußen;Startaufstellung
2219366;Tschechien;Galatasaray Istanbul;Milan Baros;30;8000000.0;Mittelstürmer;Startaufstellung
2219366;Portugal;Sporting Lissabon;Rui Patrício;24;12000000.0;Torwart;Startaufstellung
2219366;Portugal;Zenit St. Petersburg;Bruno Alves;30;12000000.0;Innenverteidiger;Startaufstellung
2219366;Portugal;Real Madrid;Pepe;29;28000000.0;Innenverteidiger;Startaufstellung
2219366;Portugal;Real Madrid;Fábio Coentrão;24;24000000.0;Linker Verteidiger;Startaufstellung
2219366;Portugal;Sporting Lissabon;João Pereira;28;10500000.0;Rechter Verteidiger;Startaufstellung
2219366;Portugal;FC Genua 1893;Miguel Veloso;26;10000000.0;Defensives Mittelfeld;Startaufstellung
2219366;Portugal;FC Chelsea;Raúl Meireles;29;14000000.0;Zentrales Mittelfeld;Startaufstellung
2219366;Portugal;FC Porto;João Moutinho;25;23000000.0;Zentrales Mittelfeld;Startaufstellung
2219366;Portugal;Real Madrid;Cristiano Ronaldo;27;90000000.0;Linksaußen;Startaufstellung
2219366;Portugal;Manchester United;Nani;25;36000000.0;Rechtsaußen;Startaufstellung
2219366;Portugal;Real Saragossa ;Hélder Postiga;29;4000000.0;Mittelstürmer;Startaufstellung
2219366;Tschechien;Dnipro Dnipropetrovsk;Jan Lastuvka;29;2500000.0;Torwart;Reservebank
2219366;Tschechien;Hamburger SV;Jaroslav Drobny;32;2000000.0;Torwart;Reservebank
2219366;Tschechien;Spartak Moskau;Marek Suchy;24;3500000.0;Innenverteidiger;Reservebank
2219366;Tschechien;Hertha BSC;Roman Hubník;28;3500000.0;Innenverteidiger;Reservebank
2219366;Tschechien;FC Viktoria Pilsen;Frantisek Rajtoral †;26;1500000.0;Rechter Verteidiger;Reservebank
2219366;Tschechien;FC Viktoria Pilsen;Milan Petrzela;29;1700000.0;Rechtes Mittelfeld;Reservebank
2219366;Tschechien;FC Arsenal;Tomás Rosicky;31;3500000.0;Offensives Mittelfeld;Reservebank
2219366;Tschechien;FC Viktoria Pilsen;Daniel Kolar;26;1800000.0;Offensives Mittelfeld;Reservebank
2219366;Tschechien;Anorthosis Famagusta;Jan Rezek;30;1200000.0;Offensives Mittelfeld;Reservebank
2219366;Tschechien;ZSKA Moskau;Tomas Necid;22;6500000.0;Mittelstürmer;Reservebank
2219366;Tschechien;1.FC Nürnberg;Tomás Pekhart;23;3000000.0;Mittelstürmer;Reservebank
2219366;Tschechien;FK Jablonec;David Lafata;30;1400000.0;Mittelstürmer;Reservebank
2219366;Portugal;Benfica Lissabon;Eduardo;29;4000000.0;Torwart;Reservebank
2219366;Portugal;CFR Cluj;Beto;30;3200000.0;Torwart;Reservebank
2219366;Portugal;FC Valencia;Ricardo Costa;31;4000000.0;Innenverteidiger;Reservebank
2219366;Portugal;FC Porto;Rolando;26;13000000.0;Innenverteidiger;Reservebank
2219366;Portugal;SC Braga;Miguel Lopes;25;2500000.0;Rechter Verteidiger;Reservebank
2219366;Portugal;SC Braga;Custódio;29;2000000.0;Zentrales Mittelfeld;Reservebank
2219366;Portugal;SC Braga;Hugo Viana;29;7500000.0;Zentrales Mittelfeld;Reservebank
2219366;Portugal;Real Saragossa ;Rúben Micael;25;5000000.0;Offensives Mittelfeld;Reservebank
2219366;Portugal;FC Porto;Silvestre Varela;27;7300000.0;Linksaußen;Reservebank
2219366;Portugal;Besiktas Istanbul;Ricardo Quaresma;28;13000000.0;Rechtsaußen;Reservebank
2219366;Portugal;Besiktas Istanbul;Hugo Almeida;28;7000000.0;Mittelstürmer;Reservebank
2219366;Portugal;Benfica Lissabon;Nélson Oliveira;20;4000000.0;Mittelstürmer;Reservebank
