GameId;team;club;name;age;value;position;role
2219616;England;Manchester City;Joe Hart;25;23500000.0;Torwart;Startaufstellung
2219616;England;Manchester City;Joleon Lescott;29;15000000.0;Innenverteidiger;Startaufstellung
2219616;England;FC Chelsea;John Terry;31;17500000.0;Innenverteidiger;Startaufstellung
2219616;England;FC Chelsea;Ashley Cole;31;12500000.0;Linker Verteidiger;Startaufstellung
2219616;England;FC Liverpool;Glen Johnson;27;12000000.0;Rechter Verteidiger;Startaufstellung
2219616;England;FC Liverpool;Steven Gerrard;32;15500000.0;Zentrales Mittelfeld;Startaufstellung
2219616;England;Tottenham Hotspur;Scott Parker;31;11000000.0;Zentrales Mittelfeld;Startaufstellung
2219616;England;Manchester City;James Milner;26;21000000.0;Rechtes Mittelfeld;Startaufstellung
2219616;England;Manchester United;Ashley Young;26;27000000.0;Linkes Mittelfeld;Startaufstellung
2219616;England;Manchester United;Wayne Rooney;26;65000000.0;Hängende Spitze;Startaufstellung
2219616;England;Manchester United;Danny Welbeck;21;17000000.0;Mittelstürmer;Startaufstellung
2219616;Italien;Juventus Turin;Gianluigi Buffon;34;16000000.0;Torwart;Startaufstellung
2219616;Italien;Juventus Turin;Andrea Barzagli;31;10000000.0;Innenverteidiger;Startaufstellung
2219616;Italien;Juventus Turin;Leonardo Bonucci;25;13500000.0;Innenverteidiger;Startaufstellung
2219616;Italien;US Palermo;Federico Balzaretti;30;7500000.0;Linker Verteidiger;Startaufstellung
2219616;Italien;AC Mailand;Ignazio Abate;25;12000000.0;Rechter Verteidiger;Startaufstellung
2219616;Italien;Juventus Turin;Andrea Pirlo;33;10000000.0;Defensives Mittelfeld;Startaufstellung
2219616;Italien;AS Rom;Daniele De Rossi;28;32000000.0;Zentrales Mittelfeld;Startaufstellung
2219616;Italien;Juventus Turin;Claudio Marchisio;26;23000000.0;Zentrales Mittelfeld;Startaufstellung
2219616;Italien;AC Florenz;Riccardo Montolivo;27;13000000.0;Offensives Mittelfeld;Startaufstellung
2219616;Italien;AC Mailand;Antonio Cassano;29;10000000.0;Hängende Spitze;Startaufstellung
2219616;Italien;Manchester City;Mario Balotelli;21;32000000.0;Mittelstürmer;Startaufstellung
2219616;England;West Ham United;Robert Green;32;3000000.0;Torwart;Reservebank
2219616;England;Birmingham City;Jack Butland;19;1000000.0;Torwart;Reservebank
2219616;England;Manchester United;Phil Jones;20;18000000.0;Innenverteidiger;Reservebank
2219616;England;FC Everton;Phil Jagielka;29;12000000.0;Innenverteidiger;Reservebank
2219616;England;FC Everton;Leighton Baines;27;19000000.0;Linker Verteidiger;Reservebank
2219616;England;FC Liverpool;Martin Kelly;22;5000000.0;Rechter Verteidiger;Reservebank
2219616;England;FC Liverpool;Jordan Henderson;22;15000000.0;Zentrales Mittelfeld;Reservebank
2219616;England;FC Arsenal;Alex Oxlade-Chamberlain;18;13500000.0;Rechtes Mittelfeld;Reservebank
2219616;England;FC Liverpool;Stewart Downing;27;12000000.0;Linkes Mittelfeld;Reservebank
2219616;England;FC Arsenal;Theo Walcott;23;19000000.0;Rechtsaußen;Reservebank
2219616;England;FC Liverpool;Andy Carroll;23;15500000.0;Mittelstürmer;Reservebank
2219616;England;Tottenham Hotspur;Jermain Defoe;29;10000000.0;Mittelstürmer;Reservebank
2219616;Italien;FC Paris Saint-Germain;Salvatore Sirigu;25;13000000.0;Torwart;Reservebank
2219616;Italien;SSC Neapel;Morgan De Sanctis;35;4200000.0;Torwart;Reservebank
2219616;Italien;Juventus Turin;Giorgio Chiellini;27;24000000.0;Innenverteidiger;Reservebank
2219616;Italien;FC Turin;Angelo Ogbonna;24;6000000.0;Innenverteidiger;Reservebank
2219616;Italien;SSC Neapel;Christian Maggio;30;11000000.0;Rechter Verteidiger;Reservebank
2219616;Italien;FC Paris Saint-Germain;Thiago Motta;29;14000000.0;Defensives Mittelfeld;Reservebank
2219616;Italien;AC Mailand;Antonio Nocerino;27;11000000.0;Linkes Mittelfeld;Reservebank
2219616;Italien;Juventus Turin;Emanuele Giaccherini;27;4700000.0;Linksaußen;Reservebank
2219616;Italien;AS Rom;Fabio Borini;21;8000000.0;Linksaußen;Reservebank
2219616;Italien;FC Bologna;Alessandro Diamanti;29;6500000.0;Rechtsaußen;Reservebank
2219616;Italien;Parma FC;Sebastian Giovinco;25;12500000.0;Hängende Spitze;Reservebank
2219616;Italien;Udinese Calcio;Antonio Di Natale;34;7000000.0;Mittelstürmer;Reservebank
