GameId;team;club;name;age;value;position;role
2221626;Deutschland;FC Bayern München;Manuel Neuer;26;30000000.0;Torwart;Startaufstellung
2221626;Deutschland;FC Bayern München;Holger Badstuber;23;17500000.0;Innenverteidiger;Startaufstellung
2221626;Deutschland;Borussia Dortmund;Mats Hummels;23;20000000.0;Innenverteidiger;Startaufstellung
2221626;Deutschland;FC Bayern München;Philipp Lahm;28;28000000.0;Linker Verteidiger;Startaufstellung
2221626;Deutschland;FC Bayern München;Jérôme Boateng;23;13500000.0;Rechter Verteidiger;Startaufstellung
2221626;Deutschland;Real Madrid;Sami Khedira;25;20000000.0;Defensives Mittelfeld;Startaufstellung
2221626;Deutschland;FC Bayern München;Bastian Schweinsteiger;27;38000000.0;Zentrales Mittelfeld;Startaufstellung
2221626;Deutschland;FC Bayern München;Toni Kroos;22;23000000.0;Offensives Mittelfeld;Startaufstellung
2221626;Deutschland;1.FC Köln;Lukas Podolski;27;20000000.0;Linksaußen;Startaufstellung
2221626;Deutschland;Real Madrid;Mesut Özil;23;32000000.0;Rechtsaußen;Startaufstellung
2221626;Deutschland;FC Bayern München;Mario Gómez;26;42000000.0;Mittelstürmer;Startaufstellung
2221626;Italien;Juventus Turin;Gianluigi Buffon;34;16000000.0;Torwart;Startaufstellung
2221626;Italien;Juventus Turin;Andrea Barzagli;31;10000000.0;Innenverteidiger;Startaufstellung
2221626;Italien;Juventus Turin;Leonardo Bonucci;25;13500000.0;Innenverteidiger;Startaufstellung
2221626;Italien;Juventus Turin;Giorgio Chiellini;27;24000000.0;Linker Verteidiger;Startaufstellung
2221626;Italien;US Palermo;Federico Balzaretti;30;7500000.0;Rechter Verteidiger;Startaufstellung
2221626;Italien;Juventus Turin;Andrea Pirlo;33;10000000.0;Defensives Mittelfeld;Startaufstellung
2221626;Italien;AS Rom;Daniele De Rossi;28;32000000.0;Zentrales Mittelfeld;Startaufstellung
2221626;Italien;Juventus Turin;Claudio Marchisio;26;23000000.0;Zentrales Mittelfeld;Startaufstellung
2221626;Italien;AC Florenz;Riccardo Montolivo;27;13000000.0;Offensives Mittelfeld;Startaufstellung
2221626;Italien;AC Mailand;Antonio Cassano;29;10000000.0;Hängende Spitze;Startaufstellung
2221626;Italien;Manchester City;Mario Balotelli;21;32000000.0;Mittelstürmer;Startaufstellung
2221626;Deutschland;SV Werder Bremen;Tim Wiese;30;7000000.0;Torwart;Reservebank
2221626;Deutschland;Hannover 96;Ron-Robert Zieler;23;6500000.0;Torwart;Reservebank
2221626;Deutschland;FC Schalke 04;Benedikt Höwedes;24;15000000.0;Innenverteidiger;Reservebank
2221626;Deutschland;FC Arsenal;Per Mertesacker;27;14000000.0;Innenverteidiger;Reservebank
2221626;Deutschland;Borussia Dortmund;Marcel Schmelzer;24;7500000.0;Linker Verteidiger;Reservebank
2221626;Deutschland;Bayer 04 Leverkusen;Lars Bender;23;14000000.0;Defensives Mittelfeld;Reservebank
2221626;Deutschland;Borussia Dortmund;Ilkay Gündogan;21;6000000.0;Zentrales Mittelfeld;Reservebank
2221626;Deutschland;Borussia Dortmund;Mario Götze;20;30000000.0;Offensives Mittelfeld;Reservebank
2221626;Deutschland;Bayer 04 Leverkusen;André Schürrle;21;14000000.0;Linksaußen;Reservebank
2221626;Deutschland;Borussia Mönchengladbach;Marco Reus;23;20000000.0;Rechtsaußen;Reservebank
2221626;Deutschland;FC Bayern München;Thomas Müller;22;35000000.0;Rechtsaußen;Reservebank
2221626;Deutschland;Lazio Rom;Miroslav Klose;34;6000000.0;Mittelstürmer;Reservebank
2221626;Italien;FC Paris Saint-Germain;Salvatore Sirigu;25;13000000.0;Torwart;Reservebank
2221626;Italien;SSC Neapel;Morgan De Sanctis;35;4200000.0;Torwart;Reservebank
2221626;Italien;FC Turin;Angelo Ogbonna;24;6000000.0;Innenverteidiger;Reservebank
2221626;Italien;AC Mailand;Ignazio Abate;25;12000000.0;Rechter Verteidiger;Reservebank
2221626;Italien;FC Paris Saint-Germain;Thiago Motta;29;14000000.0;Zentrales Mittelfeld;Reservebank
2221626;Italien;AC Mailand;Antonio Nocerino;27;11000000.0;Zentrales Mittelfeld;Reservebank
2221626;Italien;Juventus Turin;Emanuele Giaccherini;27;4700000.0;Linksaußen;Reservebank
2221626;Italien;AS Rom;Fabio Borini;21;8000000.0;Linksaußen;Reservebank
2221626;Italien;FC Bologna;Alessandro Diamanti;29;6500000.0;Hängende Spitze;Reservebank
2221626;Italien;Parma FC;Sebastian Giovinco;25;12500000.0;Hängende Spitze;Reservebank
2221626;Italien;Udinese Calcio;Antonio Di Natale;34;7000000.0;Mittelstürmer;Reservebank
