GameId;team;club;name;age;value;position;role
2221241;Portugal;Sporting Lissabon;Rui Patrício;24;12000000.0;Torwart;Startaufstellung
2221241;Portugal;Zenit St. Petersburg;Bruno Alves;30;12000000.0;Innenverteidiger;Startaufstellung
2221241;Portugal;Real Madrid;Pepe;29;28000000.0;Innenverteidiger;Startaufstellung
2221241;Portugal;Real Madrid;Fábio Coentrão;24;24000000.0;Linker Verteidiger;Startaufstellung
2221241;Portugal;Sporting Lissabon;João Pereira;28;10500000.0;Rechter Verteidiger;Startaufstellung
2221241;Portugal;FC Genua 1893;Miguel Veloso;26;10000000.0;Defensives Mittelfeld;Startaufstellung
2221241;Portugal;FC Chelsea;Raúl Meireles;29;15000000.0;Zentrales Mittelfeld;Startaufstellung
2221241;Portugal;FC Porto;João Moutinho;25;23000000.0;Zentrales Mittelfeld;Startaufstellung
2221241;Portugal;Real Madrid;Cristiano Ronaldo;27;90000000.0;Linksaußen;Startaufstellung
2221241;Portugal;Manchester United;Nani;25;36500000.0;Rechtsaußen;Startaufstellung
2221241;Portugal;Besiktas Istanbul;Hugo Almeida;28;7000000.0;Mittelstürmer;Startaufstellung
2221241;Spanien;Real Madrid;Iker Casillas;31;35000000.0;Torwart;Startaufstellung
2221241;Spanien;FC Barcelona;Gerard Piqué;25;38000000.0;Innenverteidiger;Startaufstellung
2221241;Spanien;Real Madrid;Sergio Ramos;26;34000000.0;Innenverteidiger;Startaufstellung
2221241;Spanien;FC Valencia;Jordi Alba;23;10000000.0;Linker Verteidiger;Startaufstellung
2221241;Spanien;Real Madrid;Álvaro Arbeloa;29;12000000.0;Rechter Verteidiger;Startaufstellung
2221241;Spanien;FC Barcelona;Sergio Busquets;23;35000000.0;Defensives Mittelfeld;Startaufstellung
2221241;Spanien;Real Madrid;Xabi Alonso;30;35000000.0;Zentrales Mittelfeld;Startaufstellung
2221241;Spanien;FC Barcelona;Xavi;32;35000000.0;Zentrales Mittelfeld;Startaufstellung
2221241;Spanien;FC Barcelona;Andrés Iniesta;28;65000000.0;Linksaußen;Startaufstellung
2221241;Spanien;Manchester City;David Silva;26;50000000.0;Rechtsaußen;Startaufstellung
2221241;Spanien;FC Sevilla;Álvaro Negredo;26;18000000.0;Mittelstürmer;Startaufstellung
2221241;Portugal;Benfica Lissabon;Eduardo;29;4000000.0;Torwart;Reservebank
2221241;Portugal;CFR Cluj;Beto;30;3200000.0;Torwart;Reservebank
2221241;Portugal;FC Valencia;Ricardo Costa;31;4000000.0;Innenverteidiger;Reservebank
2221241;Portugal;FC Porto;Rolando;26;13000000.0;Innenverteidiger;Reservebank
2221241;Portugal;SC Braga;Miguel Lopes;25;2500000.0;Rechter Verteidiger;Reservebank
2221241;Portugal;SC Braga;Custódio;29;2000000.0;Defensives Mittelfeld;Reservebank
2221241;Portugal;SC Braga;Hugo Viana;29;7500000.0;Zentrales Mittelfeld;Reservebank
2221241;Portugal;Real Saragossa ;Rúben Micael;25;5000000.0;Offensives Mittelfeld;Reservebank
2221241;Portugal;FC Porto;Silvestre Varela;27;7300000.0;Rechtsaußen;Reservebank
2221241;Portugal;Besiktas Istanbul;Ricardo Quaresma;28;13000000.0;Rechtsaußen;Reservebank
2221241;Portugal;Benfica Lissabon;Nélson Oliveira;20;4000000.0;Mittelstürmer;Reservebank
2221241;Spanien;FC Barcelona;Víctor Valdés;30;20000000.0;Torwart;Reservebank
2221241;Spanien;FC Liverpool;Pepe Reina;29;16000000.0;Torwart;Reservebank
2221241;Spanien;Real Madrid;Raúl Albiol;26;9000000.0;Innenverteidiger;Reservebank
2221241;Spanien;Atlético Madrid;Juanfran;27;8000000.0;Rechter Verteidiger;Reservebank
2221241;Spanien;Athletic Bilbao;Javi Martínez;23;22000000.0;Defensives Mittelfeld;Reservebank
2221241;Spanien;FC Málaga;Santi Cazorla;27;20000000.0;Zentrales Mittelfeld;Reservebank
2221241;Spanien;FC Barcelona;Cesc Fàbregas;25;55000000.0;Mittelstürmer;Reservebank
2221241;Spanien;FC Chelsea;Juan Mata;24;38000000.0;Offensives Mittelfeld;Reservebank
2221241;Spanien;FC Barcelona;Pedro;24;28000000.0;Linksaußen;Reservebank
2221241;Spanien;FC Sevilla;Jesús Navas;26;20000000.0;Rechtsaußen;Reservebank
2221241;Spanien;FC Chelsea;Fernando Torres;28;35000000.0;Mittelstürmer;Reservebank
2221241;Spanien;Athletic Bilbao;Fernando Llorente;27;25000000.0;Mittelstürmer;Reservebank
