GameId;team;club;name;age;value;position;role
2232817;Spanien;Real Madrid;Iker Casillas;31;35000000.0;Torwart;Startaufstellung
2232817;Spanien;FC Barcelona;Gerard Piqué;25;38000000.0;Innenverteidiger;Startaufstellung
2232817;Spanien;Real Madrid;Sergio Ramos;26;34000000.0;Innenverteidiger;Startaufstellung
2232817;Spanien;FC Barcelona;Jordi Alba;23;10000000.0;Linker Verteidiger;Startaufstellung
2232817;Spanien;Real Madrid;Álvaro Arbeloa;29;12000000.0;Rechter Verteidiger;Startaufstellung
2232817;Spanien;FC Barcelona;Sergio Busquets;23;35000000.0;Defensives Mittelfeld;Startaufstellung
2232817;Spanien;Real Madrid;Xabi Alonso;30;35000000.0;Zentrales Mittelfeld;Startaufstellung
2232817;Spanien;FC Barcelona;Xavi;32;35000000.0;Zentrales Mittelfeld;Startaufstellung
2232817;Spanien;FC Barcelona;Andrés Iniesta;28;65000000.0;Linksaußen;Startaufstellung
2232817;Spanien;Manchester City;David Silva;26;50000000.0;Rechtsaußen;Startaufstellung
2232817;Spanien;FC Barcelona;Cesc Fàbregas;25;55000000.0;Mittelstürmer;Startaufstellung
2232817;Italien;Juventus Turin;Gianluigi Buffon;34;16000000.0;Torwart;Startaufstellung
2232817;Italien;Juventus Turin;Andrea Barzagli;31;10000000.0;Innenverteidiger;Startaufstellung
2232817;Italien;Juventus Turin;Leonardo Bonucci;25;13500000.0;Innenverteidiger;Startaufstellung
2232817;Italien;Juventus Turin;Giorgio Chiellini;27;24000000.0;Linker Verteidiger;Startaufstellung
2232817;Italien;AC Mailand;Ignazio Abate;25;12000000.0;Rechter Verteidiger;Startaufstellung
2232817;Italien;Juventus Turin;Andrea Pirlo;33;10000000.0;Defensives Mittelfeld;Startaufstellung
2232817;Italien;AS Rom;Daniele De Rossi;28;32000000.0;Zentrales Mittelfeld;Startaufstellung
2232817;Italien;Juventus Turin;Claudio Marchisio;26;23000000.0;Zentrales Mittelfeld;Startaufstellung
2232817;Italien;AC Mailand;Riccardo Montolivo;27;13000000.0;Offensives Mittelfeld;Startaufstellung
2232817;Italien;AC Mailand;Antonio Cassano;29;10000000.0;Hängende Spitze;Startaufstellung
2232817;Italien;Manchester City;Mario Balotelli;21;32000000.0;Mittelstürmer;Startaufstellung
2232817;Spanien;FC Barcelona;Víctor Valdés;30;20000000.0;Torwart;Reservebank
2232817;Spanien;FC Liverpool;Pepe Reina;29;16000000.0;Torwart;Reservebank
2232817;Spanien;Real Madrid;Raúl Albiol;26;9000000.0;Innenverteidiger;Reservebank
2232817;Spanien;Atlético Madrid;Juanfran;27;8000000.0;Rechter Verteidiger;Reservebank
2232817;Spanien;Athletic Bilbao;Javi Martínez;23;22000000.0;Defensives Mittelfeld;Reservebank
2232817;Spanien;FC Málaga;Santi Cazorla;27;20000000.0;Zentrales Mittelfeld;Reservebank
2232817;Spanien;FC Chelsea;Juan Mata;24;38000000.0;Linksaußen;Reservebank
2232817;Spanien;FC Barcelona;Pedro;24;28000000.0;Rechtsaußen;Reservebank
2232817;Spanien;FC Sevilla;Jesús Navas;26;20000000.0;Rechtsaußen;Reservebank
2232817;Spanien;FC Sevilla;Álvaro Negredo;26;18000000.0;Mittelstürmer;Reservebank
2232817;Spanien;FC Chelsea;Fernando Torres;28;35000000.0;Mittelstürmer;Reservebank
2232817;Spanien;Athletic Bilbao;Fernando Llorente;27;25000000.0;Mittelstürmer;Reservebank
2232817;Italien;FC Paris Saint-Germain;Salvatore Sirigu;25;13000000.0;Torwart;Reservebank
2232817;Italien;SSC Neapel;Morgan De Sanctis;35;4200000.0;Torwart;Reservebank
2232817;Italien;FC Turin;Angelo Ogbonna;24;6000000.0;Innenverteidiger;Reservebank
2232817;Italien;US Palermo;Federico Balzaretti;30;7500000.0;Linker Verteidiger;Reservebank
2232817;Italien;SSC Neapel;Christian Maggio;30;11000000.0;Rechter Verteidiger;Reservebank
2232817;Italien;FC Paris Saint-Germain;Thiago Motta;29;14000000.0;Zentrales Mittelfeld;Reservebank
2232817;Italien;AC Mailand;Antonio Nocerino;27;11000000.0;Zentrales Mittelfeld;Reservebank
2232817;Italien;Juventus Turin;Emanuele Giaccherini;27;4700000.0;Linksaußen;Reservebank
2232817;Italien;AS Rom;Fabio Borini;21;8000000.0;Linksaußen;Reservebank
2232817;Italien;FC Bologna;Alessandro Diamanti;29;6500000.0;Hängende Spitze;Reservebank
2232817;Italien;Juventus Turin;Sebastian Giovinco;25;12500000.0;Hängende Spitze;Reservebank
2232817;Italien;Udinese Calcio;Antonio Di Natale;34;7000000.0;Mittelstürmer;Reservebank
