GameId;team;club;name;age;value;position;role
2270396;Südafrika;Kaizer Chiefs;Itumeleng Khune;25;700000.0;Torwart;Startaufstellung
2270396;Südafrika;PAOK Thessaloniki;Bongani Khumalo;26;1000000.0;Innenverteidiger;Startaufstellung
2270396;Südafrika;Orlando Pirates;Siyabonga Sangweni;31;300000.0;Innenverteidiger;Startaufstellung
2270396;Südafrika;Orlando Pirates;Thabo Matlaba;25;200000.0;Linker Verteidiger;Startaufstellung
2270396;Südafrika;KRC Genk;Anele Ngcongca;25;3000000.0;Rechter Verteidiger;Startaufstellung
2270396;Südafrika;Kaizer Chiefs;Reneilwe Letsholonyane;30;350000.0;Defensives Mittelfeld;Startaufstellung
2270396;Südafrika;Crystal Palace;Kagisho Dikgacoi;28;750000.0;Defensives Mittelfeld;Startaufstellung
2270396;Südafrika;Kaizer Chiefs;Siphiwe Tshabalala;28;850000.0;Linkes Mittelfeld;Startaufstellung
2270396;Südafrika;Platinum Stars FC;Thuso Phala;26;200000.0;Rechtsaußen;Startaufstellung
2270396;Südafrika;Kaizer Chiefs;Bernard Parker;26;800000.0;Hängende Spitze;Startaufstellung
2270396;Südafrika;Kaizer Chiefs;Lehlohonolo Majoro;26;250000.0;Mittelstürmer;Startaufstellung
2270396;Kap Verde;Progresso do Sambizanga;Vozinha;26;100000.0;Torwart;Startaufstellung
2270396;Kap Verde;FC Vaslui;Fernando Varela;25;1900000.0;Innenverteidiger;Startaufstellung
2270396;Kap Verde;LB Châteauroux;Fernando Neves;34;200000.0;Innenverteidiger;Startaufstellung
2270396;Kap Verde;Académica Coimbra;Nivaldo;24;700000.0;Linker Verteidiger;Startaufstellung
2270396;Kap Verde;AEL Limassol;Carlitos;27;300000.0;Rechter Verteidiger;Startaufstellung
2270396;Kap Verde;Sparta Rotterdam;Toni Varela;26;200000.0;Defensives Mittelfeld;Startaufstellung
2270396;Kap Verde;Omonia Nikosia;Marco Soares;28;400000.0;Rechtes Mittelfeld;Startaufstellung
2270396;Kap Verde;SC Olhanense;Babanco;27;500000.0;Linkes Mittelfeld;Startaufstellung
2270396;Kap Verde;CD Santa Clara;Platini;26;350000.0;Offensives Mittelfeld;Startaufstellung
2270396;Kap Verde;CS Marítimo;Héldon;24;2500000.0;Hängende Spitze;Startaufstellung
2270396;Kap Verde;LOSC Lille;Ryan Mendes;23;3500000.0;Mittelstürmer;Startaufstellung
2270396;Südafrika;Mamelodi Sundowns FC;Wayne Sandilands;29;250000.0;Torwart;Reservebank
2270396;Südafrika;Orlando Pirates;Senzo Meyiwa †;25;125000.0;Torwart;Reservebank
2270396;Südafrika;Bloemfontein Celtic;Thabo Nthethe;28;250000.0;Innenverteidiger;Reservebank
2270396;Südafrika;Kaizer Chiefs;Tsepo Masilela;27;850000.0;Linker Verteidiger;Reservebank
2270396;Südafrika;Kaizer Chiefs;Siboniso Gaxa;28;600000.0;Rechter Verteidiger;Reservebank
2270396;Südafrika;Ajax Amsterdam;Thulani Serero;22;1000000.0;Offensives Mittelfeld;Reservebank
2270396;Südafrika;Helsingborgs IF;May Mahlangu;23;2500000.0;Zentrales Mittelfeld;Reservebank
2270396;Südafrika;Oldham Athletic;Dean Furman;24;125000.0;Zentrales Mittelfeld;Reservebank
2270396;Südafrika;Orlando Pirates;Oupa Manyisa;24;300000.0;Zentrales Mittelfeld;Reservebank
2270396;Südafrika;Moroka Swallows;Lerato Chabangu;27;250000.0;Linksaußen;Reservebank
2270396;Südafrika;Mamelodi Sundowns FC;Katlego Mphela;28;900000.0;Mittelstürmer;Reservebank
2270396;Südafrika;Malmö FF;Tokelo Rantie;22;250000.0;Mittelstürmer;Reservebank
2270396;Kap Verde;CA Petróleos Luanda;Fock;30;100000.0;Torwart;Reservebank
2270396;Kap Verde;;Rilly;20;100000.0;Torwart;Reservebank
2270396;Kap Verde;RKC Waalwijk;Guy Ramos;27;450000.0;Innenverteidiger;Reservebank
2270396;Kap Verde;FC Dordrecht;Josimar Lima;23;100000.0;Innenverteidiger;Reservebank
2270396;Kap Verde;Gil Vicente FC;Pék's;19;100000.0;Innenverteidiger;Reservebank
2270396;Kap Verde;CS Marítimo;Gegé;24;250000.0;Innenverteidiger;Reservebank
2270396;Kap Verde;CS Fola Esch;Ronny Souto;34;175000.0;Defensives Mittelfeld;Reservebank
2270396;Kap Verde;CD Feirense;Stenio;24;800000.0;Zentrales Mittelfeld;Reservebank
2270396;Kap Verde;SC Olhanense;David Silva;26;250000.0;Linkes Mittelfeld;Reservebank
2270396;Kap Verde;CF Belenenses Lissabon;Rambé;23;100000.0;Mittelstürmer;Reservebank
2270396;Kap Verde;FCO Dijon;Julio Tavarès;24;800000.0;Mittelstürmer;Reservebank
2270396;Kap Verde;SC Olhanense;Djaniny;21;1000000.0;Mittelstürmer;Reservebank
