GameId;team;club;name;age;value;position;role
2270417;Äthiopien;;Sisay Bancha;23;75000.0;Torwart;Startaufstellung
2270417;Äthiopien;;Degu Debebe;29;75000.0;Innenverteidiger;Startaufstellung
2270417;Äthiopien;;Biyadiglign Elias;24;75000.0;Innenverteidiger;Startaufstellung
2270417;Äthiopien;;Abebaw Butako;25;75000.0;Linker Verteidiger;Startaufstellung
2270417;Äthiopien;;Alula Girma;19;75000.0;Rechter Verteidiger;Startaufstellung
2270417;Äthiopien;Al-Ahly Shendi;Addis Hintsa;25;75000.0;Defensives Mittelfeld;Startaufstellung
2270417;Äthiopien;Syrianska FC;Yussuf Saleh;28;300000.0;Offensives Mittelfeld;Startaufstellung
2270417;Äthiopien;Dedebit FC;Getaneh Kebede;20;75000.0;Offensives Mittelfeld;Startaufstellung
2270417;Äthiopien;Lierse SK;Saladin Said;24;200000.0;Linksaußen;Startaufstellung
2270417;Äthiopien;Saint George SA;Oumed Oukri;22;75000.0;Rechtsaußen;Startaufstellung
2270417;Äthiopien;Ethiopian Coffee Addis Abeba;Dawit Estifanos;24;75000.0;Mittelstürmer;Startaufstellung
2270417;Nigeria;Maccabi Tel Aviv;Vincent Enyeama;30;1500000.0;Torwart;Startaufstellung
2270417;Nigeria;;Godfrey Oboabona;22;300000.0;Innenverteidiger;Startaufstellung
2270417;Nigeria;ADO Den Haag;Kenneth Omeruo;19;600000.0;Innenverteidiger;Startaufstellung
2270417;Nigeria;SC Braga;Elderson;25;3700000.0;Linker Verteidiger;Startaufstellung
2270417;Nigeria;Celtic Glasgow;Efe Ambrose;24;400000.0;Rechter Verteidiger;Startaufstellung
2270417;Nigeria;FC Chelsea;John Mikel Obi;25;23000000.0;Defensives Mittelfeld;Startaufstellung
2270417;Nigeria;Valerenga Oslo;Fegor Ogude;25;600000.0;Defensives Mittelfeld;Startaufstellung
2270417;Nigeria;Warri Wolves FC;Sunday Mba;24;50000.0;Offensives Mittelfeld;Startaufstellung
2270417;Nigeria;Spartak Moskau;Emmanuel Emenike;25;12000000.0;Linksaußen;Startaufstellung
2270417;Nigeria;FC Chelsea;Victor Moses;22;15000000.0;Rechtsaußen;Startaufstellung
2270417;Nigeria;FC Villarreal;Ikechukwu Uche;29;3000000.0;Mittelstürmer;Startaufstellung
2270417;Äthiopien;Ethiopian Coffee Addis Abeba;Jemal Tassew;25;75000.0;Torwart;Reservebank
2270417;Äthiopien;Saint George SA;Zerihun Tadele;23;75000.0;Torwart;Reservebank
2270417;Äthiopien;;Aynalem Hailu;26;75000.0;Innenverteidiger;Reservebank
2270417;Äthiopien;Dedebit FC;Seyoum Tesfaye;23;75000.0;Rechter Verteidiger;Reservebank
2270417;Äthiopien;;Asrat Megersa;25;75000.0;Defensives Mittelfeld;Reservebank
2270417;Äthiopien;Dedebit FC;Behailu Assefa;23;75000.0;Rechtes Mittelfeld;Reservebank
2270417;Äthiopien;;Yared Zinabu;23;75000.0;Linkes Mittelfeld;Reservebank
2270417;Äthiopien;Dedebit FC;Birhanu Bogale;26;75000.0;Zentrales Mittelfeld;Reservebank
2270417;Äthiopien;Dedebit FC;Minyahil Teshome;27;75000.0;Linksaußen;Reservebank
2270417;Äthiopien;Saint George SA;Shimelis Bekele;22;75000.0;Offensives Mittelfeld;Reservebank
2270417;Äthiopien;Saint George SA;Adane Girma;27;75000.0;Offensives Mittelfeld;Reservebank
2270417;Äthiopien;Vereinslos;Fuad Ibrahim;21;75000.0;Rechtsaußen;Reservebank
2270417;Nigeria;;Chigozie Agbim;28;50000.0;Torwart;Reservebank
2270417;Nigeria;Hapoel Beer Sheva;Austin Ejide;28;350000.0;Torwart;Reservebank
2270417;Nigeria;Warri Wolves FC;Azubuike Egwuekwe;23;50000.0;Innenverteidiger;Reservebank
2270417;Nigeria;Fenerbahce Istanbul;Joseph Yobo;32;8500000.0;Defensives Mittelfeld;Reservebank
2270417;Nigeria;FC Ashdod;Juwon Oshaniwa;22;50000.0;Linker Verteidiger;Reservebank
2270417;Nigeria;Calcio Padova;Nwankwo Obiora;21;800000.0;Defensives Mittelfeld;Reservebank
2270417;Nigeria;Lazio Rom;Ogenyi Onazi;20;1000000.0;Defensives Mittelfeld;Reservebank
2270417;Nigeria;Kano Pillars;Reuben Gabriel;22;50000.0;Zentrales Mittelfeld;Reservebank
2270417;Nigeria;Real Betis Sevilla;Nosa Igiebor;22;1200000.0;Zentrales Mittelfeld;Reservebank
2270417;Nigeria;Enugu Rangers IFC;Ejike Uzoenyi;20;50000.0;Linksaußen;Reservebank
2270417;Nigeria;ZSKA Moskau;Ahmed Musa;20;7000000.0;Rechtsaußen;Reservebank
2270417;Nigeria;Dynamo Kiew;Brown Ideye;24;11000000.0;Mittelstürmer;Reservebank
