GameId;team;club;name;age;value;position;role
2270413;Kap Verde;Progresso do Sambizanga;Vozinha;26;100000.0;Torwart;Startaufstellung
2270413;Kap Verde;FC Vaslui;Fernando Varela;25;1900000.0;Innenverteidiger;Startaufstellung
2270413;Kap Verde;LB Châteauroux;Fernando Neves;34;200000.0;Innenverteidiger;Startaufstellung
2270413;Kap Verde;AEL Limassol;Carlitos;27;300000.0;Linker Verteidiger;Startaufstellung
2270413;Kap Verde;CS Marítimo;Gegé;24;250000.0;Rechter Verteidiger;Startaufstellung
2270413;Kap Verde;Sparta Rotterdam;Toni Varela;26;200000.0;Defensives Mittelfeld;Startaufstellung
2270413;Kap Verde;Omonia Nikosia;Marco Soares;28;400000.0;Rechtes Mittelfeld;Startaufstellung
2270413;Kap Verde;SC Olhanense;Babanco;27;500000.0;Linkes Mittelfeld;Startaufstellung
2270413;Kap Verde;CD Santa Clara;Platini;26;350000.0;Offensives Mittelfeld;Startaufstellung
2270413;Kap Verde;LOSC Lille;Ryan Mendes;23;3500000.0;Mittelstürmer;Startaufstellung
2270413;Kap Verde;FCO Dijon;Julio Tavarès;24;800000.0;Mittelstürmer;Startaufstellung
2270413;Angola;CA Petróleos Luanda;Lamá;31;150000.0;Torwart;Startaufstellung
2270413;Angola;CD 1º de Agosto;Dani Massunguna;26;150000.0;Innenverteidiger;Startaufstellung
2270413;Angola;CA Petróleos Luanda;Bastos;21;250000.0;Innenverteidiger;Startaufstellung
2270413;Angola;CD 1º de Agosto;Amaro;26;150000.0;Linker Verteidiger;Startaufstellung
2270413;Angola;AEL Limassol;Marco Airosa;28;350000.0;Rechter Verteidiger;Startaufstellung
2270413;Angola;;Pirolito;19;300000.0;Defensives Mittelfeld;Startaufstellung
2270413;Angola;CD 1º de Agosto;Manucho Dinis;26;150000.0;Defensives Mittelfeld;Startaufstellung
2270413;Angola;AEL Limassol;Gilberto;30;500000.0;Offensives Mittelfeld;Startaufstellung
2270413;Angola;Kasimpasa;Djalma;25;3800000.0;Linksaußen;Startaufstellung
2270413;Angola;CD Nacional;Mateus;28;2500000.0;Rechtsaußen;Startaufstellung
2270413;Angola;Real Valladolid;Manucho;29;2500000.0;Mittelstürmer;Startaufstellung
2270413;Kap Verde;CA Petróleos Luanda;Fock;30;100000.0;Torwart;Reservebank
2270413;Kap Verde;;Rilly;21;100000.0;Torwart;Reservebank
2270413;Kap Verde;RKC Waalwijk;Guy Ramos;27;450000.0;Innenverteidiger;Reservebank
2270413;Kap Verde;FC Dordrecht;Josimar Lima;23;100000.0;Innenverteidiger;Reservebank
2270413;Kap Verde;Gil Vicente FC;Pék's;19;100000.0;Innenverteidiger;Reservebank
2270413;Kap Verde;CS Fola Esch;Ronny Souto;34;175000.0;Defensives Mittelfeld;Reservebank
2270413;Kap Verde;CD Feirense;Stenio;24;800000.0;Zentrales Mittelfeld;Reservebank
2270413;Kap Verde;Académica Coimbra;Nivaldo;24;700000.0;Linkes Mittelfeld;Reservebank
2270413;Kap Verde;SC Olhanense;David Silva;26;250000.0;Linkes Mittelfeld;Reservebank
2270413;Kap Verde;CS Marítimo;Héldon;24;2500000.0;Offensives Mittelfeld;Reservebank
2270413;Kap Verde;CF Belenenses Lissabon;Rambé;23;100000.0;Mittelstürmer;Reservebank
2270413;Kap Verde;SC Olhanense;Djaniny;21;1000000.0;Mittelstürmer;Reservebank
2270413;Angola;;Landú;23;200000.0;Torwart;Reservebank
2270413;Angola;CD 1º de Agosto;Neblú;19;200000.0;Torwart;Reservebank
2270413;Angola;;Fabrício;24;150000.0;Innenverteidiger;Reservebank
2270413;Angola;APOEL Nikosia;Zuela;29;1000000.0;Innenverteidiger;Reservebank
2270413;Angola;;Miguel Quiame;21;350000.0;Linker Verteidiger;Reservebank
2270413;Angola;Kabuscorp SC do Palanca;Lunguinha;27;100000.0;Rechter Verteidiger;Reservebank
2270413;Angola;AEL Limassol;Dédé;31;500000.0;Defensives Mittelfeld;Reservebank
2270413;Angola;AS Aviação;Manuel Costa;23;200000.0;Defensives Mittelfeld;Reservebank
2270413;Angola;;Mingo Bile;25;150000.0;Rechtes Mittelfeld;Reservebank
2270413;Angola;Coritiba FC;Geraldo;21;250000.0;Offensives Mittelfeld;Reservebank
2270413;Angola;;Yano;20;400000.0;Mittelstürmer;Reservebank
2270413;Angola;FC Vaduz;Guilherme Afonso;27;300000.0;Mittelstürmer;Reservebank
