GameId;team;club;name;age;value;position;role
2270407;Niger;Chippa United;Kassaly Daouda;29;200000.0;Torwart;Startaufstellung
2270407;Niger;AS Marsa;Mohamed Chikoto;23;75000.0;Innenverteidiger;Startaufstellung
2270407;Niger;ES Zarzis;Koffi Dan Kowa;23;250000.0;Innenverteidiger;Startaufstellung
2270407;Niger;CR Al Hoceima;Kourouma Fatoukouma;28;100000.0;Linker Verteidiger;Startaufstellung
2270407;Niger;;Mohamed Bachar;20;75000.0;Rechter Verteidiger;Startaufstellung
2270407;Niger;;Mohamed Soumaïla;18;150000.0;Defensives Mittelfeld;Startaufstellung
2270407;Niger;AS GNN;Issiaka Koudize;22;150000.0;Defensives Mittelfeld;Startaufstellung
2270407;Niger;Olympic FC Niamey;Boubacar Issoufou;22;150000.0;Linkes Mittelfeld;Startaufstellung
2270407;Niger;Cotonsport de Garoua;Karim Lancina;25;150000.0;Offensives Mittelfeld;Startaufstellung
2270407;Niger;Etoile Sportive du Sahel;Moussa Maazou;24;1000000.0;Rechtsaußen;Startaufstellung
2270407;Niger;Akokana FC;Issa Modibo Sidibe;27;75000.0;Mittelstürmer;Startaufstellung
2270407;Demokratische Republik Kongo;TP Mazembe;Robert Muteba Kidiaba;36;500000.0;Torwart;Startaufstellung
2270407;Demokratische Republik Kongo;Kardemir D.C. Karabükspor;Larrys Mabiala;25;2000000.0;Innenverteidiger;Startaufstellung
2270407;Demokratische Republik Kongo;FC Évian Thonon Gaillard;Cédric Mongongu;23;1750000.0;Innenverteidiger;Startaufstellung
2270407;Demokratische Republik Kongo;TP Mazembe;Kilitcho Kasusula;30;300000.0;Linker Verteidiger;Startaufstellung
2270407;Demokratische Republik Kongo;AS Vita Club Kinshasa;Issama Mpeko;26;250000.0;Rechter Verteidiger;Startaufstellung
2270407;Demokratische Republik Kongo;West Bromwich Albion;Youssouf Mulumbu;25;3500000.0;Defensives Mittelfeld;Startaufstellung
2270407;Demokratische Republik Kongo;SC Freiburg;Cédric Makiadi;28;3000000.0;Zentrales Mittelfeld;Startaufstellung
2270407;Demokratische Republik Kongo;Kardemir D.C. Karabükspor;Lomana LuaLua;32;800000.0;Linksaußen;Startaufstellung
2270407;Demokratische Republik Kongo;TP Mazembe;Patou Kabangu;27;700000.0;Rechtsaußen;Startaufstellung
2270407;Demokratische Republik Kongo;TP Mazembe;Trésor Mputu;27;1500000.0;Hängende Spitze;Startaufstellung
2270407;Demokratische Republik Kongo;RSC Anderlecht;Dieumerci Mbokani;27;8000000.0;Mittelstürmer;Startaufstellung
2270407;Niger;AS GNN;Moussa Alzouma;30;75000.0;Torwart;Reservebank
2270407;Niger;Sahel SC;Rabo Saminou;26;150000.0;Torwart;Reservebank
2270407;Niger;;James Locky;20;75000.0;Abwehr;Reservebank
2270407;Niger;AS Mangasport Moanda;Ismaël Alassane;28;75000.0;Innenverteidiger;Reservebank
2270407;Niger;Olympic FC Niamey;Amadou Kader;23;100000.0;Rechter Verteidiger;Reservebank
2270407;Niger;AS FAN;Idrissa Laouali;33;150000.0;Zentrales Mittelfeld;Reservebank
2270407;Niger;AS Mangasport Moanda;Souleymane Sacko;25;75000.0;Zentrales Mittelfeld;Reservebank
2270407;Niger;AS GNN;Boubacar Talatou;23;150000.0;Offensives Mittelfeld;Reservebank
2270407;Niger;FC Le Mans B;Moutari Amadou;19;150000.0;Linksaußen;Reservebank
2270407;Niger;JS Saoura;Kamilou Daouda;25;300000.0;Mittelstürmer;Reservebank
2270407;Niger;IF Limhamn Bunkeflo;William Ngounou;29;75000.0;Mittelstürmer;Reservebank
2270407;Niger;Wydad Fes;Alhassane Issoufou;32;150000.0;Mittelstürmer;Reservebank
2270407;Demokratische Republik Kongo;RSC Charleroi;Parfait Mandanda;23;800000.0;Torwart;Reservebank
2270407;Demokratische Republik Kongo;;Cédrick Bakala Landu;20;250000.0;Torwart;Reservebank
2270407;Demokratische Republik Kongo;RSC Anderlecht Reserve;Chancel Mbemba;18;250000.0;Innenverteidiger;Reservebank
2270407;Demokratische Republik Kongo;Peterborough United;Gabriel Zakuani;26;500000.0;Innenverteidiger;Reservebank
2270407;Demokratische Republik Kongo;KV Kortrijk;Landry Mulemo;26;700000.0;Linker Verteidiger;Reservebank
2270407;Demokratische Republik Kongo;;Guylain Kisombe;20;250000.0;Mittelfeld;Reservebank
2270407;Demokratische Republik Kongo;CD 1º de Agosto;Zola Matumona;31;650000.0;Offensives Mittelfeld;Reservebank
2270407;Demokratische Republik Kongo;;Heritier Luvumbu;20;250000.0;Linksaußen;Reservebank
2270407;Demokratische Republik Kongo;Etoile Sportive du Sahel;Budge Manzia;18;250000.0;Mittelstürmer;Reservebank
2270407;Demokratische Republik Kongo;TP Mazembe;Déo Kanda;23;350000.0;Linksaußen;Reservebank
2270407;Demokratische Republik Kongo;Al-Raed;Yves-Diba Ilunga;25;250000.0;Mittelstürmer;Reservebank
2270407;Demokratische Republik Kongo;Al Kharitiyat Sports Club;Dioko Kaluyituka;26;500000.0;Rechtsaußen;Reservebank
