GameId;team;club;name;age;value;position;role
2270400;Sambia;Free State Stars;Kennedy Mweene;28;300000.0;Torwart;Startaufstellung
2270400;Sambia;TP Mazembe;Hichani Himoonde;26;250000.0;Innenverteidiger;Startaufstellung
2270400;Sambia;TP Mazembe;Stoppila Sunzu;23;600000.0;Innenverteidiger;Startaufstellung
2270400;Sambia;Lamontville Golden Arrows;Joseph Musonda;35;150000.0;Linker Verteidiger;Startaufstellung
2270400;Sambia;SuperSport United;Davies Nkausu;27;150000.0;Rechter Verteidiger;Startaufstellung
2270400;Sambia;TP Mazembe;Nathan Sinkala;22;350000.0;Defensives Mittelfeld;Startaufstellung
2270400;Sambia;Henan Jianye;Isaac Chansa;28;400000.0;Zentrales Mittelfeld;Startaufstellung
2270400;Sambia;Ural Ekaterinburg;Chisamba Lungu;21;250000.0;Rechtes Mittelfeld;Startaufstellung
2270400;Sambia;TP Mazembe;Rainford Kalaba;26;600000.0;Linkes Mittelfeld;Startaufstellung
2270400;Sambia;Henan Jianye;Christopher Katongo;30;175000.0;Hängende Spitze;Startaufstellung
2270400;Sambia;Orlando Pirates;Collins Mbesuma;28;350000.0;Mittelstürmer;Startaufstellung
2270400;Äthiopien;Ethiopian Coffee Addis Abeba;Jemal Tassew;25;75000.0;Torwart;Startaufstellung
2270400;Äthiopien;;Aynalem Hailu;26;75000.0;Innenverteidiger;Startaufstellung
2270400;Äthiopien;;Biyadiglign Elias;24;75000.0;Innenverteidiger;Startaufstellung
2270400;Äthiopien;;Abebaw Butako;25;75000.0;Linker Verteidiger;Startaufstellung
2270400;Äthiopien;Dedebit FC;Seyoum Tesfaye;23;75000.0;Rechter Verteidiger;Startaufstellung
2270400;Äthiopien;;Asrat Megersa;25;75000.0;Defensives Mittelfeld;Startaufstellung
2270400;Äthiopien;Saint George SA;Adane Girma;27;75000.0;Zentrales Mittelfeld;Startaufstellung
2270400;Äthiopien;Saint George SA;Shimelis Bekele;22;75000.0;Rechtes Mittelfeld;Startaufstellung
2270400;Äthiopien;Dedebit FC;Minyahil Teshome;27;75000.0;Linkes Mittelfeld;Startaufstellung
2270400;Äthiopien;Wadi Degla FC;Saladin Said;24;200000.0;Mittelstürmer;Startaufstellung
2270400;Äthiopien;Dedebit FC;Getaneh Kebede;20;75000.0;Mittelstürmer;Startaufstellung
2270400;Sambia;Power Dynamos FC;Joshua Titima;20;150000.0;Torwart;Reservebank
2270400;Sambia;;Danny Munyao;25;150000.0;Torwart;Reservebank
2270400;Sambia;TP Mazembe;Francis Kasonde;26;300000.0;Innenverteidiger;Reservebank
2270400;Sambia;FC Porto B;Emmanuel Mbola;19;500000.0;Linker Verteidiger;Reservebank
2270400;Sambia;Free State Stars;Noah Chivuta;29;150000.0;Zentrales Mittelfeld;Reservebank
2270400;Sambia;Hapoel Beer Sheva;William Njovu;25;250000.0;Zentrales Mittelfeld;Reservebank
2270400;Sambia;Power Dynamos FC;Mukuka Mulenga;19;150000.0;Offensives Mittelfeld;Reservebank
2270400;Sambia;Green Buffaloes;Felix Katongo;28;200000.0;Offensives Mittelfeld;Reservebank
2270400;Sambia;TP Mazembe;Jonas Sakuwaha;29;300000.0;Rechtsaußen;Reservebank
2270400;Sambia;Liaoning FC;James Chamanga;32;175000.0;Mittelstürmer;Reservebank
2270400;Sambia;FC Utrecht;Jacob Mulenga;28;2000000.0;Mittelstürmer;Reservebank
2270400;Sambia;FC Southampton;Emmanuel Mayuka;22;4000000.0;Mittelstürmer;Reservebank
2270400;Äthiopien;;Sisay Bancha;23;75000.0;Torwart;Reservebank
2270400;Äthiopien;Saint George SA;Zerihun Tadele;23;75000.0;Torwart;Reservebank
2270400;Äthiopien;;Degu Debebe;29;75000.0;Innenverteidiger;Reservebank
2270400;Äthiopien;;Alula Girma;19;75000.0;Rechter Verteidiger;Reservebank
2270400;Äthiopien;Ethiopian Coffee Addis Abeba;Dawit Estifanos;24;75000.0;Zentrales Mittelfeld;Reservebank
2270400;Äthiopien;Al-Ahly Shendi;Addis Hintsa;25;75000.0;Zentrales Mittelfeld;Reservebank
2270400;Äthiopien;Dedebit FC;Behailu Assefa;23;75000.0;Rechtes Mittelfeld;Reservebank
2270400;Äthiopien;;Yared Zinabu;23;75000.0;Linkes Mittelfeld;Reservebank
2270400;Äthiopien;Dedebit FC;Birhanu Bogale;26;75000.0;Linkes Mittelfeld;Reservebank
2270400;Äthiopien;Syrianska FC;Yussuf Saleh;28;300000.0;Linksaußen;Reservebank
2270400;Äthiopien;Vereinslos;Fuad Ibrahim;21;75000.0;Linkes Mittelfeld;Reservebank
2270400;Äthiopien;Saint George SA;Oumed Oukri;22;75000.0;Mittelstürmer;Reservebank
