GameId;team;club;name;age;value;position;role
2270398;Ghana;Ashanti Gold SC;Fatau Dauda;27;150000.0;Torwart;Startaufstellung
2270398;Ghana;Eskisehirspor;Jerry Akaminko;24;2400000.0;Innenverteidiger;Startaufstellung
2270398;Ghana;FC Stade Rennes;John Boye;25;2500000.0;Innenverteidiger;Startaufstellung
2270398;Ghana;Juventus Turin;Kwadwo Asamoah;24;19000000.0;Linker Verteidiger;Startaufstellung
2270398;Ghana;Hapoel Tel Aviv;John Paintsil;31;750000.0;Rechter Verteidiger;Startaufstellung
2270398;Ghana;Dnipro Dnipropetrovsk;Derek Boateng;29;3000000.0;Defensives Mittelfeld;Startaufstellung
2270398;Ghana;Udinese Calcio;Emmanuel Badu;22;2500000.0;Defensives Mittelfeld;Startaufstellung
2270398;Ghana;Espanyol Barcelona;Mubarak Wakaso;22;2500000.0;Offensives Mittelfeld;Startaufstellung
2270398;Ghana;FC Porto;Christian Atsu;21;4200000.0;Linksaußen;Startaufstellung
2270398;Ghana;Bristol City;Albert Adomah;25;1500000.0;Rechtsaußen;Startaufstellung
2270398;Ghana;Al-Ain FC;Asamoah Gyan;27;4000000.0;Mittelstürmer;Startaufstellung
2270398;Demokratische Republik Kongo;TP Mazembe;Robert Muteba Kidiaba;36;500000.0;Torwart;Startaufstellung
2270398;Demokratische Republik Kongo;Kardemir D.C. Karabükspor;Larrys Mabiala;25;2000000.0;Innenverteidiger;Startaufstellung
2270398;Demokratische Republik Kongo;FC Évian Thonon Gaillard;Cédric Mongongu;23;1750000.0;Innenverteidiger;Startaufstellung
2270398;Demokratische Republik Kongo;TP Mazembe;Kilitcho Kasusula;30;300000.0;Linker Verteidiger;Startaufstellung
2270398;Demokratische Republik Kongo;AS Vita Club Kinshasa;Issama Mpeko;26;250000.0;Rechter Verteidiger;Startaufstellung
2270398;Demokratische Republik Kongo;West Bromwich Albion;Youssouf Mulumbu;25;3500000.0;Defensives Mittelfeld;Startaufstellung
2270398;Demokratische Republik Kongo;SC Freiburg;Cédric Makiadi;28;3000000.0;Zentrales Mittelfeld;Startaufstellung
2270398;Demokratische Republik Kongo;Kardemir D.C. Karabükspor;Lomana LuaLua;32;800000.0;Linksaußen;Startaufstellung
2270398;Demokratische Republik Kongo;TP Mazembe;Patou Kabangu;27;700000.0;Rechtsaußen;Startaufstellung
2270398;Demokratische Republik Kongo;TP Mazembe;Trésor Mputu;27;1500000.0;Hängende Spitze;Startaufstellung
2270398;Demokratische Republik Kongo;RSC Anderlecht;Dieumerci Mbokani;27;8000000.0;Mittelstürmer;Startaufstellung
2270398;Ghana;Liberty Professionals Accra;Daniel Agyei;23;200000.0;Torwart;Reservebank
2270398;Ghana;Strömsgodset IF;Adam Kwarasey;25;900000.0;Torwart;Reservebank
2270398;Ghana;Maritzburg United FC;Mohamed Awal;24;50000.0;Innenverteidiger;Reservebank
2270398;Ghana;Red Bull Salzburg;Isaac Vorsah;24;2500000.0;Innenverteidiger;Reservebank
2270398;Ghana;FC Évian Thonon Gaillard;Jonathan Mensah;22;800000.0;Innenverteidiger;Reservebank
2270398;Ghana;TP Mazembe;Richard Kissi Boateng;24;50000.0;Linker Verteidiger;Reservebank
2270398;Ghana;Esperance Tunis;Harrison Afful;26;900000.0;Rechtes Mittelfeld;Reservebank
2270398;Ghana;CA Osasuna;Anthony Annan;26;1500000.0;Defensives Mittelfeld;Reservebank
2270398;Ghana;FC Évian Thonon Gaillard;Rabiu Mohammed;23;1500000.0;Offensives Mittelfeld;Reservebank
2270398;Ghana;TP Mazembe;Solomon Asanté;22;50000.0;Rechtsaußen;Reservebank
2270398;Ghana;Esperance Tunis;Emmanuel Clottey;25;1000000.0;Mittelstürmer;Reservebank
2270398;Ghana;US Sassuolo;Richmond Boakye;19;6000000.0;Mittelstürmer;Reservebank
2270398;Demokratische Republik Kongo;RSC Charleroi;Parfait Mandanda;23;800000.0;Torwart;Reservebank
2270398;Demokratische Republik Kongo;;Cédrick Bakala Landu;20;250000.0;Torwart;Reservebank
2270398;Demokratische Republik Kongo;RSC Anderlecht Reserve;Chancel Mbemba;18;250000.0;Innenverteidiger;Reservebank
2270398;Demokratische Republik Kongo;Peterborough United;Gabriel Zakuani;26;500000.0;Innenverteidiger;Reservebank
2270398;Demokratische Republik Kongo;KV Kortrijk;Landry Mulemo;26;700000.0;Linker Verteidiger;Reservebank
2270398;Demokratische Republik Kongo;;Guylain Kisombe;20;250000.0;Mittelfeld;Reservebank
2270398;Demokratische Republik Kongo;CD 1º de Agosto;Zola Matumona;31;650000.0;Linkes Mittelfeld;Reservebank
2270398;Demokratische Republik Kongo;;Heritier Luvumbu;20;250000.0;Linksaußen;Reservebank
2270398;Demokratische Republik Kongo;Etoile Sportive du Sahel;Budge Manzia;18;250000.0;Mittelstürmer;Reservebank
2270398;Demokratische Republik Kongo;TP Mazembe;Déo Kanda;23;350000.0;Linksaußen;Reservebank
2270398;Demokratische Republik Kongo;Al-Raed;Yves-Diba Ilunga;25;250000.0;Mittelstürmer;Reservebank
2270398;Demokratische Republik Kongo;Al Kharitiyat Sports Club;Dioko Kaluyituka;26;500000.0;Rechtsaußen;Reservebank
