GameId;team;club;name;age;value;position;role
2270418;Togo;Stade Reims;Kossi Agassa;34;1250000.0;Torwart;Startaufstellung
2270418;Togo;Royal Francs Borains;Daré Nibombé;32;150000.0;Innenverteidiger;Startaufstellung
2270418;Togo;MSK Zilina;Serge Akakpo;25;550000.0;Innenverteidiger;Startaufstellung
2270418;Togo;;Djené;21;125000.0;Linker Verteidiger;Startaufstellung
2270418;Togo;Dacia Chisinau;Abdoul Gafar Mamah;27;750000.0;Rechter Verteidiger;Startaufstellung
2270418;Togo;Becamex Binh Duong FC;Vincent Bossou;26;150000.0;Defensives Mittelfeld;Startaufstellung
2270418;Togo;Nîmes Olympique;Komlan Amewou;29;300000.0;Defensives Mittelfeld;Startaufstellung
2270418;Togo;FC Lorient;Alaixys Romao;29;3500000.0;Defensives Mittelfeld;Startaufstellung
2270418;Togo;FC Nantes;Serge Gakpé;25;1000000.0;Linksaußen;Startaufstellung
2270418;Togo;Stade Reims;Floyd Ayité;24;800000.0;Rechtsaußen;Startaufstellung
2270418;Togo;Tottenham Hotspur;Emmanuel Adebayor;28;13000000.0;Mittelstürmer;Startaufstellung
2270418;Tunesien;Esperance Tunis;Moez Ben Cherifia;21;1000000.0;Torwart;Startaufstellung
2270418;Tunesien;FC Toulouse;Aymen Abdennour;23;6000000.0;Innenverteidiger;Startaufstellung
2270418;Tunesien;Esperance Tunis;Walid Hichri;26;800000.0;Innenverteidiger;Startaufstellung
2270418;Tunesien;Esperance Tunis;Khalil Chemmam;25;1000000.0;Linker Verteidiger;Startaufstellung
2270418;Tunesien;Al-Kuwait Sports Club;Chadi Hammami;26;700000.0;Rechter Verteidiger;Startaufstellung
2270418;Tunesien;Esperance Tunis;Khaled Mouelhi;31;450000.0;Defensives Mittelfeld;Startaufstellung
2270418;Tunesien;Esperance Tunis;Mejdi Traoui;29;900000.0;Defensives Mittelfeld;Startaufstellung
2270418;Tunesien;FC Sion;Oussama Darragi;25;2500000.0;Offensives Mittelfeld;Startaufstellung
2270418;Tunesien;Al Duhail Sports Club;Youssef Msakni;22;2750000.0;Linksaußen;Startaufstellung
2270418;Tunesien;SC Bastia;Wahbi Khazri;21;3000000.0;Rechtsaußen;Startaufstellung
2270418;Tunesien;FC Évian Thonon Gaillard;Saber Khalifa;26;2500000.0;Mittelstürmer;Startaufstellung
2270418;Togo;;Mawugbe Atsou;26;125000.0;Torwart;Reservebank
2270418;Togo;FCO Dijon;Baba Tchagouni;22;300000.0;Torwart;Reservebank
2270418;Togo;Free State Stars;Sadat Ouro-Akoriko;24;125000.0;Defensives Mittelfeld;Reservebank
2270418;Togo;Maranatha FC;Donou Kokou;21;125000.0;Rechter Verteidiger;Reservebank
2270418;Togo;AJ Auxerre;Prince Segbefia;21;600000.0;Zentrales Mittelfeld;Reservebank
2270418;Togo;;Kodjo Amétépé;26;150000.0;Rechtes Mittelfeld;Reservebank
2270418;Togo;Free State Stars;Dové Womé;21;150000.0;Mittelstürmer;Reservebank
2270418;Togo;Vereinslos;Moustapha Salifou;29;150000.0;Offensives Mittelfeld;Reservebank
2270418;Togo;Anges FC;Sapol Mani;21;350000.0;Offensives Mittelfeld;Reservebank
2270418;Togo;;Euloge Placca Fessou;18;125000.0;Mittelstürmer;Reservebank
2270418;Togo;LOSC Lille B;Kalen Damessi;22;125000.0;Mittelstürmer;Reservebank
2270418;Togo;Stade Brest 29;Jonathan Ayité;27;900000.0;Linksaußen;Reservebank
2270418;Tunesien;Club Bizertin;Farouk Ben Mustapha;23;700000.0;Torwart;Reservebank
2270418;Tunesien;Etoile Sportive du Sahel;Balbouli;28;1500000.0;Torwart;Reservebank
2270418;Tunesien;Club Africain Tunis;Bilel Ifa;22;1100000.0;Innenverteidiger;Reservebank
2270418;Tunesien;Esperance Tunis;Chamseddine Dhaouadi;26;300000.0;Innenverteidiger;Reservebank
2270418;Tunesien;Club Bizertin;Houssem Belhaj Mabrouk;22;200000.0;Linker Verteidiger;Reservebank
2270418;Tunesien;SK Tavriya Simferopol;Anis Boussaidi;31;600000.0;Rechter Verteidiger;Reservebank
2270418;Tunesien;Club Africain Tunis;Hatten Baratli;22;550000.0;Defensives Mittelfeld;Reservebank
2270418;Tunesien;Mersin Idmanyurdu;Wissem Ben Yahia;28;1500000.0;Zentrales Mittelfeld;Reservebank
2270418;Tunesien;Club Africain Tunis;Zouhaier Dhaouadi;25;1000000.0;Rechtsaußen;Reservebank
2270418;Tunesien;Club Sportif Sfaxien;Fakhreddine Ben Youssef;21;200000.0;Mittelstürmer;Reservebank
2270418;Tunesien;Al-Kuwait Sports Club;Issam Jemâa;29;1500000.0;Mittelstürmer;Reservebank
2270418;Tunesien;KSC Lokeren;Hamdi Harbaoui;28;2000000.0;Mittelstürmer;Reservebank
