GameId;team;club;name;age;value;position;role
2270416;Sambia;Free State Stars;Kennedy Mweene;28;300000.0;Torwart;Startaufstellung
2270416;Sambia;TP Mazembe;Hichani Himoonde;26;250000.0;Innenverteidiger;Startaufstellung
2270416;Sambia;TP Mazembe;Stoppila Sunzu;23;600000.0;Innenverteidiger;Startaufstellung
2270416;Sambia;FC Porto B;Emmanuel Mbola;19;500000.0;Linker Verteidiger;Startaufstellung
2270416;Sambia;SuperSport United;Davies Nkausu;27;150000.0;Rechter Verteidiger;Startaufstellung
2270416;Sambia;TP Mazembe;Nathan Sinkala;22;350000.0;Defensives Mittelfeld;Startaufstellung
2270416;Sambia;Henan Jianye;Isaac Chansa;28;400000.0;Zentrales Mittelfeld;Startaufstellung
2270416;Sambia;Ural Ekaterinburg;Chisamba Lungu;21;250000.0;Rechtes Mittelfeld;Startaufstellung
2270416;Sambia;TP Mazembe;Rainford Kalaba;26;600000.0;Linkes Mittelfeld;Startaufstellung
2270416;Sambia;Orlando Pirates;Collins Mbesuma;28;350000.0;Mittelstürmer;Startaufstellung
2270416;Sambia;FC Southampton;Emmanuel Mayuka;22;3000000.0;Mittelstürmer;Startaufstellung
2270416;Burkina Faso;Lierse SK;Daouda Diakité;29;200000.0;Torwart;Startaufstellung
2270416;Burkina Faso;Dinamo Bukarest;Paul Koulibaly;26;500000.0;Innenverteidiger;Startaufstellung
2270416;Burkina Faso;Olympique Lyon;Bakary Koné;24;3000000.0;Innenverteidiger;Startaufstellung
2270416;Burkina Faso;Royal Antwerpen FC;Saidou Panandetiguiri;28;150000.0;Linker Verteidiger;Startaufstellung
2270416;Burkina Faso;Petrojet;Mohamed Koffi;26;400000.0;Rechter Verteidiger;Startaufstellung
2270416;Burkina Faso;FC Évian Thonon Gaillard;Djakaridja Koné;26;1750000.0;Defensives Mittelfeld;Startaufstellung
2270416;Burkina Faso;Vereinslos;Florent Rouamba;26;300000.0;Defensives Mittelfeld;Startaufstellung
2270416;Burkina Faso;Olympique Marseille;Charles Kaboré;24;5000000.0;Zentrales Mittelfeld;Startaufstellung
2270416;Burkina Faso;FC Stade Rennes;Jonathan Pitroipa;26;6500000.0;Linksaußen;Startaufstellung
2270416;Burkina Faso;Sheriff Tiraspol;Wilfried Balima;27;350000.0;Rechtsaußen;Startaufstellung
2270416;Burkina Faso;FC Lorient;Alain Traoré;24;6500000.0;Mittelstürmer;Startaufstellung
2270416;Sambia;Power Dynamos FC;Joshua Titima;20;150000.0;Torwart;Reservebank
2270416;Sambia;;Danny Munyao;25;150000.0;Torwart;Reservebank
2270416;Sambia;TP Mazembe;Francis Kasonde;26;300000.0;Innenverteidiger;Reservebank
2270416;Sambia;Lamontville Golden Arrows;Joseph Musonda;35;150000.0;Rechter Verteidiger;Reservebank
2270416;Sambia;Free State Stars;Noah Chivuta;29;150000.0;Zentrales Mittelfeld;Reservebank
2270416;Sambia;Hapoel Beer Sheva;William Njovu;25;250000.0;Zentrales Mittelfeld;Reservebank
2270416;Sambia;Power Dynamos FC;Mukuka Mulenga;19;150000.0;Offensives Mittelfeld;Reservebank
2270416;Sambia;Green Buffaloes;Felix Katongo;28;200000.0;Offensives Mittelfeld;Reservebank
2270416;Sambia;TP Mazembe;Jonas Sakuwaha;29;300000.0;Rechtes Mittelfeld;Reservebank
2270416;Sambia;Liaoning FC;James Chamanga;32;175000.0;Mittelstürmer;Reservebank
2270416;Sambia;FC Utrecht;Jacob Mulenga;28;2000000.0;Mittelstürmer;Reservebank
2270416;Sambia;Henan Jianye;Christopher Katongo;30;175000.0;Mittelstürmer;Reservebank
2270416;Burkina Faso;Vereinslos;Germain Sanou;20;50000.0;Torwart;Reservebank
2270416;Burkina Faso;Ashanti Gold SC;Henri Traoré;27;50000.0;Rechter Verteidiger;Reservebank
2270416;Burkina Faso;El Shorta;Ali Rabo;26;150000.0;Defensives Mittelfeld;Reservebank
2270416;Burkina Faso;Kyoto Sanga FC;Wilfried Sanou;28;500000.0;Linksaußen;Reservebank
2270416;Burkina Faso;Al-Thaid Sharjah;Hugues-Wilfried Dah;26;50000.0;Rechtsaußen;Reservebank
2270416;Burkina Faso;Gaziantepspor;Abdou Traoré;24;1750000.0;Linksaußen;Reservebank
2270416;Burkina Faso;Al Sailiya Sport Club;Moumouni Dagano;32;150000.0;Mittelstürmer;Reservebank
2270416;Burkina Faso;Chernomorets Burgas;Issouf Ouattara;24;450000.0;Mittelstürmer;Reservebank
2270416;Burkina Faso;FC Augsburg;Aristide Bancé;28;800000.0;Mittelstürmer;Reservebank
2270416;Burkina Faso;Al-Thaid Sharjah;Pan Pierre Koulibaly;26;200000.0;Mittelstürmer;Reservebank
2270416;Burkina Faso;Górnik Zabrze;Prejuce Nakoulma;25;1000000.0;Mittelstürmer;Reservebank
