GameId;team;club;name;age;value;position;role
2270408;Sambia;Free State Stars;Kennedy Mweene;28;300000.0;Torwart;Startaufstellung
2270408;Sambia;Lamontville Golden Arrows;Joseph Musonda;35;150000.0;Innenverteidiger;Startaufstellung
2270408;Sambia;TP Mazembe;Stoppila Sunzu;23;600000.0;Innenverteidiger;Startaufstellung
2270408;Sambia;FC Porto B;Emmanuel Mbola;19;500000.0;Linker Verteidiger;Startaufstellung
2270408;Sambia;SuperSport United;Davies Nkausu;27;150000.0;Rechter Verteidiger;Startaufstellung
2270408;Sambia;TP Mazembe;Nathan Sinkala;22;350000.0;Defensives Mittelfeld;Startaufstellung
2270408;Sambia;Henan Jianye;Isaac Chansa;28;400000.0;Zentrales Mittelfeld;Startaufstellung
2270408;Sambia;Ural Ekaterinburg;Chisamba Lungu;21;250000.0;Rechtes Mittelfeld;Startaufstellung
2270408;Sambia;TP Mazembe;Rainford Kalaba;26;600000.0;Linkes Mittelfeld;Startaufstellung
2270408;Sambia;Henan Jianye;Christopher Katongo;30;175000.0;Hängende Spitze;Startaufstellung
2270408;Sambia;FC Southampton;Emmanuel Mayuka;22;4000000.0;Mittelstürmer;Startaufstellung
2270408;Nigeria;Maccabi Tel Aviv;Vincent Enyeama;30;1500000.0;Torwart;Startaufstellung
2270408;Nigeria;;Godfrey Oboabona;22;300000.0;Innenverteidiger;Startaufstellung
2270408;Nigeria;ADO Den Haag;Kenneth Omeruo;19;600000.0;Innenverteidiger;Startaufstellung
2270408;Nigeria;SC Braga;Elderson;25;3700000.0;Linker Verteidiger;Startaufstellung
2270408;Nigeria;Lazio Rom;Ogenyi Onazi;20;1000000.0;Rechter Verteidiger;Startaufstellung
2270408;Nigeria;FC Chelsea;John Mikel Obi;25;19000000.0;Defensives Mittelfeld;Startaufstellung
2270408;Nigeria;Valerenga Oslo;Fegor Ogude;25;600000.0;Defensives Mittelfeld;Startaufstellung
2270408;Nigeria;Real Betis Sevilla;Nosa Igiebor;22;1200000.0;Offensives Mittelfeld;Startaufstellung
2270408;Nigeria;FC Chelsea;Victor Moses;22;15000000.0;Linksaußen;Startaufstellung
2270408;Nigeria;ZSKA Moskau;Ahmed Musa;20;7000000.0;Rechtsaußen;Startaufstellung
2270408;Nigeria;Spartak Moskau;Emmanuel Emenike;25;12000000.0;Mittelstürmer;Startaufstellung
2270408;Sambia;Power Dynamos FC;Joshua Titima;20;150000.0;Torwart;Reservebank
2270408;Sambia;;Danny Munyao;25;150000.0;Torwart;Reservebank
2270408;Sambia;TP Mazembe;Francis Kasonde;26;300000.0;Innenverteidiger;Reservebank
2270408;Sambia;TP Mazembe;Hichani Himoonde;26;250000.0;Innenverteidiger;Reservebank
2270408;Sambia;Free State Stars;Noah Chivuta;29;150000.0;Zentrales Mittelfeld;Reservebank
2270408;Sambia;Hapoel Beer Sheva;William Njovu;25;250000.0;Zentrales Mittelfeld;Reservebank
2270408;Sambia;Power Dynamos FC;Mukuka Mulenga;19;150000.0;Offensives Mittelfeld;Reservebank
2270408;Sambia;Green Buffaloes;Felix Katongo;28;200000.0;Offensives Mittelfeld;Reservebank
2270408;Sambia;TP Mazembe;Jonas Sakuwaha;29;300000.0;Rechtsaußen;Reservebank
2270408;Sambia;Liaoning FC;James Chamanga;32;175000.0;Mittelstürmer;Reservebank
2270408;Sambia;Orlando Pirates;Collins Mbesuma;28;350000.0;Mittelstürmer;Reservebank
2270408;Sambia;FC Utrecht;Jacob Mulenga;28;2000000.0;Mittelstürmer;Reservebank
2270408;Nigeria;;Chigozie Agbim;28;50000.0;Torwart;Reservebank
2270408;Nigeria;Hapoel Beer Sheva;Austin Ejide;28;350000.0;Torwart;Reservebank
2270408;Nigeria;Warri Wolves FC;Azubuike Egwuekwe;23;50000.0;Innenverteidiger;Reservebank
2270408;Nigeria;Fenerbahce Istanbul;Joseph Yobo;32;8500000.0;Innenverteidiger;Reservebank
2270408;Nigeria;FC Ashdod;Juwon Oshaniwa;22;50000.0;Linker Verteidiger;Reservebank
2270408;Nigeria;Calcio Padova;Nwankwo Obiora;21;800000.0;Defensives Mittelfeld;Reservebank
2270408;Nigeria;Kano Pillars;Reuben Gabriel;22;50000.0;Zentrales Mittelfeld;Reservebank
2270408;Nigeria;Warri Wolves FC;Sunday Mba;24;50000.0;Offensives Mittelfeld;Reservebank
2270408;Nigeria;Enugu Rangers IFC;Ejike Uzoenyi;20;50000.0;Linksaußen;Reservebank
2270408;Nigeria;Dynamo Kiew;Brown Ideye;24;11000000.0;Mittelstürmer;Reservebank
2270408;Nigeria;FC Villarreal;Ikechukwu Uche;29;3000000.0;Rechtsaußen;Reservebank
