GameId;team;club;name;age;value;position;role
2289021;Südafrika;Kaizer Chiefs;Itumeleng Khune;25;700000.0;Torwart;Startaufstellung
2289021;Südafrika;PAOK Thessaloniki;Bongani Khumalo;26;1000000.0;Innenverteidiger;Startaufstellung
2289021;Südafrika;Orlando Pirates;Siyabonga Sangweni;31;300000.0;Innenverteidiger;Startaufstellung
2289021;Südafrika;Kaizer Chiefs;Tsepo Masilela;27;850000.0;Linker Verteidiger;Startaufstellung
2289021;Südafrika;Kaizer Chiefs;Siboniso Gaxa;28;600000.0;Rechter Verteidiger;Startaufstellung
2289021;Südafrika;Oldham Athletic;Dean Furman;24;250000.0;Defensives Mittelfeld;Startaufstellung
2289021;Südafrika;Kaizer Chiefs;Reneilwe Letsholonyane;30;350000.0;Zentrales Mittelfeld;Startaufstellung
2289021;Südafrika;Helsingborgs IF;May Mahlangu;23;2500000.0;Offensives Mittelfeld;Startaufstellung
2289021;Südafrika;Kaizer Chiefs;Bernard Parker;26;800000.0;Linksaußen;Startaufstellung
2289021;Südafrika;Platinum Stars FC;Thuso Phala;26;200000.0;Rechtsaußen;Startaufstellung
2289021;Südafrika;Malmö FF;Tokelo Rantie;22;250000.0;Mittelstürmer;Startaufstellung
2289021;Mali;Stade Malien;Soumbeyla Diakite;28;150000.0;Torwart;Startaufstellung
2289021;Mali;AJ Auxerre;Adama Coulibaly;32;900000.0;Innenverteidiger;Startaufstellung
2289021;Mali;SM Caen;Molla Wagué;21;500000.0;Innenverteidiger;Startaufstellung
2289021;Mali;Randers FC;Adama Tamboura;27;350000.0;Linker Verteidiger;Startaufstellung
2289021;Mali;AC Ajaccio;Fousseni Diawara;32;750000.0;Rechter Verteidiger;Startaufstellung
2289021;Mali;AC Florenz;Mohamed Sissoko;28;6000000.0;Defensives Mittelfeld;Startaufstellung
2289021;Mali;RC Lens;Samba Sow;23;1000000.0;Zentrales Mittelfeld;Startaufstellung
2289021;Mali;Dalian Aerbin;Seydou Keita;33;2500000.0;Zentrales Mittelfeld;Startaufstellung
2289021;Mali;West Ham United;Modibo Maïga;25;4500000.0;Linksaußen;Startaufstellung
2289021;Mali;Queens Park Rangers;Samba Diakité;24;3000000.0;Rechtsaußen;Startaufstellung
2289021;Mali;Chievo Verona;Mamadou Samassa;26;1300000.0;Mittelstürmer;Startaufstellung
2289021;Südafrika;Mamelodi Sundowns FC;Wayne Sandilands;29;250000.0;Torwart;Reservebank
2289021;Südafrika;Orlando Pirates;Senzo Meyiwa †;25;125000.0;Torwart;Reservebank
2289021;Südafrika;Bloemfontein Celtic;Thabo Nthethe;28;250000.0;Innenverteidiger;Reservebank
2289021;Südafrika;Orlando Pirates;Thabo Matlaba;25;200000.0;Linker Verteidiger;Reservebank
2289021;Südafrika;Ajax Amsterdam;Thulani Serero;22;1000000.0;Rechtes Mittelfeld;Reservebank
2289021;Südafrika;Crystal Palace;Kagisho Dikgacoi;28;750000.0;Zentrales Mittelfeld;Reservebank
2289021;Südafrika;Orlando Pirates;Oupa Manyisa;24;300000.0;Zentrales Mittelfeld;Reservebank
2289021;Südafrika;Moroka Swallows;Lerato Chabangu;27;250000.0;Offensives Mittelfeld;Reservebank
2289021;Südafrika;Kaizer Chiefs;Siphiwe Tshabalala;28;850000.0;Linkes Mittelfeld;Reservebank
2289021;Südafrika;Kaizer Chiefs;Lehlohonolo Majoro;26;250000.0;Mittelstürmer;Reservebank
2289021;Südafrika;Mamelodi Sundowns FC;Katlego Mphela;28;900000.0;Mittelstürmer;Reservebank
2289021;Mali;Olympique Marseille B;Aly Yirango;19;150000.0;Torwart;Reservebank
2289021;Mali;Vitória Guimarães SC;Mahamadou N'Diaye;22;1300000.0;Innenverteidiger;Reservebank
2289021;Mali;FC Istres Ouest Provence ;Idrissa Coulibaly;25;600000.0;Innenverteidiger;Reservebank
2289021;Mali;;Salif Coulibaly;24;150000.0;Innenverteidiger;Reservebank
2289021;Mali;Stade Brest 29;Ousmane Coulibaly;23;1000000.0;Rechter Verteidiger;Reservebank
2289021;Mali;FC Sochaux-Montbéliard;Kalilou Traoré;25;1750000.0;Defensives Mittelfeld;Reservebank
2289021;Mali;SC Bastia;Sambou Yatabaré;23;900000.0;Zentrales Mittelfeld;Reservebank
2289021;Mali;OGC Nizza;Mahamane Traoré;24;2000000.0;Zentrales Mittelfeld;Reservebank
2289021;Mali;AC Ajaccio;Sigamary Diarra;29;2000000.0;Linksaußen;Reservebank
2289021;Mali;FC Stade Rennes;Cheick Diarra;20;500000.0;Mittelstürmer;Reservebank
2289021;Mali;FC Girondins Bordeaux;Cheick Diabaté;24;2500000.0;Mittelstürmer;Reservebank
