GameId;team;club;name;age;value;position;role
2289691;Mali;EA Guingamp;Mamadou Samassa;22;800000.0;Torwart;Startaufstellung
2289691;Mali;Vitória Guimarães SC;Mahamadou N'Diaye;22;1300000.0;Innenverteidiger;Startaufstellung
2289691;Mali;SM Caen;Molla Wagué;21;500000.0;Innenverteidiger;Startaufstellung
2289691;Mali;Randers FC;Adama Tamboura;27;350000.0;Linker Verteidiger;Startaufstellung
2289691;Mali;AC Ajaccio;Fousseni Diawara;32;750000.0;Rechter Verteidiger;Startaufstellung
2289691;Mali;FC Sochaux-Montbéliard;Kalilou Traoré;25;1750000.0;Defensives Mittelfeld;Startaufstellung
2289691;Mali;AC Florenz;Mohamed Sissoko;28;6000000.0;Zentrales Mittelfeld;Startaufstellung
2289691;Mali;Dalian Aerbin;Seydou Keita;33;2500000.0;Zentrales Mittelfeld;Startaufstellung
2289691;Mali;West Ham United;Modibo Maïga;25;4500000.0;Linksaußen;Startaufstellung
2289691;Mali;OGC Nizza;Mahamane Traoré;24;2000000.0;Rechtsaußen;Startaufstellung
2289691;Mali;Chievo Verona;Mamadou Samassa;26;1300000.0;Mittelstürmer;Startaufstellung
2289691;Nigeria;Maccabi Tel Aviv;Vincent Enyeama;30;1500000.0;Torwart;Startaufstellung
2289691;Nigeria;;Godfrey Oboabona;22;300000.0;Innenverteidiger;Startaufstellung
2289691;Nigeria;ADO Den Haag;Kenneth Omeruo;19;600000.0;Innenverteidiger;Startaufstellung
2289691;Nigeria;SC Braga;Elderson;25;3700000.0;Linker Verteidiger;Startaufstellung
2289691;Nigeria;Celtic Glasgow;Efe Ambrose;24;400000.0;Rechter Verteidiger;Startaufstellung
2289691;Nigeria;FC Chelsea;John Mikel Obi;25;23000000.0;Defensives Mittelfeld;Startaufstellung
2289691;Nigeria;Lazio Rom;Ogenyi Onazi;20;1000000.0;Defensives Mittelfeld;Startaufstellung
2289691;Nigeria;Warri Wolves FC;Sunday Mba;24;50000.0;Offensives Mittelfeld;Startaufstellung
2289691;Nigeria;FC Chelsea;Victor Moses;22;15000000.0;Linksaußen;Startaufstellung
2289691;Nigeria;Spartak Moskau;Emmanuel Emenike;25;12000000.0;Rechtsaußen;Startaufstellung
2289691;Nigeria;Dynamo Kiew;Brown Ideye;24;11000000.0;Mittelstürmer;Startaufstellung
2289691;Mali;Stade Malien;Soumbeyla Diakite;28;150000.0;Torwart;Reservebank
2289691;Mali;AJ Auxerre;Adama Coulibaly;32;900000.0;Innenverteidiger;Reservebank
2289691;Mali;FC Istres Ouest Provence ;Idrissa Coulibaly;25;600000.0;Innenverteidiger;Reservebank
2289691;Mali;;Salif Coulibaly;24;150000.0;Innenverteidiger;Reservebank
2289691;Mali;Stade Brest 29;Ousmane Coulibaly;23;1000000.0;Rechter Verteidiger;Reservebank
2289691;Mali;RC Lens;Samba Sow;23;1000000.0;Zentrales Mittelfeld;Reservebank
2289691;Mali;Queens Park Rangers;Samba Diakité;24;3000000.0;Defensives Mittelfeld;Reservebank
2289691;Mali;AC Ajaccio;Sigamary Diarra;29;2000000.0;Linkes Mittelfeld;Reservebank
2289691;Mali;FC Stade Rennes;Cheick Diarra;20;500000.0;Linksaußen;Reservebank
2289691;Mali;FC Girondins Bordeaux;Cheick Diabaté;24;2500000.0;Mittelstürmer;Reservebank
2289691;Nigeria;;Chigozie Agbim;28;50000.0;Torwart;Reservebank
2289691;Nigeria;Hapoel Beer Sheva;Austin Ejide;28;350000.0;Torwart;Reservebank
2289691;Nigeria;Warri Wolves FC;Azubuike Egwuekwe;23;50000.0;Innenverteidiger;Reservebank
2289691;Nigeria;Fenerbahce Istanbul;Joseph Yobo;32;5000000.0;Innenverteidiger;Reservebank
2289691;Nigeria;FC Ashdod;Juwon Oshaniwa;22;50000.0;Linker Verteidiger;Reservebank
2289691;Nigeria;CFR Cluj;Nwankwo Obiora;21;800000.0;Defensives Mittelfeld;Reservebank
2289691;Nigeria;Valerenga Oslo;Fegor Ogude;25;600000.0;Defensives Mittelfeld;Reservebank
2289691;Nigeria;Kano Pillars;Reuben Gabriel;22;50000.0;Zentrales Mittelfeld;Reservebank
2289691;Nigeria;Real Betis Sevilla;Nosa Igiebor;22;1200000.0;Zentrales Mittelfeld;Reservebank
2289691;Nigeria;FC Stade Rennes B;Ejike Uzoenyi;20;50000.0;Linksaußen;Reservebank
2289691;Nigeria;ZSKA Moskau;Ahmed Musa;20;7000000.0;Rechtsaußen;Reservebank
2289691;Nigeria;FC Villarreal;Ikechukwu Uche;29;3000000.0;Mittelstürmer;Reservebank
