GameId;team;club;name;age;value;position;role
2289742;Mali;Stade Malien;Soumbeyla Diakite;28;150000.0;Torwart;Startaufstellung
2289742;Mali;AJ Auxerre;Adama Coulibaly;32;900000.0;Innenverteidiger;Startaufstellung
2289742;Mali;;Salif Coulibaly;24;150000.0;Innenverteidiger;Startaufstellung
2289742;Mali;Randers FC;Adama Tamboura;27;350000.0;Linker Verteidiger;Startaufstellung
2289742;Mali;AC Ajaccio;Fousseni Diawara;32;750000.0;Rechter Verteidiger;Startaufstellung
2289742;Mali;FC Sochaux-Montbéliard;Kalilou Traoré;25;1750000.0;Defensives Mittelfeld;Startaufstellung
2289742;Mali;Dalian Aerbin;Seydou Keita;33;2500000.0;Zentrales Mittelfeld;Startaufstellung
2289742;Mali;Stade Brest 29;Ousmane Coulibaly;23;1000000.0;Rechtes Mittelfeld;Startaufstellung
2289742;Mali;OGC Nizza;Mahamane Traoré;24;2000000.0;Linkes Mittelfeld;Startaufstellung
2289742;Mali;FC Girondins Bordeaux;Cheick Diabaté;24;2500000.0;Mittelstürmer;Startaufstellung
2289742;Mali;Chievo Verona;Mamadou Samassa;26;1300000.0;Mittelstürmer;Startaufstellung
2289742;Ghana;Ashanti Gold SC;Fatau Dauda;27;150000.0;Torwart;Startaufstellung
2289742;Ghana;Red Bull Salzburg;Isaac Vorsah;24;2500000.0;Innenverteidiger;Startaufstellung
2289742;Ghana;FC Stade Rennes;John Boye;25;2500000.0;Innenverteidiger;Startaufstellung
2289742;Ghana;TP Mazembe;Richard Kissi Boateng;24;50000.0;Linker Verteidiger;Startaufstellung
2289742;Ghana;Esperance Tunis;Harrison Afful;26;900000.0;Rechter Verteidiger;Startaufstellung
2289742;Ghana;Maritzburg United FC;Mohamed Awal;24;50000.0;Defensives Mittelfeld;Startaufstellung
2289742;Ghana;Juventus Turin;Kwadwo Asamoah;24;19000000.0;Zentrales Mittelfeld;Startaufstellung
2289742;Ghana;TP Mazembe;Solomon Asanté;22;50000.0;Rechtes Mittelfeld;Startaufstellung
2289742;Ghana;Espanyol Barcelona;Mubarak Wakaso;22;2500000.0;Linkes Mittelfeld;Startaufstellung
2289742;Ghana;FC Porto;Christian Atsu;21;4200000.0;Hängende Spitze;Startaufstellung
2289742;Ghana;Al-Ain FC;Asamoah Gyan;27;4000000.0;Mittelstürmer;Startaufstellung
2289742;Mali;EA Guingamp;Mamadou Samassa;22;800000.0;Torwart;Reservebank
2289742;Mali;Olympique Marseille B;Aly Yirango;19;150000.0;Torwart;Reservebank
2289742;Mali;Vitória Guimarães SC;Mahamadou N'Diaye;22;1300000.0;Innenverteidiger;Reservebank
2289742;Mali;FC Istres Ouest Provence ;Idrissa Coulibaly;25;600000.0;Innenverteidiger;Reservebank
2289742;Mali;SM Caen;Molla Wagué;21;500000.0;Innenverteidiger;Reservebank
2289742;Mali;AC Florenz;Mohamed Sissoko;28;6000000.0;Defensives Mittelfeld;Reservebank
2289742;Mali;Queens Park Rangers;Samba Diakité;24;3000000.0;Defensives Mittelfeld;Reservebank
2289742;Mali;AC Ajaccio;Sigamary Diarra;29;2000000.0;Linksaußen;Reservebank
2289742;Mali;West Ham United;Modibo Maïga;25;4500000.0;Mittelstürmer;Reservebank
2289742;Mali;FC Stade Rennes;Cheick Diarra;20;500000.0;Mittelstürmer;Reservebank
2289742;Ghana;Liberty Professionals Accra;Daniel Agyei;23;200000.0;Torwart;Reservebank
2289742;Ghana;Strömsgodset IF;Adam Kwarasey;25;900000.0;Torwart;Reservebank
2289742;Ghana;Eskisehirspor;Jerry Akaminko;24;2400000.0;Innenverteidiger;Reservebank
2289742;Ghana;FC Évian Thonon Gaillard;Jonathan Mensah;22;800000.0;Innenverteidiger;Reservebank
2289742;Ghana;CA Osasuna;Anthony Annan;26;1500000.0;Defensives Mittelfeld;Reservebank
2289742;Ghana;Dnipro Dnipropetrovsk;Derek Boateng;29;3000000.0;Defensives Mittelfeld;Reservebank
2289742;Ghana;Udinese Calcio;Emmanuel Badu;22;2500000.0;Zentrales Mittelfeld;Reservebank
2289742;Ghana;Bristol City;Albert Adomah;25;1500000.0;Rechtsaußen;Reservebank
2289742;Ghana;Esperance Tunis;Emmanuel Clottey;25;1000000.0;Mittelstürmer;Reservebank
2289742;Ghana;US Sassuolo;Richmond Boakye;20;6000000.0;Mittelstürmer;Reservebank
