GameId;team;club;name;age;value;position;role
2289020;Ghana;Ashanti Gold SC;Fatau Dauda;27;150000.0;Torwart;Startaufstellung
2289020;Ghana;Red Bull Salzburg;Isaac Vorsah;24;2500000.0;Innenverteidiger;Startaufstellung
2289020;Ghana;FC Stade Rennes;John Boye;25;2500000.0;Innenverteidiger;Startaufstellung
2289020;Ghana;Esperance Tunis;Harrison Afful;26;900000.0;Linker Verteidiger;Startaufstellung
2289020;Ghana;Vereinslos;John Paintsil;31;750000.0;Rechter Verteidiger;Startaufstellung
2289020;Ghana;FC Évian Thonon Gaillard;Rabiu Mohammed;23;1500000.0;Defensives Mittelfeld;Startaufstellung
2289020;Ghana;Udinese Calcio;Emmanuel Badu;22;2500000.0;Defensives Mittelfeld;Startaufstellung
2289020;Ghana;Juventus Turin;Kwadwo Asamoah;24;19000000.0;Offensives Mittelfeld;Startaufstellung
2289020;Ghana;FC Porto;Christian Atsu;21;4200000.0;Linksaußen;Startaufstellung
2289020;Ghana;Bristol City;Albert Adomah;25;1500000.0;Rechtsaußen;Startaufstellung
2289020;Ghana;Al-Ain FC;Asamoah Gyan;27;4000000.0;Mittelstürmer;Startaufstellung
2289020;Kap Verde;Progresso do Sambizanga;Vozinha;26;100000.0;Torwart;Startaufstellung
2289020;Kap Verde;FC Vaslui;Fernando Varela;25;1900000.0;Innenverteidiger;Startaufstellung
2289020;Kap Verde;LB Châteauroux;Fernando Neves;34;200000.0;Innenverteidiger;Startaufstellung
2289020;Kap Verde;Académica Coimbra;Nivaldo;24;700000.0;Linker Verteidiger;Startaufstellung
2289020;Kap Verde;AEL Limassol;Carlitos;27;300000.0;Rechter Verteidiger;Startaufstellung
2289020;Kap Verde;Sparta Rotterdam;Toni Varela;26;200000.0;Defensives Mittelfeld;Startaufstellung
2289020;Kap Verde;SC Olhanense;Babanco;27;500000.0;Zentrales Mittelfeld;Startaufstellung
2289020;Kap Verde;Omonia Nikosia;Marco Soares;28;400000.0;Zentrales Mittelfeld;Startaufstellung
2289020;Kap Verde;LOSC Lille;Ryan Mendes;23;3500000.0;Linksaußen;Startaufstellung
2289020;Kap Verde;CS Marítimo;Héldon;24;2500000.0;Rechtsaußen;Startaufstellung
2289020;Kap Verde;FCO Dijon;Julio Tavarès;24;800000.0;Mittelstürmer;Startaufstellung
2289020;Ghana;Liberty Professionals Accra;Daniel Agyei;23;200000.0;Torwart;Reservebank
2289020;Ghana;Strömsgodset IF;Adam Kwarasey;25;900000.0;Torwart;Reservebank
2289020;Ghana;Maritzburg United FC;Mohamed Awal;24;50000.0;Innenverteidiger;Reservebank
2289020;Ghana;Eskisehirspor;Jerry Akaminko;24;2400000.0;Innenverteidiger;Reservebank
2289020;Ghana;FC Évian Thonon Gaillard;Jonathan Mensah;22;800000.0;Innenverteidiger;Reservebank
2289020;Ghana;TP Mazembe;Richard Kissi Boateng;24;50000.0;Linker Verteidiger;Reservebank
2289020;Ghana;CA Osasuna;Anthony Annan;26;1500000.0;Defensives Mittelfeld;Reservebank
2289020;Ghana;Dnipro Dnipropetrovsk;Derek Boateng;29;3000000.0;Defensives Mittelfeld;Reservebank
2289020;Ghana;Espanyol Barcelona;Mubarak Wakaso;22;2500000.0;Linkes Mittelfeld;Reservebank
2289020;Ghana;TP Mazembe;Solomon Asanté;22;50000.0;Rechtes Mittelfeld;Reservebank
2289020;Ghana;Esperance Tunis;Emmanuel Clottey;25;1000000.0;Mittelstürmer;Reservebank
2289020;Ghana;US Sassuolo;Richmond Boakye;20;6000000.0;Mittelstürmer;Reservebank
2289020;Kap Verde;CA Petróleos Luanda;Fock;30;100000.0;Torwart;Reservebank
2289020;Kap Verde;;Rilly;21;100000.0;Torwart;Reservebank
2289020;Kap Verde;RKC Waalwijk;Guy Ramos;27;450000.0;Innenverteidiger;Reservebank
2289020;Kap Verde;FC Dordrecht;Josimar Lima;23;100000.0;Innenverteidiger;Reservebank
2289020;Kap Verde;CS Marítimo;Gegé;24;250000.0;Innenverteidiger;Reservebank
2289020;Kap Verde;Gil Vicente FC;Pék's;19;100000.0;Innenverteidiger;Reservebank
2289020;Kap Verde;CS Fola Esch;Ronny Souto;34;175000.0;Defensives Mittelfeld;Reservebank
2289020;Kap Verde;CD Feirense;Stenio;24;800000.0;Zentrales Mittelfeld;Reservebank
2289020;Kap Verde;SC Olhanense;David Silva;26;250000.0;Linkes Mittelfeld;Reservebank
2289020;Kap Verde;CD Santa Clara;Platini;26;350000.0;Linkes Mittelfeld;Reservebank
2289020;Kap Verde;CF Belenenses Lissabon;Rambé;23;100000.0;Mittelstürmer;Reservebank
2289020;Kap Verde;SC Olhanense;Djaniny;21;1000000.0;Mittelstürmer;Reservebank
