GameId;team;club;name;age;value;position;role
2289023;Burkina Faso;Lierse SK;Daouda Diakité;29;200000.0;Torwart;Startaufstellung
2289023;Burkina Faso;Vereinslos;Paul Koulibaly;26;500000.0;Innenverteidiger;Startaufstellung
2289023;Burkina Faso;Olympique Lyon;Bakary Koné;24;3000000.0;Innenverteidiger;Startaufstellung
2289023;Burkina Faso;Royal Antwerpen FC;Saidou Panandetiguiri;28;150000.0;Linker Verteidiger;Startaufstellung
2289023;Burkina Faso;Petrojet;Mohamed Koffi;26;400000.0;Rechter Verteidiger;Startaufstellung
2289023;Burkina Faso;FC Évian Thonon Gaillard;Djakaridja Koné;26;1750000.0;Defensives Mittelfeld;Startaufstellung
2289023;Burkina Faso;Olympique Marseille;Charles Kaboré;24;5000000.0;Defensives Mittelfeld;Startaufstellung
2289023;Burkina Faso;FC Stade Rennes;Jonathan Pitroipa;26;6500000.0;Offensives Mittelfeld;Startaufstellung
2289023;Burkina Faso;Chernomorets Burgas;Issouf Ouattara;24;450000.0;Linksaußen;Startaufstellung
2289023;Burkina Faso;Kyoto Sanga FC;Wilfried Sanou;28;500000.0;Rechtsaußen;Startaufstellung
2289023;Burkina Faso;Al Sailiya Sport Club;Moumouni Dagano;32;150000.0;Mittelstürmer;Startaufstellung
2289023;Togo;Stade Reims;Kossi Agassa;34;1250000.0;Torwart;Startaufstellung
2289023;Togo;Becamex Binh Duong FC;Vincent Bossou;26;150000.0;Innenverteidiger;Startaufstellung
2289023;Togo;Royal Francs Borains;Daré Nibombé;32;150000.0;Innenverteidiger;Startaufstellung
2289023;Togo;;Djené;21;125000.0;Linker Verteidiger;Startaufstellung
2289023;Togo;Dacia Chisinau;Abdoul Gafar Mamah;27;750000.0;Rechter Verteidiger;Startaufstellung
2289023;Togo;MSK Zilina;Serge Akakpo;25;550000.0;Defensives Mittelfeld;Startaufstellung
2289023;Togo;Nîmes Olympique;Komlan Amewou;29;300000.0;Defensives Mittelfeld;Startaufstellung
2289023;Togo;Olympique Marseille;Alaixys Romao;29;3500000.0;Defensives Mittelfeld;Startaufstellung
2289023;Togo;FC Nantes;Serge Gakpé;25;1000000.0;Linksaußen;Startaufstellung
2289023;Togo;Stade Reims;Floyd Ayité;24;800000.0;Rechtsaußen;Startaufstellung
2289023;Togo;Tottenham Hotspur;Emmanuel Adebayor;28;13000000.0;Mittelstürmer;Startaufstellung
2289023;Burkina Faso;Asante Kotoko Kumasi;Abdoulaye Soulama;33;50000.0;Torwart;Reservebank
2289023;Burkina Faso;Vereinslos;Germain Sanou;20;50000.0;Torwart;Reservebank
2289023;Burkina Faso;Sheriff Tiraspol;Wilfried Balima;27;350000.0;Rechter Verteidiger;Reservebank
2289023;Burkina Faso;Ashanti Gold SC;Henri Traoré;27;50000.0;Rechter Verteidiger;Reservebank
2289023;Burkina Faso;El Shorta;Ali Rabo;26;150000.0;Defensives Mittelfeld;Reservebank
2289023;Burkina Faso;Vereinslos;Florent Rouamba;26;300000.0;Defensives Mittelfeld;Reservebank
2289023;Burkina Faso;Al-Thaid Sharjah;Hugues-Wilfried Dah;26;50000.0;Rechtsaußen;Reservebank
2289023;Burkina Faso;Gaziantepspor;Abdou Traoré;24;2000000.0;Rechtsaußen;Reservebank
2289023;Burkina Faso;FC Augsburg;Aristide Bancé;28;800000.0;Mittelstürmer;Reservebank
2289023;Burkina Faso;Al-Thaid Sharjah;Pan Pierre Koulibaly;26;200000.0;Mittelstürmer;Reservebank
2289023;Burkina Faso;Górnik Zabrze;Prejuce Nakoulma;25;1000000.0;Linksaußen;Reservebank
2289023;Togo;;Mawugbe Atsou;26;125000.0;Torwart;Reservebank
2289023;Togo;FCO Dijon;Baba Tchagouni;22;300000.0;Torwart;Reservebank
2289023;Togo;Free State Stars;Sadat Ouro-Akoriko;25;125000.0;Innenverteidiger;Reservebank
2289023;Togo;Maranatha FC;Donou Kokou;21;125000.0;Rechter Verteidiger;Reservebank
2289023;Togo;AJ Auxerre;Prince Segbefia;21;600000.0;Rechtsaußen;Reservebank
2289023;Togo;;Kodjo Amétépé;26;150000.0;Rechtes Mittelfeld;Reservebank
2289023;Togo;Free State Stars;Dové Womé;21;150000.0;Offensives Mittelfeld;Reservebank
2289023;Togo;Vereinslos;Moustapha Salifou;29;150000.0;Zentrales Mittelfeld;Reservebank
2289023;Togo;Anges FC;Sapol Mani;21;350000.0;Offensives Mittelfeld;Reservebank
2289023;Togo;;Euloge Placca Fessou;18;125000.0;Mittelstürmer;Reservebank
2289023;Togo;LOSC Lille B;Kalen Damessi;22;125000.0;Mittelstürmer;Reservebank
2289023;Togo;Stade Brest 29;Jonathan Ayité;27;900000.0;Mittelstürmer;Reservebank
