GameId;team;club;name;age;value;position;role
2289692;Burkina Faso;Lierse SK;Daouda Diakité;29;200000.0;Torwart;Startaufstellung
2289692;Burkina Faso;Vereinslos;Paul Koulibaly;26;500000.0;Innenverteidiger;Startaufstellung
2289692;Burkina Faso;Olympique Lyon;Bakary Koné;24;3000000.0;Innenverteidiger;Startaufstellung
2289692;Burkina Faso;Royal Antwerpen FC;Saidou Panandetiguiri;28;150000.0;Linker Verteidiger;Startaufstellung
2289692;Burkina Faso;Petrojet;Mohamed Koffi;26;400000.0;Rechter Verteidiger;Startaufstellung
2289692;Burkina Faso;FC Évian Thonon Gaillard;Djakaridja Koné;26;1750000.0;Defensives Mittelfeld;Startaufstellung
2289692;Burkina Faso;Vereinslos;Florent Rouamba;26;300000.0;Defensives Mittelfeld;Startaufstellung
2289692;Burkina Faso;Olympique Marseille;Charles Kaboré;24;5000000.0;Offensives Mittelfeld;Startaufstellung
2289692;Burkina Faso;FC Stade Rennes;Jonathan Pitroipa;26;6500000.0;Linksaußen;Startaufstellung
2289692;Burkina Faso;Górnik Zabrze;Prejuce Nakoulma;25;1000000.0;Rechtsaußen;Startaufstellung
2289692;Burkina Faso;FC Augsburg;Aristide Bancé;28;800000.0;Mittelstürmer;Startaufstellung
2289692;Ghana;Ashanti Gold SC;Fatau Dauda;27;150000.0;Torwart;Startaufstellung
2289692;Ghana;Red Bull Salzburg;Isaac Vorsah;24;2500000.0;Innenverteidiger;Startaufstellung
2289692;Ghana;FC Stade Rennes;John Boye;25;2500000.0;Innenverteidiger;Startaufstellung
2289692;Ghana;Esperance Tunis;Harrison Afful;26;900000.0;Linker Verteidiger;Startaufstellung
2289692;Ghana;Vereinslos;John Paintsil;31;750000.0;Rechter Verteidiger;Startaufstellung
2289692;Ghana;FC Évian Thonon Gaillard;Rabiu Mohammed;23;1500000.0;Defensives Mittelfeld;Startaufstellung
2289692;Ghana;Udinese Calcio;Emmanuel Badu;22;2500000.0;Defensives Mittelfeld;Startaufstellung
2289692;Ghana;Espanyol Barcelona;Mubarak Wakaso;22;2500000.0;Linkes Mittelfeld;Startaufstellung
2289692;Ghana;Juventus Turin;Kwadwo Asamoah;24;19000000.0;Offensives Mittelfeld;Startaufstellung
2289692;Ghana;FC Porto;Christian Atsu;21;4200000.0;Rechtsaußen;Startaufstellung
2289692;Ghana;Al-Ain FC;Asamoah Gyan;27;4000000.0;Mittelstürmer;Startaufstellung
2289692;Burkina Faso;Asante Kotoko Kumasi;Abdoulaye Soulama;33;50000.0;Torwart;Reservebank
2289692;Burkina Faso;Vereinslos;Germain Sanou;20;50000.0;Torwart;Reservebank
2289692;Burkina Faso;Sheriff Tiraspol;Wilfried Balima;27;350000.0;Rechter Verteidiger;Reservebank
2289692;Burkina Faso;Ashanti Gold SC;Henri Traoré;27;50000.0;Rechter Verteidiger;Reservebank
2289692;Burkina Faso;El Shorta;Ali Rabo;26;150000.0;Defensives Mittelfeld;Reservebank
2289692;Burkina Faso;Kyoto Sanga FC;Wilfried Sanou;28;500000.0;Linksaußen;Reservebank
2289692;Burkina Faso;Al-Thaid Sharjah;Hugues-Wilfried Dah;26;50000.0;Rechtsaußen;Reservebank
2289692;Burkina Faso;Gaziantepspor;Abdou Traoré;24;2000000.0;Hängende Spitze;Reservebank
2289692;Burkina Faso;Al Sailiya Sport Club;Moumouni Dagano;32;150000.0;Mittelstürmer;Reservebank
2289692;Burkina Faso;Chernomorets Burgas;Issouf Ouattara;24;450000.0;Mittelstürmer;Reservebank
2289692;Burkina Faso;Al-Thaid Sharjah;Pan Pierre Koulibaly;26;200000.0;Mittelstürmer;Reservebank
2289692;Ghana;Liberty Professionals Accra;Daniel Agyei;23;200000.0;Torwart;Reservebank
2289692;Ghana;Strömsgodset IF;Adam Kwarasey;25;900000.0;Torwart;Reservebank
2289692;Ghana;Maritzburg United FC;Mohamed Awal;24;50000.0;Innenverteidiger;Reservebank
2289692;Ghana;Eskisehirspor;Jerry Akaminko;24;2400000.0;Innenverteidiger;Reservebank
2289692;Ghana;FC Évian Thonon Gaillard;Jonathan Mensah;22;800000.0;Innenverteidiger;Reservebank
2289692;Ghana;TP Mazembe;Richard Kissi Boateng;24;50000.0;Linker Verteidiger;Reservebank
2289692;Ghana;CA Osasuna;Anthony Annan;26;1500000.0;Defensives Mittelfeld;Reservebank
2289692;Ghana;Dnipro Dnipropetrovsk;Derek Boateng;29;3000000.0;Defensives Mittelfeld;Reservebank
2289692;Ghana;Bristol City;Albert Adomah;25;1500000.0;Rechtsaußen;Reservebank
2289692;Ghana;TP Mazembe;Solomon Asanté;22;50000.0;Linkes Mittelfeld;Reservebank
2289692;Ghana;Esperance Tunis;Emmanuel Clottey;25;1000000.0;Mittelstürmer;Reservebank
2289692;Ghana;US Sassuolo;Richmond Boakye;20;6000000.0;Mittelstürmer;Reservebank
