GameId;team;club;name;age;value;position;role
2289022;Elfenbeinküste;KSC Lokeren;Boubacar Copa;33;1800000.0;Torwart;Startaufstellung
2289022;Elfenbeinküste;Trabzonspor;Sol Bamba;28;2500000.0;Innenverteidiger;Startaufstellung
2289022;Elfenbeinküste;Trabzonspor;Didier Zokora;32;6000000.0;Innenverteidiger;Startaufstellung
2289022;Elfenbeinküste;FC Paris Saint-Germain;Siaka Tiéné;30;1750000.0;Linker Verteidiger;Startaufstellung
2289022;Elfenbeinküste;Galatasaray Istanbul;Emmanuel Eboué;29;6000000.0;Rechter Verteidiger;Startaufstellung
2289022;Elfenbeinküste;Real Saragossa ;Romaric;29;2000000.0;Defensives Mittelfeld;Startaufstellung
2289022;Elfenbeinküste;Newcastle United;Cheik Tioté †;26;10500000.0;Defensives Mittelfeld;Startaufstellung
2289022;Elfenbeinküste;Manchester City;Yaya Touré;29;36000000.0;Offensives Mittelfeld;Startaufstellung
2289022;Elfenbeinküste;FC Arsenal;Gervinho;25;10500000.0;Linksaußen;Startaufstellung
2289022;Elfenbeinküste;LOSC Lille;Salomon Kalou;27;6500000.0;Rechtsaußen;Startaufstellung
2289022;Elfenbeinküste;Galatasaray Istanbul;Didier Drogba;34;3000000.0;Mittelstürmer;Startaufstellung
2289022;Nigeria;Maccabi Tel Aviv;Vincent Enyeama;30;1500000.0;Torwart;Startaufstellung
2289022;Nigeria;;Godfrey Oboabona;22;300000.0;Innenverteidiger;Startaufstellung
2289022;Nigeria;ADO Den Haag;Kenneth Omeruo;19;600000.0;Innenverteidiger;Startaufstellung
2289022;Nigeria;SC Braga;Elderson;25;3700000.0;Linker Verteidiger;Startaufstellung
2289022;Nigeria;Celtic Glasgow;Efe Ambrose;24;400000.0;Rechter Verteidiger;Startaufstellung
2289022;Nigeria;FC Chelsea;John Mikel Obi;25;23000000.0;Defensives Mittelfeld;Startaufstellung
2289022;Nigeria;Lazio Rom;Ogenyi Onazi;20;1000000.0;Defensives Mittelfeld;Startaufstellung
2289022;Nigeria;Warri Wolves FC;Sunday Mba;24;50000.0;Offensives Mittelfeld;Startaufstellung
2289022;Nigeria;FC Chelsea;Victor Moses;22;15000000.0;Linksaußen;Startaufstellung
2289022;Nigeria;Spartak Moskau;Emmanuel Emenike;25;12000000.0;Rechtsaußen;Startaufstellung
2289022;Nigeria;Dynamo Kiew;Brown Ideye;24;11000000.0;Mittelstürmer;Startaufstellung
2289022;Elfenbeinküste;FCO Dijon B;Daniel Yéboah;28;150000.0;Torwart;Reservebank
2289022;Elfenbeinküste;Séwé Sports de San Pedro;Badra Ali Sangaré;26;150000.0;Torwart;Reservebank
2289022;Elfenbeinküste;Manchester City;Kolo Touré;31;6000000.0;Innenverteidiger;Reservebank
2289022;Elfenbeinküste;Stade Brest 29;Ismaël Traoré;26;1500000.0;Innenverteidiger;Reservebank
2289022;Elfenbeinküste;VfB Stuttgart;Arthur Boka;29;2000000.0;Linker Verteidiger;Reservebank
2289022;Elfenbeinküste;Kuban Krasnodar;Igor Lolo;30;1500000.0;Rechter Verteidiger;Reservebank
2289022;Elfenbeinküste;Manchester City;Abdul Razak;20;150000.0;Zentrales Mittelfeld;Reservebank
2289022;Elfenbeinküste;AS Saint-Étienne;Max Gradel;25;4000000.0;Rechtsaußen;Reservebank
2289022;Elfenbeinküste;Wigan Athletic;Arouna Koné;29;5000000.0;Mittelstürmer;Reservebank
2289022;Elfenbeinküste;Vitesse Arnheim;Wilfried Bony;24;10000000.0;Mittelstürmer;Reservebank
2289022;Elfenbeinküste;Hannover 96;Didier Ya Konan;28;6500000.0;Mittelstürmer;Reservebank
2289022;Elfenbeinküste;Anzhi Makhachkala;Lacina Traoré;22;16000000.0;Mittelstürmer;Reservebank
2289022;Nigeria;;Chigozie Agbim;28;50000.0;Torwart;Reservebank
2289022;Nigeria;Hapoel Beer Sheva;Austin Ejide;28;350000.0;Torwart;Reservebank
2289022;Nigeria;Warri Wolves FC;Azubuike Egwuekwe;23;50000.0;Innenverteidiger;Reservebank
2289022;Nigeria;Fenerbahce Istanbul;Joseph Yobo;32;5000000.0;Innenverteidiger;Reservebank
2289022;Nigeria;FC Ashdod;Juwon Oshaniwa;22;50000.0;Linker Verteidiger;Reservebank
2289022;Nigeria;Parma FC;Nwankwo Obiora;21;800000.0;Defensives Mittelfeld;Reservebank
2289022;Nigeria;Kano Pillars;Reuben Gabriel;22;50000.0;Zentrales Mittelfeld;Reservebank
2289022;Nigeria;Real Betis Sevilla;Nosa Igiebor;22;1200000.0;Zentrales Mittelfeld;Reservebank
2289022;Nigeria;FC Stade Rennes B;Ejike Uzoenyi;20;50000.0;Linksaußen;Reservebank
2289022;Nigeria;ZSKA Moskau;Ahmed Musa;20;7000000.0;Mittelstürmer;Reservebank
2289022;Nigeria;FC Villarreal;Ikechukwu Uche;29;3000000.0;Mittelstürmer;Reservebank
