GameId;team;club;name;age;value;position;role
2384334;Uruguay;Galatasaray Istanbul;Fernando Muslera;27;16000000.0;Torwart;Startaufstellung
2384334;Uruguay;West Bromwich Albion;Diego Lugano;33;1000000.0;Innenverteidiger;Startaufstellung
2384334;Uruguay;Atlético Madrid;Diego Godín;28;20000000.0;Innenverteidiger;Startaufstellung
2384334;Uruguay;Juventus Turin;Martín Cáceres;27;9000000.0;Linker Verteidiger;Startaufstellung
2384334;Uruguay;Benfica Lissabon;Maxi Pereira;30;9000000.0;Rechter Verteidiger;Startaufstellung
2384334;Uruguay;Parma FC;Walter Gargano;29;5000000.0;Defensives Mittelfeld;Startaufstellung
2384334;Uruguay;Monarcas Morelia;Egidio Arévalo Ríos;32;1700000.0;Defensives Mittelfeld;Startaufstellung
2384334;Uruguay;Atlético Madrid;Cristian Rodríguez;28;5000000.0;Linksaußen;Startaufstellung
2384334;Uruguay;Espanyol Barcelona;Cristhian Stuani;27;3000000.0;Rechtsaußen;Startaufstellung
2384334;Uruguay;Cerezo Osaka;Diego Forlán;35;1000000.0;Hängende Spitze;Startaufstellung
2384334;Uruguay;FC Paris Saint-Germain;Edinson Cavani;27;60000000.0;Mittelstürmer;Startaufstellung
2384334;Costa Rica;UD Levante;Keylor Navas;27;4000000.0;Torwart;Startaufstellung
2384334;Costa Rica;Columbus Crew SC;Giancarlo González;26;600000.0;Innenverteidiger;Startaufstellung
2384334;Costa Rica;Deportivo Saprissa;Michael Umaña;31;275000.0;Innenverteidiger;Startaufstellung
2384334;Costa Rica;FC Brügge;Óscar Duarte;25;1500000.0;Innenverteidiger;Startaufstellung
2384334;Costa Rica;1.FSV Mainz 05;Júnior Díaz;30;1000000.0;Linker Verteidiger;Startaufstellung
2384334;Costa Rica;Rosenborg BK;Cristian Gamboa;24;1000000.0;Rechter Verteidiger;Startaufstellung
2384334;Costa Rica;Deportivo Saprissa;Yeltsin Tejeda;22;550000.0;Defensives Mittelfeld;Startaufstellung
2384334;Costa Rica;AIK Solna;Celso Borges;26;1500000.0;Zentrales Mittelfeld;Startaufstellung
2384334;Costa Rica;FC Kopenhagen;Christian Bolaños;30;1000000.0;Linksaußen;Startaufstellung
2384334;Costa Rica;PSV Eindhoven;Bryan Ruíz;28;8000000.0;Rechtsaußen;Startaufstellung
2384334;Costa Rica;Olympiakos Piräus;Joel Campbell;21;5000000.0;Mittelstürmer;Startaufstellung
2384334;Uruguay;Club Libertad Asunción;Rodrigo Muñoz;32;525000.0;Torwart;Reservebank
2384334;Uruguay;Vasco da Gama Rio de Janeiro;Martín Silva;31;1000000.0;Torwart;Reservebank
2384334;Uruguay;Atlético Madrid;José Giménez;19;2000000.0;Innenverteidiger;Reservebank
2384334;Uruguay;Club Nacional;Sebastián Coates;23;2500000.0;Innenverteidiger;Reservebank
2384334;Uruguay;FC São Paulo;Álvaro Pereira;28;6000000.0;Linker Verteidiger;Reservebank
2384334;Uruguay;FC Porto;Jorge Fucile;29;1500000.0;Rechter Verteidiger;Reservebank
2384334;Uruguay;FC Bologna;Diego Pérez;34;900000.0;Defensives Mittelfeld;Reservebank
2384334;Uruguay;Lazio Rom;Álvaro González;29;6000000.0;Zentrales Mittelfeld;Reservebank
2384334;Uruguay;Corinthians Sao Paulo;Nicolás Lodeiro;25;2000000.0;Offensives Mittelfeld;Reservebank
2384334;Uruguay;FC Southampton;Gastón Ramírez;23;7500000.0;Offensives Mittelfeld;Reservebank
2384334;Uruguay;US Palermo;Abel Hernández;23;5000000.0;Mittelstürmer;Reservebank
2384334;Uruguay;FC Liverpool;Luis Suárez;27;52000000.0;Mittelstürmer;Reservebank
2384334;Costa Rica;CS Herediano;Daniel Cambronero;28;250000.0;Torwart;Reservebank
2384334;Costa Rica;LD Alajuelense;Patrick Pemberton;32;500000.0;Torwart;Reservebank
2384334;Costa Rica;New York Red Bulls;Roy Miller;29;500000.0;Innenverteidiger;Reservebank
2384334;Costa Rica;LD Alajuelense;Jhonny Acosta;30;250000.0;Innenverteidiger;Reservebank
2384334;Costa Rica;Columbus Crew SC;Waylon Francis;23;350000.0;Linker Verteidiger;Reservebank
2384334;Costa Rica;CS Herediano;Dave Myrie;26;300000.0;Rechter Verteidiger;Reservebank
2384334;Costa Rica;CS Herediano;Esteban Granados;28;350000.0;Defensives Mittelfeld;Reservebank
2384334;Costa Rica;CS Herediano;José Miguel Cubero;27;350000.0;Defensives Mittelfeld;Reservebank
2384334;Costa Rica;Aalesunds FK;Michael Barrantes;30;1300000.0;Offensives Mittelfeld;Reservebank
2384334;Costa Rica;Valerenga Oslo;Diego Calvo;23;400000.0;Linksaußen;Reservebank
2384334;Costa Rica;Kuban Krasnodar;Marcos Ureña;24;400000.0;Hängende Spitze;Reservebank
2384334;Costa Rica;CS Cartaginés;Randall Brenes;30;250000.0;Mittelstürmer;Reservebank
