GameId;team;club;name;age;value;position;role
2384349;Japan;Standard Lüttich;Eiji Kawashima;31;3000000.0;Torwart;Startaufstellung
2384349;Japan;FC Southampton;Maya Yoshida;25;4500000.0;Innenverteidiger;Startaufstellung
2384349;Japan;Gamba Osaka;Yasuyuki Konno;31;1000000.0;Innenverteidiger;Startaufstellung
2384349;Japan;FC Internazionale;Yuto Nagatomo;27;14000000.0;Linker Verteidiger;Startaufstellung
2384349;Japan;FC Schalke 04;Atsuto Uchida;26;6000000.0;Rechter Verteidiger;Startaufstellung
2384349;Japan;Cerezo Osaka;Hotaru Yamaguchi;23;1500000.0;Defensives Mittelfeld;Startaufstellung
2384349;Japan;1.FC Nürnberg;Makoto Hasebe;30;2500000.0;Defensives Mittelfeld;Startaufstellung
2384349;Japan;AC Mailand;Keisuke Honda;28;17000000.0;Offensives Mittelfeld;Startaufstellung
2384349;Japan;1.FSV Mainz 05;Shinji Okazaki;28;4000000.0;Linksaußen;Startaufstellung
2384349;Japan;Kawasaki Frontale;Yoshito Okubo;32;1000000.0;Rechtsaußen;Startaufstellung
2384349;Japan;TSV 1860 München;Yuya Osako;24;1500000.0;Mittelstürmer;Startaufstellung
2384349;Griechenland;FC Granada;Orestis Karnezis;28;1500000.0;Torwart;Startaufstellung
2384349;Griechenland;Olympiakos Piräus;Konstantinos Manolas;23;6000000.0;Innenverteidiger;Startaufstellung
2384349;Griechenland;Borussia Dortmund;Sokratis;26;15000000.0;Innenverteidiger;Startaufstellung
2384349;Griechenland;Olympiakos Piräus;José Holebas;29;2500000.0;Linker Verteidiger;Startaufstellung
2384349;Griechenland;AS Rom;Vasilios Torosidis;29;5500000.0;Rechter Verteidiger;Startaufstellung
2384349;Griechenland;PAOK Thessaloniki;Konstantinos Katsouranis;34;1500000.0;Defensives Mittelfeld;Startaufstellung
2384349;Griechenland;Olympiakos Piräus;Giannis Maniatis;27;4000000.0;Zentrales Mittelfeld;Startaufstellung
2384349;Griechenland;FC Bologna;Panagiotis Kone;26;5000000.0;Zentrales Mittelfeld;Startaufstellung
2384349;Griechenland;Celtic Glasgow;Georgios Samaras;29;3000000.0;Linksaußen;Startaufstellung
2384349;Griechenland;FC Genua 1893;Giannis Fetfatzidis;23;3800000.0;Rechtsaußen;Startaufstellung
2384349;Griechenland;FC Fulham;Konstantinos Mitroglou;26;12000000.0;Mittelstürmer;Startaufstellung
2384349;Japan;Urawa Red Diamonds;Shusaku Nishikawa;28;1500000.0;Torwart;Reservebank
2384349;Japan;FC Tokyo;Shuichi Gonda;25;1250000.0;Torwart;Reservebank
2384349;Japan;FC Tokyo;Masato Morishige;27;1500000.0;Innenverteidiger;Reservebank
2384349;Japan;Júbilo Iwata;Masahiko Inoha;28;1250000.0;Innenverteidiger;Reservebank
2384349;Japan;VfB Stuttgart;Gotoku Sakai;23;3500000.0;Rechter Verteidiger;Reservebank
2384349;Japan;Hannover 96;Hiroki Sakai;24;2500000.0;Rechter Verteidiger;Reservebank
2384349;Japan;Sanfrecce Hiroshima;Toshihiro Aoyama;28;1250000.0;Defensives Mittelfeld;Reservebank
2384349;Japan;Gamba Osaka;Yasuhito Endo;34;1250000.0;Zentrales Mittelfeld;Reservebank
2384349;Japan;Yokohama F. Marinos;Manabu Saito;24;1500000.0;Linkes Mittelfeld;Reservebank
2384349;Japan;1.FC Nürnberg;Hiroshi Kiyotake;24;7000000.0;Offensives Mittelfeld;Reservebank
2384349;Japan;Manchester United;Shinji Kagawa;25;17000000.0;Linksaußen;Reservebank
2384349;Japan;Cerezo Osaka;Yoichiro Kakitani;24;2500000.0;Mittelstürmer;Reservebank
2384349;Griechenland;PAOK Thessaloniki;Panagiotis Glykos;27;1000000.0;Torwart;Reservebank
2384349;Griechenland;Panathinaikos Athen;Stefanos Kapino;20;2000000.0;Torwart;Reservebank
2384349;Griechenland;PAOK Thessaloniki;Georgios Tzavellas;26;2000000.0;Innenverteidiger;Reservebank
2384349;Griechenland;Hellas Verona;Vangelis Moras;32;700000.0;Innenverteidiger;Reservebank
2384349;Griechenland;UD Levante;Loukas Vyntra;33;1000000.0;Innenverteidiger;Reservebank
2384349;Griechenland;FC Turin;Panagiotis Tachtsidis;23;3000000.0;Defensives Mittelfeld;Reservebank
2384349;Griechenland;Kayserispor;Alexandros Tziolis;29;2000000.0;Defensives Mittelfeld;Reservebank
2384349;Griechenland;Olympiakos Piräus;Andreas Samaris;25;2500000.0;Defensives Mittelfeld;Reservebank
2384349;Griechenland;FC Fulham;Georgios Karagounis;37;1000000.0;Zentrales Mittelfeld;Reservebank
2384349;Griechenland;FC Bologna;Lazaros Christodoulopoulos;27;1600000.0;Rechtsaußen;Reservebank
2384349;Griechenland;PAOK Thessaloniki;Dimitrios Salpingidis;32;2500000.0;Rechtsaußen;Reservebank
2384349;Griechenland;Konyaspor;Theofanis Gekas;34;800000.0;Mittelstürmer;Reservebank
