GameId;team;club;name;age;value;position;role
2384321;Ecuador;LDU Quito;Alexander Domínguez;27;1600000.0;Torwart;Startaufstellung
2384321;Ecuador;Flamengo Rio de Janeiro;Frickson Erazo;26;1600000.0;Innenverteidiger;Startaufstellung
2384321;Ecuador;CS Emelec;Jorge Guagua;32;1000000.0;Innenverteidiger;Startaufstellung
2384321;Ecuador;CF Pachuca;Wálter Ayoví;34;1000000.0;Linker Verteidiger;Startaufstellung
2384321;Ecuador;Barcelona SC Guayaquil;Juan Carlos Paredes;26;1400000.0;Rechter Verteidiger;Startaufstellung
2384321;Ecuador;CD Chivas USA;Oswaldo Minda;30;125000.0;Defensives Mittelfeld;Startaufstellung
2384321;Ecuador;Dinamo Moskau;Christian Noboa;29;9000000.0;Defensives Mittelfeld;Startaufstellung
2384321;Ecuador;CF Atlante;Michael Arroyo;27;1800000.0;Offensives Mittelfeld;Startaufstellung
2384321;Ecuador;Monarcas Morelia;Jefferson Montero;24;3300000.0;Linksaußen;Startaufstellung
2384321;Ecuador;Manchester United;Antonio Valencia;28;16000000.0;Rechtsaußen;Startaufstellung
2384321;Ecuador;CF Pachuca;Enner Valencia;24;1600000.0;Mittelstürmer;Startaufstellung
2384321;Frankreich;Tottenham Hotspur;Hugo Lloris;27;16000000.0;Torwart;Startaufstellung
2384321;Frankreich;FC Liverpool;Mamadou Sakho;24;19000000.0;Innenverteidiger;Startaufstellung
2384321;Frankreich;FC Arsenal;Laurent Koscielny;28;18000000.0;Innenverteidiger;Startaufstellung
2384321;Frankreich;FC Paris Saint-Germain;Lucas Digne;20;10000000.0;Linker Verteidiger;Startaufstellung
2384321;Frankreich;FC Arsenal;Bacary Sagna;31;12000000.0;Rechter Verteidiger;Startaufstellung
2384321;Frankreich;FC Southampton;Morgan Schneiderlin;24;8500000.0;Defensives Mittelfeld;Startaufstellung
2384321;Frankreich;FC Paris Saint-Germain;Blaise Matuidi;27;20000000.0;Zentrales Mittelfeld;Startaufstellung
2384321;Frankreich;Juventus Turin;Paul Pogba;21;45000000.0;Zentrales Mittelfeld;Startaufstellung
2384321;Frankreich;Real Sociedad San Sebastián;Antoine Griezmann;23;25000000.0;Linksaußen;Startaufstellung
2384321;Frankreich;Newcastle United;Moussa Sissoko;24;11000000.0;Rechtsaußen;Startaufstellung
2384321;Frankreich;Real Madrid;Karim Benzema;26;34000000.0;Mittelstürmer;Startaufstellung
2384321;Ecuador;Barcelona SC Guayaquil;Máximo Banguera;28;1400000.0;Torwart;Reservebank
2384321;Ecuador;CD El Nacional;Adrián Bone;25;1000000.0;Torwart;Reservebank
2384321;Ecuador;CS Emelec;Gabriel Achilier;29;1600000.0;Innenverteidiger;Reservebank
2384321;Ecuador;CS Emelec;Óscar Bagüí;31;1000000.0;Linker Verteidiger;Reservebank
2384321;Ecuador;VfB Stuttgart;Carlos Gruezo;19;1500000.0;Defensives Mittelfeld;Reservebank
2384321;Ecuador;Vereinslos;Édison Méndez;35;750000.0;Offensives Mittelfeld;Reservebank
2384321;Ecuador;Barcelona SC Guayaquil;Luis Saritama;30;1000000.0;Offensives Mittelfeld;Reservebank
2384321;Ecuador;Club Tijuana;Fidel Martínez;24;2500000.0;Linksaußen;Reservebank
2384321;Ecuador;Vitesse Arnheim;Renato Ibarra;23;3500000.0;Rechtsaußen;Reservebank
2384321;Ecuador;CD Cruz Azul;Joao Rojas;25;2300000.0;Linksaußen;Reservebank
2384321;Ecuador;Al-Jazira (Abu Dhabi);Felipe Caicedo;25;5000000.0;Mittelstürmer;Reservebank
2384321;Ecuador;Club Tijuana;Jaime Ayoví;26;1600000.0;Mittelstürmer;Reservebank
2384321;Frankreich;AS Saint-Étienne;Stéphane Ruffier;27;9000000.0;Torwart;Reservebank
2384321;Frankreich;SC Bastia;Mickaël Landreau;35;1750000.0;Torwart;Reservebank
2384321;Frankreich;FC Porto;Eliaquim Mangala;23;23000000.0;Innenverteidiger;Reservebank
2384321;Frankreich;Real Madrid;Raphaël Varane;21;24000000.0;Innenverteidiger;Reservebank
2384321;Frankreich;Manchester United;Patrice Evra;33;7500000.0;Linker Verteidiger;Reservebank
2384321;Frankreich;Newcastle United;Mathieu Debuchy;28;10000000.0;Rechter Verteidiger;Reservebank
2384321;Frankreich;LOSC Lille;Rio Mavuba;30;7500000.0;Defensives Mittelfeld;Reservebank
2384321;Frankreich;HSC Montpellier;Rémy Cabella;24;10000000.0;Offensives Mittelfeld;Reservebank
2384321;Frankreich;Olympique Marseille;Mathieu Valbuena;29;14000000.0;Offensives Mittelfeld;Reservebank
2384321;Frankreich;FC Arsenal;Olivier Giroud;27;20000000.0;Mittelstürmer;Reservebank
2384321;Frankreich;Queens Park Rangers;Loïc Rémy;27;12000000.0;Linksaußen;Reservebank
