GameId;team;club;name;age;value;position;role
2384314;Australien;FC Brügge;Mathew Ryan;22;2500000.0;Torwart;Startaufstellung
2384314;Australien;Western Sydney Wanderers;Matthew Spiranovic;25;500000.0;Innenverteidiger;Startaufstellung
2384314;Australien;Jeonbuk Hyundai Motors FC;Alex Wilkinson;29;650000.0;Innenverteidiger;Startaufstellung
2384314;Australien;Heracles Almelo;Jason Davidson;22;400000.0;Linker Verteidiger;Startaufstellung
2384314;Australien;Shandong Luneng Taishan;Ryan McGowan;24;700000.0;Rechter Verteidiger;Startaufstellung
2384314;Australien;Crystal Palace;Mile Jedinak;29;2500000.0;Defensives Mittelfeld;Startaufstellung
2384314;Australien;Brisbane Roar;Matt McKay;31;550000.0;Zentrales Mittelfeld;Startaufstellung
2384314;Australien;FC Luzern;Oliver Bozanic;25;750000.0;Offensives Mittelfeld;Startaufstellung
2384314;Australien;FC Utrecht;Tommy Oar;22;1500000.0;Linksaußen;Startaufstellung
2384314;Australien;FSV Frankfurt;Mathew Leckie;23;1000000.0;Rechtsaußen;Startaufstellung
2384314;Australien;Newcastle United Jets;Adam Taggart;21;750000.0;Mittelstürmer;Startaufstellung
2384314;Spanien;SSC Neapel;Pepe Reina;31;10000000.0;Torwart;Startaufstellung
2384314;Spanien;SSC Neapel;Raúl Albiol;28;12000000.0;Innenverteidiger;Startaufstellung
2384314;Spanien;Real Madrid;Sergio Ramos;28;40000000.0;Innenverteidiger;Startaufstellung
2384314;Spanien;FC Barcelona;Jordi Alba;25;25000000.0;Linker Verteidiger;Startaufstellung
2384314;Spanien;Atlético Madrid;Juanfran;29;14000000.0;Rechter Verteidiger;Startaufstellung
2384314;Spanien;Real Madrid;Xabi Alonso;32;12000000.0;Defensives Mittelfeld;Startaufstellung
2384314;Spanien;Atlético Madrid;Koke;22;30000000.0;Zentrales Mittelfeld;Startaufstellung
2384314;Spanien;FC Barcelona;Andrés Iniesta;30;55000000.0;Offensives Mittelfeld;Startaufstellung
2384314;Spanien;Atlético Madrid;David Villa;32;10000000.0;Linksaußen;Startaufstellung
2384314;Spanien;FC Arsenal;Santi Cazorla;29;30000000.0;Rechtsaußen;Startaufstellung
2384314;Spanien;FC Chelsea;Fernando Torres;30;19000000.0;Mittelstürmer;Startaufstellung
2384314;Australien;Adelaide United;Eugene Galekovic;33;1000000.0;Torwart;Reservebank
2384314;Australien;Borussia Dortmund;Mitchell Langerak;25;1000000.0;Torwart;Reservebank
2384314;Australien;Preston North End;Bailey Wright;21;200000.0;Innenverteidiger;Reservebank
2384314;Australien;Brisbane Roar;Ivan Franjic;26;600000.0;Rechter Verteidiger;Reservebank
2384314;Australien;FK Austria Wien;James Holland;25;1500000.0;Defensives Mittelfeld;Reservebank
2384314;Australien;Melbourne Victory;Mark Milligan;28;750000.0;Defensives Mittelfeld;Reservebank
2384314;Australien;Swindon Town;Massimo Luongo;21;400000.0;Defensives Mittelfeld;Reservebank
2384314;Australien;Al Gharafa Sports Club;Mark Bresciano;34;500000.0;Offensives Mittelfeld;Reservebank
2384314;Australien;Melbourne Victory;James Troisi;25;1200000.0;Linksaußen;Reservebank
2384314;Australien;New York Red Bulls;Tim Cahill;34;1000000.0;Mittelstürmer;Reservebank
2384314;Australien;FC Sion;Dario Vidosic;27;1000000.0;Offensives Mittelfeld;Reservebank
2384314;Australien;Fortuna Düsseldorf;Ben Halloran;22;400000.0;Mittelstürmer;Reservebank
2384314;Spanien;Real Madrid;Iker Casillas;33;12000000.0;Torwart;Reservebank
2384314;Spanien;Manchester United;David de Gea;23;17000000.0;Torwart;Reservebank
2384314;Spanien;FC Barcelona;Gerard Piqué;27;36000000.0;Innenverteidiger;Reservebank
2384314;Spanien;FC Chelsea;César Azpilicueta;24;18000000.0;Linker Verteidiger;Reservebank
2384314;Spanien;FC Bayern München;Javi Martínez;25;37000000.0;Defensives Mittelfeld;Reservebank
2384314;Spanien;FC Barcelona;Sergio Busquets;25;45000000.0;Defensives Mittelfeld;Reservebank
2384314;Spanien;FC Barcelona;Xavi;34;10000000.0;Zentrales Mittelfeld;Reservebank
2384314;Spanien;FC Barcelona;Cesc Fàbregas;27;50000000.0;Offensives Mittelfeld;Reservebank
2384314;Spanien;Manchester United;Juan Mata;26;40000000.0;Linksaußen;Reservebank
2384314;Spanien;Manchester City;David Silva;28;40000000.0;Rechtsaußen;Reservebank
2384314;Spanien;FC Barcelona;Pedro;26;25000000.0;Rechtsaußen;Reservebank
2384314;Spanien;Atlético Madrid;Diego Costa;25;35000000.0;Mittelstürmer;Reservebank
