GameId;team;club;name;age;value;position;role
2384330;Spanien;Real Madrid;Iker Casillas;33;12000000.0;Torwart;Startaufstellung
2384330;Spanien;FC Barcelona;Gerard Piqué;27;36000000.0;Innenverteidiger;Startaufstellung
2384330;Spanien;Real Madrid;Sergio Ramos;28;40000000.0;Innenverteidiger;Startaufstellung
2384330;Spanien;FC Barcelona;Jordi Alba;25;25000000.0;Linker Verteidiger;Startaufstellung
2384330;Spanien;FC Chelsea;César Azpilicueta;24;18000000.0;Rechter Verteidiger;Startaufstellung
2384330;Spanien;FC Barcelona;Sergio Busquets;25;45000000.0;Defensives Mittelfeld;Startaufstellung
2384330;Spanien;Real Madrid;Xabi Alonso;32;12000000.0;Zentrales Mittelfeld;Startaufstellung
2384330;Spanien;FC Barcelona;Xavi;34;10000000.0;Zentrales Mittelfeld;Startaufstellung
2384330;Spanien;FC Barcelona;Andrés Iniesta;30;55000000.0;Linksaußen;Startaufstellung
2384330;Spanien;Manchester City;David Silva;28;40000000.0;Rechtsaußen;Startaufstellung
2384330;Spanien;Atlético Madrid;Diego Costa;25;35000000.0;Mittelstürmer;Startaufstellung
2384330;Niederlande;Ajax Amsterdam;Jasper Cillessen;25;5000000.0;Torwart;Startaufstellung
2384330;Niederlande;Feyenoord Rotterdam;Bruno Martins Indi;22;6000000.0;Innenverteidiger;Startaufstellung
2384330;Niederlande;Aston Villa;Ron Vlaar;29;5000000.0;Innenverteidiger;Startaufstellung
2384330;Niederlande;Feyenoord Rotterdam;Stefan de Vrij;22;6000000.0;Innenverteidiger;Startaufstellung
2384330;Niederlande;Ajax Amsterdam;Daley Blind;24;6000000.0;Linker Verteidiger;Startaufstellung
2384330;Niederlande;Feyenoord Rotterdam;Daryl Janmaat;24;5000000.0;Rechter Verteidiger;Startaufstellung
2384330;Niederlande;AC Mailand;Nigel de Jong;29;9000000.0;Defensives Mittelfeld;Startaufstellung
2384330;Niederlande;Swansea City;Jonathan de Guzmán;26;9000000.0;Defensives Mittelfeld;Startaufstellung
2384330;Niederlande;Galatasaray Istanbul;Wesley Sneijder;30;17000000.0;Offensives Mittelfeld;Startaufstellung
2384330;Niederlande;FC Bayern München;Arjen Robben;30;25000000.0;Mittelstürmer;Startaufstellung
2384330;Niederlande;Manchester United;Robin van Persie;30;40000000.0;Mittelstürmer;Startaufstellung
2384330;Spanien;Manchester United;David de Gea;23;17000000.0;Torwart;Reservebank
2384330;Spanien;SSC Neapel;Pepe Reina;31;10000000.0;Torwart;Reservebank
2384330;Spanien;SSC Neapel;Raúl Albiol;28;12000000.0;Innenverteidiger;Reservebank
2384330;Spanien;Atlético Madrid;Juanfran;29;14000000.0;Rechter Verteidiger;Reservebank
2384330;Spanien;FC Bayern München;Javi Martínez;25;37000000.0;Defensives Mittelfeld;Reservebank
2384330;Spanien;FC Arsenal;Santi Cazorla;29;30000000.0;Linksaußen;Reservebank
2384330;Spanien;FC Barcelona;Cesc Fàbregas;27;50000000.0;Offensives Mittelfeld;Reservebank
2384330;Spanien;Atlético Madrid;Koke;22;30000000.0;Offensives Mittelfeld;Reservebank
2384330;Spanien;Manchester United;Juan Mata;26;40000000.0;Offensives Mittelfeld;Reservebank
2384330;Spanien;FC Barcelona;Pedro;26;25000000.0;Linksaußen;Reservebank
2384330;Spanien;Atlético Madrid;David Villa;32;10000000.0;Mittelstürmer;Reservebank
2384330;Spanien;FC Chelsea;Fernando Torres;30;19000000.0;Mittelstürmer;Reservebank
2384330;Niederlande;Newcastle United;Tim Krul;26;9000000.0;Torwart;Reservebank
2384330;Niederlande;Swansea City;Michel Vorm;30;7000000.0;Torwart;Reservebank
2384330;Niederlande;Feyenoord Rotterdam;Terence Kongolo;20;500000.0;Innenverteidiger;Reservebank
2384330;Niederlande;FC Augsburg;Paul Verhaegh;30;2000000.0;Rechter Verteidiger;Reservebank
2384330;Niederlande;Ajax Amsterdam;Joël Veltman;22;3500000.0;Innenverteidiger;Reservebank
2384330;Niederlande;Feyenoord Rotterdam;Jordy Clasie;22;7000000.0;Defensives Mittelfeld;Reservebank
2384330;Niederlande;Norwich City;Leroy Fer;24;8500000.0;Zentrales Mittelfeld;Reservebank
2384330;Niederlande;PSV Eindhoven;Georginio Wijnaldum;23;7000000.0;Zentrales Mittelfeld;Reservebank
2384330;Niederlande;PSV Eindhoven;Memphis Depay;20;5000000.0;Linksaußen;Reservebank
2384330;Niederlande;Fenerbahce Istanbul;Dirk Kuyt;33;4000000.0;Rechtsaußen;Reservebank
2384330;Niederlande;Dynamo Kiew;Jeremain Lens;26;9000000.0;Mittelstürmer;Reservebank
2384330;Niederlande;FC Schalke 04;Klaas-Jan Huntelaar;30;12000000.0;Mittelstürmer;Reservebank
