GameId;team;club;name;age;value;position;role
2384331;Chile;Real Sociedad San Sebastián;Claudio Bravo;31;4000000.0;Torwart;Startaufstellung
2384331;Chile;Nottingham Forest;Gonzalo Jara;28;1500000.0;Innenverteidiger;Startaufstellung
2384331;Chile;Cardiff City;Gary Medel;26;11000000.0;Innenverteidiger;Startaufstellung
2384331;Chile;FC Santos;Eugenio Mena;25;2500000.0;Linker Verteidiger;Startaufstellung
2384331;Chile;Juventus Turin;Mauricio Isla;26;10500000.0;Rechter Verteidiger;Startaufstellung
2384331;Chile;FC Basel 1893;Marcelo Díaz;27;2000000.0;Defensives Mittelfeld;Startaufstellung
2384331;Chile;SC Internacional Porto Alegre;Charles Aránguiz;25;2200000.0;Rechtes Mittelfeld;Startaufstellung
2384331;Chile;Juventus Turin;Arturo Vidal;27;44000000.0;Linkes Mittelfeld;Startaufstellung
2384331;Chile;SE Palmeiras São Paulo;Jorge Valdivia;30;1500000.0;Offensives Mittelfeld;Startaufstellung
2384331;Chile;FC Barcelona;Alexis Sánchez;25;30000000.0;Mittelstürmer;Startaufstellung
2384331;Chile;FC Valencia;Eduardo Vargas;24;6000000.0;Mittelstürmer;Startaufstellung
2384331;Australien;FC Brügge;Mathew Ryan;22;2500000.0;Torwart;Startaufstellung
2384331;Australien;Western Sydney Wanderers;Matthew Spiranovic;25;500000.0;Innenverteidiger;Startaufstellung
2384331;Australien;Jeonbuk Hyundai Motors FC;Alex Wilkinson;29;650000.0;Innenverteidiger;Startaufstellung
2384331;Australien;Heracles Almelo;Jason Davidson;22;400000.0;Linker Verteidiger;Startaufstellung
2384331;Australien;Brisbane Roar;Ivan Franjic;26;600000.0;Rechter Verteidiger;Startaufstellung
2384331;Australien;Melbourne Victory;Mark Milligan;28;750000.0;Defensives Mittelfeld;Startaufstellung
2384331;Australien;Crystal Palace;Mile Jedinak;29;2500000.0;Defensives Mittelfeld;Startaufstellung
2384331;Australien;Al Gharafa Sports Club;Mark Bresciano;34;500000.0;Offensives Mittelfeld;Startaufstellung
2384331;Australien;FC Utrecht;Tommy Oar;22;1500000.0;Linksaußen;Startaufstellung
2384331;Australien;FSV Frankfurt;Mathew Leckie;23;1000000.0;Rechtsaußen;Startaufstellung
2384331;Australien;New York Red Bulls;Tim Cahill;34;1000000.0;Mittelstürmer;Startaufstellung
2384331;Chile;CD Universidad Católica;Cristopher Toselli;25;1200000.0;Torwart;Reservebank
2384331;Chile;Club Universidad de Chile;Johnny Herrera;33;1000000.0;Torwart;Reservebank
2384331;Chile;Club Universidad de Chile;José Rojas;30;900000.0;Innenverteidiger;Reservebank
2384331;Chile;Malmö FF;Miiko Albornoz;23;500000.0;Linker Verteidiger;Reservebank
2384331;Chile;Wigan Athletic;Jean Beausejour;30;4000000.0;Linker Verteidiger;Reservebank
2384331;Chile;CA Osasuna;Francisco Silva;28;2000000.0;Defensives Mittelfeld;Reservebank
2384331;Chile;FC Twente Enschede;Felipe Gutiérrez;23;4000000.0;Zentrales Mittelfeld;Reservebank
2384331;Chile;Atalanta Bergamo;Carlos Carmona;27;2500000.0;Zentrales Mittelfeld;Reservebank
2384331;Chile;Celta Vigo;Fabián Orellana;28;2500000.0;Rechtsaußen;Reservebank
2384331;Chile;CSD Colo Colo;José Pedro Fuenzalida;29;800000.0;Rechtsaußen;Reservebank
2384331;Chile;CSD Colo Colo;Esteban Paredes;33;1500000.0;Linksaußen;Reservebank
2384331;Chile;Cagliari Calcio;Mauricio Pinilla;30;3200000.0;Mittelstürmer;Reservebank
2384331;Australien;Adelaide United;Eugene Galekovic;33;1000000.0;Torwart;Reservebank
2384331;Australien;Borussia Dortmund;Mitchell Langerak;25;1000000.0;Torwart;Reservebank
2384331;Australien;Preston North End;Bailey Wright;21;200000.0;Innenverteidiger;Reservebank
2384331;Australien;Shandong Luneng Taishan;Ryan McGowan;24;700000.0;Innenverteidiger;Reservebank
2384331;Australien;FK Austria Wien;James Holland;25;1500000.0;Defensives Mittelfeld;Reservebank
2384331;Australien;Swindon Town;Massimo Luongo;21;400000.0;Zentrales Mittelfeld;Reservebank
2384331;Australien;FC Luzern;Oliver Bozanic;25;750000.0;Zentrales Mittelfeld;Reservebank
2384331;Australien;Brisbane Roar;Matt McKay;31;550000.0;Zentrales Mittelfeld;Reservebank
2384331;Australien;Melbourne Victory;James Troisi;25;1200000.0;Offensives Mittelfeld;Reservebank
2384331;Australien;FC Sion;Dario Vidosic;27;1000000.0;Offensives Mittelfeld;Reservebank
2384331;Australien;Fortuna Düsseldorf;Ben Halloran;22;400000.0;Linksaußen;Reservebank
2384331;Australien;Newcastle United Jets;Adam Taggart;21;750000.0;Mittelstürmer;Reservebank
