GameId;team;club;name;age;value;position;role
2384345;Kamerun;Konyaspor;Charles Itandje;31;1800000.0;Torwart;Startaufstellung
2384345;Kamerun;Olympique Marseille;Nicolas N'Koulou;24;13000000.0;Innenverteidiger;Startaufstellung
2384345;Kamerun;Galatasaray Istanbul;Aurélien Chedjou;28;9500000.0;Innenverteidiger;Startaufstellung
2384345;Kamerun;Tottenham Hotspur;Benoît Assou-Ekotto;30;5000000.0;Linker Verteidiger;Startaufstellung
2384345;Kamerun;FC Sevilla;Stéphane Mbia;28;9000000.0;Rechter Verteidiger;Startaufstellung
2384345;Kamerun;FC Schalke 04;Joel Matip;22;13000000.0;Defensives Mittelfeld;Startaufstellung
2384345;Kamerun;Antalyaspor;Eyong Enoh;28;2500000.0;Zentrales Mittelfeld;Startaufstellung
2384345;Kamerun;FC Barcelona;Alex Song;26;18000000.0;Zentrales Mittelfeld;Startaufstellung
2384345;Kamerun;1.FSV Mainz 05;Eric Maxim Choupo-Moting;25;5000000.0;Linksaußen;Startaufstellung
2384345;Kamerun;AS Nancy-Lorraine;Benjamin Moukandjo;25;1500000.0;Rechtsaußen;Startaufstellung
2384345;Kamerun;FC Lorient;Vincent Aboubakar;22;4250000.0;Mittelstürmer;Startaufstellung
2384345;Kroatien;FK Rostov;Stipe Pletikosa;35;1800000.0;Torwart;Startaufstellung
2384345;Kroatien;FC Southampton;Dejan Lovren;24;12000000.0;Innenverteidiger;Startaufstellung
2384345;Kroatien;Lokomotiv Moskau;Vedran Corluka;28;10000000.0;Innenverteidiger;Startaufstellung
2384345;Kroatien;Panathinaikos Athen;Danijel Pranjic;32;1000000.0;Linker Verteidiger;Startaufstellung
2384345;Kroatien;Shakhtar Donetsk;Darijo Srna;32;10000000.0;Rechter Verteidiger;Startaufstellung
2384345;Kroatien;Real Madrid;Luka Modric;28;40000000.0;Defensives Mittelfeld;Startaufstellung
2384345;Kroatien;FC Sevilla;Ivan Rakitic;26;20000000.0;Defensives Mittelfeld;Startaufstellung
2384345;Kroatien;FC Getafe;Sammir;27;3000000.0;Offensives Mittelfeld;Startaufstellung
2384345;Kroatien;VfL Wolfsburg;Ivica Olic;34;2500000.0;Linksaußen;Startaufstellung
2384345;Kroatien;VfL Wolfsburg;Ivan Perisic;25;6000000.0;Rechtsaußen;Startaufstellung
2384345;Kroatien;FC Bayern München;Mario Mandzukic;28;30000000.0;Mittelstürmer;Startaufstellung
2384345;Kamerun;Cotonsport de Garoua;Loïc Feudjou;22;150000.0;Torwart;Reservebank
2384345;Kamerun;Antalyaspor;Sammy Ndjock;24;1000000.0;Torwart;Reservebank
2384345;Kamerun;;Cedric Djeugoue;21;150000.0;Rechter Verteidiger;Reservebank
2384345;Kamerun;Besiktas Istanbul;Dany Nounkeu;28;4000000.0;Rechter Verteidiger;Reservebank
2384345;Kamerun;Olympique Lyon;Henri Bedimo;30;4000000.0;Linker Verteidiger;Reservebank
2384345;Kamerun;FC Granada;Allan Nyom;26;5000000.0;Rechter Verteidiger;Reservebank
2384345;Kamerun;FC Girondins Bordeaux;Landry N'Guemo;28;2250000.0;Defensives Mittelfeld;Reservebank
2384345;Kamerun;FC Stade Rennes;Jean II Makoun;31;3000000.0;Defensives Mittelfeld;Reservebank
2384345;Kamerun;SV Zulte Waregem;Fabrice Olinga;18;1000000.0;Rechtsaußen;Reservebank
2384345;Kamerun;RC Lens;Edgar Salli;21;900000.0;Linksaußen;Reservebank
2384345;Kamerun;FC Chelsea;Samuel Eto'o;33;9000000.0;Mittelstürmer;Reservebank
2384345;Kamerun;Fenerbahce Istanbul;Pierre Webó;32;4500000.0;Mittelstürmer;Reservebank
2384345;Kroatien;NK Lokomotiva Zagreb;Oliver Zelenika;21;750000.0;Torwart;Reservebank
2384345;Kroatien;AS Monaco;Danijel Subasic;29;3500000.0;Torwart;Reservebank
2384345;Kroatien;Panathinaikos Athen;Gordon Schildenfeld;29;1200000.0;Innenverteidiger;Reservebank
2384345;Kroatien;Dynamo Kiew;Domagoj Vida;25;5000000.0;Innenverteidiger;Reservebank
2384345;Kroatien;FC Genua 1893;Sime Vrsaljko;22;7500000.0;Linker Verteidiger;Reservebank
2384345;Kroatien;Dynamo Kiew;Ognjen Vukojevic;30;5000000.0;Defensives Mittelfeld;Reservebank
2384345;Kroatien;Hamburger SV;Milan Badelj;25;5000000.0;Defensives Mittelfeld;Reservebank
2384345;Kroatien;GNK Dinamo Zagreb;Marcelo Brozovic;21;3000000.0;Offensives Mittelfeld;Reservebank
2384345;Kroatien;FC Internazionale;Mateo Kovacic;20;15000000.0;Offensives Mittelfeld;Reservebank
2384345;Kroatien;AC Florenz;Ante Rebic;20;4500000.0;Linksaußen;Reservebank
2384345;Kroatien;Shakhtar Donetsk;Eduardo;31;4000000.0;Mittelstürmer;Reservebank
2384345;Kroatien;Hull City;Nikica Jelavic;28;6500000.0;Mittelstürmer;Reservebank
