GameId;team;club;name;age;value;position;role
2384315;Niederlande;Ajax Amsterdam;Jasper Cillessen;25;5000000.0;Torwart;Startaufstellung
2384315;Niederlande;Aston Villa;Ron Vlaar;29;5000000.0;Innenverteidiger;Startaufstellung
2384315;Niederlande;Feyenoord Rotterdam;Stefan de Vrij;22;6000000.0;Innenverteidiger;Startaufstellung
2384315;Niederlande;Ajax Amsterdam;Daley Blind;24;6000000.0;Innenverteidiger;Startaufstellung
2384315;Niederlande;Fenerbahce Istanbul;Dirk Kuyt;33;4000000.0;Linker Verteidiger;Startaufstellung
2384315;Niederlande;Feyenoord Rotterdam;Daryl Janmaat;24;5000000.0;Rechter Verteidiger;Startaufstellung
2384315;Niederlande;AC Mailand;Nigel de Jong;29;9000000.0;Defensives Mittelfeld;Startaufstellung
2384315;Niederlande;PSV Eindhoven;Georginio Wijnaldum;23;7000000.0;Defensives Mittelfeld;Startaufstellung
2384315;Niederlande;Galatasaray Istanbul;Wesley Sneijder;30;17000000.0;Offensives Mittelfeld;Startaufstellung
2384315;Niederlande;FC Bayern München;Arjen Robben;30;25000000.0;Hängende Spitze;Startaufstellung
2384315;Niederlande;Dynamo Kiew;Jeremain Lens;26;9000000.0;Mittelstürmer;Startaufstellung
2384315;Chile;Real Sociedad San Sebastián;Claudio Bravo;31;4000000.0;Torwart;Startaufstellung
2384315;Chile;Nottingham Forest;Gonzalo Jara;28;1500000.0;Innenverteidiger;Startaufstellung
2384315;Chile;CA Osasuna;Francisco Silva;28;2000000.0;Innenverteidiger;Startaufstellung
2384315;Chile;Cardiff City;Gary Medel;26;11000000.0;Innenverteidiger;Startaufstellung
2384315;Chile;FC Santos;Eugenio Mena;25;2500000.0;Linker Verteidiger;Startaufstellung
2384315;Chile;Juventus Turin;Mauricio Isla;26;10500000.0;Rechter Verteidiger;Startaufstellung
2384315;Chile;FC Basel 1893;Marcelo Díaz;27;2000000.0;Defensives Mittelfeld;Startaufstellung
2384315;Chile;FC Twente Enschede;Felipe Gutiérrez;23;4000000.0;Defensives Mittelfeld;Startaufstellung
2384315;Chile;SC Internacional Porto Alegre;Charles Aránguiz;25;2200000.0;Offensives Mittelfeld;Startaufstellung
2384315;Chile;FC Barcelona;Alexis Sánchez;25;30000000.0;Hängende Spitze;Startaufstellung
2384315;Chile;FC Valencia;Eduardo Vargas;24;6000000.0;Mittelstürmer;Startaufstellung
2384315;Niederlande;Newcastle United;Tim Krul;26;9000000.0;Torwart;Reservebank
2384315;Niederlande;Swansea City;Michel Vorm;30;7000000.0;Torwart;Reservebank
2384315;Niederlande;Feyenoord Rotterdam;Bruno Martins Indi;22;6000000.0;Linker Verteidiger;Reservebank
2384315;Niederlande;Feyenoord Rotterdam;Terence Kongolo;20;500000.0;Linker Verteidiger;Reservebank
2384315;Niederlande;FC Augsburg;Paul Verhaegh;30;2000000.0;Rechter Verteidiger;Reservebank
2384315;Niederlande;Ajax Amsterdam;Joël Veltman;22;3500000.0;Innenverteidiger;Reservebank
2384315;Niederlande;Feyenoord Rotterdam;Jordy Clasie;22;7000000.0;Defensives Mittelfeld;Reservebank
2384315;Niederlande;Norwich City;Leroy Fer;24;8500000.0;Offensives Mittelfeld;Reservebank
2384315;Niederlande;Swansea City;Jonathan de Guzmán;26;9000000.0;Zentrales Mittelfeld;Reservebank
2384315;Niederlande;PSV Eindhoven;Memphis Depay;20;5000000.0;Mittelstürmer;Reservebank
2384315;Niederlande;FC Schalke 04;Klaas-Jan Huntelaar;30;12000000.0;Mittelstürmer;Reservebank
2384315;Chile;CD Universidad Católica;Cristopher Toselli;26;1200000.0;Torwart;Reservebank
2384315;Chile;Club Universidad de Chile;Johnny Herrera;33;1000000.0;Torwart;Reservebank
2384315;Chile;Club Universidad de Chile;José Rojas;31;900000.0;Innenverteidiger;Reservebank
2384315;Chile;Malmö FF;Miiko Albornoz;23;500000.0;Linker Verteidiger;Reservebank
2384315;Chile;Wigan Athletic;Jean Beausejour;30;4000000.0;Linksaußen;Reservebank
2384315;Chile;Atalanta Bergamo;Carlos Carmona;27;2500000.0;Zentrales Mittelfeld;Reservebank
2384315;Chile;Juventus Turin;Arturo Vidal;27;44000000.0;Zentrales Mittelfeld;Reservebank
2384315;Chile;SE Palmeiras São Paulo;Jorge Valdivia;30;1500000.0;Offensives Mittelfeld;Reservebank
2384315;Chile;Celta Vigo;Fabián Orellana;28;2500000.0;Rechtsaußen;Reservebank
2384315;Chile;CSD Colo Colo;José Pedro Fuenzalida;29;800000.0;Rechtes Mittelfeld;Reservebank
2384315;Chile;CSD Colo Colo;Esteban Paredes;33;1500000.0;Linksaußen;Reservebank
2384315;Chile;Cagliari Calcio;Mauricio Pinilla;30;3200000.0;Mittelstürmer;Reservebank
