GameId;team;club;name;age;value;position;role
2384328;Brasilien;Toronto FC;Júlio César;34;2500000.0;Torwart;Startaufstellung
2384328;Brasilien;FC Chelsea;David Luiz;27;26000000.0;Innenverteidiger;Startaufstellung
2384328;Brasilien;FC Paris Saint-Germain;Thiago Silva;29;40000000.0;Innenverteidiger;Startaufstellung
2384328;Brasilien;Real Madrid;Marcelo;26;25000000.0;Linker Verteidiger;Startaufstellung
2384328;Brasilien;FC Barcelona;Dani Alves;31;18000000.0;Rechter Verteidiger;Startaufstellung
2384328;Brasilien;VfL Wolfsburg;Luiz Gustavo;26;18000000.0;Defensives Mittelfeld;Startaufstellung
2384328;Brasilien;Tottenham Hotspur;Paulinho;25;16000000.0;Zentrales Mittelfeld;Startaufstellung
2384328;Brasilien;FC Chelsea;Oscar;22;34000000.0;Offensives Mittelfeld;Startaufstellung
2384328;Brasilien;FC Barcelona;Neymar;22;60000000.0;Linksaußen;Startaufstellung
2384328;Brasilien;Zenit St. Petersburg;Hulk;27;48000000.0;Rechtsaußen;Startaufstellung
2384328;Brasilien;Fluminense Rio de Janeiro;Fred;30;7000000.0;Mittelstürmer;Startaufstellung
2384328;Kroatien;FK Rostov;Stipe Pletikosa;35;1800000.0;Torwart;Startaufstellung
2384328;Kroatien;FC Southampton;Dejan Lovren;24;12000000.0;Innenverteidiger;Startaufstellung
2384328;Kroatien;Lokomotiv Moskau;Vedran Corluka;28;10000000.0;Innenverteidiger;Startaufstellung
2384328;Kroatien;FC Genua 1893;Sime Vrsaljko;22;7500000.0;Linker Verteidiger;Startaufstellung
2384328;Kroatien;Shakhtar Donetsk;Darijo Srna;32;10000000.0;Rechter Verteidiger;Startaufstellung
2384328;Kroatien;Real Madrid;Luka Modric;28;40000000.0;Defensives Mittelfeld;Startaufstellung
2384328;Kroatien;FC Sevilla;Ivan Rakitic;26;20000000.0;Defensives Mittelfeld;Startaufstellung
2384328;Kroatien;FC Internazionale;Mateo Kovacic;20;15000000.0;Offensives Mittelfeld;Startaufstellung
2384328;Kroatien;VfL Wolfsburg;Ivica Olic;34;2500000.0;Linksaußen;Startaufstellung
2384328;Kroatien;VfL Wolfsburg;Ivan Perisic;25;6000000.0;Rechtsaußen;Startaufstellung
2384328;Kroatien;Hull City;Nikica Jelavic;28;6500000.0;Mittelstürmer;Startaufstellung
2384328;Brasilien;Botafogo Rio de Janeiro;Jefferson;31;3000000.0;Torwart;Reservebank
2384328;Brasilien;Clube Atlético Mineiro;Victor;31;4000000.0;Torwart;Reservebank
2384328;Brasilien;FC Bayern München;Dante;30;17000000.0;Innenverteidiger;Reservebank
2384328;Brasilien;SSC Neapel;Henrique;27;3500000.0;Innenverteidiger;Reservebank
2384328;Brasilien;FC Paris Saint-Germain;Maxwell;32;3500000.0;Linker Verteidiger;Reservebank
2384328;Brasilien;AS Rom;Maicon;32;4000000.0;Rechter Verteidiger;Reservebank
2384328;Brasilien;Manchester City;Fernandinho;29;32000000.0;Defensives Mittelfeld;Reservebank
2384328;Brasilien;FC Chelsea;Ramires;27;30000000.0;Defensives Mittelfeld;Reservebank
2384328;Brasilien;FC Internazionale;Hernanes;29;22000000.0;Defensives Mittelfeld;Reservebank
2384328;Brasilien;Shakhtar Donetsk;Bernard;21;20000000.0;Linksaußen;Reservebank
2384328;Brasilien;FC Chelsea;Willian;25;30000000.0;Linksaußen;Reservebank
2384328;Brasilien;Clube Atlético Mineiro;Jô;27;4000000.0;Mittelstürmer;Reservebank
2384328;Kroatien;NK Lokomotiva Zagreb;Oliver Zelenika;21;750000.0;Torwart;Reservebank
2384328;Kroatien;AS Monaco;Danijel Subasic;29;3500000.0;Torwart;Reservebank
2384328;Kroatien;Panathinaikos Athen;Gordon Schildenfeld;29;1200000.0;Innenverteidiger;Reservebank
2384328;Kroatien;Dynamo Kiew;Domagoj Vida;25;5000000.0;Innenverteidiger;Reservebank
2384328;Kroatien;Panathinaikos Athen;Danijel Pranjic;32;1000000.0;Zentrales Mittelfeld;Reservebank
2384328;Kroatien;Dynamo Kiew;Ognjen Vukojevic;30;5000000.0;Defensives Mittelfeld;Reservebank
2384328;Kroatien;GNK Dinamo Zagreb;Marcelo Brozovic;21;3000000.0;Offensives Mittelfeld;Reservebank
2384328;Kroatien;FC Getafe;Sammir;27;3000000.0;Offensives Mittelfeld;Reservebank
2384328;Kroatien;AC Florenz;Ante Rebic;20;4500000.0;Mittelstürmer;Reservebank
2384328;Kroatien;Shakhtar Donetsk;Eduardo;31;4000000.0;Mittelstürmer;Reservebank
