GameId;team;club;name;age;value;position;role
2384329;Mexiko;AC Ajaccio;Guillermo Ochoa;28;5000000.0;Torwart;Startaufstellung
2384329;Mexiko;Espanyol Barcelona;Héctor Moreno;26;7000000.0;Innenverteidiger;Startaufstellung
2384329;Mexiko;CF América;Maza;32;2500000.0;Innenverteidiger;Startaufstellung
2384329;Mexiko;Club León FC;Rafael Márquez;35;1000000.0;Innenverteidiger;Startaufstellung
2384329;Mexiko;CF América;Miguel Layún;25;2300000.0;Linker Verteidiger;Startaufstellung
2384329;Mexiko;CF América;Paul Aguilar;28;2500000.0;Rechter Verteidiger;Startaufstellung
2384329;Mexiko;Club León FC;José Juan Vázquez;26;1300000.0;Zentrales Mittelfeld;Startaufstellung
2384329;Mexiko;FC Porto;Héctor Herrera;24;7000000.0;Rechtes Mittelfeld;Startaufstellung
2384329;Mexiko;Bayer 04 Leverkusen;Andrés Guardado;27;6000000.0;Linkes Mittelfeld;Startaufstellung
2384329;Mexiko;FC Villarreal;Giovani dos Santos;25;10000000.0;Hängende Spitze;Startaufstellung
2384329;Mexiko;Santos Laguna;Oribe Peralta;30;4600000.0;Mittelstürmer;Startaufstellung
2384329;Kamerun;Konyaspor;Charles Itandje;31;1800000.0;Torwart;Startaufstellung
2384329;Kamerun;Olympique Marseille;Nicolas N'Koulou;24;13000000.0;Innenverteidiger;Startaufstellung
2384329;Kamerun;Galatasaray Istanbul;Aurélien Chedjou;28;9500000.0;Innenverteidiger;Startaufstellung
2384329;Kamerun;Tottenham Hotspur;Benoît Assou-Ekotto;30;5000000.0;Linker Verteidiger;Startaufstellung
2384329;Kamerun;;Cedric Djeugoue;21;150000.0;Rechter Verteidiger;Startaufstellung
2384329;Kamerun;FC Barcelona;Alex Song;26;18000000.0;Defensives Mittelfeld;Startaufstellung
2384329;Kamerun;Antalyaspor;Eyong Enoh;28;2500000.0;Zentrales Mittelfeld;Startaufstellung
2384329;Kamerun;FC Sevilla;Stéphane Mbia;28;9000000.0;Zentrales Mittelfeld;Startaufstellung
2384329;Kamerun;1.FSV Mainz 05;Eric Maxim Choupo-Moting;25;5000000.0;Linksaußen;Startaufstellung
2384329;Kamerun;AS Nancy-Lorraine;Benjamin Moukandjo;25;1500000.0;Rechtsaußen;Startaufstellung
2384329;Kamerun;FC Chelsea;Samuel Eto'o;33;9000000.0;Mittelstürmer;Startaufstellung
2384329;Mexiko;CD Cruz Azul;Jesús Corona;33;2500000.0;Torwart;Reservebank
2384329;Mexiko;Deportivo Toluca;Alfredo Talavera;31;2000000.0;Torwart;Reservebank
2384329;Mexiko;Tigres UANL;Carlos Salcido;34;1500000.0;Innenverteidiger;Reservebank
2384329;Mexiko;FC Porto;Diego Reyes;21;7000000.0;Innenverteidiger;Reservebank
2384329;Mexiko;Deportivo Toluca;Miguel Ponce;25;1500000.0;Linker Verteidiger;Reservebank
2384329;Mexiko;Club León FC;Carlos Peña;24;2300000.0;Zentrales Mittelfeld;Reservebank
2384329;Mexiko;CD Cruz Azul;Marco Fabián;24;5000000.0;Offensives Mittelfeld;Reservebank
2384329;Mexiko;FC Villarreal;Javier Aquino;24;3000000.0;Linksaußen;Reservebank
2384329;Mexiko;Deportivo Toluca;Isaac Brizuela;23;1750000.0;Rechtsaußen;Reservebank
2384329;Mexiko;CF América;Raúl Jiménez;23;3000000.0;Mittelstürmer;Reservebank
2384329;Mexiko;Tigres UANL;Alan Pulido;23;1800000.0;Mittelstürmer;Reservebank
2384329;Mexiko;Manchester United;Chicharito;26;16000000.0;Mittelstürmer;Reservebank
2384329;Kamerun;Cotonsport de Garoua;Loïc Feudjou;22;150000.0;Torwart;Reservebank
2384329;Kamerun;Antalyaspor;Sammy Ndjock;24;1000000.0;Torwart;Reservebank
2384329;Kamerun;Besiktas Istanbul;Dany Nounkeu;28;4000000.0;Innenverteidiger;Reservebank
2384329;Kamerun;FC Schalke 04;Joel Matip;22;13000000.0;Innenverteidiger;Reservebank
2384329;Kamerun;Olympique Lyon;Henri Bedimo;30;4000000.0;Linker Verteidiger;Reservebank
2384329;Kamerun;FC Granada;Allan Nyom;26;5000000.0;Rechter Verteidiger;Reservebank
2384329;Kamerun;FC Girondins Bordeaux;Landry N'Guemo;28;2250000.0;Defensives Mittelfeld;Reservebank
2384329;Kamerun;FC Stade Rennes;Jean II Makoun;31;3000000.0;Defensives Mittelfeld;Reservebank
2384329;Kamerun;SV Zulte Waregem;Fabrice Olinga;18;1000000.0;Linksaußen;Reservebank
2384329;Kamerun;RC Lens;Edgar Salli;21;900000.0;Rechtsaußen;Reservebank
2384329;Kamerun;FC Lorient;Vincent Aboubakar;22;4250000.0;Mittelstürmer;Reservebank
2384329;Kamerun;Fenerbahce Istanbul;Pierre Webó;32;4500000.0;Mittelstürmer;Reservebank
