GameId;team;club;name;age;value;position;role
2384312;Kamerun;Konyaspor;Charles Itandje;31;1800000.0;Torwart;Startaufstellung
2384312;Kamerun;Olympique Marseille;Nicolas N'Koulou;24;13000000.0;Innenverteidiger;Startaufstellung
2384312;Kamerun;FC Schalke 04;Joel Matip;22;13000000.0;Innenverteidiger;Startaufstellung
2384312;Kamerun;Olympique Lyon;Henri Bedimo;30;4000000.0;Linker Verteidiger;Startaufstellung
2384312;Kamerun;FC Granada;Allan Nyom;26;5000000.0;Rechter Verteidiger;Startaufstellung
2384312;Kamerun;FC Girondins Bordeaux;Landry N'Guemo;28;2250000.0;Defensives Mittelfeld;Startaufstellung
2384312;Kamerun;Antalyaspor;Eyong Enoh;28;2500000.0;Zentrales Mittelfeld;Startaufstellung
2384312;Kamerun;FC Sevilla;Stéphane Mbia;28;9000000.0;Zentrales Mittelfeld;Startaufstellung
2384312;Kamerun;1.FSV Mainz 05;Eric Maxim Choupo-Moting;25;5000000.0;Linksaußen;Startaufstellung
2384312;Kamerun;AS Nancy-Lorraine;Benjamin Moukandjo;25;1500000.0;Rechtsaußen;Startaufstellung
2384312;Kamerun;FC Lorient;Vincent Aboubakar;22;4250000.0;Mittelstürmer;Startaufstellung
2384312;Brasilien;Toronto FC;Júlio César;34;2500000.0;Torwart;Startaufstellung
2384312;Brasilien;FC Chelsea;David Luiz;27;26000000.0;Innenverteidiger;Startaufstellung
2384312;Brasilien;FC Paris Saint-Germain;Thiago Silva;29;40000000.0;Innenverteidiger;Startaufstellung
2384312;Brasilien;Real Madrid;Marcelo;26;25000000.0;Linker Verteidiger;Startaufstellung
2384312;Brasilien;FC Barcelona;Dani Alves;31;18000000.0;Rechter Verteidiger;Startaufstellung
2384312;Brasilien;VfL Wolfsburg;Luiz Gustavo;26;18000000.0;Defensives Mittelfeld;Startaufstellung
2384312;Brasilien;Tottenham Hotspur;Paulinho;25;16000000.0;Zentrales Mittelfeld;Startaufstellung
2384312;Brasilien;FC Chelsea;Oscar;22;34000000.0;Offensives Mittelfeld;Startaufstellung
2384312;Brasilien;FC Barcelona;Neymar;22;60000000.0;Linksaußen;Startaufstellung
2384312;Brasilien;Zenit St. Petersburg;Hulk;27;48000000.0;Rechtsaußen;Startaufstellung
2384312;Brasilien;Fluminense Rio de Janeiro;Fred;30;7000000.0;Mittelstürmer;Startaufstellung
2384312;Kamerun;Cotonsport de Garoua;Loïc Feudjou;22;150000.0;Torwart;Reservebank
2384312;Kamerun;Antalyaspor;Sammy Ndjock;24;1000000.0;Torwart;Reservebank
2384312;Kamerun;;Cedric Djeugoue;21;150000.0;Innenverteidiger;Reservebank
2384312;Kamerun;Besiktas Istanbul;Dany Nounkeu;28;4000000.0;Innenverteidiger;Reservebank
2384312;Kamerun;Galatasaray Istanbul;Aurélien Chedjou;29;9500000.0;Innenverteidiger;Reservebank
2384312;Kamerun;Tottenham Hotspur;Benoît Assou-Ekotto;30;5000000.0;Linker Verteidiger;Reservebank
2384312;Kamerun;FC Barcelona;Alex Song;26;18000000.0;Defensives Mittelfeld;Reservebank
2384312;Kamerun;FC Stade Rennes;Jean II Makoun;31;3000000.0;Linkes Mittelfeld;Reservebank
2384312;Kamerun;SV Zulte Waregem;Fabrice Olinga;18;1000000.0;Rechtsaußen;Reservebank
2384312;Kamerun;RC Lens;Edgar Salli;21;900000.0;Rechtsaußen;Reservebank
2384312;Kamerun;FC Chelsea;Samuel Eto'o;33;9000000.0;Mittelstürmer;Reservebank
2384312;Kamerun;Fenerbahce Istanbul;Pierre Webó;32;4500000.0;Mittelstürmer;Reservebank
2384312;Brasilien;Botafogo Rio de Janeiro;Jefferson;31;3000000.0;Torwart;Reservebank
2384312;Brasilien;Clube Atlético Mineiro;Victor;31;4000000.0;Torwart;Reservebank
2384312;Brasilien;FC Bayern München;Dante;30;17000000.0;Innenverteidiger;Reservebank
2384312;Brasilien;SSC Neapel;Henrique;27;3500000.0;Innenverteidiger;Reservebank
2384312;Brasilien;FC Paris Saint-Germain;Maxwell;32;3500000.0;Linker Verteidiger;Reservebank
2384312;Brasilien;AS Rom;Maicon;32;4000000.0;Rechter Verteidiger;Reservebank
2384312;Brasilien;Manchester City;Fernandinho;29;32000000.0;Defensives Mittelfeld;Reservebank
2384312;Brasilien;FC Chelsea;Ramires;27;30000000.0;Rechtes Mittelfeld;Reservebank
2384312;Brasilien;FC Internazionale;Hernanes;29;22000000.0;Zentrales Mittelfeld;Reservebank
2384312;Brasilien;Shakhtar Donetsk;Bernard;21;20000000.0;Linksaußen;Reservebank
2384312;Brasilien;FC Chelsea;Willian;25;30000000.0;Linksaußen;Reservebank
2384312;Brasilien;Clube Atlético Mineiro;Jô;27;4000000.0;Mittelstürmer;Reservebank
