GameId;team;club;name;age;value;position;role
2384339;Iran;SC Covilha;Alireza Haghighi;26;350000.0;Torwart;Startaufstellung
2384339;Iran;Esteghlal FC;Amir Hossein Sadeghi;32;750000.0;Innenverteidiger;Startaufstellung
2384339;Iran;Persepolis FC;Seyed Jalal Hosseini;32;2000000.0;Innenverteidiger;Startaufstellung
2384339;Iran;Persepolis FC;Mehrdad Pooladi;27;500000.0;Linker Verteidiger;Startaufstellung
2384339;Iran;Umm Salal Sport Club;Pejman Montazeri;30;1200000.0;Rechter Verteidiger;Startaufstellung
2384339;Iran;Al-Kuwait Sports Club;Javad Nekounam;33;1200000.0;Defensives Mittelfeld;Startaufstellung
2384339;Iran;Esteghlal FC;Andranik Teymourian;31;2000000.0;Defensives Mittelfeld;Startaufstellung
2384339;Iran;Esteghlal FC;Khosro Heydari;30;1500000.0;Rechtes Mittelfeld;Startaufstellung
2384339;Iran;FC Fulham;Ashkan Dejagah;27;3000000.0;Linkes Mittelfeld;Startaufstellung
2384339;Iran;Sepahan FC;Ehsan Hajsafi;24;800000.0;Offensives Mittelfeld;Startaufstellung
2384339;Iran;Charlton Athletic;Reza Ghoochannejhad;26;1000000.0;Mittelstürmer;Startaufstellung
2384339;Nigeria;LOSC Lille;Vincent Enyeama;31;3500000.0;Torwart;Startaufstellung
2384339;Nigeria;Caykur Rizespor;Godfrey Oboabona;23;900000.0;Innenverteidiger;Startaufstellung
2384339;Nigeria;FC Chelsea;Kenneth Omeruo;20;1000000.0;Innenverteidiger;Startaufstellung
2384339;Nigeria;FC Ashdod;Juwon Oshaniwa;23;300000.0;Linker Verteidiger;Startaufstellung
2384339;Nigeria;Celtic Glasgow;Efe Ambrose;25;3000000.0;Rechter Verteidiger;Startaufstellung
2384339;Nigeria;FC Chelsea;John Mikel Obi;27;20000000.0;Defensives Mittelfeld;Startaufstellung
2384339;Nigeria;Lazio Rom;Ogenyi Onazi;21;6000000.0;Zentrales Mittelfeld;Startaufstellung
2384339;Nigeria;UD Almería;Ramon Azeez;21;2000000.0;Zentrales Mittelfeld;Startaufstellung
2384339;Nigeria;FC Chelsea;Victor Moses;23;11000000.0;Linksaußen;Startaufstellung
2384339;Nigeria;ZSKA Moskau;Ahmed Musa;21;12000000.0;Rechtsaußen;Startaufstellung
2384339;Nigeria;Fenerbahce Istanbul;Emmanuel Emenike;27;14000000.0;Mittelstürmer;Startaufstellung
2384339;Iran;Sepahan FC;Rahman Ahmadi;33;500000.0;Torwart;Reservebank
2384339;Iran;Eintracht Braunschweig;Daniel Davari;26;1250000.0;Torwart;Reservebank
2384339;Iran;Naft Novin Teheran;Seyed Ahmad Alenemeh;31;450000.0;Innenverteidiger;Reservebank
2384339;Iran;Esteghlal FC;Hashem Beikzadeh;30;700000.0;Linker Verteidiger;Reservebank
2384339;Iran;Vancouver Whitecaps;Steven Beitashour;27;500000.0;Rechter Verteidiger;Reservebank
2384339;Iran;Persepolis FC;Hossein Mahini;27;750000.0;Rechter Verteidiger;Reservebank
2384339;Iran;Persepolis FC;Reza Haghighi;25;800000.0;Defensives Mittelfeld;Reservebank
2384339;Iran;Zob Ahan Isfahan;Ghasem Hadadifar;30;500000.0;Zentrales Mittelfeld;Reservebank
2384339;Iran;UD Las Palmas;Masoud Shojaei;30;1200000.0;Offensives Mittelfeld;Reservebank
2384339;Iran;Foolad FC;Bakhtiar Rahmani;22;1500000.0;Offensives Mittelfeld;Reservebank
2384339;Iran;NEC Nijmegen;Alireza Jahanbakhsh;20;1000000.0;Linkes Mittelfeld;Reservebank
2384339;Iran;Tractor Sazi FC;Karim Ansarifard;24;1000000.0;Mittelstürmer;Reservebank
2384339;Nigeria;Gombe United FC;Chigozie Agbim;29;250000.0;Torwart;Reservebank
2384339;Nigeria;Hapoel Beer Sheva;Austin Ejide;30;350000.0;Torwart;Reservebank
2384339;Nigeria;Warri Wolves FC;Azubuike Egwuekwe;24;300000.0;Innenverteidiger;Reservebank
2384339;Nigeria;;Odunlami Kunle;24;250000.0;Innenverteidiger;Reservebank
2384339;Nigeria;Norwich City;Joseph Yobo;33;2000000.0;Innenverteidiger;Reservebank
2384339;Nigeria;Waasland-Beveren;Reuben Gabriel;23;500000.0;Defensives Mittelfeld;Reservebank
2384339;Nigeria;Enugu Rangers IFC;Ejike Uzoenyi;22;250000.0;Linksaußen;Reservebank
2384339;Nigeria;Volyn Lutsk;Michel Babatunde;21;900000.0;Linksaußen;Reservebank
2384339;Nigeria;Stoke City;Peter Odemwingie;32;2500000.0;Linksaußen;Reservebank
2384339;Nigeria;SC Heerenveen;Uche Nwofor;22;900000.0;Mittelstürmer;Reservebank
2384339;Nigeria;Cercle Brügge;Michael Uchebo;23;700000.0;Rechtsaußen;Reservebank
2384339;Nigeria;Newcastle United;Shola Ameobi;32;1500000.0;Mittelstürmer;Reservebank
