GameId;team;club;name;age;value;position;role
2384342;Belgien;Atlético Madrid;Thibaut Courtois;22;25000000.0;Torwart;Startaufstellung
2384342;Belgien;Manchester City;Vincent Kompany;28;35000000.0;Innenverteidiger;Startaufstellung
2384342;Belgien;FC Bayern München;Daniel Van Buyten;36;1000000.0;Innenverteidiger;Startaufstellung
2384342;Belgien;Tottenham Hotspur;Jan Vertonghen;27;22000000.0;Linker Verteidiger;Startaufstellung
2384342;Belgien;Atlético Madrid;Toby Alderweireld;25;10000000.0;Rechter Verteidiger;Startaufstellung
2384342;Belgien;Tottenham Hotspur;Mousa Dembélé;26;20000000.0;Defensives Mittelfeld;Startaufstellung
2384342;Belgien;Zenit St. Petersburg;Axel Witsel;25;35000000.0;Defensives Mittelfeld;Startaufstellung
2384342;Belgien;VfL Wolfsburg;Kevin De Bruyne;22;17000000.0;Offensives Mittelfeld;Startaufstellung
2384342;Belgien;FC Chelsea;Eden Hazard;23;45000000.0;Linksaußen;Startaufstellung
2384342;Belgien;Tottenham Hotspur;Nacer Chadli;24;8000000.0;Rechtsaußen;Startaufstellung
2384342;Belgien;FC Chelsea;Romelu Lukaku;21;25000000.0;Mittelstürmer;Startaufstellung
2384342;Algerien;ZSKA Sofia;Raïs M'Bolhi;28;500000.0;Torwart;Startaufstellung
2384342;Algerien;Al Duhail Sports Club;Madjid Bougherra;31;500000.0;Innenverteidiger;Startaufstellung
2384342;Algerien;Académica Coimbra;Rafik Halliche;27;800000.0;Innenverteidiger;Startaufstellung
2384342;Algerien;SSC Neapel;Faouzi Ghoulam;23;5000000.0;Linker Verteidiger;Startaufstellung
2384342;Algerien;AC Ajaccio;Mehdi Mostefa;30;1500000.0;Rechter Verteidiger;Startaufstellung
2384342;Algerien;Valenciennes FC ;Carl Medjani;29;1750000.0;Defensives Mittelfeld;Startaufstellung
2384342;Algerien;Tottenham Hotspur;Nabil Bentaleb;19;500000.0;Offensives Mittelfeld;Startaufstellung
2384342;Algerien;FC Internazionale;Saphir Taider;22;10000000.0;Offensives Mittelfeld;Startaufstellung
2384342;Algerien;Leicester City;Riyad Mahrez;23;1250000.0;Linksaußen;Startaufstellung
2384342;Algerien;FC Valencia;Sofiane Feghouli;24;12000000.0;Rechtsaußen;Startaufstellung
2384342;Algerien;GNK Dinamo Zagreb;El Arbi Hillel Soudani;26;4000000.0;Mittelstürmer;Startaufstellung
2384342;Belgien;SV Zulte Waregem;Sammy Bossut;28;1800000.0;Torwart;Reservebank
2384342;Belgien;FC Liverpool;Simon Mignolet;26;12000000.0;Torwart;Reservebank
2384342;Belgien;FC Arsenal;Thomas Vermaelen;28;14000000.0;Innenverteidiger;Reservebank
2384342;Belgien;Zenit St. Petersburg;Nicolas Lombaerts;29;9000000.0;Innenverteidiger;Reservebank
2384342;Belgien;Standard Lüttich;Laurent Ciman;28;3200000.0;Innenverteidiger;Reservebank
2384342;Belgien;RSC Anderlecht;Anthony Vanden Borre;26;2000000.0;Rechter Verteidiger;Reservebank
2384342;Belgien;Manchester United;Marouane Fellaini;26;23000000.0;Zentrales Mittelfeld;Reservebank
2384342;Belgien;FC Porto;Steven Defour;26;7000000.0;Zentrales Mittelfeld;Reservebank
2384342;Belgien;Manchester United;Adnan Januzaj;19;6000000.0;Linksaußen;Reservebank
2384342;Belgien;FC Everton;Kevin Mirallas;26;12000000.0;Rechtsaußen;Reservebank
2384342;Belgien;SSC Neapel;Dries Mertens;27;14000000.0;Rechtsaußen;Reservebank
2384342;Belgien;LOSC Lille;Divock Origi;19;1000000.0;Mittelstürmer;Reservebank
2384342;Algerien;USM Algier;Mohamed Lamine Zemmamouche;29;600000.0;Torwart;Reservebank
2384342;Algerien;CS Constantine;Cédric;29;500000.0;Torwart;Reservebank
2384342;Algerien;FC Watford;Essaïd Belkalem;25;1000000.0;Innenverteidiger;Reservebank
2384342;Algerien;RCD Mallorca;Liassine Cadamuro;26;800000.0;Innenverteidiger;Reservebank
2384342;Algerien;Stade Reims;Aïssa Mandi;22;2000000.0;Rechter Verteidiger;Reservebank
2384342;Algerien;AS Livorno;Djamel Mesbah;29;600000.0;Linkes Mittelfeld;Reservebank
2384342;Algerien;FC Getafe;Mehdi Lacen;30;1500000.0;Defensives Mittelfeld;Reservebank
2384342;Algerien;Udinese Calcio;Hassan Yebda;30;1800000.0;Zentrales Mittelfeld;Reservebank
2384342;Algerien;FC Granada;Yacine Brahimi;24;4000000.0;Offensives Mittelfeld;Reservebank
2384342;Algerien;Club Africain Tunis;Abdelmoumene Djabou;27;1100000.0;Rechtsaußen;Reservebank
2384342;Algerien;FC Porto;Nabil Ghilas;24;3500000.0;Mittelstürmer;Reservebank
2384342;Algerien;Sporting Lissabon;Islam Slimani;25;2000000.0;Mittelstürmer;Reservebank
