GameId;team;club;name;age;value;position;role
2384326;Südkorea;;Seung-Gyu Kim;23;1000000.0;Torwart;Startaufstellung
2384326;Südkorea;Guangzhou Evergrande;Young-gwon Kim;24;1500000.0;Innenverteidiger;Startaufstellung
2384326;Südkorea;FC Augsburg;Jeong-ho Hong;24;1000000.0;Innenverteidiger;Startaufstellung
2384326;Südkorea;Queens Park Rangers;Suk-Young Yun;24;500000.0;Linker Verteidiger;Startaufstellung
2384326;Südkorea;Ulsan Hyundai;Yong Lee;27;1200000.0;Rechter Verteidiger;Startaufstellung
2384326;Südkorea;Kashiwa Reysol;Guk-yeong Han;24;1000000.0;Defensives Mittelfeld;Startaufstellung
2384326;Südkorea;Swansea City;Sung-Yong Ki;25;6500000.0;Defensives Mittelfeld;Startaufstellung
2384326;Südkorea;1.FSV Mainz 05;Ja-Cheol Koo;25;5000000.0;Offensives Mittelfeld;Startaufstellung
2384326;Südkorea;Bayer 04 Leverkusen;Heung-Min Son;21;14000000.0;Linksaußen;Startaufstellung
2384326;Südkorea;Bolton Wanderers;Chung-Yong Lee;25;4000000.0;Rechtsaußen;Startaufstellung
2384326;Südkorea;;Shin-uk Kim;26;1750000.0;Mittelstürmer;Startaufstellung
2384326;Belgien;Atlético Madrid;Thibaut Courtois;22;25000000.0;Torwart;Startaufstellung
2384326;Belgien;Zenit St. Petersburg;Nicolas Lombaerts;29;9000000.0;Innenverteidiger;Startaufstellung
2384326;Belgien;FC Bayern München;Daniel Van Buyten;36;1000000.0;Innenverteidiger;Startaufstellung
2384326;Belgien;Tottenham Hotspur;Jan Vertonghen;27;22000000.0;Linker Verteidiger;Startaufstellung
2384326;Belgien;RSC Anderlecht;Anthony Vanden Borre;26;2000000.0;Rechter Verteidiger;Startaufstellung
2384326;Belgien;Tottenham Hotspur;Mousa Dembélé;26;20000000.0;Defensives Mittelfeld;Startaufstellung
2384326;Belgien;FC Porto;Steven Defour;26;7000000.0;Defensives Mittelfeld;Startaufstellung
2384326;Belgien;Manchester United;Marouane Fellaini;26;23000000.0;Offensives Mittelfeld;Startaufstellung
2384326;Belgien;Manchester United;Adnan Januzaj;19;6000000.0;Linksaußen;Startaufstellung
2384326;Belgien;SSC Neapel;Dries Mertens;27;14000000.0;Rechtsaußen;Startaufstellung
2384326;Belgien;FC Everton;Kevin Mirallas;26;12000000.0;Mittelstürmer;Startaufstellung
2384326;Südkorea;Busan IPark FC;Beom-yeong Lee;25;525000.0;Torwart;Reservebank
2384326;Südkorea;Suwon Samsung Bluewings FC;Sung-Ryong Jung;29;1500000.0;Torwart;Reservebank
2384326;Südkorea;Al-Hilal Riad;Tae-heui Kwak;32;1500000.0;Innenverteidiger;Reservebank
2384326;Südkorea;Sanfrecce Hiroshima;Seok-ho Hwang;24;600000.0;Innenverteidiger;Reservebank
2384326;Südkorea;1.FSV Mainz 05;Ju-ho Park;27;1500000.0;Linker Verteidiger;Reservebank
2384326;Südkorea;Kashiwa Reysol;Chang-su Kim;28;750000.0;Rechter Verteidiger;Reservebank
2384326;Südkorea;Guangzhou R&F;Jong-Woo Park;25;900000.0;Defensives Mittelfeld;Reservebank
2384326;Südkorea;Beijing Guoan;Dae-seong Ha;29;1200000.0;Zentrales Mittelfeld;Reservebank
2384326;Südkorea;Cardiff City;Bo-Kyung Kim;24;2000000.0;Offensives Mittelfeld;Reservebank
2384326;Südkorea;Sangju Sangmu FC;Keun-ho Lee;29;1500000.0;Mittelstürmer;Reservebank
2384326;Südkorea;FC Augsburg;Dong-Won Ji;23;2000000.0;Linksaußen;Reservebank
2384326;Südkorea;FC Arsenal;Ju-yeong Park;28;1000000.0;Mittelstürmer;Reservebank
2384326;Belgien;SV Zulte Waregem;Sammy Bossut;28;1800000.0;Torwart;Reservebank
2384326;Belgien;FC Liverpool;Simon Mignolet;26;12000000.0;Torwart;Reservebank
2384326;Belgien;Atlético Madrid;Toby Alderweireld;25;10000000.0;Innenverteidiger;Reservebank
2384326;Belgien;Standard Lüttich;Laurent Ciman;28;3200000.0;Innenverteidiger;Reservebank
2384326;Belgien;Zenit St. Petersburg;Axel Witsel;25;35000000.0;Defensives Mittelfeld;Reservebank
2384326;Belgien;VfL Wolfsburg;Kevin De Bruyne;22;17000000.0;Offensives Mittelfeld;Reservebank
2384326;Belgien;FC Chelsea;Eden Hazard;23;45000000.0;Rechtsaußen;Reservebank
2384326;Belgien;Tottenham Hotspur;Nacer Chadli;24;8000000.0;Linksaußen;Reservebank
2384326;Belgien;FC Chelsea;Romelu Lukaku;21;25000000.0;Mittelstürmer;Reservebank
2384326;Belgien;LOSC Lille;Divock Origi;19;1000000.0;Mittelstürmer;Reservebank
