GameId;team;club;name;age;value;position;role
2384332;Kolumbien;OGC Nizza;David Ospina;25;5000000.0;Torwart;Startaufstellung
2384332;Kolumbien;Atalanta Bergamo;Mario Yepes;38;300000.0;Innenverteidiger;Startaufstellung
2384332;Kolumbien;AC Mailand;Cristián Zapata;27;5000000.0;Innenverteidiger;Startaufstellung
2384332;Kolumbien;West Ham United;Pablo Armero;27;7000000.0;Linker Verteidiger;Startaufstellung
2384332;Kolumbien;SSC Neapel;Camilo Zúñiga;28;13000000.0;Rechter Verteidiger;Startaufstellung
2384332;Kolumbien;FC Elche;Carlos Sánchez;28;2500000.0;Defensives Mittelfeld;Startaufstellung
2384332;Kolumbien;FC Toulouse;Abel Aguilar;29;2750000.0;Defensives Mittelfeld;Startaufstellung
2384332;Kolumbien;AS Monaco;James Rodríguez;22;35000000.0;Offensives Mittelfeld;Startaufstellung
2384332;Kolumbien;Cagliari Calcio;Víctor Ibarbo;24;7000000.0;Linksaußen;Startaufstellung
2384332;Kolumbien;AC Florenz;Juan Cuadrado;26;24000000.0;Rechtsaußen;Startaufstellung
2384332;Kolumbien;Club Atlético River Plate;Teófilo Gutiérrez;29;1800000.0;Mittelstürmer;Startaufstellung
2384332;Griechenland;FC Granada;Orestis Karnezis;28;1500000.0;Torwart;Startaufstellung
2384332;Griechenland;Olympiakos Piräus;Konstantinos Manolas;23;6000000.0;Innenverteidiger;Startaufstellung
2384332;Griechenland;Borussia Dortmund;Sokratis;26;15000000.0;Innenverteidiger;Startaufstellung
2384332;Griechenland;Olympiakos Piräus;José Holebas;29;2500000.0;Linker Verteidiger;Startaufstellung
2384332;Griechenland;AS Rom;Vasilios Torosidis;29;5500000.0;Rechter Verteidiger;Startaufstellung
2384332;Griechenland;PAOK Thessaloniki;Konstantinos Katsouranis;34;1500000.0;Defensives Mittelfeld;Startaufstellung
2384332;Griechenland;Olympiakos Piräus;Giannis Maniatis;27;4000000.0;Zentrales Mittelfeld;Startaufstellung
2384332;Griechenland;FC Bologna;Panagiotis Kone;26;5000000.0;Offensives Mittelfeld;Startaufstellung
2384332;Griechenland;Celtic Glasgow;Georgios Samaras;29;3000000.0;Linksaußen;Startaufstellung
2384332;Griechenland;PAOK Thessaloniki;Dimitrios Salpingidis;32;2500000.0;Rechtsaußen;Startaufstellung
2384332;Griechenland;Konyaspor;Theofanis Gekas;34;800000.0;Mittelstürmer;Startaufstellung
2384332;Kolumbien;Independiente Santa Fe;Camilo Vargas;25;900000.0;Torwart;Reservebank
2384332;Kolumbien;Deportivo Cali;Faryd Mondragón;42;250000.0;Torwart;Reservebank
2384332;Kolumbien;Club Atlético River Plate;Éder Balanta;21;3000000.0;Innenverteidiger;Reservebank
2384332;Kolumbien;Club Atlético San Lorenzo de Almagro;Carlos Valdés;29;600000.0;Innenverteidiger;Reservebank
2384332;Kolumbien;PSV Eindhoven;Santiago Arias;22;1500000.0;Rechter Verteidiger;Reservebank
2384332;Kolumbien;Atlético Nacional;Alexander Mejía;25;850000.0;Defensives Mittelfeld;Reservebank
2384332;Kolumbien;Club Atlético River Plate;Carlos Carbonero;23;3000000.0;Rechtsaußen;Reservebank
2384332;Kolumbien;FC Internazionale;Fredy Guarín;27;18000000.0;Zentrales Mittelfeld;Reservebank
2384332;Kolumbien;FC Porto;Juan Quintero;21;9000000.0;Offensives Mittelfeld;Reservebank
2384332;Kolumbien;FC Porto;Jackson Martínez;27;30000000.0;Mittelstürmer;Reservebank
2384332;Kolumbien;FC Sevilla;Carlos Bacca;27;10000000.0;Mittelstürmer;Reservebank
2384332;Kolumbien;Hertha BSC;Adrián Ramos;28;11000000.0;Mittelstürmer;Reservebank
2384332;Griechenland;PAOK Thessaloniki;Panagiotis Glykos;27;1000000.0;Torwart;Reservebank
2384332;Griechenland;Panathinaikos Athen;Stefanos Kapino;20;2000000.0;Torwart;Reservebank
2384332;Griechenland;PAOK Thessaloniki;Georgios Tzavellas;26;2000000.0;Linker Verteidiger;Reservebank
2384332;Griechenland;Hellas Verona;Vangelis Moras;32;700000.0;Innenverteidiger;Reservebank
2384332;Griechenland;UD Levante;Loukas Vyntra;33;1000000.0;Innenverteidiger;Reservebank
2384332;Griechenland;FC Turin;Panagiotis Tachtsidis;23;3000000.0;Defensives Mittelfeld;Reservebank
2384332;Griechenland;Kayserispor;Alexandros Tziolis;29;2000000.0;Defensives Mittelfeld;Reservebank
2384332;Griechenland;Olympiakos Piräus;Andreas Samaris;25;2500000.0;Zentrales Mittelfeld;Reservebank
2384332;Griechenland;FC Fulham;Georgios Karagounis;37;1000000.0;Offensives Mittelfeld;Reservebank
2384332;Griechenland;FC Genua 1893;Giannis Fetfatzidis;23;3800000.0;Rechtsaußen;Reservebank
2384332;Griechenland;FC Bologna;Lazaros Christodoulopoulos;27;1600000.0;Zentrales Mittelfeld;Reservebank
2384332;Griechenland;FC Fulham;Konstantinos Mitroglou;26;12000000.0;Mittelstürmer;Reservebank
