GameId;team;club;name;age;value;position;role
2384352;Schweiz;VfL Wolfsburg;Diego Benaglio;30;6000000.0;Torwart;Startaufstellung
2384352;Schweiz;BSC Young Boys;Steve von Bergen;31;1500000.0;Innenverteidiger;Startaufstellung
2384352;Schweiz;Hamburger SV;Johan Djourou;27;3000000.0;Innenverteidiger;Startaufstellung
2384352;Schweiz;VfL Wolfsburg;Ricardo Rodríguez;21;20000000.0;Linker Verteidiger;Startaufstellung
2384352;Schweiz;Juventus Turin;Stephan Lichtsteiner;30;17000000.0;Rechter Verteidiger;Startaufstellung
2384352;Schweiz;SSC Neapel;Valon Behrami;29;16000000.0;Defensives Mittelfeld;Startaufstellung
2384352;Schweiz;SSC Neapel;Gökhan Inler;29;14000000.0;Defensives Mittelfeld;Startaufstellung
2384352;Schweiz;Borussia Mönchengladbach;Granit Xhaka;21;10000000.0;Offensives Mittelfeld;Startaufstellung
2384352;Schweiz;SC Freiburg;Admir Mehmedi;23;5500000.0;Linksaußen;Startaufstellung
2384352;Schweiz;FC Bayern München;Xherdan Shaqiri;22;20000000.0;Rechtsaußen;Startaufstellung
2384352;Schweiz;Real Sociedad San Sebastián;Haris Seferovic;22;4500000.0;Mittelstürmer;Startaufstellung
2384352;Frankreich;Tottenham Hotspur;Hugo Lloris;27;16000000.0;Torwart;Startaufstellung
2384352;Frankreich;FC Liverpool;Mamadou Sakho;24;19000000.0;Innenverteidiger;Startaufstellung
2384352;Frankreich;Real Madrid;Raphaël Varane;21;24000000.0;Innenverteidiger;Startaufstellung
2384352;Frankreich;Manchester United;Patrice Evra;33;7500000.0;Linker Verteidiger;Startaufstellung
2384352;Frankreich;Newcastle United;Mathieu Debuchy;28;10000000.0;Rechter Verteidiger;Startaufstellung
2384352;Frankreich;FC Paris Saint-Germain;Yohan Cabaye;28;22000000.0;Defensives Mittelfeld;Startaufstellung
2384352;Frankreich;FC Paris Saint-Germain;Blaise Matuidi;27;20000000.0;Zentrales Mittelfeld;Startaufstellung
2384352;Frankreich;Newcastle United;Moussa Sissoko;24;11000000.0;Zentrales Mittelfeld;Startaufstellung
2384352;Frankreich;Real Madrid;Karim Benzema;26;34000000.0;Linksaußen;Startaufstellung
2384352;Frankreich;Olympique Marseille;Mathieu Valbuena;29;14000000.0;Rechtsaußen;Startaufstellung
2384352;Frankreich;FC Arsenal;Olivier Giroud;27;20000000.0;Mittelstürmer;Startaufstellung
2384352;Schweiz;FC Basel 1893;Yann Sommer;25;8000000.0;Torwart;Reservebank
2384352;Schweiz;Grasshopper Club Zürich;Roman Bürki;23;2500000.0;Torwart;Reservebank
2384352;Schweiz;US Sassuolo;Reto Ziegler;28;2500000.0;Linker Verteidiger;Reservebank
2384352;Schweiz;FC Valencia;Philippe Senderos;29;2500000.0;Innenverteidiger;Reservebank
2384352;Schweiz;FC Basel 1893;Fabian Schär;22;8000000.0;Innenverteidiger;Reservebank
2384352;Schweiz;Grasshopper Club Zürich;Michael Lang;23;1500000.0;Rechter Verteidiger;Reservebank
2384352;Schweiz;SC Freiburg;Gelson Fernandes;27;3000000.0;Defensives Mittelfeld;Reservebank
2384352;Schweiz;SSC Neapel;Blerim Dzemaili;28;11000000.0;Zentrales Mittelfeld;Reservebank
2384352;Schweiz;FC Basel 1893;Valentin Stocker;25;7000000.0;Linksaußen;Reservebank
2384352;Schweiz;Eintracht Frankfurt;Tranquillo Barnetta;29;3000000.0;Linksaußen;Reservebank
2384352;Schweiz;FC Zürich;Mario Gavranovic;24;1500000.0;Mittelstürmer;Reservebank
2384352;Schweiz;1.FC Nürnberg;Josip Drmic;21;10000000.0;Mittelstürmer;Reservebank
2384352;Frankreich;AS Saint-Étienne;Stéphane Ruffier;27;9000000.0;Torwart;Reservebank
2384352;Frankreich;SC Bastia;Mickaël Landreau;35;1750000.0;Torwart;Reservebank
2384352;Frankreich;FC Porto;Eliaquim Mangala;23;23000000.0;Innenverteidiger;Reservebank
2384352;Frankreich;FC Arsenal;Laurent Koscielny;28;18000000.0;Innenverteidiger;Reservebank
2384352;Frankreich;FC Paris Saint-Germain;Lucas Digne;20;10000000.0;Linker Verteidiger;Reservebank
2384352;Frankreich;FC Arsenal;Bacary Sagna;31;12000000.0;Rechter Verteidiger;Reservebank
2384352;Frankreich;LOSC Lille;Rio Mavuba;30;7500000.0;Defensives Mittelfeld;Reservebank
2384352;Frankreich;FC Southampton;Morgan Schneiderlin;24;8500000.0;Defensives Mittelfeld;Reservebank
2384352;Frankreich;Juventus Turin;Paul Pogba;21;45000000.0;Zentrales Mittelfeld;Reservebank
2384352;Frankreich;HSC Montpellier;Rémy Cabella;24;10000000.0;Offensives Mittelfeld;Reservebank
2384352;Frankreich;Real Sociedad San Sebastián;Antoine Griezmann;23;25000000.0;Linksaußen;Reservebank
2384352;Frankreich;Queens Park Rangers;Loïc Rémy;27;12000000.0;Mittelstürmer;Reservebank
