GameId;team;club;name;age;value;position;role
2384351;Italien;Juventus Turin;Gianluigi Buffon;36;5000000.0;Torwart;Startaufstellung
2384351;Italien;Juventus Turin;Giorgio Chiellini;29;24000000.0;Innenverteidiger;Startaufstellung
2384351;Italien;Juventus Turin;Andrea Barzagli;33;10000000.0;Innenverteidiger;Startaufstellung
2384351;Italien;FC Turin;Matteo Darmian;24;4500000.0;Linker Verteidiger;Startaufstellung
2384351;Italien;AC Mailand;Ignazio Abate;27;11000000.0;Rechter Verteidiger;Startaufstellung
2384351;Italien;AS Rom;Daniele De Rossi;30;20000000.0;Defensives Mittelfeld;Startaufstellung
2384351;Italien;FC Paris Saint-Germain;Thiago Motta;31;8500000.0;Zentrales Mittelfeld;Startaufstellung
2384351;Italien;Juventus Turin;Andrea Pirlo;35;7500000.0;Zentrales Mittelfeld;Startaufstellung
2384351;Italien;Juventus Turin;Claudio Marchisio;28;28000000.0;Linkes Mittelfeld;Startaufstellung
2384351;Italien;Lazio Rom;Antonio Candreva;27;16500000.0;Rechtsaußen;Startaufstellung
2384351;Italien;AC Mailand;Mario Balotelli;23;30000000.0;Mittelstürmer;Startaufstellung
2384351;Costa Rica;UD Levante;Keylor Navas;27;4000000.0;Torwart;Startaufstellung
2384351;Costa Rica;Columbus Crew SC;Giancarlo González;26;600000.0;Innenverteidiger;Startaufstellung
2384351;Costa Rica;Deportivo Saprissa;Michael Umaña;31;275000.0;Innenverteidiger;Startaufstellung
2384351;Costa Rica;FC Brügge;Óscar Duarte;25;1500000.0;Innenverteidiger;Startaufstellung
2384351;Costa Rica;1.FSV Mainz 05;Júnior Díaz;30;1000000.0;Linker Verteidiger;Startaufstellung
2384351;Costa Rica;Rosenborg BK;Cristian Gamboa;24;1000000.0;Rechter Verteidiger;Startaufstellung
2384351;Costa Rica;Deportivo Saprissa;Yeltsin Tejeda;22;550000.0;Defensives Mittelfeld;Startaufstellung
2384351;Costa Rica;AIK Solna;Celso Borges;26;1500000.0;Offensives Mittelfeld;Startaufstellung
2384351;Costa Rica;FC Kopenhagen;Christian Bolaños;30;1000000.0;Linksaußen;Startaufstellung
2384351;Costa Rica;PSV Eindhoven;Bryan Ruíz;28;8000000.0;Rechtsaußen;Startaufstellung
2384351;Costa Rica;Olympiakos Piräus;Joel Campbell;21;5000000.0;Mittelstürmer;Startaufstellung
2384351;Italien;FC Paris Saint-Germain;Salvatore Sirigu;27;20500000.0;Torwart;Reservebank
2384351;Italien;FC Genua 1893;Mattia Perin;21;10000000.0;Torwart;Reservebank
2384351;Italien;Juventus Turin;Leonardo Bonucci;27;20000000.0;Innenverteidiger;Reservebank
2384351;Italien;Parma FC;Gabriel Paletta;28;10000000.0;Innenverteidiger;Reservebank
2384351;Italien;AC Mailand;Mattia De Sciglio;21;12000000.0;Rechter Verteidiger;Reservebank
2384351;Italien;AC Florenz;Alberto Aquilani;29;9000000.0;Zentrales Mittelfeld;Reservebank
2384351;Italien;Parma FC;Marco Parolo;29;6000000.0;Zentrales Mittelfeld;Reservebank
2384351;Italien;FC Paris Saint-Germain;Marco Verratti;21;20000000.0;Defensives Mittelfeld;Reservebank
2384351;Italien;SSC Neapel;Lorenzo Insigne;23;15000000.0;Linksaußen;Reservebank
2384351;Italien;FC Turin;Alessio Cerci;26;18000000.0;Rechtsaußen;Reservebank
2384351;Italien;Parma FC;Antonio Cassano;31;5500000.0;Hängende Spitze;Reservebank
2384351;Italien;FC Turin;Ciro Immobile;24;12000000.0;Mittelstürmer;Reservebank
2384351;Costa Rica;CS Herediano;Daniel Cambronero;28;250000.0;Torwart;Reservebank
2384351;Costa Rica;LD Alajuelense;Patrick Pemberton;32;500000.0;Torwart;Reservebank
2384351;Costa Rica;New York Red Bulls;Roy Miller;29;500000.0;Linker Verteidiger;Reservebank
2384351;Costa Rica;LD Alajuelense;Jhonny Acosta;30;250000.0;Innenverteidiger;Reservebank
2384351;Costa Rica;Columbus Crew SC;Waylon Francis;23;350000.0;Linker Verteidiger;Reservebank
2384351;Costa Rica;CS Herediano;Dave Myrie;26;300000.0;Rechter Verteidiger;Reservebank
2384351;Costa Rica;CS Herediano;Esteban Granados;28;350000.0;Defensives Mittelfeld;Reservebank
2384351;Costa Rica;CS Herediano;José Miguel Cubero;27;350000.0;Defensives Mittelfeld;Reservebank
2384351;Costa Rica;Aalesunds FK;Michael Barrantes;30;1300000.0;Offensives Mittelfeld;Reservebank
2384351;Costa Rica;Valerenga Oslo;Diego Calvo;23;400000.0;Linksaußen;Reservebank
2384351;Costa Rica;Kuban Krasnodar;Marcos Ureña;24;400000.0;Mittelstürmer;Reservebank
2384351;Costa Rica;CS Cartaginés;Randall Brenes;30;250000.0;Rechtsaußen;Reservebank
