GameId;team;club;name;age;value;position;role
2384325;Portugal;FC Sevilla;Beto;32;4000000.0;Torwart;Startaufstellung
2384325;Portugal;Fenerbahce Istanbul;Bruno Alves;32;5000000.0;Innenverteidiger;Startaufstellung
2384325;Portugal;Real Madrid;Pepe;31;18000000.0;Innenverteidiger;Startaufstellung
2384325;Portugal;Dynamo Kiew;Miguel Veloso;28;9000000.0;Linker Verteidiger;Startaufstellung
2384325;Portugal;FC Valencia;João Pereira;30;6000000.0;Rechter Verteidiger;Startaufstellung
2384325;Portugal;Sporting Lissabon;William Carvalho;22;8000000.0;Defensives Mittelfeld;Startaufstellung
2384325;Portugal;AS Monaco;João Moutinho;27;30000000.0;Zentrales Mittelfeld;Startaufstellung
2384325;Portugal;Benfica Lissabon;Rúben Amorim;29;4500000.0;Zentrales Mittelfeld;Startaufstellung
2384325;Portugal;Real Madrid;Cristiano Ronaldo;29;100000000.0;Linksaußen;Startaufstellung
2384325;Portugal;Manchester United;Nani;27;16000000.0;Rechtsaußen;Startaufstellung
2384325;Portugal;SC Braga;Éder;26;8000000.0;Mittelstürmer;Startaufstellung
2384325;Ghana;Orlando Pirates;Fatau Dauda;29;250000.0;Torwart;Startaufstellung
2384325;Ghana;FC Évian Thonon Gaillard;Jonathan Mensah;23;1250000.0;Innenverteidiger;Startaufstellung
2384325;Ghana;FC Stade Rennes;John Boye;27;1250000.0;Innenverteidiger;Startaufstellung
2384325;Ghana;Juventus Turin;Kwadwo Asamoah;25;20000000.0;Linker Verteidiger;Startaufstellung
2384325;Ghana;Esperance Tunis;Harrison Afful;27;850000.0;Rechter Verteidiger;Startaufstellung
2384325;Ghana;Kuban Krasnodar;Rabiu Mohammed;24;3000000.0;Defensives Mittelfeld;Startaufstellung
2384325;Ghana;Udinese Calcio;Emmanuel Badu;23;3500000.0;Defensives Mittelfeld;Startaufstellung
2384325;Ghana;Olympique Marseille;André Ayew;24;12000000.0;Linksaußen;Startaufstellung
2384325;Ghana;Vitesse Arnheim;Christian Atsu;22;6000000.0;Rechtsaußen;Startaufstellung
2384325;Ghana;Valenciennes FC ;Majeed Waris;22;2200000.0;Hängende Spitze;Startaufstellung
2384325;Ghana;Al-Ain FC;Asamoah Gyan;28;4000000.0;Mittelstürmer;Startaufstellung
2384325;Portugal;SC Braga;Eduardo;31;3500000.0;Torwart;Reservebank
2384325;Portugal;FC Valencia;Ricardo Costa;33;3000000.0;Innenverteidiger;Reservebank
2384325;Portugal;Zenit St. Petersburg;Luís Neto;26;5000000.0;Innenverteidiger;Reservebank
2384325;Portugal;Fenerbahce Istanbul;Raúl Meireles;31;10000000.0;Zentrales Mittelfeld;Reservebank
2384325;Portugal;VfL Wolfsburg;Vieirinha;28;6000000.0;Rechtsaußen;Reservebank
2384325;Portugal;FC Porto;Silvestre Varela;29;7500000.0;Mittelstürmer;Reservebank
2384325;Portugal;SC Braga;Rafa Silva;21;4000000.0;Offensives Mittelfeld;Reservebank
2384325;Ghana;Strömsgodset IF;Adam Kwarasey;26;1400000.0;Torwart;Reservebank
2384325;Ghana;Mamelodi Sundowns FC;Rashid Sumaila;21;300000.0;Innenverteidiger;Reservebank
2384325;Ghana;Platanias Chania;Samuel Inkoom;25;1500000.0;Rechter Verteidiger;Reservebank
2384325;Ghana;Standard Lüttich;Daniel Opare;23;2500000.0;Rechter Verteidiger;Reservebank
2384325;Ghana;AC Mailand;Michael Essien;31;5000000.0;Defensives Mittelfeld;Reservebank
2384325;Ghana;AC Mailand;Sulley Muntari;29;4400000.0;Zentrales Mittelfeld;Reservebank
2384325;Ghana;Rubin Kazan;Mubarak Wakaso;23;5000000.0;Linkes Mittelfeld;Reservebank
2384325;Ghana;Parma FC;Afriyie Acquah;22;1500000.0;Defensives Mittelfeld;Reservebank
2384325;Ghana;FC Schalke 04;Kevin-Prince Boateng;27;15000000.0;Zentrales Mittelfeld;Reservebank
2384325;Ghana;FC Middlesbrough;Albert Adomah;26;2200000.0;Rechtes Mittelfeld;Reservebank
2384325;Ghana;FC Sochaux-Montbéliard;Jordan Ayew;22;3000000.0;Hängende Spitze;Reservebank
