GameId;team;club;name;age;value;position;role
2384341;Ghana;Strömsgodset IF;Adam Kwarasey;26;1400000.0;Torwart;Startaufstellung
2384341;Ghana;FC Évian Thonon Gaillard;Jonathan Mensah;23;1250000.0;Innenverteidiger;Startaufstellung
2384341;Ghana;FC Stade Rennes;John Boye;27;1250000.0;Innenverteidiger;Startaufstellung
2384341;Ghana;Juventus Turin;Kwadwo Asamoah;25;20000000.0;Linker Verteidiger;Startaufstellung
2384341;Ghana;Standard Lüttich;Daniel Opare;23;2500000.0;Rechter Verteidiger;Startaufstellung
2384341;Ghana;Kuban Krasnodar;Rabiu Mohammed;24;3000000.0;Defensives Mittelfeld;Startaufstellung
2384341;Ghana;AC Mailand;Sulley Muntari;29;4400000.0;Defensives Mittelfeld;Startaufstellung
2384341;Ghana;FC Sochaux-Montbéliard;Jordan Ayew;22;3000000.0;Offensives Mittelfeld;Startaufstellung
2384341;Ghana;Olympique Marseille;André Ayew;24;12000000.0;Linksaußen;Startaufstellung
2384341;Ghana;Vitesse Arnheim;Christian Atsu;22;6000000.0;Rechtsaußen;Startaufstellung
2384341;Ghana;Al-Ain FC;Asamoah Gyan;28;4000000.0;Mittelstürmer;Startaufstellung
2384341;Vereinigte Staaten;FC Everton;Tim Howard;35;2000000.0;Torwart;Startaufstellung
2384341;Vereinigte Staaten;Sporting Kansas City;Matt Besler;27;400000.0;Innenverteidiger;Startaufstellung
2384341;Vereinigte Staaten;Stoke City;Geoff Cameron;28;4500000.0;Innenverteidiger;Startaufstellung
2384341;Vereinigte Staaten;Puebla FC;DaMarcus Beasley;32;1000000.0;Linker Verteidiger;Startaufstellung
2384341;Vereinigte Staaten;TSG 1899 Hoffenheim;Fabian Johnson;26;4000000.0;Rechter Verteidiger;Startaufstellung
2384341;Vereinigte Staaten;Real Salt Lake City;Kyle Beckerman;32;750000.0;Defensives Mittelfeld;Startaufstellung
2384341;Vereinigte Staaten;Toronto FC;Michael Bradley;26;6500000.0;Defensives Mittelfeld;Startaufstellung
2384341;Vereinigte Staaten;Besiktas Istanbul;Jermaine Jones;32;3000000.0;Linkes Mittelfeld;Startaufstellung
2384341;Vereinigte Staaten;FC Nantes;Alejandro Bedoya;27;2250000.0;Rechtsaußen;Startaufstellung
2384341;Vereinigte Staaten;Seattle Sounders FC;Clint Dempsey;31;7000000.0;Hängende Spitze;Startaufstellung
2384341;Vereinigte Staaten;AFC Sunderland;Jozy Altidore;24;6000000.0;Mittelstürmer;Startaufstellung
2384341;Ghana;Aduana Stars;Stephen Adams;24;250000.0;Torwart;Reservebank
2384341;Ghana;Orlando Pirates;Fatau Dauda;29;250000.0;Torwart;Reservebank
2384341;Ghana;Mamelodi Sundowns FC;Rashid Sumaila;21;300000.0;Innenverteidiger;Reservebank
2384341;Ghana;Platanias Chania;Samuel Inkoom;25;1500000.0;Rechter Verteidiger;Reservebank
2384341;Ghana;Esperance Tunis;Harrison Afful;27;850000.0;Rechtes Mittelfeld;Reservebank
2384341;Ghana;AC Mailand;Michael Essien;31;5000000.0;Defensives Mittelfeld;Reservebank
2384341;Ghana;Rubin Kazan;Mubarak Wakaso;23;5000000.0;Linkes Mittelfeld;Reservebank
2384341;Ghana;Parma FC;Afriyie Acquah;22;1500000.0;Defensives Mittelfeld;Reservebank
2384341;Ghana;Udinese Calcio;Emmanuel Badu;23;3500000.0;Defensives Mittelfeld;Reservebank
2384341;Ghana;FC Schalke 04;Kevin-Prince Boateng;27;15000000.0;Offensives Mittelfeld;Reservebank
2384341;Ghana;FC Middlesbrough;Albert Adomah;26;2200000.0;Rechtes Mittelfeld;Reservebank
2384341;Ghana;Valenciennes FC ;Majeed Waris;22;2200000.0;Mittelstürmer;Reservebank
2384341;Vereinigte Staaten;Aston Villa;Brad Guzan;29;5000000.0;Torwart;Reservebank
2384341;Vereinigte Staaten;Real Salt Lake City;Nick Rimando;35;600000.0;Torwart;Reservebank
2384341;Vereinigte Staaten;Hertha BSC;John Anthony Brooks;21;3000000.0;Innenverteidiger;Reservebank
2384341;Vereinigte Staaten;Los Angeles Galaxy;Omar González;25;400000.0;Innenverteidiger;Reservebank
2384341;Vereinigte Staaten;Sporting Kansas City;Graham Zusi;27;500000.0;Rechtsaußen;Reservebank
2384341;Vereinigte Staaten;Seattle Sounders FC;DeAndre Yedlin;20;250000.0;Rechter Verteidiger;Reservebank
2384341;Vereinigte Staaten;1.FC Nürnberg;Timothy Chandler;24;2500000.0;Rechter Verteidiger;Reservebank
2384341;Vereinigte Staaten;Rosenborg BK;Mix Diskerud;23;1400000.0;Zentrales Mittelfeld;Reservebank
2384341;Vereinigte Staaten;Houston Dynamo;Brad Davis;32;750000.0;Linkes Mittelfeld;Reservebank
2384341;Vereinigte Staaten;FC Bayern München;Julian Green;19;500000.0;Linksaußen;Reservebank
2384341;Vereinigte Staaten;AZ Alkmaar;Aron Jóhannsson;23;4000000.0;Mittelstürmer;Reservebank
2384341;Vereinigte Staaten;San Jose Earthquakes;Chris Wondolowski;31;1500000.0;Mittelstürmer;Reservebank
