GameId;team;club;name;age;value;position;role
2384354;Argentinien;AS Monaco;Sergio Romero;27;2000000.0;Torwart;Startaufstellung
2384354;Argentinien;Benfica Lissabon;Ezequiel Garay;27;20000000.0;Innenverteidiger;Startaufstellung
2384354;Argentinien;SSC Neapel;Federico Fernández;25;4000000.0;Innenverteidiger;Startaufstellung
2384354;Argentinien;Sporting Lissabon;Marcos Rojo;24;5500000.0;Linker Verteidiger;Startaufstellung
2384354;Argentinien;Manchester City;Pablo Zabaleta;29;19000000.0;Rechter Verteidiger;Startaufstellung
2384354;Argentinien;FC Barcelona;Javier Mascherano;30;15000000.0;Defensives Mittelfeld;Startaufstellung
2384354;Argentinien;Club Atlético Boca Juniors;Fernando Gago;28;4000000.0;Zentrales Mittelfeld;Startaufstellung
2384354;Argentinien;Real Madrid;Ángel Di María;26;30000000.0;Zentrales Mittelfeld;Startaufstellung
2384354;Argentinien;Manchester City;Sergio Agüero;26;45000000.0;Linksaußen;Startaufstellung
2384354;Argentinien;FC Barcelona;Lionel Messi;26;120000000.0;Rechtsaußen;Startaufstellung
2384354;Argentinien;SSC Neapel;Gonzalo Higuaín;26;38000000.0;Mittelstürmer;Startaufstellung
2384354;Iran;SC Covilha;Alireza Haghighi;26;350000.0;Torwart;Startaufstellung
2384354;Iran;Esteghlal FC;Amir Hossein Sadeghi;32;750000.0;Innenverteidiger;Startaufstellung
2384354;Iran;Persepolis FC;Seyed Jalal Hosseini;32;2000000.0;Innenverteidiger;Startaufstellung
2384354;Iran;Persepolis FC;Mehrdad Pooladi;27;500000.0;Linker Verteidiger;Startaufstellung
2384354;Iran;Umm Salal Sport Club;Pejman Montazeri;30;1200000.0;Rechter Verteidiger;Startaufstellung
2384354;Iran;Al-Kuwait Sports Club;Javad Nekounam;33;1200000.0;Defensives Mittelfeld;Startaufstellung
2384354;Iran;Esteghlal FC;Andranik Teymourian;31;2000000.0;Defensives Mittelfeld;Startaufstellung
2384354;Iran;UD Las Palmas;Masoud Shojaei;30;1200000.0;Rechtes Mittelfeld;Startaufstellung
2384354;Iran;FC Fulham;Ashkan Dejagah;27;3000000.0;Linkes Mittelfeld;Startaufstellung
2384354;Iran;Sepahan FC;Ehsan Hajsafi;24;800000.0;Offensives Mittelfeld;Startaufstellung
2384354;Iran;Charlton Athletic;Reza Ghoochannejhad;26;1000000.0;Mittelstürmer;Startaufstellung
2384354;Argentinien;Club Atlético Boca Juniors;Agustín Orion;32;1000000.0;Torwart;Reservebank
2384354;Argentinien;Catania Calcio;Mariano Andújar;30;3800000.0;Torwart;Reservebank
2384354;Argentinien;CF Monterrey;José María Basanta;30;3500000.0;Innenverteidiger;Reservebank
2384354;Argentinien;FC Internazionale;Hugo Campagnaro;33;4200000.0;Innenverteidiger;Reservebank
2384354;Argentinien;Manchester City;Martín Demichelis;33;2500000.0;Innenverteidiger;Reservebank
2384354;Argentinien;Lazio Rom;Lucas Biglia;28;7500000.0;Defensives Mittelfeld;Reservebank
2384354;Argentinien;Benfica Lissabon;Enzo Pérez;28;11000000.0;Zentrales Mittelfeld;Reservebank
2384354;Argentinien;Celta Vigo;Augusto Fernández;28;4000000.0;Rechtsaußen;Reservebank
2384354;Argentinien;FC Internazionale;Ricardo Álvarez;26;16500000.0;Offensives Mittelfeld;Reservebank
2384354;Argentinien;Club Atlético Newell's Old Boys;Maxi Rodríguez;33;2000000.0;Linksaußen;Reservebank
2384354;Argentinien;FC Paris Saint-Germain;Ezequiel Lavezzi;29;21000000.0;Linksaußen;Reservebank
2384354;Argentinien;FC Internazionale;Rodrigo Palacio;32;12000000.0;Rechtsaußen;Reservebank
2384354;Iran;Sepahan FC;Rahman Ahmadi;33;500000.0;Torwart;Reservebank
2384354;Iran;Eintracht Braunschweig;Daniel Davari;26;1250000.0;Torwart;Reservebank
2384354;Iran;Naft Novin Teheran;Seyed Ahmad Alenemeh;31;450000.0;Innenverteidiger;Reservebank
2384354;Iran;Esteghlal FC;Hashem Beikzadeh;30;700000.0;Linker Verteidiger;Reservebank
2384354;Iran;Vancouver Whitecaps;Steven Beitashour;27;500000.0;Rechter Verteidiger;Reservebank
2384354;Iran;Esteghlal FC;Khosro Heydari;30;1500000.0;Rechter Verteidiger;Reservebank
2384354;Iran;Persepolis FC;Hossein Mahini;27;750000.0;Rechter Verteidiger;Reservebank
2384354;Iran;Persepolis FC;Reza Haghighi;25;800000.0;Defensives Mittelfeld;Reservebank
2384354;Iran;Zob Ahan Isfahan;Ghasem Hadadifar;30;500000.0;Offensives Mittelfeld;Reservebank
2384354;Iran;Foolad FC;Bakhtiar Rahmani;22;1500000.0;Offensives Mittelfeld;Reservebank
2384354;Iran;NEC Nijmegen;Alireza Jahanbakhsh;20;1000000.0;Linksaußen;Reservebank
2384354;Iran;Tractor Sazi FC;Karim Ansarifard;24;1000000.0;Mittelstürmer;Reservebank
