GameId;team;club;name;age;value;position;role
2384317;Griechenland;FC Granada;Orestis Karnezis;28;1500000.0;Torwart;Startaufstellung
2384317;Griechenland;Olympiakos Piräus;Konstantinos Manolas;23;6000000.0;Innenverteidiger;Startaufstellung
2384317;Griechenland;Borussia Dortmund;Sokratis;26;15000000.0;Innenverteidiger;Startaufstellung
2384317;Griechenland;Olympiakos Piräus;José Holebas;29;2500000.0;Linker Verteidiger;Startaufstellung
2384317;Griechenland;AS Rom;Vasilios Torosidis;29;5500000.0;Rechter Verteidiger;Startaufstellung
2384317;Griechenland;Olympiakos Piräus;Giannis Maniatis;27;4000000.0;Defensives Mittelfeld;Startaufstellung
2384317;Griechenland;FC Fulham;Georgios Karagounis;37;1000000.0;Zentrales Mittelfeld;Startaufstellung
2384317;Griechenland;FC Bologna;Panagiotis Kone;26;5000000.0;Offensives Mittelfeld;Startaufstellung
2384317;Griechenland;FC Bologna;Lazaros Christodoulopoulos;27;1600000.0;Linksaußen;Startaufstellung
2384317;Griechenland;PAOK Thessaloniki;Dimitrios Salpingidis;32;2500000.0;Rechtsaußen;Startaufstellung
2384317;Griechenland;Celtic Glasgow;Georgios Samaras;29;3000000.0;Mittelstürmer;Startaufstellung
2384317;Elfenbeinküste;KSC Lokeren;Boubacar Copa;34;1500000.0;Torwart;Startaufstellung
2384317;Elfenbeinküste;FC Liverpool;Kolo Touré;33;4000000.0;Innenverteidiger;Startaufstellung
2384317;Elfenbeinküste;Trabzonspor;Sol Bamba;29;2500000.0;Innenverteidiger;Startaufstellung
2384317;Elfenbeinküste;VfB Stuttgart;Arthur Boka;31;2000000.0;Linker Verteidiger;Startaufstellung
2384317;Elfenbeinküste;FC Toulouse;Serge Aurier;21;6500000.0;Rechter Verteidiger;Startaufstellung
2384317;Elfenbeinküste;Newcastle United;Cheik Tioté †;28;10000000.0;Defensives Mittelfeld;Startaufstellung
2384317;Elfenbeinküste;FC Basel 1893;Geoffroy Serey Dié;29;2500000.0;Defensives Mittelfeld;Startaufstellung
2384317;Elfenbeinküste;Manchester City;Yaya Touré;31;30000000.0;Offensives Mittelfeld;Startaufstellung
2384317;Elfenbeinküste;LOSC Lille;Salomon Kalou;28;8000000.0;Linksaußen;Startaufstellung
2384317;Elfenbeinküste;AS Rom;Gervinho;27;16000000.0;Rechtsaußen;Startaufstellung
2384317;Elfenbeinküste;Galatasaray Istanbul;Didier Drogba;36;3000000.0;Mittelstürmer;Startaufstellung
2384317;Griechenland;PAOK Thessaloniki;Panagiotis Glykos;27;1000000.0;Torwart;Reservebank
2384317;Griechenland;Panathinaikos Athen;Stefanos Kapino;20;2000000.0;Torwart;Reservebank
2384317;Griechenland;PAOK Thessaloniki;Georgios Tzavellas;26;2000000.0;Linker Verteidiger;Reservebank
2384317;Griechenland;Hellas Verona;Vangelis Moras;32;700000.0;Innenverteidiger;Reservebank
2384317;Griechenland;UD Levante;Loukas Vyntra;33;1000000.0;Innenverteidiger;Reservebank
2384317;Griechenland;FC Turin;Panagiotis Tachtsidis;23;3000000.0;Defensives Mittelfeld;Reservebank
2384317;Griechenland;Kayserispor;Alexandros Tziolis;29;2000000.0;Defensives Mittelfeld;Reservebank
2384317;Griechenland;Olympiakos Piräus;Andreas Samaris;25;2500000.0;Offensives Mittelfeld;Reservebank
2384317;Griechenland;FC Genua 1893;Giannis Fetfatzidis;23;3800000.0;Rechtsaußen;Reservebank
2384317;Griechenland;FC Fulham;Konstantinos Mitroglou;26;12000000.0;Mittelstürmer;Reservebank
2384317;Griechenland;Konyaspor;Theofanis Gekas;34;800000.0;Mittelstürmer;Reservebank
2384317;Elfenbeinküste;Stabaek IF;Mandé Sayouba;21;300000.0;Torwart;Reservebank
2384317;Elfenbeinküste;Caykur Rizespor;Ousmane Viera;27;2200000.0;Innenverteidiger;Reservebank
2384317;Elfenbeinküste;Eintracht Frankfurt;Constant Djakpa;27;1000000.0;Linker Verteidiger;Reservebank
2384317;Elfenbeinküste;AS Saint-Étienne;Ismaël Diomandé;21;1500000.0;Defensives Mittelfeld;Reservebank
2384317;Elfenbeinküste;FC Toulouse;Jean-Daniel Akpa Akpro;21;2000000.0;Rechter Verteidiger;Reservebank
2384317;Elfenbeinküste;AS Saint-Étienne;Max Gradel;26;3250000.0;Rechtsaußen;Reservebank
2384317;Elfenbeinküste;FC Basel 1893;Giovanni Sio;25;2500000.0;Rechtsaußen;Reservebank
2384317;Elfenbeinküste;Fortuna Düsseldorf;Mathis Bolly;23;750000.0;Rechtsaußen;Reservebank
2384317;Elfenbeinküste;Swansea City;Wilfried Bony;25;15000000.0;Mittelstürmer;Reservebank
2384317;Elfenbeinküste;Hannover 96;Didier Ya Konan;30;4000000.0;Mittelstürmer;Reservebank
