GameId;team;club;name;age;value;position;role
2384319;Costa Rica;UD Levante;Keylor Navas;27;4000000.0;Torwart;Startaufstellung
2384319;Costa Rica;New York Red Bulls;Roy Miller;29;500000.0;Innenverteidiger;Startaufstellung
2384319;Costa Rica;Columbus Crew SC;Giancarlo González;26;600000.0;Innenverteidiger;Startaufstellung
2384319;Costa Rica;FC Brügge;Óscar Duarte;25;1500000.0;Innenverteidiger;Startaufstellung
2384319;Costa Rica;1.FSV Mainz 05;Júnior Díaz;30;1000000.0;Linker Verteidiger;Startaufstellung
2384319;Costa Rica;Rosenborg BK;Cristian Gamboa;24;1000000.0;Rechter Verteidiger;Startaufstellung
2384319;Costa Rica;Deportivo Saprissa;Yeltsin Tejeda;22;550000.0;Defensives Mittelfeld;Startaufstellung
2384319;Costa Rica;AIK Solna;Celso Borges;26;1500000.0;Offensives Mittelfeld;Startaufstellung
2384319;Costa Rica;CS Cartaginés;Randall Brenes;30;250000.0;Linksaußen;Startaufstellung
2384319;Costa Rica;PSV Eindhoven;Bryan Ruíz;28;8000000.0;Rechtsaußen;Startaufstellung
2384319;Costa Rica;Olympiakos Piräus;Joel Campbell;21;5000000.0;Mittelstürmer;Startaufstellung
2384319;England;West Bromwich Albion;Ben Foster;31;4000000.0;Torwart;Startaufstellung
2384319;England;FC Chelsea;Gary Cahill;28;19000000.0;Innenverteidiger;Startaufstellung
2384319;England;Manchester United;Chris Smalling;24;12000000.0;Innenverteidiger;Startaufstellung
2384319;England;FC Southampton;Luke Shaw;18;13000000.0;Linker Verteidiger;Startaufstellung
2384319;England;Manchester United;Phil Jones;22;18000000.0;Rechter Verteidiger;Startaufstellung
2384319;England;FC Arsenal;Jack Wilshere;22;33000000.0;Zentrales Mittelfeld;Startaufstellung
2384319;England;FC Chelsea;Frank Lampard;36;2000000.0;Zentrales Mittelfeld;Startaufstellung
2384319;England;Manchester City;James Milner;28;15000000.0;Rechtes Mittelfeld;Startaufstellung
2384319;England;FC Southampton;Adam Lallana;26;7500000.0;Linkes Mittelfeld;Startaufstellung
2384319;England;FC Everton;Ross Barkley;20;11000000.0;Offensives Mittelfeld;Startaufstellung
2384319;England;FC Liverpool;Daniel Sturridge;24;20000000.0;Mittelstürmer;Startaufstellung
2384319;Costa Rica;CS Herediano;Daniel Cambronero;28;250000.0;Torwart;Reservebank
2384319;Costa Rica;LD Alajuelense;Patrick Pemberton;32;500000.0;Torwart;Reservebank
2384319;Costa Rica;LD Alajuelense;Jhonny Acosta;30;250000.0;Innenverteidiger;Reservebank
2384319;Costa Rica;Deportivo Saprissa;Michael Umaña;31;275000.0;Innenverteidiger;Reservebank
2384319;Costa Rica;Columbus Crew SC;Waylon Francis;23;350000.0;Linker Verteidiger;Reservebank
2384319;Costa Rica;CS Herediano;Dave Myrie;26;300000.0;Rechter Verteidiger;Reservebank
2384319;Costa Rica;CS Herediano;Esteban Granados;28;350000.0;Defensives Mittelfeld;Reservebank
2384319;Costa Rica;CS Herediano;José Miguel Cubero;27;350000.0;Defensives Mittelfeld;Reservebank
2384319;Costa Rica;Aalesunds FK;Michael Barrantes;30;1300000.0;Offensives Mittelfeld;Reservebank
2384319;Costa Rica;Valerenga Oslo;Diego Calvo;23;400000.0;Linksaußen;Reservebank
2384319;Costa Rica;FC Kopenhagen;Christian Bolaños;30;1000000.0;Rechtsaußen;Reservebank
2384319;Costa Rica;Kuban Krasnodar;Marcos Ureña;24;400000.0;Hängende Spitze;Reservebank
2384319;England;Manchester City;Joe Hart;27;16000000.0;Torwart;Reservebank
2384319;England;Celtic Glasgow;Fraser Forster;26;4500000.0;Torwart;Reservebank
2384319;England;FC Everton;Phil Jagielka;31;7500000.0;Innenverteidiger;Reservebank
2384319;England;FC Everton;Leighton Baines;29;20000000.0;Linker Verteidiger;Reservebank
2384319;England;FC Liverpool;Glen Johnson;29;12000000.0;Rechter Verteidiger;Reservebank
2384319;England;FC Liverpool;Steven Gerrard;34;7500000.0;Zentrales Mittelfeld;Reservebank
2384319;England;FC Liverpool;Jordan Henderson;24;15000000.0;Zentrales Mittelfeld;Reservebank
2384319;England;FC Arsenal;Alex Oxlade-Chamberlain;20;17000000.0;Rechtes Mittelfeld;Reservebank
2384319;England;FC Liverpool;Raheem Sterling;19;13000000.0;Rechtsaußen;Reservebank
2384319;England;Manchester United;Wayne Rooney;28;45000000.0;Hängende Spitze;Reservebank
2384319;England;Manchester United;Danny Welbeck;23;17000000.0;Mittelstürmer;Reservebank
2384319;England;FC Southampton;Rickie Lambert;32;5000000.0;Mittelstürmer;Reservebank
