GameId;team;club;name;age;value;position;role
2384356;Deutschland;FC Bayern München;Manuel Neuer;28;35000000.0;Torwart;Startaufstellung
2384356;Deutschland;Borussia Dortmund;Mats Hummels;25;26000000.0;Innenverteidiger;Startaufstellung
2384356;Deutschland;FC Arsenal;Per Mertesacker;29;18000000.0;Innenverteidiger;Startaufstellung
2384356;Deutschland;FC Schalke 04;Benedikt Höwedes;26;16000000.0;Linker Verteidiger;Startaufstellung
2384356;Deutschland;FC Bayern München;Jérôme Boateng;25;28000000.0;Rechter Verteidiger;Startaufstellung
2384356;Deutschland;FC Bayern München;Philipp Lahm;30;30000000.0;Defensives Mittelfeld;Startaufstellung
2384356;Deutschland;FC Bayern München;Toni Kroos;24;40000000.0;Zentrales Mittelfeld;Startaufstellung
2384356;Deutschland;Real Madrid;Sami Khedira;27;22000000.0;Zentrales Mittelfeld;Startaufstellung
2384356;Deutschland;FC Bayern München;Mario Götze;22;55000000.0;Linksaußen;Startaufstellung
2384356;Deutschland;FC Arsenal;Mesut Özil;25;50000000.0;Rechtsaußen;Startaufstellung
2384356;Deutschland;FC Bayern München;Thomas Müller;24;45000000.0;Mittelstürmer;Startaufstellung
2384356;Ghana;Orlando Pirates;Fatau Dauda;29;250000.0;Torwart;Startaufstellung
2384356;Ghana;FC Évian Thonon Gaillard;Jonathan Mensah;23;1250000.0;Innenverteidiger;Startaufstellung
2384356;Ghana;FC Stade Rennes;John Boye;27;1250000.0;Innenverteidiger;Startaufstellung
2384356;Ghana;Juventus Turin;Kwadwo Asamoah;25;20000000.0;Linker Verteidiger;Startaufstellung
2384356;Ghana;Esperance Tunis;Harrison Afful;27;850000.0;Rechter Verteidiger;Startaufstellung
2384356;Ghana;Kuban Krasnodar;Rabiu Mohammed;24;3000000.0;Defensives Mittelfeld;Startaufstellung
2384356;Ghana;AC Mailand;Sulley Muntari;29;4400000.0;Zentrales Mittelfeld;Startaufstellung
2384356;Ghana;Olympique Marseille;André Ayew;24;12000000.0;Linksaußen;Startaufstellung
2384356;Ghana;Vitesse Arnheim;Christian Atsu;22;6000000.0;Rechtsaußen;Startaufstellung
2384356;Ghana;FC Schalke 04;Kevin-Prince Boateng;27;15000000.0;Hängende Spitze;Startaufstellung
2384356;Ghana;Al-Ain FC;Asamoah Gyan;28;4000000.0;Mittelstürmer;Startaufstellung
2384356;Deutschland;Borussia Dortmund;Roman Weidenfeller;33;5000000.0;Torwart;Reservebank
2384356;Deutschland;Hannover 96;Ron-Robert Zieler;25;9500000.0;Torwart;Reservebank
2384356;Deutschland;SC Freiburg;Matthias Ginter;20;10000000.0;Innenverteidiger;Reservebank
2384356;Deutschland;Sampdoria Genua;Shkodran Mustafi;22;4000000.0;Rechter Verteidiger;Reservebank
2384356;Deutschland;Borussia Dortmund;Kevin Großkreutz;25;10000000.0;Linksaußen;Reservebank
2384356;Deutschland;Borussia Dortmund;Erik Durm;22;3000000.0;Linker Verteidiger;Reservebank
2384356;Deutschland;Borussia Mönchengladbach;Christoph Kramer;23;5500000.0;Defensives Mittelfeld;Reservebank
2384356;Deutschland;FC Bayern München;Bastian Schweinsteiger;29;40000000.0;Zentrales Mittelfeld;Reservebank
2384356;Deutschland;FC Chelsea;André Schürrle;23;20000000.0;Rechtsaußen;Reservebank
2384356;Deutschland;FC Schalke 04;Julian Draxler;20;30000000.0;Linksaußen;Reservebank
2384356;Deutschland;FC Arsenal;Lukas Podolski;29;23000000.0;Linksaußen;Reservebank
2384356;Deutschland;Lazio Rom;Miroslav Klose;36;1000000.0;Mittelstürmer;Reservebank
2384356;Ghana;Strömsgodset IF;Adam Kwarasey;26;1400000.0;Torwart;Reservebank
2384356;Ghana;Mamelodi Sundowns FC;Rashid Sumaila;21;300000.0;Innenverteidiger;Reservebank
2384356;Ghana;Platanias Chania;Samuel Inkoom;25;1500000.0;Rechter Verteidiger;Reservebank
2384356;Ghana;Standard Lüttich;Daniel Opare;23;2500000.0;Rechter Verteidiger;Reservebank
2384356;Ghana;AC Mailand;Michael Essien;31;5000000.0;Defensives Mittelfeld;Reservebank
2384356;Ghana;Rubin Kazan;Mubarak Wakaso;23;5000000.0;Rechtsaußen;Reservebank
2384356;Ghana;Parma FC;Afriyie Acquah;22;1500000.0;Defensives Mittelfeld;Reservebank
2384356;Ghana;Udinese Calcio;Emmanuel Badu;23;3500000.0;Defensives Mittelfeld;Reservebank
2384356;Ghana;FC Middlesbrough;Albert Adomah;26;2200000.0;Rechtes Mittelfeld;Reservebank
2384356;Ghana;Valenciennes FC ;Majeed Waris;22;2200000.0;Mittelstürmer;Reservebank
2384356;Ghana;FC Sochaux-Montbéliard;Jordan Ayew;22;3000000.0;Hängende Spitze;Reservebank
