GameId;team;club;name;age;value;position;role
2384320;Honduras;CD Olimpia;Noel Valladares;37;400000.0;Torwart;Startaufstellung
2384320;Honduras;San Jose Earthquakes;Víctor Bernárdez;32;1000000.0;Innenverteidiger;Startaufstellung
2384320;Honduras;Hull City;Maynor Figueroa;31;4000000.0;Innenverteidiger;Startaufstellung
2384320;Honduras;Wigan Athletic;Juan Carlos García;26;500000.0;Linker Verteidiger;Startaufstellung
2384320;Honduras;CD Olimpia;Brayan Beckeles;28;250000.0;Rechter Verteidiger;Startaufstellung
2384320;Honduras;Stoke City;Wilson Palacios;29;1500000.0;Defensives Mittelfeld;Startaufstellung
2384320;Honduras;CD Motagua Tegucigalpa;Jorge Claros;28;400000.0;Defensives Mittelfeld;Startaufstellung
2384320;Honduras;Houston Dynamo;Boniek García;29;1000000.0;Rechtes Mittelfeld;Startaufstellung
2384320;Honduras;Wigan Athletic;Róger Espinoza;27;1300000.0;Linkes Mittelfeld;Startaufstellung
2384320;Honduras;RCD España San Pedro Sula;Carlo Costly;31;600000.0;Mittelstürmer;Startaufstellung
2384320;Honduras;New England Revolution;Jerry Bengtson;27;350000.0;Mittelstürmer;Startaufstellung
2384320;Schweiz;VfL Wolfsburg;Diego Benaglio;30;6000000.0;Torwart;Startaufstellung
2384320;Schweiz;Hamburger SV;Johan Djourou;27;3000000.0;Innenverteidiger;Startaufstellung
2384320;Schweiz;FC Basel 1893;Fabian Schär;22;8000000.0;Innenverteidiger;Startaufstellung
2384320;Schweiz;VfL Wolfsburg;Ricardo Rodríguez;21;20000000.0;Linker Verteidiger;Startaufstellung
2384320;Schweiz;Juventus Turin;Stephan Lichtsteiner;30;17000000.0;Rechter Verteidiger;Startaufstellung
2384320;Schweiz;SSC Neapel;Valon Behrami;29;16000000.0;Defensives Mittelfeld;Startaufstellung
2384320;Schweiz;SSC Neapel;Gökhan Inler;29;14000000.0;Defensives Mittelfeld;Startaufstellung
2384320;Schweiz;FC Bayern München;Xherdan Shaqiri;22;20000000.0;Offensives Mittelfeld;Startaufstellung
2384320;Schweiz;SC Freiburg;Admir Mehmedi;23;5500000.0;Linksaußen;Startaufstellung
2384320;Schweiz;Borussia Mönchengladbach;Granit Xhaka;21;10000000.0;Rechtsaußen;Startaufstellung
2384320;Schweiz;1.FC Nürnberg;Josip Drmic;21;10000000.0;Mittelstürmer;Startaufstellung
2384320;Honduras;;Luis López;20;250000.0;Torwart;Reservebank
2384320;Honduras;CD Olimpia;Donis Escober;33;400000.0;Torwart;Reservebank
2384320;Honduras;CD Motagua Tegucigalpa;Juan Pablo Montes;28;250000.0;Innenverteidiger;Reservebank
2384320;Honduras;Qingdao Jonoon;Osman Chávez;29;450000.0;Innenverteidiger;Reservebank
2384320;Honduras;Celtic Glasgow;Emilio Izaguirre;28;4250000.0;Linker Verteidiger;Reservebank
2384320;Honduras;RSC Anderlecht;Andy Nájar;21;2000000.0;Rechtes Mittelfeld;Reservebank
2384320;Honduras;;Edder Delgado;27;250000.0;Defensives Mittelfeld;Reservebank
2384320;Honduras;CD Olimpia;Luis Garrido;23;800000.0;Defensives Mittelfeld;Reservebank
2384320;Honduras;RCD España San Pedro Sula;Mario Martínez;24;250000.0;Offensives Mittelfeld;Reservebank
2384320;Honduras;CD Chivas USA;Marvin Chávez;30;400000.0;Linksaußen;Reservebank
2384320;Honduras;LD Alajuelense;Jerry Palacios;32;250000.0;Mittelstürmer;Reservebank
2384320;Honduras;CD Real Sociedad;Rony Martínez;26;250000.0;Mittelstürmer;Reservebank
2384320;Schweiz;FC Basel 1893;Yann Sommer;25;8000000.0;Torwart;Reservebank
2384320;Schweiz;Grasshopper Club Zürich;Roman Bürki;23;2500000.0;Torwart;Reservebank
2384320;Schweiz;US Sassuolo;Reto Ziegler;28;2500000.0;Linker Verteidiger;Reservebank
2384320;Schweiz;FC Valencia;Philippe Senderos;29;2500000.0;Innenverteidiger;Reservebank
2384320;Schweiz;BSC Young Boys;Steve von Bergen;31;1500000.0;Innenverteidiger;Reservebank
2384320;Schweiz;Grasshopper Club Zürich;Michael Lang;23;1500000.0;Rechtes Mittelfeld;Reservebank
2384320;Schweiz;SC Freiburg;Gelson Fernandes;27;3000000.0;Defensives Mittelfeld;Reservebank
2384320;Schweiz;SSC Neapel;Blerim Dzemaili;28;11000000.0;Offensives Mittelfeld;Reservebank
2384320;Schweiz;FC Basel 1893;Valentin Stocker;25;7000000.0;Linksaußen;Reservebank
2384320;Schweiz;Eintracht Frankfurt;Tranquillo Barnetta;29;3000000.0;Linksaußen;Reservebank
2384320;Schweiz;Real Sociedad San Sebastián;Haris Seferovic;22;4500000.0;Mittelstürmer;Reservebank
2384320;Schweiz;FC Zürich;Mario Gavranovic;24;1500000.0;Mittelstürmer;Reservebank
