GameId;team;club;name;age;value;position;role
2384357;Vereinigte Staaten;FC Everton;Tim Howard;35;2000000.0;Torwart;Startaufstellung
2384357;Vereinigte Staaten;Sporting Kansas City;Matt Besler;27;400000.0;Innenverteidiger;Startaufstellung
2384357;Vereinigte Staaten;Stoke City;Geoff Cameron;28;4500000.0;Innenverteidiger;Startaufstellung
2384357;Vereinigte Staaten;Puebla FC;DaMarcus Beasley;32;1000000.0;Linker Verteidiger;Startaufstellung
2384357;Vereinigte Staaten;TSG 1899 Hoffenheim;Fabian Johnson;26;4000000.0;Rechter Verteidiger;Startaufstellung
2384357;Vereinigte Staaten;Besiktas Istanbul;Jermaine Jones;32;3000000.0;Defensives Mittelfeld;Startaufstellung
2384357;Vereinigte Staaten;Real Salt Lake City;Kyle Beckerman;32;750000.0;Defensives Mittelfeld;Startaufstellung
2384357;Vereinigte Staaten;Toronto FC;Michael Bradley;26;6500000.0;Offensives Mittelfeld;Startaufstellung
2384357;Vereinigte Staaten;Sporting Kansas City;Graham Zusi;27;500000.0;Linksaußen;Startaufstellung
2384357;Vereinigte Staaten;FC Nantes;Alejandro Bedoya;27;2250000.0;Rechtsaußen;Startaufstellung
2384357;Vereinigte Staaten;Seattle Sounders FC;Clint Dempsey;31;7000000.0;Mittelstürmer;Startaufstellung
2384357;Portugal;FC Sevilla;Beto;32;4000000.0;Torwart;Startaufstellung
2384357;Portugal;Fenerbahce Istanbul;Bruno Alves;32;5000000.0;Innenverteidiger;Startaufstellung
2384357;Portugal;FC Valencia;Ricardo Costa;33;3000000.0;Innenverteidiger;Startaufstellung
2384357;Portugal;Benfica Lissabon;André Almeida;23;4500000.0;Linker Verteidiger;Startaufstellung
2384357;Portugal;FC Valencia;João Pereira;30;6000000.0;Rechter Verteidiger;Startaufstellung
2384357;Portugal;Dynamo Kiew;Miguel Veloso;28;9000000.0;Defensives Mittelfeld;Startaufstellung
2384357;Portugal;Fenerbahce Istanbul;Raúl Meireles;31;10000000.0;Zentrales Mittelfeld;Startaufstellung
2384357;Portugal;AS Monaco;João Moutinho;27;30000000.0;Zentrales Mittelfeld;Startaufstellung
2384357;Portugal;Real Madrid;Cristiano Ronaldo;29;100000000.0;Linksaußen;Startaufstellung
2384357;Portugal;Manchester United;Nani;27;16000000.0;Rechtsaußen;Startaufstellung
2384357;Portugal;Lazio Rom;Hélder Postiga;31;3500000.0;Mittelstürmer;Startaufstellung
2384357;Vereinigte Staaten;Aston Villa;Brad Guzan;29;5000000.0;Torwart;Reservebank
2384357;Vereinigte Staaten;Real Salt Lake City;Nick Rimando;35;600000.0;Torwart;Reservebank
2384357;Vereinigte Staaten;Hertha BSC;John Anthony Brooks;21;3000000.0;Innenverteidiger;Reservebank
2384357;Vereinigte Staaten;Los Angeles Galaxy;Omar González;25;400000.0;Innenverteidiger;Reservebank
2384357;Vereinigte Staaten;Seattle Sounders FC;DeAndre Yedlin;20;250000.0;Rechter Verteidiger;Reservebank
2384357;Vereinigte Staaten;1.FC Nürnberg;Timothy Chandler;24;2500000.0;Rechter Verteidiger;Reservebank
2384357;Vereinigte Staaten;Rosenborg BK;Mix Diskerud;23;1400000.0;Zentrales Mittelfeld;Reservebank
2384357;Vereinigte Staaten;Houston Dynamo;Brad Davis;32;750000.0;Linkes Mittelfeld;Reservebank
2384357;Vereinigte Staaten;FC Bayern München;Julian Green;19;500000.0;Linkes Mittelfeld;Reservebank
2384357;Vereinigte Staaten;AZ Alkmaar;Aron Jóhannsson;23;4000000.0;Mittelstürmer;Reservebank
2384357;Vereinigte Staaten;San Jose Earthquakes;Chris Wondolowski;31;1500000.0;Mittelstürmer;Reservebank
2384357;Portugal;SC Braga;Eduardo;31;3500000.0;Torwart;Reservebank
2384357;Portugal;Zenit St. Petersburg;Luís Neto;26;5000000.0;Innenverteidiger;Reservebank
2384357;Portugal;Real Madrid;Fábio Coentrão;26;14000000.0;Linker Verteidiger;Reservebank
2384357;Portugal;Sporting Lissabon;William Carvalho;22;8000000.0;Defensives Mittelfeld;Reservebank
2384357;Portugal;Benfica Lissabon;Rúben Amorim;29;4500000.0;Zentrales Mittelfeld;Reservebank
2384357;Portugal;VfL Wolfsburg;Vieirinha;28;6000000.0;Rechtes Mittelfeld;Reservebank
2384357;Portugal;FC Porto;Silvestre Varela;29;7500000.0;Linksaußen;Reservebank
2384357;Portugal;SC Braga;Rafa Silva;21;4000000.0;Linksaußen;Reservebank
2384357;Portugal;SC Braga;Éder;26;8000000.0;Mittelstürmer;Reservebank
