GameId;team;club;name;age;value;position;role
2384358;Belgien;Atlético Madrid;Thibaut Courtois;22;25000000.0;Torwart;Startaufstellung
2384358;Belgien;Manchester City;Vincent Kompany;28;35000000.0;Innenverteidiger;Startaufstellung
2384358;Belgien;FC Bayern München;Daniel Van Buyten;36;1000000.0;Innenverteidiger;Startaufstellung
2384358;Belgien;FC Arsenal;Thomas Vermaelen;28;14000000.0;Linker Verteidiger;Startaufstellung
2384358;Belgien;Atlético Madrid;Toby Alderweireld;25;10000000.0;Rechter Verteidiger;Startaufstellung
2384358;Belgien;Zenit St. Petersburg;Axel Witsel;25;35000000.0;Defensives Mittelfeld;Startaufstellung
2384358;Belgien;VfL Wolfsburg;Kevin De Bruyne;22;17000000.0;Zentrales Mittelfeld;Startaufstellung
2384358;Belgien;Manchester United;Marouane Fellaini;26;23000000.0;Offensives Mittelfeld;Startaufstellung
2384358;Belgien;FC Chelsea;Eden Hazard;23;45000000.0;Linksaußen;Startaufstellung
2384358;Belgien;SSC Neapel;Dries Mertens;27;14000000.0;Rechtsaußen;Startaufstellung
2384358;Belgien;FC Chelsea;Romelu Lukaku;21;25000000.0;Mittelstürmer;Startaufstellung
2384358;Russland;ZSKA Moskau;Igor Akinfeev;28;20000000.0;Torwart;Startaufstellung
2384358;Russland;ZSKA Moskau;Sergey Ignashevich;34;2000000.0;Innenverteidiger;Startaufstellung
2384358;Russland;ZSKA Moskau;Vasili Berezutski;32;6000000.0;Innenverteidiger;Startaufstellung
2384358;Russland;Spartak Moskau;Dmitri Kombarov;27;11000000.0;Linker Verteidiger;Startaufstellung
2384358;Russland;Dinamo Moskau;Aleksey Kozlov;27;7000000.0;Rechter Verteidiger;Startaufstellung
2384358;Russland;Spartak Moskau;Denis Glushakov;27;10000000.0;Defensives Mittelfeld;Startaufstellung
2384358;Russland;Zenit St. Petersburg;Oleg Shatov;23;6000000.0;Zentrales Mittelfeld;Startaufstellung
2384358;Russland;Zenit St. Petersburg;Viktor Faizulin;28;9000000.0;Zentrales Mittelfeld;Startaufstellung
2384358;Russland;Amkar Perm;Maksim Kanunnikov;22;1800000.0;Linksaußen;Startaufstellung
2384358;Russland;Lokomotiv Moskau;Aleksandr Samedov;29;10000000.0;Rechtsaußen;Startaufstellung
2384358;Russland;Dinamo Moskau;Aleksandr Kokorin;23;18000000.0;Mittelstürmer;Startaufstellung
2384358;Belgien;SV Zulte Waregem;Sammy Bossut;28;1800000.0;Torwart;Reservebank
2384358;Belgien;FC Liverpool;Simon Mignolet;26;12000000.0;Torwart;Reservebank
2384358;Belgien;Tottenham Hotspur;Jan Vertonghen;27;22000000.0;Linker Verteidiger;Reservebank
2384358;Belgien;Zenit St. Petersburg;Nicolas Lombaerts;29;9000000.0;Innenverteidiger;Reservebank
2384358;Belgien;Standard Lüttich;Laurent Ciman;28;3200000.0;Innenverteidiger;Reservebank
2384358;Belgien;RSC Anderlecht;Anthony Vanden Borre;26;2000000.0;Rechter Verteidiger;Reservebank
2384358;Belgien;Tottenham Hotspur;Mousa Dembélé;26;20000000.0;Zentrales Mittelfeld;Reservebank
2384358;Belgien;FC Porto;Steven Defour;26;7000000.0;Zentrales Mittelfeld;Reservebank
2384358;Belgien;Tottenham Hotspur;Nacer Chadli;24;8000000.0;Linksaußen;Reservebank
2384358;Belgien;Manchester United;Adnan Januzaj;19;6000000.0;Linksaußen;Reservebank
2384358;Belgien;FC Everton;Kevin Mirallas;26;12000000.0;Rechtsaußen;Reservebank
2384358;Belgien;LOSC Lille;Divock Origi;19;1000000.0;Mittelstürmer;Reservebank
2384358;Russland;Zenit St. Petersburg;Yuri Lodygin;24;5000000.0;Torwart;Reservebank
2384358;Russland;Rubin Kazan;Sergey Ryzhikov;33;4500000.0;Torwart;Reservebank
2384358;Russland;Dinamo Moskau;Vladimir Granat;27;5000000.0;Innenverteidiger;Reservebank
2384358;Russland;Terek Grozny;Andrey Semenov;25;400000.0;Innenverteidiger;Reservebank
2384358;Russland;ZSKA Moskau;Georgi Schennikov;23;4000000.0;Linker Verteidiger;Reservebank
2384358;Russland;Anzhi Makhachkala;Andrey Eshchenko;30;3600000.0;Rechter Verteidiger;Reservebank
2384358;Russland;Dinamo Moskau;Igor Denisov;30;14000000.0;Defensives Mittelfeld;Reservebank
2384358;Russland;ZSKA Moskau;Alan Dzagoev;24;23000000.0;Zentrales Mittelfeld;Reservebank
2384358;Russland;Rubin Kazan;Pavel Mogilevets;21;250000.0;Zentrales Mittelfeld;Reservebank
2384358;Russland;Dinamo Moskau;Yuri Zhirkov;30;8000000.0;Linkes Mittelfeld;Reservebank
2384358;Russland;Dinamo Moskau;Aleksey Ionov;25;4000000.0;Rechtsaußen;Reservebank
2384358;Russland;Zenit St. Petersburg;Aleksandr Kerzhakov;31;7000000.0;Mittelstürmer;Reservebank
