GameId;team;club;name;age;value;position;role
2384333;Elfenbeinküste;KSC Lokeren;Boubacar Copa;34;1500000.0;Torwart;Startaufstellung
2384333;Elfenbeinküste;Trabzonspor;Sol Bamba;29;2500000.0;Innenverteidiger;Startaufstellung
2384333;Elfenbeinküste;Vereinslos;Didier Zokora;33;3200000.0;Innenverteidiger;Startaufstellung
2384333;Elfenbeinküste;VfB Stuttgart;Arthur Boka;31;2000000.0;Linker Verteidiger;Startaufstellung
2384333;Elfenbeinküste;FC Toulouse;Serge Aurier;21;6500000.0;Rechter Verteidiger;Startaufstellung
2384333;Elfenbeinküste;Newcastle United;Cheik Tioté †;27;10000000.0;Defensives Mittelfeld;Startaufstellung
2384333;Elfenbeinküste;FC Basel 1893;Geoffroy Serey Dié;29;2500000.0;Defensives Mittelfeld;Startaufstellung
2384333;Elfenbeinküste;Manchester City;Yaya Touré;31;30000000.0;Offensives Mittelfeld;Startaufstellung
2384333;Elfenbeinküste;LOSC Lille;Salomon Kalou;28;8000000.0;Linksaußen;Startaufstellung
2384333;Elfenbeinküste;AS Rom;Gervinho;27;16000000.0;Rechtsaußen;Startaufstellung
2384333;Elfenbeinküste;Swansea City;Wilfried Bony;25;15000000.0;Mittelstürmer;Startaufstellung
2384333;Japan;Standard Lüttich;Eiji Kawashima;31;3000000.0;Torwart;Startaufstellung
2384333;Japan;FC Tokyo;Masato Morishige;27;1500000.0;Innenverteidiger;Startaufstellung
2384333;Japan;FC Southampton;Maya Yoshida;25;4500000.0;Innenverteidiger;Startaufstellung
2384333;Japan;FC Internazionale;Yuto Nagatomo;27;14000000.0;Linker Verteidiger;Startaufstellung
2384333;Japan;FC Schalke 04;Atsuto Uchida;26;6000000.0;Rechter Verteidiger;Startaufstellung
2384333;Japan;Cerezo Osaka;Hotaru Yamaguchi;23;1500000.0;Defensives Mittelfeld;Startaufstellung
2384333;Japan;1.FC Nürnberg;Makoto Hasebe;30;2500000.0;Defensives Mittelfeld;Startaufstellung
2384333;Japan;AC Mailand;Keisuke Honda;28;17000000.0;Offensives Mittelfeld;Startaufstellung
2384333;Japan;Manchester United;Shinji Kagawa;25;17000000.0;Linksaußen;Startaufstellung
2384333;Japan;1.FSV Mainz 05;Shinji Okazaki;28;4000000.0;Rechtsaußen;Startaufstellung
2384333;Japan;TSV 1860 München;Yuya Osako;24;1500000.0;Mittelstürmer;Startaufstellung
2384333;Elfenbeinküste;;Sylvain Gbohouo;25;300000.0;Torwart;Reservebank
2384333;Elfenbeinküste;Stabaek IF;Mandé Sayouba;21;300000.0;Torwart;Reservebank
2384333;Elfenbeinküste;Caykur Rizespor;Ousmane Viera;27;2200000.0;Innenverteidiger;Reservebank
2384333;Elfenbeinküste;FC Liverpool;Kolo Touré;33;4000000.0;Innenverteidiger;Reservebank
2384333;Elfenbeinküste;Eintracht Frankfurt;Constant Djakpa;27;1000000.0;Linker Verteidiger;Reservebank
2384333;Elfenbeinküste;AS Saint-Étienne;Ismaël Diomandé;21;1500000.0;Defensives Mittelfeld;Reservebank
2384333;Elfenbeinküste;FC Toulouse;Jean-Daniel Akpa Akpro;21;2000000.0;Rechter Verteidiger;Reservebank
2384333;Elfenbeinküste;AS Saint-Étienne;Max Gradel;26;3250000.0;Rechtsaußen;Reservebank
2384333;Elfenbeinküste;FC Basel 1893;Giovanni Sio;25;2500000.0;Mittelstürmer;Reservebank
2384333;Elfenbeinküste;Fortuna Düsseldorf;Mathis Bolly;23;750000.0;Rechtsaußen;Reservebank
2384333;Elfenbeinküste;Galatasaray Istanbul;Didier Drogba;36;3000000.0;Mittelstürmer;Reservebank
2384333;Elfenbeinküste;Hannover 96;Didier Ya Konan;30;4000000.0;Hängende Spitze;Reservebank
2384333;Japan;Urawa Red Diamonds;Shusaku Nishikawa;27;1500000.0;Torwart;Reservebank
2384333;Japan;FC Tokyo;Shuichi Gonda;25;1250000.0;Torwart;Reservebank
2384333;Japan;Júbilo Iwata;Masahiko Inoha;28;1250000.0;Innenverteidiger;Reservebank
2384333;Japan;VfB Stuttgart;Gotoku Sakai;23;3500000.0;Rechter Verteidiger;Reservebank
2384333;Japan;Hannover 96;Hiroki Sakai;24;2500000.0;Rechter Verteidiger;Reservebank
2384333;Japan;Sanfrecce Hiroshima;Toshihiro Aoyama;28;1250000.0;Defensives Mittelfeld;Reservebank
2384333;Japan;Gamba Osaka;Yasuyuki Konno;31;1000000.0;Innenverteidiger;Reservebank
2384333;Japan;Gamba Osaka;Yasuhito Endo;34;1250000.0;Zentrales Mittelfeld;Reservebank
2384333;Japan;Yokohama F. Marinos;Manabu Saito;24;1500000.0;Linksaußen;Reservebank
2384333;Japan;1.FC Nürnberg;Hiroshi Kiyotake;24;7000000.0;Offensives Mittelfeld;Reservebank
2384333;Japan;Kawasaki Frontale;Yoshito Okubo;32;1000000.0;Mittelstürmer;Reservebank
2384333;Japan;Cerezo Osaka;Yoichiro Kakitani;24;2500000.0;Mittelstürmer;Reservebank
