GameId;team;club;name;age;value;position;role
2450319;Nordkorea;Pyongyang CSG;Myong-Guk Ri;28;350000.0;Torwart;Startaufstellung
2450319;Nordkorea;Hwaebul;Kuk-Chol Jang;20;100000.0;Innenverteidiger;Startaufstellung
2450319;Nordkorea;;Song-Hyok Jang;23;100000.0;Innenverteidiger;Startaufstellung
2450319;Nordkorea;;Kwang-Ik Jon;26;150000.0;Linker Verteidiger;Startaufstellung
2450319;Nordkorea;FC Wil 1900;Jong-Hyok Cha;29;350000.0;Rechter Verteidiger;Startaufstellung
2450319;Nordkorea;;Song-Chol Pak;27;100000.0;Defensives Mittelfeld;Startaufstellung
2450319;Nordkorea;Vegalta Sendai;Yong-Gi Ryang;33;800000.0;Defensives Mittelfeld;Startaufstellung
2450319;Nordkorea;V-Varen Nagasaki;Yong-Jik Ri;23;100000.0;Offensives Mittelfeld;Startaufstellung
2450319;Nordkorea;;Hyon-Jin Sim;24;100000.0;Linksaußen;Startaufstellung
2450319;Nordkorea;;Il-Gwan Jong;22;100000.0;Rechtsaußen;Startaufstellung
2450319;Nordkorea;FC Vaduz;Kwang-Ryong Pak;22;500000.0;Mittelstürmer;Startaufstellung
2450319;Saudi-Arabien;;Waleed Abdullah;28;400000.0;Torwart;Startaufstellung
2450319;Saudi-Arabien;Al-Ahli Dschidda;Osama Hawsawi;30;800000.0;Innenverteidiger;Startaufstellung
2450319;Saudi-Arabien;Al-Nasr Riad;Omar Hawsawi;29;100000.0;Innenverteidiger;Startaufstellung
2450319;Saudi-Arabien;Al-Hilal Riad;Abdullah Al-Zoari;27;1000000.0;Linker Verteidiger;Startaufstellung
2450319;Saudi-Arabien;Al-Shabab Riad;Hassan Muath;28;700000.0;Rechter Verteidiger;Startaufstellung
2450319;Saudi-Arabien;Al-Hilal Riad;Saud Khariri;34;150000.0;Defensives Mittelfeld;Startaufstellung
2450319;Saudi-Arabien;Al-Hilal Riad;Salman Al-Faraj;25;100000.0;Offensives Mittelfeld;Startaufstellung
2450319;Saudi-Arabien;Al-Hilal Riad;Salem Al-Dawsari;23;100000.0;Offensives Mittelfeld;Startaufstellung
2450319;Saudi-Arabien;Al-Hilal Riad;Nawaf Al-Abed;24;500000.0;Linksaußen;Startaufstellung
2450319;Saudi-Arabien;Al-Nasr Riad;Mohammed Al-Sahlawi;28;800000.0;Rechtsaußen;Startaufstellung
2450319;Saudi-Arabien;Al-Shabab Riad;Naif Hazazi;26;1000000.0;Mittelstürmer;Startaufstellung
2450319;Nordkorea;Rimyongsu Sports Group;Kwang-Min Ju;24;100000.0;Torwart;Reservebank
2450319;Nordkorea;25. April Sports Club;Kwang-Il Ri;26;100000.0;Torwart;Reservebank
2450319;Nordkorea;;Chang-Ho Ri;25;100000.0;Abwehr;Reservebank
2450319;Nordkorea;;Song-Hyok Han;27;100000.0;Abwehr;Reservebank
2450319;Nordkorea;Rimyongsu Sports Group;Hak-Su Ro;24;100000.0;Rechter Verteidiger;Reservebank
2450319;Nordkorea;;Hyok-Chol O;23;100000.0;Mittelfeld;Reservebank
2450319;Nordkorea;;Hyon-Uk So;22;100000.0;Mittelfeld;Reservebank
2450319;Nordkorea;;Chol-Song Om;22;100000.0;Sturm;Reservebank
2450319;Nordkorea;;Song-Hyok Kye;22;100000.0;Sturm;Reservebank
2450319;Nordkorea;;Won Choe;22;100000.0;Sturm;Reservebank
2450319;Saudi-Arabien;Al-Nasr Riad;Abdullah Al-Enezi;24;350000.0;Torwart;Reservebank
2450319;Saudi-Arabien;;Abdullah Al-Sudairy;22;300000.0;Torwart;Reservebank
2450319;Saudi-Arabien;Al-Ahli Dschidda;Motaz Hawsawi;22;100000.0;Innenverteidiger;Reservebank
2450319;Saudi-Arabien;Al-Shabab Riad;Majed Ahmed Al-Marshadi;30;600000.0;Innenverteidiger;Reservebank
2450319;Saudi-Arabien;Al-Hilal Riad;Yasir Al-Shahrani;22;200000.0;Linker Verteidiger;Reservebank
2450319;Saudi-Arabien;Al-Ittihad Dschidda;Saeed Al-Mowalad;23;100000.0;Rechter Verteidiger;Reservebank
2450319;Saudi-Arabien;Al-Ahli Dschidda;Waleed Bakshween;25;125000.0;Defensives Mittelfeld;Reservebank
2450319;Saudi-Arabien;Al-Nasr Riad;Ibrahim Ghaleb;24;600000.0;Zentrales Mittelfeld;Reservebank
2450319;Saudi-Arabien;Al-Ahli Dschidda;Taisir Al-Jassim;30;400000.0;Zentrales Mittelfeld;Reservebank
2450319;Saudi-Arabien;Al-Ahli Dschidda;Mustafa Al-Bassas;21;100000.0;Rechtes Mittelfeld;Reservebank
2450319;Saudi-Arabien;Al-Nasr Riad;Yahya Al-Shehri;24;600000.0;Offensives Mittelfeld;Reservebank
2450319;Saudi-Arabien;Al-Ittihad Dschidda;Fahad Al-Muwallad;20;100000.0;Rechtsaußen;Reservebank
