GameId;team;club;name;age;value;position;role
2450321;Bahrain;Al-Muharraq SC;Sayed Mohamed Abbas;29;275000.0;Torwart;Startaufstellung
2450321;Bahrain;Al-Nasr Riad;Mohammed Husain;34;100000.0;Innenverteidiger;Startaufstellung
2450321;Bahrain;;Mohamed Mahorfi;33;100000.0;Innenverteidiger;Startaufstellung
2450321;Bahrain;Al-Riffa SC;Rashed Al Hooti;25;150000.0;Linker Verteidiger;Startaufstellung
2450321;Bahrain;Al-Muharraq SC;Abdulla Omar;28;650000.0;Rechter Verteidiger;Startaufstellung
2450321;Bahrain;Al-Riffa SC;Sayed Shubbar;22;100000.0;Rechtes Mittelfeld;Startaufstellung
2450321;Bahrain;Al Sailiya Sport Club;Faouzi Aaish;29;500000.0;Linkes Mittelfeld;Startaufstellung
2450321;Bahrain;Al-Riffa SC;Sayed Ahmed;23;100000.0;Offensives Mittelfeld;Startaufstellung
2450321;Bahrain;Al Qadisiyah FC;Ali Abdulwahab Al Safi;27;150000.0;Offensives Mittelfeld;Startaufstellung
2450321;Bahrain;Al-Hidd Club;Abdulwahab Al Malood;24;125000.0;Mittelstürmer;Startaufstellung
2450321;Bahrain;Al-Mesaimeer Sports Club;Jaycee John;29;700000.0;Mittelstürmer;Startaufstellung
2450321;Vereinigte Arabische Emirate;Al-Ahli Dubai Club;Majed Naser;30;100000.0;Torwart;Startaufstellung
2450321;Vereinigte Arabische Emirate;Valletta FC;Hamdan Al Kamali;25;150000.0;Innenverteidiger;Startaufstellung
2450321;Vereinigte Arabische Emirate;Al-Ain FC;Mohamed Ahmad;25;125000.0;Innenverteidiger;Startaufstellung
2450321;Vereinigte Arabische Emirate;Al-Ahli Dubai Club;Walid Abbas;29;125000.0;Linker Verteidiger;Startaufstellung
2450321;Vereinigte Arabische Emirate;Al-Ahli Dubai Club;Abdelaziz Sanqour;25;100000.0;Rechter Verteidiger;Startaufstellung
2450321;Vereinigte Arabische Emirate;;Amer Abdulrahman;25;200000.0;Defensives Mittelfeld;Startaufstellung
2450321;Vereinigte Arabische Emirate;;Khamis Esmaeel;25;100000.0;Defensives Mittelfeld;Startaufstellung
2450321;Vereinigte Arabische Emirate;Al-Ain FC;Omar Abdulrahman;23;1500000.0;Offensives Mittelfeld;Startaufstellung
2450321;Vereinigte Arabische Emirate;Al-Ain FC;Mohamed Abdulrahman;25;100000.0;Linksaußen;Startaufstellung
2450321;Vereinigte Arabische Emirate;;Ali Mabkhout;24;100000.0;Rechtsaußen;Startaufstellung
2450321;Vereinigte Arabische Emirate;;Ahmed Khalil;23;100000.0;Mittelstürmer;Startaufstellung
2450321;Bahrain;Al-Riffa SC;Hamad Mohamed Al-Doseri;25;100000.0;Torwart;Reservebank
2450321;Bahrain;;Ashraf Al Sebaie;23;100000.0;Torwart;Reservebank
2450321;Bahrain;;Waleed Al Hayam;26;100000.0;Abwehr;Reservebank
2450321;Bahrain;;Abdulla Shallal;21;100000.0;Abwehr;Reservebank
2450321;Bahrain;;Abdulla Alhazaa;24;100000.0;Abwehr;Reservebank
2450321;Bahrain;Al-Fateh;Husain Ali Baba;32;600000.0;Innenverteidiger;Reservebank
2450321;Bahrain;;Faisal Abudahoom;26;100000.0;Mittelfeld;Reservebank
2450321;Bahrain;Al-Muharraq SC;Abdulla Yasser;26;150000.0;Offensives Mittelfeld;Reservebank
2450321;Bahrain;;Abdulla Yusuf Helal;21;100000.0;Sturm;Reservebank
2450321;Bahrain;Unbekannt;Sami Mohamed Al Husaini;25;100000.0;Sturm;Reservebank
2450321;Bahrain;Al-Riffa SC;Mohamed Tayeb;25;100000.0;Hängende Spitze;Reservebank
2450321;Bahrain;Al-Muharraq SC;Ismaeel Abdulatif;28;450000.0;Mittelstürmer;Reservebank
2450321;Vereinigte Arabische Emirate;Al-Ain FC;Khalid Eisa;25;100000.0;Torwart;Reservebank
2450321;Vereinigte Arabische Emirate;Sharjah Cultural Sports Club;Mohamed Yousef;23;100000.0;Torwart;Reservebank
2450321;Vereinigte Arabische Emirate;;Mohnad Salem;29;100000.0;Innenverteidiger;Reservebank
2450321;Vereinigte Arabische Emirate;Al-Ain FC;Ismail Ahmed;31;100000.0;Innenverteidiger;Reservebank
2450321;Vereinigte Arabische Emirate;Al-Ahli Dubai Club;Abdulaziz Hussain;24;175000.0;Rechter Verteidiger;Reservebank
2450321;Vereinigte Arabische Emirate;;Majed Hassan;22;100000.0;Defensives Mittelfeld;Reservebank
2450321;Vereinigte Arabische Emirate;;Hassan Ibrahim;24;100000.0;Defensives Mittelfeld;Reservebank
2450321;Vereinigte Arabische Emirate;Al-Ahli Dubai Club;Habib Al Fardan;24;100000.0;Zentrales Mittelfeld;Reservebank
2450321;Vereinigte Arabische Emirate;;Haboosh Saleh;25;100000.0;Rechtes Mittelfeld;Reservebank
2450321;Vereinigte Arabische Emirate;;Ismail Al Hammadi;26;100000.0;Linksaußen;Reservebank
2450321;Vereinigte Arabische Emirate;;Salem Saleh;23;100000.0;Mittelstürmer;Reservebank
2450321;Vereinigte Arabische Emirate;Al-Ain FC;Saeed Al Kathiri;26;100000.0;Mittelstürmer;Reservebank
