GameId;team;club;name;age;value;position;role
2450318;Oman;Wigan Athletic;Ali Al-Habsi;33;1000000.0;Torwart;Startaufstellung
2450318;Oman;;Mohammed Al-Maslami;24;100000.0;Innenverteidiger;Startaufstellung
2450318;Oman;Al-Shabab;Jaber Al Owaisi;25;100000.0;Innenverteidiger;Startaufstellung
2450318;Oman;Al-Oruba Sur;Abdul Al Mukhaini;26;100000.0;Innenverteidiger;Startaufstellung
2450318;Oman;;Ali Al-Busaidi;23;100000.0;Linker Verteidiger;Startaufstellung
2450318;Oman;Fanja SC;Raed Ibrahim Saleh;22;100000.0;Rechter Verteidiger;Startaufstellung
2450318;Oman;Al-Oruba Sur;Ahmed Mubarak Kano;29;100000.0;Rechtes Mittelfeld;Startaufstellung
2450318;Oman;Saham Club;Mohsin Al-Khaldi;26;100000.0;Linkes Mittelfeld;Startaufstellung
2450318;Oman;;Eid Mohammed Al Farsi;24;100000.0;Offensives Mittelfeld;Startaufstellung
2450318;Oman;Fanja SC;Abdulaziz Al Muqbali;25;100000.0;Mittelstürmer;Startaufstellung
2450318;Oman;Saham Club;Emad Al-Hosni;30;350000.0;Mittelstürmer;Startaufstellung
2450318;Australien;FC Brügge;Mathew Ryan;22;4000000.0;Torwart;Startaufstellung
2450318;Australien;Western Sydney Wanderers;Matthew Spiranovic;26;500000.0;Innenverteidiger;Startaufstellung
2450318;Australien;PEC Zwolle;Trent Sainsbury;23;650000.0;Innenverteidiger;Startaufstellung
2450318;Australien;West Bromwich Albion;Jason Davidson;23;750000.0;Linker Verteidiger;Startaufstellung
2450318;Australien;Torpedo Moskau;Ivan Franjic;27;600000.0;Rechter Verteidiger;Startaufstellung
2450318;Australien;Melbourne Victory;Mark Milligan;29;750000.0;Defensives Mittelfeld;Startaufstellung
2450318;Australien;Swindon Town;Massimo Luongo;22;400000.0;Zentrales Mittelfeld;Startaufstellung
2450318;Australien;Brisbane Roar;Matt McKay;32;550000.0;Zentrales Mittelfeld;Startaufstellung
2450318;Australien;FC Ingolstadt 04;Mathew Leckie;23;1700000.0;Linksaußen;Startaufstellung
2450318;Australien;Bayer 04 Leverkusen;Robbie Kruse;26;2750000.0;Rechtsaußen;Startaufstellung
2450318;Australien;New York Red Bulls;Tim Cahill;35;1000000.0;Mittelstürmer;Startaufstellung
2450318;Oman;Fanja SC;Mazin Masoud Al-Kasbi;21;100000.0;Torwart;Reservebank
2450318;Oman;;Nasser Ali Saleh Al Shamli;25;100000.0;Abwehr;Reservebank
2450318;Oman;;Ali Salim Al Nahar;22;100000.0;Abwehr;Reservebank
2450318;Oman;;Ahmed Al-Mukhaini;29;100000.0;Abwehr;Reservebank
2450318;Oman;Saham Club;Hassan Mudhafar;34;250000.0;Linker Verteidiger;Reservebank
2450318;Oman;Fanja SC;Saad Suhail;27;100000.0;Rechter Verteidiger;Reservebank
2450318;Oman;Fanja SC;Ali Al Jabri;24;100000.0;Mittelfeld;Reservebank
2450318;Oman;;Mohammed Al-Siyabi;26;100000.0;Mittelfeld;Reservebank
2450318;Oman;;Yaqoob Abdulkarim Al Qasmi;24;100000.0;Mittelfeld;Reservebank
2450318;Oman;;Qasim Hardan;25;100000.0;Offensives Mittelfeld;Reservebank
2450318;Oman;Al-Nahda Muscat Club;Said Al Razaiqi;28;100000.0;Mittelstürmer;Reservebank
2450318;Australien;Adelaide United;Eugene Galekovic;33;1000000.0;Torwart;Reservebank
2450318;Australien;Borussia Dortmund;Mitchell Langerak;26;1500000.0;Torwart;Reservebank
2450318;Australien;Jeonbuk Hyundai Motors FC;Alex Wilkinson;30;650000.0;Innenverteidiger;Reservebank
2450318;Australien;Bursaspor;Aziz Behich;24;500000.0;Linker Verteidiger;Reservebank
2450318;Australien;Sydney FC;Terry Antonis;21;600000.0;Defensives Mittelfeld;Reservebank
2450318;Australien;Al Gharafa Sports Club;Mark Bresciano;34;500000.0;Zentrales Mittelfeld;Reservebank
2450318;Australien;Al-Ittihad Dschidda;James Troisi;26;1500000.0;Offensives Mittelfeld;Reservebank
2450318;Australien;FC Utrecht;Tommy Oar;23;2000000.0;Linksaußen;Reservebank
2450318;Australien;Wellington Phoenix;Nathan Burns;26;750000.0;Mittelstürmer;Reservebank
2450318;Australien;Western Sydney Wanderers;Tomi Juric;23;500000.0;Mittelstürmer;Reservebank
