GameId;team;club;name;age;value;position;role
2450312;Usbekistan;Lokomotiv Tashkent;Ignatiy Nesterov;31;1000000.0;Torwart;Startaufstellung
2450312;Usbekistan;Changchun Yatai;Anzur Ismailov;29;325000.0;Innenverteidiger;Startaufstellung
2450312;Usbekistan;Lokomotiv Tashkent;Shavkatjon Mulladjanov;28;150000.0;Innenverteidiger;Startaufstellung
2450312;Usbekistan;Lokomotiv Moskau;Vitali Denisov;27;5000000.0;Linker Verteidiger;Startaufstellung
2450312;Usbekistan;FC Bunyodkor;Akmal Shorakhmedov;28;350000.0;Rechter Verteidiger;Startaufstellung
2450312;Usbekistan;Al-Shabab Al-Arabi Club;Azizbek Haydarov;29;500000.0;Defensives Mittelfeld;Startaufstellung
2450312;Usbekistan;Lokomotiv Tashkent;Timur Kapadze;33;300000.0;Defensives Mittelfeld;Startaufstellung
2450312;Usbekistan;FK Krasnodar;Odil Akhmedov;27;6000000.0;Offensives Mittelfeld;Startaufstellung
2450312;Usbekistan;Ulsan Hyundai;Server Djeparov;32;1300000.0;Linksaußen;Startaufstellung
2450312;Usbekistan;Vorskla Poltava;Sanjar Tursunov;28;900000.0;Rechtsaußen;Startaufstellung
2450312;Usbekistan;Pakhtakor Tashkent;Igor Sergeev;21;300000.0;Mittelstürmer;Startaufstellung
2450312;Nordkorea;Pyongyang CSG;Myong-Guk Ri;28;350000.0;Torwart;Startaufstellung
2450312;Nordkorea;Hwaebul;Kuk-Chol Jang;20;100000.0;Innenverteidiger;Startaufstellung
2450312;Nordkorea;;Song-Hyok Jang;23;100000.0;Innenverteidiger;Startaufstellung
2450312;Nordkorea;;Kwang-Ik Jon;26;150000.0;Linker Verteidiger;Startaufstellung
2450312;Nordkorea;FC Wil 1900;Jong-Hyok Cha;29;350000.0;Rechter Verteidiger;Startaufstellung
2450312;Nordkorea;;Song-Chol Pak;27;100000.0;Defensives Mittelfeld;Startaufstellung
2450312;Nordkorea;V-Varen Nagasaki;Yong-Jik Ri;23;100000.0;Defensives Mittelfeld;Startaufstellung
2450312;Nordkorea;;Il-Gwan Jong;22;100000.0;Offensives Mittelfeld;Startaufstellung
2450312;Nordkorea;Vegalta Sendai;Yong-Gi Ryang;33;800000.0;Linksaußen;Startaufstellung
2450312;Nordkorea;;Hyon-Uk So;22;100000.0;Rechtsaußen;Startaufstellung
2450312;Nordkorea;FC Vaduz;Kwang-Ryong Pak;22;500000.0;Mittelstürmer;Startaufstellung
2450312;Usbekistan;;Eldorbek Suyunov;23;150000.0;Torwart;Reservebank
2450312;Usbekistan;;Akbar Turaev;25;150000.0;Torwart;Reservebank
2450312;Usbekistan;Pakhtakor Tashkent;Egor Krimets;22;350000.0;Innenverteidiger;Reservebank
2450312;Usbekistan;Nasaf Qarshi;Farrukh Sayfiev;23;150000.0;Linker Verteidiger;Reservebank
2450312;Usbekistan;Nasaf Qarshi;Shukhrat Mukhammadiev;25;150000.0;Rechter Verteidiger;Reservebank
2450312;Usbekistan;Lokomotiv Tashkent;Lutfulla Turaev;26;350000.0;Zentrales Mittelfeld;Reservebank
2450312;Usbekistan;Lokomotiv Tashkent;Jasur Khasanov;25;250000.0;Rechtes Mittelfeld;Reservebank
2450312;Usbekistan;;Jamshid Iskanderov;21;500000.0;Offensives Mittelfeld;Reservebank
2450312;Usbekistan;FC Bunyodkor;Sardor Rashidov;23;150000.0;Rechtsaußen;Reservebank
2450312;Usbekistan;FC Bunyodkor;Vokhid Shodiev;28;150000.0;Hängende Spitze;Reservebank
2450312;Usbekistan;Padideh Khorasan FC;Bakhodir Nasimov;27;350000.0;Mittelstürmer;Reservebank
2450312;Nordkorea;Rimyongsu Sports Group;Kwang-Min Ju;24;100000.0;Torwart;Reservebank
2450312;Nordkorea;25. April Sports Club;Kwang-Il Ri;26;100000.0;Torwart;Reservebank
2450312;Nordkorea;;Chang-Ho Ri;25;100000.0;Abwehr;Reservebank
2450312;Nordkorea;;Song-Hyok Han;27;100000.0;Abwehr;Reservebank
2450312;Nordkorea;Rimyongsu Sports Group;Hak-Su Ro;24;100000.0;Rechter Verteidiger;Reservebank
2450312;Nordkorea;;Hyon-Jin Sim;24;100000.0;Mittelfeld;Reservebank
2450312;Nordkorea;;Hyok-Chol O;23;100000.0;Mittelfeld;Reservebank
2450312;Nordkorea;;Chol-Song Om;22;100000.0;Sturm;Reservebank
2450312;Nordkorea;;Song-Hyok Kye;22;100000.0;Sturm;Reservebank
2450312;Nordkorea;;Won Choe;22;100000.0;Sturm;Reservebank
