GameId;team;club;name;age;value;position;role
2450325;Oman;Wigan Athletic;Ali Al-Habsi;33;1000000.0;Torwart;Startaufstellung
2450325;Oman;Al-Shabab;Jaber Al Owaisi;25;100000.0;Innenverteidiger;Startaufstellung
2450325;Oman;Al-Oruba Sur;Abdul Al Mukhaini;26;100000.0;Innenverteidiger;Startaufstellung
2450325;Oman;;Ali Al-Busaidi;23;100000.0;Linker Verteidiger;Startaufstellung
2450325;Oman;;Ali Salim Al Nahar;22;100000.0;Rechter Verteidiger;Startaufstellung
2450325;Oman;;Eid Mohammed Al Farsi;24;100000.0;Defensives Mittelfeld;Startaufstellung
2450325;Oman;Al-Oruba Sur;Ahmed Mubarak Kano;29;100000.0;Defensives Mittelfeld;Startaufstellung
2450325;Oman;;Qasim Hardan;25;100000.0;Linksaußen;Startaufstellung
2450325;Oman;Fanja SC;Raed Ibrahim Saleh;22;100000.0;Rechtsaußen;Startaufstellung
2450325;Oman;Al-Nahda Muscat Club;Said Al Razaiqi;28;100000.0;Hängende Spitze;Startaufstellung
2450325;Oman;Fanja SC;Abdulaziz Al Muqbali;25;100000.0;Mittelstürmer;Startaufstellung
2450325;Kuwait;;Sulaiman Abdulghafoor;23;100000.0;Torwart;Startaufstellung
2450325;Kuwait;Al-Orubah;Musaed Neda;31;175000.0;Innenverteidiger;Startaufstellung
2450325;Kuwait;Al-Kuwait Sports Club;Fahad Al-Hajeri;23;100000.0;Innenverteidiger;Startaufstellung
2450325;Kuwait;;Fahad Awadh Shaheen;29;100000.0;Linker Verteidiger;Startaufstellung
2450325;Kuwait;;Amer Al Fadel;26;100000.0;Rechter Verteidiger;Startaufstellung
2450325;Kuwait;;Fahed Al-Ansari;27;100000.0;Defensives Mittelfeld;Startaufstellung
2450325;Kuwait;;Abdullah Salem Al-Buraiki;27;100000.0;Rechtes Mittelfeld;Startaufstellung
2450325;Kuwait;;Ali Al Maqseed;28;100000.0;Linkes Mittelfeld;Startaufstellung
2450325;Kuwait;Al-Qadisiya;Aziz;26;200000.0;Offensives Mittelfeld;Startaufstellung
2450325;Kuwait;;Faisal Zaid Al Harbi;23;100000.0;Offensives Mittelfeld;Startaufstellung
2450325;Kuwait;;Yousef Naser Al Sulaiman;24;100000.0;Mittelstürmer;Startaufstellung
2450325;Oman;Fanja SC;Mazin Masoud Al-Kasbi;21;100000.0;Torwart;Reservebank
2450325;Oman;;Nasser Ali Saleh Al Shamli;25;100000.0;Abwehr;Reservebank
2450325;Oman;;Ahmed Al-Mukhaini;29;100000.0;Abwehr;Reservebank
2450325;Oman;;Mohammed Al-Maslami;24;100000.0;Innenverteidiger;Reservebank
2450325;Oman;Saham Club;Hassan Mudhafar;34;250000.0;Linker Verteidiger;Reservebank
2450325;Oman;Fanja SC;Saad Suhail;27;100000.0;Rechter Verteidiger;Reservebank
2450325;Oman;Fanja SC;Ali Al Jabri;24;100000.0;Mittelfeld;Reservebank
2450325;Oman;;Mohammed Al-Siyabi;26;100000.0;Mittelfeld;Reservebank
2450325;Oman;;Yaqoob Abdulkarim Al Qasmi;24;100000.0;Mittelfeld;Reservebank
2450325;Oman;Saham Club;Mohsin Al-Khaldi;26;100000.0;Linkes Mittelfeld;Reservebank
2450325;Oman;Saham Club;Emad Al-Hosni;30;350000.0;Mittelstürmer;Reservebank
2450325;Kuwait;Al-Salmiya Sports Club;Khaled Al Rashidi;27;200000.0;Torwart;Reservebank
2450325;Kuwait;;Hameed Youssef;27;100000.0;Torwart;Reservebank
2450325;Kuwait;;Khaled Ali Al Qahtani;29;100000.0;Abwehr;Reservebank
2450325;Kuwait;;Sultan Al Enezi;22;100000.0;Innenverteidiger;Reservebank
2450325;Kuwait;Al-Wahda FC Abu Dhabi;Hussain Fadhel Ali;30;100000.0;Innenverteidiger;Reservebank
2450325;Kuwait;;Talal Al Fadhel;24;100000.0;Mittelfeld;Reservebank
2450325;Kuwait;;Talal Al Amer;27;100000.0;Mittelfeld;Reservebank
2450325;Kuwait;;Faisal Al Enezi;26;100000.0;Mittelfeld;Reservebank
2450325;Kuwait;;Khaled Ebrahim Hajiah;22;100000.0;Sturm;Reservebank
2450325;Kuwait;;Abdul Rahman Al Shammari;21;100000.0;Sturm;Reservebank
2450325;Kuwait;;Saleh Sheikh Al Hendi;32;100000.0;Rechtsaußen;Reservebank
2450325;Kuwait;Al-Qadisiya;Bader Al Mutwa;30;500000.0;Mittelstürmer;Reservebank
