GameId;team;club;name;age;value;position;role
2450327;China;Shandong Luneng Taishan;Dalei Wang;26;500000.0;Torwart;Startaufstellung
2450327;China;Guangzhou Evergrande Taobao;Fang Mei;25;400000.0;Innenverteidiger;Startaufstellung
2450327;China;Guangzhou Evergrande Taobao;Linpeng Zhang;25;1000000.0;Innenverteidiger;Startaufstellung
2450327;China;Guangzhou R&F;Zhipeng Jiang;25;450000.0;Linker Verteidiger;Startaufstellung
2450327;China;Beijing Guoan;Chengdong Zhang;25;600000.0;Rechter Verteidiger;Startaufstellung
2450327;China;Shanghai SIPG;Huikang Cai;25;425000.0;Defensives Mittelfeld;Startaufstellung
2450327;China;Guangzhou Evergrande Taobao;Zhi Zheng;34;400000.0;Defensives Mittelfeld;Startaufstellung
2450327;China;Shandong Luneng Taishan;Junmin Hao;27;325000.0;Offensives Mittelfeld;Startaufstellung
2450327;China;Guizhou Renhe;Hai Yu;27;500000.0;Linksaußen;Startaufstellung
2450327;China;Jiangsu Guoxin Sainty;Ke Sun;25;675000.0;Rechtsaußen;Startaufstellung
2450327;China;Guangzhou Evergrande Taobao;Lin Gao;28;850000.0;Mittelstürmer;Startaufstellung
2450327;Nordkorea;Pyongyang CSG;Myong-Guk Ri;28;350000.0;Torwart;Startaufstellung
2450327;Nordkorea;Hwaebul;Kuk-Chol Jang;20;100000.0;Innenverteidiger;Startaufstellung
2450327;Nordkorea;;Song-Hyok Jang;24;100000.0;Innenverteidiger;Startaufstellung
2450327;Nordkorea;;Kwang-Ik Jon;26;150000.0;Linker Verteidiger;Startaufstellung
2450327;Nordkorea;Rimyongsu Sports Group;Hak-Su Ro;24;100000.0;Rechter Verteidiger;Startaufstellung
2450327;Nordkorea;;Song-Chol Pak;27;100000.0;Defensives Mittelfeld;Startaufstellung
2450327;Nordkorea;Vegalta Sendai;Yong-Gi Ryang;33;800000.0;Defensives Mittelfeld;Startaufstellung
2450327;Nordkorea;;Hyok-Chol O;23;100000.0;Offensives Mittelfeld;Startaufstellung
2450327;Nordkorea;;Hyon-Jin Sim;24;100000.0;Linksaußen;Startaufstellung
2450327;Nordkorea;;Il-Gwan Jong;22;100000.0;Rechtsaußen;Startaufstellung
2450327;Nordkorea;FC Vaduz;Kwang-Ryong Pak;22;500000.0;Mittelstürmer;Startaufstellung
2450327;China;Guangzhou Evergrande Taobao;Cheng Zeng;28;500000.0;Torwart;Reservebank
2450327;China;Shanghai SIPG;Junling Yan;23;350000.0;Torwart;Reservebank
2450327;China;;Ang Li;21;325000.0;Innenverteidiger;Reservebank
2450327;China;Jiangsu Guoxin Sainty;Xiang Ji;24;150000.0;Rechter Verteidiger;Reservebank
2450327;China;Jiangsu Guoxin Sainty;Jianye Liu;27;325000.0;Defensives Mittelfeld;Reservebank
2450327;China;Jiangsu Guoxin Sainty;Xi Wu;25;600000.0;Zentrales Mittelfeld;Reservebank
2450327;China;Guangzhou Evergrande Taobao;Lisheng Liao;21;325000.0;Zentrales Mittelfeld;Reservebank
2450327;China;Shandong Luneng Taishan;Binbin Liu;21;350000.0;Linkes Mittelfeld;Reservebank
2450327;China;Guangzhou Evergrande Taobao;Hanchao Yu;27;600000.0;Linksaußen;Reservebank
2450327;China;Shanghai SIPG;Lei Wu;23;1000000.0;Rechtsaußen;Reservebank
2450327;China;Shandong Luneng Taishan;Xu Yang;26;325000.0;Mittelstürmer;Reservebank
2450327;Nordkorea;Rimyongsu Sports Group;Kwang-Min Ju;24;100000.0;Torwart;Reservebank
2450327;Nordkorea;25. April Sports Club;Kwang-Il Ri;26;100000.0;Torwart;Reservebank
2450327;Nordkorea;;Chang-Ho Ri;25;100000.0;Abwehr;Reservebank
2450327;Nordkorea;;Song-Hyok Han;27;100000.0;Abwehr;Reservebank
2450327;Nordkorea;FC Wil 1900;Jong-Hyok Cha;29;350000.0;Rechter Verteidiger;Reservebank
2450327;Nordkorea;;Hyon-Uk So;22;100000.0;Mittelfeld;Reservebank
2450327;Nordkorea;;Chol-Song Om;22;100000.0;Sturm;Reservebank
2450327;Nordkorea;;Song-Hyok Kye;22;100000.0;Sturm;Reservebank
2450327;Nordkorea;;Won Choe;22;100000.0;Sturm;Reservebank
