GameId;team;club;name;age;value;position;role
2450322;Katar;Al Gharafa Sports Club;Qasem Burhan;29;250000.0;Torwart;Startaufstellung
2450322;Katar;;Almahdi Ali;22;100000.0;Innenverteidiger;Startaufstellung
2450322;Katar;Al Sadd Sports Club;Ibrahim Majid;24;300000.0;Innenverteidiger;Startaufstellung
2450322;Katar;Al Sadd Sports Club;Abdelkarim Hassan;21;150000.0;Linker Verteidiger;Startaufstellung
2450322;Katar;Al Duhail Sports Club;Mohammed Trésor;27;100000.0;Rechter Verteidiger;Startaufstellung
2450322;Katar;Umm Salal Sport Club;Ahmed El Sayed;25;100000.0;Zentrales Mittelfeld;Startaufstellung
2450322;Katar;Al Duhail Sports Club;Karim Boudiaf;24;250000.0;Zentrales Mittelfeld;Startaufstellung
2450322;Katar;Al Arabi Sports Club;Boualem Khoukhi;24;200000.0;Offensives Mittelfeld;Startaufstellung
2450322;Katar;Al Sadd Sports Club;Hasan Al-Haydos;24;150000.0;Linksaußen;Startaufstellung
2450322;Katar;;Ismaeel Mohammed;24;100000.0;Rechtsaußen;Startaufstellung
2450322;Katar;El-Jaish Sports Club;Mohammed Muntari;21;100000.0;Mittelstürmer;Startaufstellung
2450322;Iran;FC Penafiel;Alireza Haghighi;26;450000.0;Torwart;Startaufstellung
2450322;Iran;Al Ahli Sports Club;Seyed Jalal Hosseini;32;1800000.0;Innenverteidiger;Startaufstellung
2450322;Iran;Naft Novin Teheran;Morteza Pouraliganji;22;500000.0;Innenverteidiger;Startaufstellung
2450322;Iran;Al-Shahania Sports Club;Mehrdad Pooladi;27;1000000.0;Linker Verteidiger;Startaufstellung
2450322;Iran;Sepahan FC;Vouria Ghafoori;27;800000.0;Rechter Verteidiger;Startaufstellung
2450322;Iran;CA Osasuna;Javad Nekounam;34;600000.0;Defensives Mittelfeld;Startaufstellung
2450322;Iran;Tractor Sazi FC;Andranik Teymourian;31;1900000.0;Zentrales Mittelfeld;Startaufstellung
2450322;Iran;Al-Shahania Sports Club;Masoud Shojaei;30;1200000.0;Offensives Mittelfeld;Startaufstellung
2450322;Iran;Sepahan FC;Ehsan Hajsafi;24;1500000.0;Linksaußen;Startaufstellung
2450322;Iran;Al Arabi Sports Club;Ashkan Dejagah;28;3000000.0;Rechtsaußen;Startaufstellung
2450322;Iran;Rubin Kazan;Sardar Azmoun;20;1000000.0;Mittelstürmer;Startaufstellung
2450322;Katar;El-Jaish Sports Club;Ahmed Sofyan;24;100000.0;Torwart;Reservebank
2450322;Katar;Al Sadd Sports Club;Saad Al-Sheeb;24;100000.0;Torwart;Reservebank
2450322;Katar;;Abdurahman Abubakar;24;100000.0;Innenverteidiger;Reservebank
2450322;Katar;Al Duhail Sports Club;Mohammed Mousa Ali;28;100000.0;Innenverteidiger;Reservebank
2450322;Katar;Al Gharafa Sports Club;Bilal Mohammed Rajab;28;150000.0;Innenverteidiger;Reservebank
2450322;Katar;;Abdulaziz Hatem;24;100000.0;Linker Verteidiger;Reservebank
2450322;Katar;Al Duhail Sports Club;Khalid Muftah;22;150000.0;Linker Verteidiger;Reservebank
2450322;Katar;;Khaled Al Zrigi;24;100000.0;Defensives Mittelfeld;Reservebank
2450322;Katar;;Ali Asad;21;100000.0;Offensives Mittelfeld;Reservebank
2450322;Katar;Al Sadd Sports Club;Khalfan Ibrahim;26;1500000.0;Offensives Mittelfeld;Reservebank
2450322;Katar;El-Jaish Sports Club;Magid Mohamed;29;100000.0;Offensives Mittelfeld;Reservebank
2450322;Katar;Al Ahli Sports Club;Meshaal Abdullah;30;100000.0;Mittelstürmer;Reservebank
2450322;Iran;Esteghlal FC;Mohsen Forouzan;26;300000.0;Torwart;Reservebank
2450322;Iran;Naft Novin Teheran;Alireza Beiranvand;22;600000.0;Torwart;Reservebank
2450322;Iran;Esteghlal FC;Amir Hossein Sadeghi;33;600000.0;Innenverteidiger;Reservebank
2450322;Iran;Persepolis FC;Mohammad Reza Khanzadeh;22;400000.0;Innenverteidiger;Reservebank
2450322;Iran;Esteghlal FC;Khosro Heydari;31;1000000.0;Rechter Verteidiger;Reservebank
2450322;Iran;Rah Ahan Yazdan FC;Ramin Rezaeian;24;400000.0;Rechter Verteidiger;Reservebank
2450322;Iran;Esteghlal FC;Omid Ebrahimi;27;1200000.0;Defensives Mittelfeld;Reservebank
2450322;Iran;Foolad FC;Soroosh Rafiei;24;700000.0;Offensives Mittelfeld;Reservebank
2450322;Iran;Naft Novin Teheran;Vahid Amiri;26;700000.0;Linksaußen;Reservebank
2450322;Iran;NEC Nijmegen;Alireza Jahanbakhsh;21;1250000.0;Rechtsaußen;Reservebank
2450322;Iran;Al-Kuwait Sports Club;Reza Ghoochannejhad;27;1000000.0;Mittelstürmer;Reservebank
2450322;Iran;CA Osasuna;Karim Ansarifard;24;800000.0;Mittelstürmer;Reservebank
