GameId;team;club;name;age;value;position;role
2450326;Usbekistan;Lokomotiv Tashkent;Ignatiy Nesterov;31;1000000.0;Torwart;Startaufstellung
2450326;Usbekistan;Changchun Yatai;Anzur Ismailov;29;325000.0;Innenverteidiger;Startaufstellung
2450326;Usbekistan;Lokomotiv Tashkent;Shavkatjon Mulladjanov;28;150000.0;Innenverteidiger;Startaufstellung
2450326;Usbekistan;Lokomotiv Moskau;Vitali Denisov;27;5000000.0;Linker Verteidiger;Startaufstellung
2450326;Usbekistan;Nasaf Qarshi;Shukhrat Mukhammadiev;25;150000.0;Rechter Verteidiger;Startaufstellung
2450326;Usbekistan;Al-Shabab Al-Arabi Club;Azizbek Haydarov;29;500000.0;Defensives Mittelfeld;Startaufstellung
2450326;Usbekistan;FK Krasnodar;Odil Akhmedov;27;6000000.0;Defensives Mittelfeld;Startaufstellung
2450326;Usbekistan;;Jamshid Iskanderov;21;500000.0;Offensives Mittelfeld;Startaufstellung
2450326;Usbekistan;Lokomotiv Tashkent;Jasur Khasanov;25;250000.0;Linksaußen;Startaufstellung
2450326;Usbekistan;FC Bunyodkor;Sardor Rashidov;23;150000.0;Rechtsaußen;Startaufstellung
2450326;Usbekistan;Padideh Khorasan FC;Bakhodir Nasimov;27;350000.0;Mittelstürmer;Startaufstellung
2450326;Saudi-Arabien;;Waleed Abdullah;28;250000.0;Torwart;Startaufstellung
2450326;Saudi-Arabien;Al-Ahli Dschidda;Osama Hawsawi;30;800000.0;Innenverteidiger;Startaufstellung
2450326;Saudi-Arabien;Al-Nasr Riad;Omar Hawsawi;29;100000.0;Innenverteidiger;Startaufstellung
2450326;Saudi-Arabien;Al-Hilal Riad;Abdullah Al-Zoari;27;1000000.0;Linker Verteidiger;Startaufstellung
2450326;Saudi-Arabien;Al-Hilal Riad;Yasir Al-Shahrani;22;200000.0;Rechter Verteidiger;Startaufstellung
2450326;Saudi-Arabien;Al-Hilal Riad;Saud Khariri;34;150000.0;Defensives Mittelfeld;Startaufstellung
2450326;Saudi-Arabien;Al-Hilal Riad;Salman Al-Faraj;25;100000.0;Offensives Mittelfeld;Startaufstellung
2450326;Saudi-Arabien;Al-Hilal Riad;Salem Al-Dawsari;23;100000.0;Offensives Mittelfeld;Startaufstellung
2450326;Saudi-Arabien;Al-Hilal Riad;Nawaf Al-Abed;24;500000.0;Linksaußen;Startaufstellung
2450326;Saudi-Arabien;Al-Nasr Riad;Mohammed Al-Sahlawi;28;800000.0;Rechtsaußen;Startaufstellung
2450326;Saudi-Arabien;Al-Shabab Riad;Naif Hazazi;26;1000000.0;Mittelstürmer;Startaufstellung
2450326;Usbekistan;;Eldorbek Suyunov;23;150000.0;Torwart;Reservebank
2450326;Usbekistan;;Akbar Turaev;25;150000.0;Torwart;Reservebank
2450326;Usbekistan;Pakhtakor Tashkent;Egor Krimets;22;350000.0;Innenverteidiger;Reservebank
2450326;Usbekistan;Nasaf Qarshi;Farrukh Sayfiev;24;150000.0;Linker Verteidiger;Reservebank
2450326;Usbekistan;FC Bunyodkor;Akmal Shorakhmedov;28;350000.0;Rechter Verteidiger;Reservebank
2450326;Usbekistan;Lokomotiv Tashkent;Lutfulla Turaev;26;350000.0;Zentrales Mittelfeld;Reservebank
2450326;Usbekistan;Lokomotiv Tashkent;Timur Kapadze;33;300000.0;Zentrales Mittelfeld;Reservebank
2450326;Usbekistan;Vorskla Poltava;Sanjar Tursunov;28;900000.0;Rechtes Mittelfeld;Reservebank
2450326;Usbekistan;Ulsan Hyundai;Server Djeparov;32;1300000.0;Offensives Mittelfeld;Reservebank
2450326;Usbekistan;Lokomotiv Tashkent;Jasur Khasanov;31;275000.0;Offensives Mittelfeld;Reservebank
2450326;Usbekistan;FC Bunyodkor;Vokhid Shodiev;28;150000.0;Hängende Spitze;Reservebank
2450326;Usbekistan;Pakhtakor Tashkent;Igor Sergeev;21;300000.0;Mittelstürmer;Reservebank
2450326;Saudi-Arabien;Al-Nasr Riad;Abdullah Al-Enezi;24;350000.0;Torwart;Reservebank
2450326;Saudi-Arabien;;Abdullah Al-Sudairy;22;300000.0;Torwart;Reservebank
2450326;Saudi-Arabien;Al-Ahli Dschidda;Motaz Hawsawi;22;100000.0;Innenverteidiger;Reservebank
2450326;Saudi-Arabien;Al-Shabab Riad;Majed Ahmed Al-Marshadi;30;600000.0;Innenverteidiger;Reservebank
2450326;Saudi-Arabien;Al-Ittihad Dschidda;Saeed Al-Mowalad;23;100000.0;Rechter Verteidiger;Reservebank
2450326;Saudi-Arabien;Al-Shabab Riad;Hassan Muath;28;700000.0;Rechter Verteidiger;Reservebank
2450326;Saudi-Arabien;Al-Ahli Dschidda;Waleed Bakshween;25;125000.0;Defensives Mittelfeld;Reservebank
2450326;Saudi-Arabien;Al-Nasr Riad;Ibrahim Ghaleb;24;600000.0;Zentrales Mittelfeld;Reservebank
2450326;Saudi-Arabien;Al-Ahli Dschidda;Taisir Al-Jassim;30;400000.0;Zentrales Mittelfeld;Reservebank
2450326;Saudi-Arabien;Al-Ahli Dschidda;Mustafa Al-Bassas;21;100000.0;Rechtes Mittelfeld;Reservebank
2450326;Saudi-Arabien;Al-Nasr Riad;Yahya Al-Shehri;24;600000.0;Offensives Mittelfeld;Reservebank
2450326;Saudi-Arabien;Al-Ittihad Dschidda;Fahad Al-Muwallad;20;100000.0;Rechtsaußen;Reservebank
