GameId;team;club;name;age;value;position;role
2450316;Jordanien;Al-Wehdat;Amer Shafi;32;100000.0;Torwart;Startaufstellung
2450316;Jordanien;Al-Shabab Riad;Tareq Khattab;22;100000.0;Innenverteidiger;Startaufstellung
2450316;Jordanien;Al-Raed;Anas Bani Yassen;26;400000.0;Innenverteidiger;Startaufstellung
2450316;Jordanien;Al-Ittihad Dschidda;Mohamed Al-Dmeiri;27;100000.0;Linker Verteidiger;Startaufstellung
2450316;Jordanien;;Oday Zahran;23;100000.0;Rechter Verteidiger;Startaufstellung
2450316;Jordanien;Al Khor Sports Club;Mohammad Mustafa;25;100000.0;Defensives Mittelfeld;Startaufstellung
2450316;Jordanien;Al-Faisaly Harmah;Khalil Baniateyah;23;100000.0;Rechtes Mittelfeld;Startaufstellung
2450316;Jordanien;;Ahmed Elias;24;100000.0;Linkes Mittelfeld;Startaufstellung
2450316;Jordanien;;Ahmed Sariweh;20;100000.0;Offensives Mittelfeld;Startaufstellung
2450316;Jordanien;Al-Salmiya Sports Club;Odai Al Saify;28;400000.0;Mittelstürmer;Startaufstellung
2450316;Jordanien;Al-Arabi Sporting Club;Ahmad Hayel;31;100000.0;Mittelstürmer;Startaufstellung
2450316;Irak;Erbil SC;Jalal Hassan Hachim;23;100000.0;Torwart;Startaufstellung
2450316;Irak;Ajman Club;Ahmad Ibrahim Khalaf;22;100000.0;Innenverteidiger;Startaufstellung
2450316;Irak;Al-Fateh;Salam Shakir;28;125000.0;Innenverteidiger;Startaufstellung
2450316;Irak;Al-Shorta SC;Dhurgham Ismail;20;100000.0;Linker Verteidiger;Startaufstellung
2450316;Irak;Al-Shorta SC;Waleed Salim;23;100000.0;Rechter Verteidiger;Startaufstellung
2450316;Irak;Erbil SC;Saad Abdul-Amir;22;100000.0;Defensives Mittelfeld;Startaufstellung
2450316;Irak;Swindon Town;Yaser Kasim;23;150000.0;Defensives Mittelfeld;Startaufstellung
2450316;Irak;Al-Zawraa;Alaa Abdul-Zahra;27;100000.0;Offensives Mittelfeld;Startaufstellung
2450316;Irak;Al-Dhafra SCC;Humam Tariq;18;100000.0;Linksaußen;Startaufstellung
2450316;Irak;;Amjed Kalaf;23;100000.0;Rechtsaußen;Startaufstellung
2450316;Irak;Vereinslos;Younis Mahmoud;31;1000000.0;Mittelstürmer;Startaufstellung
2450316;Jordanien;That Ras Club;Moataz Yaseen;32;100000.0;Torwart;Reservebank
2450316;Jordanien;Al-Jazeera (Amman);Ahmed Abdel-Sattar;30;100000.0;Torwart;Reservebank
2450316;Jordanien;;Sameer Raja;20;100000.0;Mittelfeld;Reservebank
2450316;Jordanien;Al-Hidd Club;Mohammad Al-Daoud;22;100000.0;Mittelfeld;Reservebank
2450316;Jordanien;;Munther Abu Amara;22;100000.0;Mittelfeld;Reservebank
2450316;Jordanien;Al-Ramtha;Saeed Murjan;24;100000.0;Defensives Mittelfeld;Reservebank
2450316;Jordanien;;Raja'i Ayed;21;100000.0;Zentrales Mittelfeld;Reservebank
2450316;Jordanien;;Saleh Rateb;20;100000.0;Zentrales Mittelfeld;Reservebank
2450316;Jordanien;Al-Ramtha;Yusuf Al-Rawashdeh;24;100000.0;Linksaußen;Reservebank
2450316;Jordanien;Al-Riffa SC;Abdallah Deeb;27;200000.0;Rechtsaußen;Reservebank
2450316;Jordanien;Al-Wehdat;Mahmoud Salim Za'tara;24;100000.0;Mittelstürmer;Reservebank
2450316;Jordanien;Al-Khaleej;Hamza Al-Dardour;23;100000.0;Mittelstürmer;Reservebank
2450316;Irak;;Ali Yaseen;21;100000.0;Torwart;Reservebank
2450316;Irak;Zakho FC;Mohammed Hameed;21;100000.0;Torwart;Reservebank
2450316;Irak;Al-Shorta SC;Ali Bahjat;22;100000.0;Innenverteidiger;Reservebank
2450316;Irak;;Ali Faez Atiyah;20;100000.0;Innenverteidiger;Reservebank
2450316;Irak;Caykur Rizespor;Ali Adnan;21;3800000.0;Linker Verteidiger;Reservebank
2450316;Irak;;Sameh Saeed;22;100000.0;Rechter Verteidiger;Reservebank
2450316;Irak;;Mahdi Kamil;20;100000.0;Zentrales Mittelfeld;Reservebank
2450316;Irak;Alphense Boys;Osama Rashid;22;100000.0;Zentrales Mittelfeld;Reservebank
2450316;Irak;Columbus Crew SC;Justin Meram;26;175000.0;Linksaußen;Reservebank
2450316;Irak;;Ali Husni Faisal;20;100000.0;Linksaußen;Reservebank
2450316;Irak;Örebro SK;Ahmed Yasin;23;300000.0;Rechtsaußen;Reservebank
2450316;Irak;Al-Shorta SC;Marwan Hussein;22;100000.0;Mittelstürmer;Reservebank
