GameId;team;club;name;age;value;position;role
2450329;Katar;Al Gharafa Sports Club;Qasem Burhan;29;250000.0;Torwart;Startaufstellung
2450329;Katar;Al Sadd Sports Club;Ibrahim Majid;24;300000.0;Innenverteidiger;Startaufstellung
2450329;Katar;Al Duhail Sports Club;Mohammed Trésor;27;100000.0;Innenverteidiger;Startaufstellung
2450329;Katar;;Abdulaziz Hatem;24;100000.0;Linker Verteidiger;Startaufstellung
2450329;Katar;;Almahdi Ali;22;100000.0;Rechter Verteidiger;Startaufstellung
2450329;Katar;Al Duhail Sports Club;Karim Boudiaf;24;250000.0;Defensives Mittelfeld;Startaufstellung
2450329;Katar;Al Arabi Sports Club;Boualem Khoukhi;24;200000.0;Rechtes Mittelfeld;Startaufstellung
2450329;Katar;Al Duhail Sports Club;Khalid Muftah;22;150000.0;Linkes Mittelfeld;Startaufstellung
2450329;Katar;;Ali Asad;22;100000.0;Offensives Mittelfeld;Startaufstellung
2450329;Katar;Al Sadd Sports Club;Hasan Al-Haydos;24;150000.0;Offensives Mittelfeld;Startaufstellung
2450329;Katar;El-Jaish Sports Club;Mohammed Muntari;21;100000.0;Mittelstürmer;Startaufstellung
2450329;Bahrain;Al-Riffa SC;Hamad Mohamed Al-Doseri;25;100000.0;Torwart;Startaufstellung
2450329;Bahrain;;Ismaeel Abdullah Omar;31;100000.0;Innenverteidiger;Startaufstellung
2450329;Bahrain;Al-Fateh;Husain Ali Baba;32;600000.0;Innenverteidiger;Startaufstellung
2450329;Bahrain;Al-Riffa SC;Rashed Al Hooti;25;150000.0;Linker Verteidiger;Startaufstellung
2450329;Bahrain;;Abdulla Alhazaa;24;100000.0;Rechter Verteidiger;Startaufstellung
2450329;Bahrain;Al-Riffa SC;Sayed Ahmed;23;100000.0;Defensives Mittelfeld;Startaufstellung
2450329;Bahrain;Al Qadisiyah FC;Ali Abdulwahab Al Safi;27;150000.0;Defensives Mittelfeld;Startaufstellung
2450329;Bahrain;Al-Riffa SC;Sayed Shubbar;22;100000.0;Rechtes Mittelfeld;Startaufstellung
2450329;Bahrain;Al-Hidd Club;Abdulwahab Al Malood;24;125000.0;Linkes Mittelfeld;Startaufstellung
2450329;Bahrain;Al Sailiya Sport Club;Faouzi Aaish;29;500000.0;Hängende Spitze;Startaufstellung
2450329;Bahrain;Al-Mesaimeer Sports Club;Jaycee John;29;700000.0;Mittelstürmer;Startaufstellung
2450329;Katar;El-Jaish Sports Club;Ahmed Sofyan;24;100000.0;Torwart;Reservebank
2450329;Katar;Al Sadd Sports Club;Saad Al-Sheeb;24;100000.0;Torwart;Reservebank
2450329;Katar;;Abdurahman Abubakar;24;100000.0;Innenverteidiger;Reservebank
2450329;Katar;Al Sadd Sports Club;Abdelkarim Hassan;21;150000.0;Linker Verteidiger;Reservebank
2450329;Katar;;Khaled Al Zrigi;24;100000.0;Defensives Mittelfeld;Reservebank
2450329;Katar;Umm Salal Sport Club;Ahmed El Sayed;25;100000.0;Defensives Mittelfeld;Reservebank
2450329;Katar;Al Sadd Sports Club;Mohammed Kasola;28;150000.0;Defensives Mittelfeld;Reservebank
2450329;Katar;El-Jaish Sports Club;Magid Mohamed;29;100000.0;Offensives Mittelfeld;Reservebank
2450329;Katar;Al-Hilal Omdurman;Mohamed Musa;30;100000.0;Mittelstürmer;Reservebank
2450329;Katar;Al Ahli Sports Club;Meshaal Abdullah;30;100000.0;Mittelstürmer;Reservebank
2450329;Bahrain;Al-Muharraq SC;Sayed Mohamed Abbas;29;275000.0;Torwart;Reservebank
2450329;Bahrain;;Ashraf Al Sebaie;23;100000.0;Torwart;Reservebank
2450329;Bahrain;;Waleed Al Hayam;26;100000.0;Abwehr;Reservebank
2450329;Bahrain;;Abdulla Shallal;21;100000.0;Abwehr;Reservebank
2450329;Bahrain;Al-Nasr Riad;Mohammed Husain;34;100000.0;Innenverteidiger;Reservebank
2450329;Bahrain;;Faisal Abudahoom;26;100000.0;Mittelfeld;Reservebank
2450329;Bahrain;Al-Muharraq SC;Abdulla Yasser;26;150000.0;Offensives Mittelfeld;Reservebank
2450329;Bahrain;;Abdulla Yusuf Helal;21;100000.0;Sturm;Reservebank
2450329;Bahrain;Unbekannt;Sami Mohamed Al Husaini;25;100000.0;Sturm;Reservebank
2450329;Bahrain;Al-Muharraq SC;Ismaeel Abdulatif;28;450000.0;Mittelstürmer;Reservebank
