GameId;team;club;name;age;value;position;role
2450315;Vereinigte Arabische Emirate;Al-Ahli Dubai Club;Majed Naser;30;100000.0;Torwart;Startaufstellung
2450315;Vereinigte Arabische Emirate;;Mohnad Salem;29;100000.0;Innenverteidiger;Startaufstellung
2450315;Vereinigte Arabische Emirate;Valletta FC;Hamdan Al Kamali;25;150000.0;Innenverteidiger;Startaufstellung
2450315;Vereinigte Arabische Emirate;Al-Ahli Dubai Club;Walid Abbas;29;125000.0;Linker Verteidiger;Startaufstellung
2450315;Vereinigte Arabische Emirate;Al-Ahli Dubai Club;Abdelaziz Sanqour;25;100000.0;Rechter Verteidiger;Startaufstellung
2450315;Vereinigte Arabische Emirate;;Amer Abdulrahman;25;200000.0;Defensives Mittelfeld;Startaufstellung
2450315;Vereinigte Arabische Emirate;;Khamis Esmaeel;25;100000.0;Defensives Mittelfeld;Startaufstellung
2450315;Vereinigte Arabische Emirate;;Ali Mabkhout;24;100000.0;Offensives Mittelfeld;Startaufstellung
2450315;Vereinigte Arabische Emirate;Al-Ain FC;Mohamed Abdulrahman;25;100000.0;Linksaußen;Startaufstellung
2450315;Vereinigte Arabische Emirate;Al-Ain FC;Omar Abdulrahman;23;1500000.0;Rechtsaußen;Startaufstellung
2450315;Vereinigte Arabische Emirate;;Ahmed Khalil;23;100000.0;Mittelstürmer;Startaufstellung
2450315;Katar;Al Gharafa Sports Club;Qasem Burhan;29;250000.0;Torwart;Startaufstellung
2450315;Katar;;Almahdi Ali;22;100000.0;Innenverteidiger;Startaufstellung
2450315;Katar;Al Sadd Sports Club;Ibrahim Majid;24;300000.0;Innenverteidiger;Startaufstellung
2450315;Katar;Al Sadd Sports Club;Abdelkarim Hassan;21;150000.0;Linker Verteidiger;Startaufstellung
2450315;Katar;Al Duhail Sports Club;Mohammed Trésor;27;100000.0;Rechter Verteidiger;Startaufstellung
2450315;Katar;Umm Salal Sport Club;Ahmed El Sayed;25;100000.0;Defensives Mittelfeld;Startaufstellung
2450315;Katar;;Abdulaziz Hatem;24;100000.0;Zentrales Mittelfeld;Startaufstellung
2450315;Katar;Al Duhail Sports Club;Karim Boudiaf;24;250000.0;Zentrales Mittelfeld;Startaufstellung
2450315;Katar;Al Sadd Sports Club;Hasan Al-Haydos;24;150000.0;Linksaußen;Startaufstellung
2450315;Katar;Al Sadd Sports Club;Khalfan Ibrahim;26;1500000.0;Rechtsaußen;Startaufstellung
2450315;Katar;El-Jaish Sports Club;Mohammed Muntari;21;100000.0;Mittelstürmer;Startaufstellung
2450315;Vereinigte Arabische Emirate;Al-Ain FC;Khalid Eisa;25;100000.0;Torwart;Reservebank
2450315;Vereinigte Arabische Emirate;Sharjah Cultural Sports Club;Mohamed Yousef;23;100000.0;Torwart;Reservebank
2450315;Vereinigte Arabische Emirate;Al-Ain FC;Ismail Ahmed;31;100000.0;Innenverteidiger;Reservebank
2450315;Vereinigte Arabische Emirate;Al-Ain FC;Mohamed Ahmad;25;125000.0;Innenverteidiger;Reservebank
2450315;Vereinigte Arabische Emirate;Al-Ahli Dubai Club;Abdulaziz Hussain;24;175000.0;Rechter Verteidiger;Reservebank
2450315;Vereinigte Arabische Emirate;Al-Ain FC;Mohamed Fawzi;24;100000.0;Rechter Verteidiger;Reservebank
2450315;Vereinigte Arabische Emirate;;Majed Hassan;22;100000.0;Defensives Mittelfeld;Reservebank
2450315;Vereinigte Arabische Emirate;;Hassan Ibrahim;24;100000.0;Defensives Mittelfeld;Reservebank
2450315;Vereinigte Arabische Emirate;Al-Ahli Dubai Club;Habib Al Fardan;24;100000.0;Zentrales Mittelfeld;Reservebank
2450315;Vereinigte Arabische Emirate;;Haboosh Saleh;25;100000.0;Rechtes Mittelfeld;Reservebank
2450315;Vereinigte Arabische Emirate;;Ismail Al Hammadi;26;100000.0;Linksaußen;Reservebank
2450315;Vereinigte Arabische Emirate;Al-Ain FC;Saeed Al Kathiri;26;100000.0;Mittelstürmer;Reservebank
2450315;Katar;El-Jaish Sports Club;Ahmed Sofyan;24;100000.0;Torwart;Reservebank
2450315;Katar;Al Sadd Sports Club;Saad Al-Sheeb;24;100000.0;Torwart;Reservebank
2450315;Katar;;Abdurahman Abubakar;24;100000.0;Innenverteidiger;Reservebank
2450315;Katar;Al Duhail Sports Club;Mohammed Mousa Ali;28;100000.0;Innenverteidiger;Reservebank
2450315;Katar;Al Duhail Sports Club;Khalid Muftah;22;150000.0;Linker Verteidiger;Reservebank
2450315;Katar;;Khaled Al Zrigi;24;100000.0;Defensives Mittelfeld;Reservebank
2450315;Katar;Al Arabi Sports Club;Boualem Khoukhi;24;200000.0;Defensives Mittelfeld;Reservebank
2450315;Katar;;Ali Asad;21;100000.0;Offensives Mittelfeld;Reservebank
2450315;Katar;El-Jaish Sports Club;Magid Mohamed;29;100000.0;Offensives Mittelfeld;Reservebank
2450315;Katar;;Ismaeel Mohammed;24;100000.0;Rechtsaußen;Reservebank
2450315;Katar;Al Ahli Sports Club;Meshaal Abdullah;30;100000.0;Mittelstürmer;Reservebank
