GameId;team;club;name;age;value;position;role
2462864;Niederlande;Ajax Amsterdam;Jasper Cillessen;25;5000000.0;Torwart;Startaufstellung
2462864;Niederlande;Feyenoord Rotterdam;Bruno Martins Indi;22;6000000.0;Innenverteidiger;Startaufstellung
2462864;Niederlande;Aston Villa;Ron Vlaar;29;5000000.0;Innenverteidiger;Startaufstellung
2462864;Niederlande;Feyenoord Rotterdam;Stefan de Vrij;22;6000000.0;Innenverteidiger;Startaufstellung
2462864;Niederlande;PSV Eindhoven;Georginio Wijnaldum;23;7000000.0;Defensives Mittelfeld;Startaufstellung
2462864;Niederlande;Fenerbahce Istanbul;Dirk Kuyt;33;4000000.0;Rechtes Mittelfeld;Startaufstellung
2462864;Niederlande;Ajax Amsterdam;Daley Blind;24;6000000.0;Linkes Mittelfeld;Startaufstellung
2462864;Niederlande;Galatasaray Istanbul;Wesley Sneijder;30;17000000.0;Offensives Mittelfeld;Startaufstellung
2462864;Niederlande;PSV Eindhoven;Memphis Depay;20;5000000.0;Linksaußen;Startaufstellung
2462864;Niederlande;FC Bayern München;Arjen Robben;30;25000000.0;Rechtsaußen;Startaufstellung
2462864;Niederlande;Manchester United;Robin van Persie;30;40000000.0;Mittelstürmer;Startaufstellung
2462864;Costa Rica;UD Levante;Keylor Navas;27;4000000.0;Torwart;Startaufstellung
2462864;Costa Rica;LD Alajuelense;Jhonny Acosta;30;250000.0;Innenverteidiger;Startaufstellung
2462864;Costa Rica;Columbus Crew SC;Giancarlo González;26;600000.0;Innenverteidiger;Startaufstellung
2462864;Costa Rica;Deportivo Saprissa;Michael Umaña;31;275000.0;Innenverteidiger;Startaufstellung
2462864;Costa Rica;1.FSV Mainz 05;Júnior Díaz;30;1000000.0;Linker Verteidiger;Startaufstellung
2462864;Costa Rica;Rosenborg BK;Cristian Gamboa;24;1000000.0;Rechter Verteidiger;Startaufstellung
2462864;Costa Rica;Deportivo Saprissa;Yeltsin Tejeda;22;550000.0;Defensives Mittelfeld;Startaufstellung
2462864;Costa Rica;AIK Solna;Celso Borges;26;1600000.0;Offensives Mittelfeld;Startaufstellung
2462864;Costa Rica;FC Kopenhagen;Christian Bolaños;30;1000000.0;Linksaußen;Startaufstellung
2462864;Costa Rica;FC Fulham;Bryan Ruíz;28;8000000.0;Rechtsaußen;Startaufstellung
2462864;Costa Rica;FC Arsenal;Joel Campbell;22;5000000.0;Mittelstürmer;Startaufstellung
2462864;Niederlande;Newcastle United;Tim Krul;26;9000000.0;Torwart;Reservebank
2462864;Niederlande;Swansea City;Michel Vorm;30;7000000.0;Torwart;Reservebank
2462864;Niederlande;Feyenoord Rotterdam;Terence Kongolo;20;500000.0;Innenverteidiger;Reservebank
2462864;Niederlande;Feyenoord Rotterdam;Daryl Janmaat;24;5000000.0;Rechter Verteidiger;Reservebank
2462864;Niederlande;FC Augsburg;Paul Verhaegh;30;2000000.0;Rechter Verteidiger;Reservebank
2462864;Niederlande;Ajax Amsterdam;Joël Veltman;22;3500000.0;Innenverteidiger;Reservebank
2462864;Niederlande;AC Mailand;Nigel de Jong;29;9000000.0;Defensives Mittelfeld;Reservebank
2462864;Niederlande;Feyenoord Rotterdam;Jordy Clasie;23;7000000.0;Defensives Mittelfeld;Reservebank
2462864;Niederlande;Norwich City;Leroy Fer;24;8500000.0;Zentrales Mittelfeld;Reservebank
2462864;Niederlande;FC Villarreal;Jonathan de Guzmán;26;9000000.0;Defensives Mittelfeld;Reservebank
2462864;Niederlande;Dynamo Kiew;Jeremain Lens;26;9000000.0;Linksaußen;Reservebank
2462864;Niederlande;FC Schalke 04;Klaas-Jan Huntelaar;30;12000000.0;Mittelstürmer;Reservebank
2462864;Costa Rica;LD Alajuelense;Patrick Pemberton;32;500000.0;Torwart;Reservebank
2462864;Costa Rica;New York Red Bulls;Roy Miller;29;500000.0;Linker Verteidiger;Reservebank
2462864;Costa Rica;FC Brügge;Óscar Duarte;25;2500000.0;Innenverteidiger;Reservebank
2462864;Costa Rica;Columbus Crew SC;Waylon Francis;23;350000.0;Linker Verteidiger;Reservebank
2462864;Costa Rica;CS Herediano;Dave Myrie;26;300000.0;Rechter Verteidiger;Reservebank
2462864;Costa Rica;CS Herediano;José Miguel Cubero;27;350000.0;Defensives Mittelfeld;Reservebank
2462864;Costa Rica;Aalesunds FK;Michael Barrantes;30;1300000.0;Offensives Mittelfeld;Reservebank
2462864;Costa Rica;Valerenga Oslo;Diego Calvo;23;400000.0;Linksaußen;Reservebank
2462864;Costa Rica;Kuban Krasnodar;Marcos Ureña;24;400000.0;Mittelstürmer;Reservebank
2462864;Costa Rica;CS Cartaginés;Randall Brenes;30;250000.0;Mittelstürmer;Reservebank
