GameId;team;club;name;age;value;position;role
2462535;Belgien;FC Chelsea;Thibaut Courtois;22;25000000.0;Torwart;Startaufstellung
2462535;Belgien;Manchester City;Vincent Kompany;28;35000000.0;Innenverteidiger;Startaufstellung
2462535;Belgien;FC Bayern München;Daniel Van Buyten;36;1000000.0;Innenverteidiger;Startaufstellung
2462535;Belgien;Tottenham Hotspur;Jan Vertonghen;27;22000000.0;Linker Verteidiger;Startaufstellung
2462535;Belgien;Atlético Madrid;Toby Alderweireld;25;10000000.0;Rechter Verteidiger;Startaufstellung
2462535;Belgien;Zenit St. Petersburg;Axel Witsel;25;35000000.0;Defensives Mittelfeld;Startaufstellung
2462535;Belgien;Manchester United;Marouane Fellaini;26;23000000.0;Defensives Mittelfeld;Startaufstellung
2462535;Belgien;VfL Wolfsburg;Kevin De Bruyne;23;17000000.0;Offensives Mittelfeld;Startaufstellung
2462535;Belgien;FC Chelsea;Eden Hazard;23;45000000.0;Linksaußen;Startaufstellung
2462535;Belgien;SSC Neapel;Dries Mertens;27;14000000.0;Rechtsaußen;Startaufstellung
2462535;Belgien;LOSC Lille;Divock Origi;19;1000000.0;Mittelstürmer;Startaufstellung
2462535;Vereinigte Staaten;FC Everton;Tim Howard;35;2000000.0;Torwart;Startaufstellung
2462535;Vereinigte Staaten;Sporting Kansas City;Matt Besler;27;400000.0;Innenverteidiger;Startaufstellung
2462535;Vereinigte Staaten;Los Angeles Galaxy;Omar González;25;400000.0;Innenverteidiger;Startaufstellung
2462535;Vereinigte Staaten;Puebla FC;DaMarcus Beasley;32;1000000.0;Linker Verteidiger;Startaufstellung
2462535;Vereinigte Staaten;Borussia Mönchengladbach;Fabian Johnson;26;4000000.0;Rechter Verteidiger;Startaufstellung
2462535;Vereinigte Staaten;Besiktas Istanbul;Jermaine Jones;32;3000000.0;Defensives Mittelfeld;Startaufstellung
2462535;Vereinigte Staaten;Stoke City;Geoff Cameron;28;4500000.0;Defensives Mittelfeld;Startaufstellung
2462535;Vereinigte Staaten;Toronto FC;Michael Bradley;26;6500000.0;Offensives Mittelfeld;Startaufstellung
2462535;Vereinigte Staaten;FC Nantes;Alejandro Bedoya;27;2250000.0;Linksaußen;Startaufstellung
2462535;Vereinigte Staaten;Sporting Kansas City;Graham Zusi;27;500000.0;Rechtsaußen;Startaufstellung
2462535;Vereinigte Staaten;Seattle Sounders FC;Clint Dempsey;31;7000000.0;Mittelstürmer;Startaufstellung
2462535;Belgien;SV Zulte Waregem;Sammy Bossut;28;2000000.0;Torwart;Reservebank
2462535;Belgien;FC Liverpool;Simon Mignolet;26;12000000.0;Torwart;Reservebank
2462535;Belgien;FC Arsenal;Thomas Vermaelen;28;14000000.0;Innenverteidiger;Reservebank
2462535;Belgien;Zenit St. Petersburg;Nicolas Lombaerts;29;9000000.0;Innenverteidiger;Reservebank
2462535;Belgien;Standard Lüttich;Laurent Ciman;28;3200000.0;Innenverteidiger;Reservebank
2462535;Belgien;Tottenham Hotspur;Mousa Dembélé;26;20000000.0;Defensives Mittelfeld;Reservebank
2462535;Belgien;Tottenham Hotspur;Nacer Chadli;24;8000000.0;Offensives Mittelfeld;Reservebank
2462535;Belgien;Manchester United;Adnan Januzaj;19;6000000.0;Linksaußen;Reservebank
2462535;Belgien;FC Everton;Kevin Mirallas;26;12000000.0;Rechtsaußen;Reservebank
2462535;Belgien;FC Chelsea;Romelu Lukaku;21;25000000.0;Mittelstürmer;Reservebank
2462535;Vereinigte Staaten;Aston Villa;Brad Guzan;29;5000000.0;Torwart;Reservebank
2462535;Vereinigte Staaten;Real Salt Lake City;Nick Rimando;35;600000.0;Torwart;Reservebank
2462535;Vereinigte Staaten;Hertha BSC;John Anthony Brooks;21;3000000.0;Innenverteidiger;Reservebank
2462535;Vereinigte Staaten;Seattle Sounders FC;DeAndre Yedlin;20;250000.0;Rechter Verteidiger;Reservebank
2462535;Vereinigte Staaten;Eintracht Frankfurt;Timothy Chandler;24;2500000.0;Rechter Verteidiger;Reservebank
2462535;Vereinigte Staaten;Real Salt Lake City;Kyle Beckerman;32;750000.0;Defensives Mittelfeld;Reservebank
2462535;Vereinigte Staaten;Rosenborg BK;Mix Diskerud;23;1400000.0;Zentrales Mittelfeld;Reservebank
2462535;Vereinigte Staaten;Houston Dynamo;Brad Davis;32;750000.0;Linkes Mittelfeld;Reservebank
2462535;Vereinigte Staaten;FC Bayern München;Julian Green;19;500000.0;Linksaußen;Reservebank
2462535;Vereinigte Staaten;AZ Alkmaar;Aron Jóhannsson;23;4000000.0;Mittelstürmer;Reservebank
2462535;Vereinigte Staaten;AFC Sunderland;Jozy Altidore;24;6000000.0;Mittelstürmer;Reservebank
2462535;Vereinigte Staaten;San Jose Earthquakes;Chris Wondolowski;31;1500000.0;Rechtsaußen;Reservebank
