GameId;team;club;name;age;value;position;role
2462530;Niederlande;Ajax Amsterdam;Jasper Cillessen;25;5000000.0;Torwart;Startaufstellung
2462530;Niederlande;Aston Villa;Ron Vlaar;29;5000000.0;Innenverteidiger;Startaufstellung
2462530;Niederlande;Feyenoord Rotterdam;Stefan de Vrij;22;6000000.0;Innenverteidiger;Startaufstellung
2462530;Niederlande;Ajax Amsterdam;Daley Blind;24;6000000.0;Innenverteidiger;Startaufstellung
2462530;Niederlande;Fenerbahce Istanbul;Dirk Kuyt;33;4000000.0;Linker Verteidiger;Startaufstellung
2462530;Niederlande;FC Augsburg;Paul Verhaegh;30;2000000.0;Rechter Verteidiger;Startaufstellung
2462530;Niederlande;AC Mailand;Nigel de Jong;29;9000000.0;Defensives Mittelfeld;Startaufstellung
2462530;Niederlande;PSV Eindhoven;Georginio Wijnaldum;23;7000000.0;Defensives Mittelfeld;Startaufstellung
2462530;Niederlande;Galatasaray Istanbul;Wesley Sneijder;30;17000000.0;Offensives Mittelfeld;Startaufstellung
2462530;Niederlande;FC Bayern München;Arjen Robben;30;25000000.0;Mittelstürmer;Startaufstellung
2462530;Niederlande;Manchester United;Robin van Persie;30;40000000.0;Mittelstürmer;Startaufstellung
2462530;Mexiko;AC Ajaccio;Guillermo Ochoa;28;5000000.0;Torwart;Startaufstellung
2462530;Mexiko;Espanyol Barcelona;Héctor Moreno;26;7000000.0;Innenverteidiger;Startaufstellung
2462530;Mexiko;CF América;Maza;32;2500000.0;Innenverteidiger;Startaufstellung
2462530;Mexiko;Club León FC;Rafael Márquez;35;1000000.0;Innenverteidiger;Startaufstellung
2462530;Mexiko;CF América;Miguel Layún;26;2300000.0;Linker Verteidiger;Startaufstellung
2462530;Mexiko;CF América;Paul Aguilar;28;2500000.0;Rechter Verteidiger;Startaufstellung
2462530;Mexiko;Tigres UANL;Carlos Salcido;34;1500000.0;Defensives Mittelfeld;Startaufstellung
2462530;Mexiko;FC Porto;Héctor Herrera;24;7000000.0;Defensives Mittelfeld;Startaufstellung
2462530;Mexiko;Bayer 04 Leverkusen;Andrés Guardado;27;6000000.0;Offensives Mittelfeld;Startaufstellung
2462530;Mexiko;FC Villarreal;Giovani dos Santos;25;10000000.0;Hängende Spitze;Startaufstellung
2462530;Mexiko;Santos Laguna;Oribe Peralta;30;4600000.0;Mittelstürmer;Startaufstellung
2462530;Niederlande;Newcastle United;Tim Krul;26;9000000.0;Torwart;Reservebank
2462530;Niederlande;Swansea City;Michel Vorm;30;7000000.0;Torwart;Reservebank
2462530;Niederlande;Feyenoord Rotterdam;Bruno Martins Indi;22;6000000.0;Innenverteidiger;Reservebank
2462530;Niederlande;Feyenoord Rotterdam;Terence Kongolo;20;500000.0;Innenverteidiger;Reservebank
2462530;Niederlande;Feyenoord Rotterdam;Daryl Janmaat;24;5000000.0;Rechter Verteidiger;Reservebank
2462530;Niederlande;Ajax Amsterdam;Joël Veltman;22;3500000.0;Innenverteidiger;Reservebank
2462530;Niederlande;Feyenoord Rotterdam;Jordy Clasie;23;7000000.0;Defensives Mittelfeld;Reservebank
2462530;Niederlande;Norwich City;Leroy Fer;24;8500000.0;Zentrales Mittelfeld;Reservebank
2462530;Niederlande;Swansea City;Jonathan de Guzmán;26;9000000.0;Defensives Mittelfeld;Reservebank
2462530;Niederlande;PSV Eindhoven;Memphis Depay;20;5000000.0;Linksaußen;Reservebank
2462530;Niederlande;Dynamo Kiew;Jeremain Lens;26;9000000.0;Mittelstürmer;Reservebank
2462530;Niederlande;FC Schalke 04;Klaas-Jan Huntelaar;30;12000000.0;Mittelstürmer;Reservebank
2462530;Mexiko;CD Cruz Azul;Jesús Corona;33;2500000.0;Torwart;Reservebank
2462530;Mexiko;Deportivo Toluca;Alfredo Talavera;31;2000000.0;Torwart;Reservebank
2462530;Mexiko;FC Porto;Diego Reyes;21;7000000.0;Innenverteidiger;Reservebank
2462530;Mexiko;Deportivo Toluca;Miguel Ponce;25;1500000.0;Linker Verteidiger;Reservebank
2462530;Mexiko;Club León FC;Carlos Peña;24;2300000.0;Zentrales Mittelfeld;Reservebank
2462530;Mexiko;CD Cruz Azul;Marco Fabián;24;5000000.0;Offensives Mittelfeld;Reservebank
2462530;Mexiko;FC Villarreal;Javier Aquino;24;3000000.0;Hängende Spitze;Reservebank
2462530;Mexiko;Deportivo Toluca;Isaac Brizuela;23;1750000.0;Hängende Spitze;Reservebank
2462530;Mexiko;CF América;Raúl Jiménez;23;3000000.0;Mittelstürmer;Reservebank
2462530;Mexiko;Tigres UANL;Alan Pulido;23;1800000.0;Mittelstürmer;Reservebank
2462530;Mexiko;Manchester United;Chicharito;26;16000000.0;Mittelstürmer;Reservebank
