GameId;team;club;name;age;value;position;role
2462529;Kolumbien;OGC Nizza;David Ospina;25;5000000.0;Torwart;Startaufstellung
2462529;Kolumbien;Atalanta Bergamo;Mario Yepes;38;300000.0;Innenverteidiger;Startaufstellung
2462529;Kolumbien;AC Mailand;Cristián Zapata;27;5000000.0;Innenverteidiger;Startaufstellung
2462529;Kolumbien;West Ham United;Pablo Armero;27;7000000.0;Linker Verteidiger;Startaufstellung
2462529;Kolumbien;SSC Neapel;Camilo Zúñiga;28;13000000.0;Rechter Verteidiger;Startaufstellung
2462529;Kolumbien;FC Elche;Carlos Sánchez;28;2500000.0;Defensives Mittelfeld;Startaufstellung
2462529;Kolumbien;FC Toulouse;Abel Aguilar;29;2750000.0;Zentrales Mittelfeld;Startaufstellung
2462529;Kolumbien;AC Florenz;Juan Cuadrado;26;24000000.0;Linksaußen;Startaufstellung
2462529;Kolumbien;AS Monaco;James Rodríguez;22;35000000.0;Rechtsaußen;Startaufstellung
2462529;Kolumbien;Club Atlético River Plate;Teófilo Gutiérrez;29;1800000.0;Mittelstürmer;Startaufstellung
2462529;Kolumbien;FC Porto;Jackson Martínez;27;30000000.0;Mittelstürmer;Startaufstellung
2462529;Uruguay;Galatasaray Istanbul;Fernando Muslera;28;16000000.0;Torwart;Startaufstellung
2462529;Uruguay;Atlético Madrid;Diego Godín;28;20000000.0;Innenverteidiger;Startaufstellung
2462529;Uruguay;Atlético Madrid;José Giménez;19;2000000.0;Innenverteidiger;Startaufstellung
2462529;Uruguay;Juventus Turin;Martín Cáceres;27;9000000.0;Innenverteidiger;Startaufstellung
2462529;Uruguay;FC São Paulo;Álvaro Pereira;28;6000000.0;Linker Verteidiger;Startaufstellung
2462529;Uruguay;Benfica Lissabon;Maxi Pereira;30;9000000.0;Rechter Verteidiger;Startaufstellung
2462529;Uruguay;Monarcas Morelia;Egidio Arévalo Ríos;32;1700000.0;Zentrales Mittelfeld;Startaufstellung
2462529;Uruguay;Lazio Rom;Álvaro González;29;6000000.0;Rechtes Mittelfeld;Startaufstellung
2462529;Uruguay;Atlético Madrid;Cristian Rodríguez;28;5000000.0;Linkes Mittelfeld;Startaufstellung
2462529;Uruguay;Cerezo Osaka;Diego Forlán;35;1000000.0;Hängende Spitze;Startaufstellung
2462529;Uruguay;FC Paris Saint-Germain;Edinson Cavani;27;60000000.0;Mittelstürmer;Startaufstellung
2462529;Kolumbien;Independiente Santa Fe;Camilo Vargas;25;900000.0;Torwart;Reservebank
2462529;Kolumbien;Deportivo Cali;Faryd Mondragón;43;250000.0;Torwart;Reservebank
2462529;Kolumbien;Club Atlético River Plate;Éder Balanta;21;3000000.0;Innenverteidiger;Reservebank
2462529;Kolumbien;Club Atlético San Lorenzo de Almagro;Carlos Valdés;29;600000.0;Innenverteidiger;Reservebank
2462529;Kolumbien;PSV Eindhoven;Santiago Arias;22;1500000.0;Rechter Verteidiger;Reservebank
2462529;Kolumbien;Atlético Nacional;Alexander Mejía;25;850000.0;Defensives Mittelfeld;Reservebank
2462529;Kolumbien;Club Atlético River Plate;Carlos Carbonero;23;3000000.0;Rechtsaußen;Reservebank
2462529;Kolumbien;FC Internazionale;Fredy Guarín;27;18000000.0;Offensives Mittelfeld;Reservebank
2462529;Kolumbien;FC Porto;Juan Quintero;21;9000000.0;Offensives Mittelfeld;Reservebank
2462529;Kolumbien;Cagliari Calcio;Víctor Ibarbo;24;7000000.0;Hängende Spitze;Reservebank
2462529;Kolumbien;FC Sevilla;Carlos Bacca;27;10000000.0;Mittelstürmer;Reservebank
2462529;Kolumbien;Hertha BSC;Adrián Ramos;28;11000000.0;Mittelstürmer;Reservebank
2462529;Uruguay;Club Libertad Asunción;Rodrigo Muñoz;32;525000.0;Torwart;Reservebank
2462529;Uruguay;Vasco da Gama Rio de Janeiro;Martín Silva;31;1000000.0;Torwart;Reservebank
2462529;Uruguay;West Bromwich Albion;Diego Lugano;33;1000000.0;Innenverteidiger;Reservebank
2462529;Uruguay;Club Nacional;Sebastián Coates;23;2500000.0;Innenverteidiger;Reservebank
2462529;Uruguay;FC Porto;Jorge Fucile;29;1500000.0;Rechter Verteidiger;Reservebank
2462529;Uruguay;Parma FC;Walter Gargano;29;5000000.0;Defensives Mittelfeld;Reservebank
2462529;Uruguay;FC Bologna;Diego Pérez;34;900000.0;Defensives Mittelfeld;Reservebank
2462529;Uruguay;Corinthians Sao Paulo;Nicolás Lodeiro;25;2000000.0;Offensives Mittelfeld;Reservebank
2462529;Uruguay;FC Southampton;Gastón Ramírez;23;7500000.0;Offensives Mittelfeld;Reservebank
2462529;Uruguay;US Palermo;Abel Hernández;23;5000000.0;Mittelstürmer;Reservebank
2462529;Uruguay;Espanyol Barcelona;Cristhian Stuani;27;3000000.0;Rechtsaußen;Reservebank
