GameId;team;club;name;age;value;position;role
2462534;Deutschland;FC Bayern München;Manuel Neuer;28;35000000.0;Torwart;Startaufstellung
2462534;Deutschland;FC Arsenal;Per Mertesacker;29;18000000.0;Innenverteidiger;Startaufstellung
2462534;Deutschland;FC Bayern München;Jérôme Boateng;25;28000000.0;Innenverteidiger;Startaufstellung
2462534;Deutschland;FC Schalke 04;Benedikt Höwedes;26;16000000.0;Linker Verteidiger;Startaufstellung
2462534;Deutschland;Sampdoria Genua;Shkodran Mustafi;22;4000000.0;Rechter Verteidiger;Startaufstellung
2462534;Deutschland;FC Bayern München;Philipp Lahm;30;30000000.0;Defensives Mittelfeld;Startaufstellung
2462534;Deutschland;FC Bayern München;Toni Kroos;24;40000000.0;Zentrales Mittelfeld;Startaufstellung
2462534;Deutschland;FC Bayern München;Bastian Schweinsteiger;29;40000000.0;Zentrales Mittelfeld;Startaufstellung
2462534;Deutschland;FC Bayern München;Mario Götze;22;55000000.0;Linksaußen;Startaufstellung
2462534;Deutschland;FC Arsenal;Mesut Özil;25;50000000.0;Rechtsaußen;Startaufstellung
2462534;Deutschland;FC Bayern München;Thomas Müller;24;45000000.0;Mittelstürmer;Startaufstellung
2462534;Algerien;ZSKA Sofia;Raïs M'Bolhi;28;500000.0;Torwart;Startaufstellung
2462534;Algerien;FC Granada;Essaïd Belkalem;25;1000000.0;Innenverteidiger;Startaufstellung
2462534;Algerien;Académica Coimbra;Rafik Halliche;27;800000.0;Innenverteidiger;Startaufstellung
2462534;Algerien;SSC Neapel;Faouzi Ghoulam;23;5000000.0;Linker Verteidiger;Startaufstellung
2462534;Algerien;Stade Reims;Aïssa Mandi;22;2000000.0;Rechter Verteidiger;Startaufstellung
2462534;Algerien;FC Getafe;Mehdi Lacen;30;1500000.0;Defensives Mittelfeld;Startaufstellung
2462534;Algerien;AC Ajaccio;Mehdi Mostefa;30;1500000.0;Defensives Mittelfeld;Startaufstellung
2462534;Algerien;FC Internazionale;Saphir Taider;22;10000000.0;Offensives Mittelfeld;Startaufstellung
2462534;Algerien;GNK Dinamo Zagreb;El Arbi Hillel Soudani;26;4000000.0;Linksaußen;Startaufstellung
2462534;Algerien;FC Valencia;Sofiane Feghouli;24;12000000.0;Rechtsaußen;Startaufstellung
2462534;Algerien;Sporting Lissabon;Islam Slimani;26;2000000.0;Mittelstürmer;Startaufstellung
2462534;Deutschland;Borussia Dortmund;Roman Weidenfeller;33;5000000.0;Torwart;Reservebank
2462534;Deutschland;Hannover 96;Ron-Robert Zieler;25;9500000.0;Torwart;Reservebank
2462534;Deutschland;SC Freiburg;Matthias Ginter;20;10000000.0;Innenverteidiger;Reservebank
2462534;Deutschland;Borussia Dortmund;Kevin Großkreutz;25;10000000.0;Linksaußen;Reservebank
2462534;Deutschland;Borussia Dortmund;Erik Durm;22;3000000.0;Linker Verteidiger;Reservebank
2462534;Deutschland;Borussia Mönchengladbach;Christoph Kramer;23;5500000.0;Defensives Mittelfeld;Reservebank
2462534;Deutschland;Real Madrid;Sami Khedira;27;22000000.0;Zentrales Mittelfeld;Reservebank
2462534;Deutschland;FC Chelsea;André Schürrle;23;20000000.0;Rechtsaußen;Reservebank
2462534;Deutschland;FC Schalke 04;Julian Draxler;20;30000000.0;Linksaußen;Reservebank
2462534;Deutschland;FC Arsenal;Lukas Podolski;29;23000000.0;Mittelstürmer;Reservebank
2462534;Deutschland;Lazio Rom;Miroslav Klose;36;1000000.0;Mittelstürmer;Reservebank
2462534;Algerien;USM Algier;Mohamed Lamine Zemmamouche;29;600000.0;Torwart;Reservebank
2462534;Algerien;CS Constantine;Cédric;29;500000.0;Torwart;Reservebank
2462534;Algerien;Real Sociedad San Sebastián;Liassine Cadamuro;26;800000.0;Innenverteidiger;Reservebank
2462534;Algerien;Al Duhail Sports Club;Madjid Bougherra;31;500000.0;Innenverteidiger;Reservebank
2462534;Algerien;AS Monaco;Carl Medjani;29;1750000.0;Innenverteidiger;Reservebank
2462534;Algerien;Parma FC;Djamel Mesbah;29;600000.0;Linkes Mittelfeld;Reservebank
2462534;Algerien;Tottenham Hotspur;Nabil Bentaleb;19;500000.0;Zentrales Mittelfeld;Reservebank
2462534;Algerien;FC Granada;Hassan Yebda;30;1800000.0;Zentrales Mittelfeld;Reservebank
2462534;Algerien;FC Granada;Yacine Brahimi;24;4000000.0;Offensives Mittelfeld;Reservebank
2462534;Algerien;Club Africain Tunis;Abdelmoumene Djabou;27;1100000.0;Linksaußen;Reservebank
2462534;Algerien;Leicester City;Riyad Mahrez;23;1250000.0;Rechtsaußen;Reservebank
2462534;Algerien;FC Porto;Nabil Ghilas;24;3500000.0;Mittelstürmer;Reservebank
