GameId;team;club;name;age;value;position;role
2462528;Brasilien;Toronto FC;Júlio César;34;2500000.0;Torwart;Startaufstellung
2462528;Brasilien;FC Chelsea;David Luiz;27;26000000.0;Innenverteidiger;Startaufstellung
2462528;Brasilien;FC Paris Saint-Germain;Thiago Silva;29;40000000.0;Innenverteidiger;Startaufstellung
2462528;Brasilien;Real Madrid;Marcelo;26;25000000.0;Linker Verteidiger;Startaufstellung
2462528;Brasilien;FC Barcelona;Dani Alves;31;18000000.0;Rechter Verteidiger;Startaufstellung
2462528;Brasilien;VfL Wolfsburg;Luiz Gustavo;26;18000000.0;Defensives Mittelfeld;Startaufstellung
2462528;Brasilien;Manchester City;Fernandinho;29;32000000.0;Zentrales Mittelfeld;Startaufstellung
2462528;Brasilien;FC Chelsea;Oscar;22;34000000.0;Offensives Mittelfeld;Startaufstellung
2462528;Brasilien;FC Barcelona;Neymar;22;60000000.0;Linksaußen;Startaufstellung
2462528;Brasilien;Zenit St. Petersburg;Hulk;27;48000000.0;Rechtsaußen;Startaufstellung
2462528;Brasilien;Fluminense Rio de Janeiro;Fred;30;7000000.0;Mittelstürmer;Startaufstellung
2462528;Chile;Real Sociedad San Sebastián;Claudio Bravo;31;4000000.0;Torwart;Startaufstellung
2462528;Chile;Nottingham Forest;Gonzalo Jara;28;1500000.0;Innenverteidiger;Startaufstellung
2462528;Chile;CA Osasuna;Francisco Silva;28;2000000.0;Innenverteidiger;Startaufstellung
2462528;Chile;Cardiff City;Gary Medel;26;11000000.0;Innenverteidiger;Startaufstellung
2462528;Chile;FC Santos;Eugenio Mena;25;2500000.0;Linker Verteidiger;Startaufstellung
2462528;Chile;Juventus Turin;Mauricio Isla;26;10500000.0;Rechter Verteidiger;Startaufstellung
2462528;Chile;FC Basel 1893;Marcelo Díaz;27;2000000.0;Defensives Mittelfeld;Startaufstellung
2462528;Chile;SC Internacional Porto Alegre;Charles Aránguiz;25;2200000.0;Defensives Mittelfeld;Startaufstellung
2462528;Chile;Juventus Turin;Arturo Vidal;27;44000000.0;Offensives Mittelfeld;Startaufstellung
2462528;Chile;FC Barcelona;Alexis Sánchez;25;30000000.0;Mittelstürmer;Startaufstellung
2462528;Chile;FC Valencia;Eduardo Vargas;24;6000000.0;Mittelstürmer;Startaufstellung
2462528;Brasilien;Botafogo Rio de Janeiro;Jefferson;31;3000000.0;Torwart;Reservebank
2462528;Brasilien;Clube Atlético Mineiro;Victor;31;4000000.0;Torwart;Reservebank
2462528;Brasilien;FC Bayern München;Dante;30;17000000.0;Innenverteidiger;Reservebank
2462528;Brasilien;SSC Neapel;Henrique;27;3500000.0;Innenverteidiger;Reservebank
2462528;Brasilien;FC Paris Saint-Germain;Maxwell;32;3500000.0;Linker Verteidiger;Reservebank
2462528;Brasilien;AS Rom;Maicon;32;4000000.0;Rechter Verteidiger;Reservebank
2462528;Brasilien;Tottenham Hotspur;Paulinho;25;16000000.0;Defensives Mittelfeld;Reservebank
2462528;Brasilien;FC Chelsea;Ramires;27;30000000.0;Defensives Mittelfeld;Reservebank
2462528;Brasilien;FC Internazionale;Hernanes;29;22000000.0;Zentrales Mittelfeld;Reservebank
2462528;Brasilien;Shakhtar Donetsk;Bernard;21;20000000.0;Linksaußen;Reservebank
2462528;Brasilien;FC Chelsea;Willian;25;30000000.0;Linksaußen;Reservebank
2462528;Brasilien;Clube Atlético Mineiro;Jô;27;4000000.0;Mittelstürmer;Reservebank
2462528;Chile;CD Universidad Católica;Cristopher Toselli;26;1200000.0;Torwart;Reservebank
2462528;Chile;Club Universidad de Chile;Johnny Herrera;33;1000000.0;Torwart;Reservebank
2462528;Chile;Club Universidad de Chile;José Rojas;31;900000.0;Innenverteidiger;Reservebank
2462528;Chile;Malmö FF;Miiko Albornoz;23;1000000.0;Linker Verteidiger;Reservebank
2462528;Chile;Wigan Athletic;Jean Beausejour;30;4000000.0;Linksaußen;Reservebank
2462528;Chile;FC Twente Enschede;Felipe Gutiérrez;23;4000000.0;Offensives Mittelfeld;Reservebank
2462528;Chile;Atalanta Bergamo;Carlos Carmona;27;2500000.0;Zentrales Mittelfeld;Reservebank
2462528;Chile;SE Palmeiras São Paulo;Jorge Valdivia;30;1500000.0;Offensives Mittelfeld;Reservebank
2462528;Chile;Celta Vigo;Fabián Orellana;28;2500000.0;Rechtsaußen;Reservebank
2462528;Chile;CSD Colo Colo;José Pedro Fuenzalida;29;800000.0;Rechtes Mittelfeld;Reservebank
2462528;Chile;CSD Colo Colo;Esteban Paredes;33;1500000.0;Mittelstürmer;Reservebank
2462528;Chile;Cagliari Calcio;Mauricio Pinilla;30;3200000.0;Mittelstürmer;Reservebank
