GameId;team;club;name;age;value;position;role
2463274;Frankreich;Tottenham Hotspur;Hugo Lloris;27;16000000.0;Torwart;Startaufstellung
2463274;Frankreich;FC Liverpool;Mamadou Sakho;24;19000000.0;Innenverteidiger;Startaufstellung
2463274;Frankreich;Real Madrid;Raphaël Varane;21;24000000.0;Innenverteidiger;Startaufstellung
2463274;Frankreich;Manchester United;Patrice Evra;33;7500000.0;Linker Verteidiger;Startaufstellung
2463274;Frankreich;Newcastle United;Mathieu Debuchy;28;10000000.0;Rechter Verteidiger;Startaufstellung
2463274;Frankreich;FC Paris Saint-Germain;Yohan Cabaye;28;22000000.0;Defensives Mittelfeld;Startaufstellung
2463274;Frankreich;FC Paris Saint-Germain;Blaise Matuidi;27;20000000.0;Zentrales Mittelfeld;Startaufstellung
2463274;Frankreich;Juventus Turin;Paul Pogba;21;45000000.0;Zentrales Mittelfeld;Startaufstellung
2463274;Frankreich;Real Sociedad San Sebastián;Antoine Griezmann;23;25000000.0;Linksaußen;Startaufstellung
2463274;Frankreich;Olympique Marseille;Mathieu Valbuena;29;14000000.0;Rechtsaußen;Startaufstellung
2463274;Frankreich;Real Madrid;Karim Benzema;26;34000000.0;Mittelstürmer;Startaufstellung
2463274;Deutschland;FC Bayern München;Manuel Neuer;28;35000000.0;Torwart;Startaufstellung
2463274;Deutschland;Borussia Dortmund;Mats Hummels;25;26000000.0;Innenverteidiger;Startaufstellung
2463274;Deutschland;FC Bayern München;Jérôme Boateng;25;28000000.0;Innenverteidiger;Startaufstellung
2463274;Deutschland;FC Schalke 04;Benedikt Höwedes;26;16000000.0;Linker Verteidiger;Startaufstellung
2463274;Deutschland;FC Bayern München;Philipp Lahm;30;30000000.0;Rechter Verteidiger;Startaufstellung
2463274;Deutschland;FC Bayern München;Bastian Schweinsteiger;29;40000000.0;Defensives Mittelfeld;Startaufstellung
2463274;Deutschland;FC Bayern München;Toni Kroos;24;40000000.0;Zentrales Mittelfeld;Startaufstellung
2463274;Deutschland;Real Madrid;Sami Khedira;27;22000000.0;Zentrales Mittelfeld;Startaufstellung
2463274;Deutschland;FC Arsenal;Mesut Özil;25;50000000.0;Linksaußen;Startaufstellung
2463274;Deutschland;FC Bayern München;Thomas Müller;24;45000000.0;Rechtsaußen;Startaufstellung
2463274;Deutschland;Lazio Rom;Miroslav Klose;36;1000000.0;Mittelstürmer;Startaufstellung
2463274;Frankreich;AS Saint-Étienne;Stéphane Ruffier;27;9000000.0;Torwart;Reservebank
2463274;Frankreich;Karriereende;Mickaël Landreau;35;1750000.0;Torwart;Reservebank
2463274;Frankreich;FC Porto;Eliaquim Mangala;23;23000000.0;Innenverteidiger;Reservebank
2463274;Frankreich;FC Arsenal;Laurent Koscielny;28;18000000.0;Innenverteidiger;Reservebank
2463274;Frankreich;FC Paris Saint-Germain;Lucas Digne;20;10000000.0;Linker Verteidiger;Reservebank
2463274;Frankreich;Manchester City;Bacary Sagna;31;12000000.0;Rechter Verteidiger;Reservebank
2463274;Frankreich;FC Southampton;Morgan Schneiderlin;24;8500000.0;Defensives Mittelfeld;Reservebank
2463274;Frankreich;Newcastle United;Moussa Sissoko;24;11000000.0;Zentrales Mittelfeld;Reservebank
2463274;Frankreich;HSC Montpellier;Rémy Cabella;24;10000000.0;Offensives Mittelfeld;Reservebank
2463274;Frankreich;FC Arsenal;Olivier Giroud;27;20000000.0;Mittelstürmer;Reservebank
2463274;Frankreich;Queens Park Rangers;Loïc Rémy;27;12000000.0;Rechtsaußen;Reservebank
2463274;Deutschland;Borussia Dortmund;Roman Weidenfeller;33;5000000.0;Torwart;Reservebank
2463274;Deutschland;Hannover 96;Ron-Robert Zieler;25;9500000.0;Torwart;Reservebank
2463274;Deutschland;SC Freiburg;Matthias Ginter;20;10000000.0;Innenverteidiger;Reservebank
2463274;Deutschland;FC Arsenal;Per Mertesacker;29;18000000.0;Innenverteidiger;Reservebank
2463274;Deutschland;Borussia Dortmund;Kevin Großkreutz;25;10000000.0;Rechter Verteidiger;Reservebank
2463274;Deutschland;Borussia Dortmund;Erik Durm;22;3000000.0;Rechter Verteidiger;Reservebank
2463274;Deutschland;Borussia Mönchengladbach;Christoph Kramer;23;5500000.0;Defensives Mittelfeld;Reservebank
2463274;Deutschland;FC Bayern München;Mario Götze;22;55000000.0;Linksaußen;Reservebank
2463274;Deutschland;FC Chelsea;André Schürrle;23;20000000.0;Rechtsaußen;Reservebank
2463274;Deutschland;FC Schalke 04;Julian Draxler;20;30000000.0;Linksaußen;Reservebank
2463274;Deutschland;FC Arsenal;Lukas Podolski;29;23000000.0;Mittelstürmer;Reservebank
