GameId;team;club;name;age;value;position;role
2464610;Niederlande;Ajax Amsterdam;Jasper Cillessen;25;5000000.0;Torwart;Startaufstellung
2464610;Niederlande;Feyenoord Rotterdam;Bruno Martins Indi;22;6000000.0;Innenverteidiger;Startaufstellung
2464610;Niederlande;Aston Villa;Ron Vlaar;29;5000000.0;Innenverteidiger;Startaufstellung
2464610;Niederlande;Feyenoord Rotterdam;Stefan de Vrij;22;6000000.0;Innenverteidiger;Startaufstellung
2464610;Niederlande;Ajax Amsterdam;Daley Blind;24;6000000.0;Linker Verteidiger;Startaufstellung
2464610;Niederlande;Fenerbahce Istanbul;Dirk Kuyt;33;4000000.0;Rechter Verteidiger;Startaufstellung
2464610;Niederlande;AC Mailand;Nigel de Jong;29;9000000.0;Defensives Mittelfeld;Startaufstellung
2464610;Niederlande;PSV Eindhoven;Georginio Wijnaldum;23;7000000.0;Defensives Mittelfeld;Startaufstellung
2464610;Niederlande;Galatasaray Istanbul;Wesley Sneijder;30;17000000.0;Offensives Mittelfeld;Startaufstellung
2464610;Niederlande;FC Bayern München;Arjen Robben;30;25000000.0;Mittelstürmer;Startaufstellung
2464610;Niederlande;Manchester United;Robin van Persie;30;40000000.0;Mittelstürmer;Startaufstellung
2464610;Argentinien;Sampdoria Genua;Sergio Romero;27;2000000.0;Torwart;Startaufstellung
2464610;Argentinien;Zenit St. Petersburg;Ezequiel Garay;27;20000000.0;Innenverteidiger;Startaufstellung
2464610;Argentinien;Manchester City;Martín Demichelis;33;2500000.0;Innenverteidiger;Startaufstellung
2464610;Argentinien;Sporting Lissabon;Marcos Rojo;24;5500000.0;Linker Verteidiger;Startaufstellung
2464610;Argentinien;Manchester City;Pablo Zabaleta;29;19000000.0;Rechter Verteidiger;Startaufstellung
2464610;Argentinien;FC Barcelona;Javier Mascherano;30;15000000.0;Defensives Mittelfeld;Startaufstellung
2464610;Argentinien;Lazio Rom;Lucas Biglia;28;7500000.0;Defensives Mittelfeld;Startaufstellung
2464610;Argentinien;FC Paris Saint-Germain;Ezequiel Lavezzi;29;21000000.0;Linksaußen;Startaufstellung
2464610;Argentinien;Benfica Lissabon;Enzo Pérez;28;11000000.0;Rechtsaußen;Startaufstellung
2464610;Argentinien;FC Barcelona;Lionel Messi;27;120000000.0;Hängende Spitze;Startaufstellung
2464610;Argentinien;SSC Neapel;Gonzalo Higuaín;26;38000000.0;Mittelstürmer;Startaufstellung
2464610;Niederlande;Newcastle United;Tim Krul;26;9000000.0;Torwart;Reservebank
2464610;Niederlande;Swansea City;Michel Vorm;30;7000000.0;Torwart;Reservebank
2464610;Niederlande;Feyenoord Rotterdam;Terence Kongolo;20;500000.0;Innenverteidiger;Reservebank
2464610;Niederlande;Feyenoord Rotterdam;Daryl Janmaat;24;5000000.0;Rechter Verteidiger;Reservebank
2464610;Niederlande;FC Augsburg;Paul Verhaegh;30;2000000.0;Rechter Verteidiger;Reservebank
2464610;Niederlande;Ajax Amsterdam;Joël Veltman;22;3500000.0;Innenverteidiger;Reservebank
2464610;Niederlande;Feyenoord Rotterdam;Jordy Clasie;23;7000000.0;Defensives Mittelfeld;Reservebank
2464610;Niederlande;Norwich City;Leroy Fer;24;8500000.0;Zentrales Mittelfeld;Reservebank
2464610;Niederlande;FC Villarreal;Jonathan de Guzmán;26;9000000.0;Defensives Mittelfeld;Reservebank
2464610;Niederlande;PSV Eindhoven;Memphis Depay;20;5000000.0;Linksaußen;Reservebank
2464610;Niederlande;Dynamo Kiew;Jeremain Lens;26;9000000.0;Mittelstürmer;Reservebank
2464610;Niederlande;FC Schalke 04;Klaas-Jan Huntelaar;30;12000000.0;Mittelstürmer;Reservebank
2464610;Argentinien;Club Atlético Boca Juniors;Agustín Orion;33;1000000.0;Torwart;Reservebank
2464610;Argentinien;SSC Neapel;Mariano Andújar;30;3800000.0;Torwart;Reservebank
2464610;Argentinien;CF Monterrey;José María Basanta;30;3500000.0;Linker Verteidiger;Reservebank
2464610;Argentinien;FC Internazionale;Hugo Campagnaro;34;4200000.0;Innenverteidiger;Reservebank
2464610;Argentinien;SSC Neapel;Federico Fernández;25;4000000.0;Innenverteidiger;Reservebank
2464610;Argentinien;Club Atlético Boca Juniors;Fernando Gago;28;4000000.0;Defensives Mittelfeld;Reservebank
2464610;Argentinien;Celta Vigo;Augusto Fernández;28;4000000.0;Rechtsaußen;Reservebank
2464610;Argentinien;FC Internazionale;Ricardo Álvarez;26;16500000.0;Offensives Mittelfeld;Reservebank
2464610;Argentinien;Club Atlético Newell's Old Boys;Maxi Rodríguez;33;2000000.0;Linksaußen;Reservebank
2464610;Argentinien;FC Internazionale;Rodrigo Palacio;32;12000000.0;Rechtsaußen;Reservebank
2464610;Argentinien;Manchester City;Sergio Agüero;26;45000000.0;Mittelstürmer;Reservebank
