GameId;team;club;name;age;value;position;role
2466306;Brasilien;Toronto FC;Júlio César;34;2500000.0;Torwart;Startaufstellung
2466306;Brasilien;FC Paris Saint-Germain;David Luiz;27;26000000.0;Innenverteidiger;Startaufstellung
2466306;Brasilien;FC Paris Saint-Germain;Thiago Silva;29;40000000.0;Innenverteidiger;Startaufstellung
2466306;Brasilien;FC Paris Saint-Germain;Maxwell;32;3500000.0;Linker Verteidiger;Startaufstellung
2466306;Brasilien;AS Rom;Maicon;32;3000000.0;Rechter Verteidiger;Startaufstellung
2466306;Brasilien;VfL Wolfsburg;Luiz Gustavo;26;22000000.0;Defensives Mittelfeld;Startaufstellung
2466306;Brasilien;Tottenham Hotspur;Paulinho;25;16000000.0;Zentrales Mittelfeld;Startaufstellung
2466306;Brasilien;FC Chelsea;Ramires;27;30000000.0;Rechtes Mittelfeld;Startaufstellung
2466306;Brasilien;FC Chelsea;Oscar;22;34000000.0;Offensives Mittelfeld;Startaufstellung
2466306;Brasilien;FC Chelsea;Willian;25;30000000.0;Linksaußen;Startaufstellung
2466306;Brasilien;Clube Atlético Mineiro;Jô;27;4000000.0;Mittelstürmer;Startaufstellung
2466306;Niederlande;Ajax Amsterdam;Jasper Cillessen;25;5000000.0;Torwart;Startaufstellung
2466306;Niederlande;Feyenoord Rotterdam;Bruno Martins Indi;22;6000000.0;Innenverteidiger;Startaufstellung
2466306;Niederlande;Aston Villa;Ron Vlaar;29;5000000.0;Innenverteidiger;Startaufstellung
2466306;Niederlande;Feyenoord Rotterdam;Stefan de Vrij;22;6000000.0;Innenverteidiger;Startaufstellung
2466306;Niederlande;Ajax Amsterdam;Daley Blind;24;6000000.0;Linker Verteidiger;Startaufstellung
2466306;Niederlande;Fenerbahce Istanbul;Dirk Kuyt;33;4000000.0;Rechter Verteidiger;Startaufstellung
2466306;Niederlande;Feyenoord Rotterdam;Jordy Clasie;23;7000000.0;Defensives Mittelfeld;Startaufstellung
2466306;Niederlande;FC Villarreal;Jonathan de Guzmán;26;9000000.0;Defensives Mittelfeld;Startaufstellung
2466306;Niederlande;PSV Eindhoven;Georginio Wijnaldum;23;7000000.0;Offensives Mittelfeld;Startaufstellung
2466306;Niederlande;FC Bayern München;Arjen Robben;30;30000000.0;Hängende Spitze;Startaufstellung
2466306;Niederlande;Manchester United;Robin van Persie;30;40000000.0;Mittelstürmer;Startaufstellung
2466306;Brasilien;Botafogo Rio de Janeiro;Jefferson;31;3000000.0;Torwart;Reservebank
2466306;Brasilien;Clube Atlético Mineiro;Victor;31;4000000.0;Torwart;Reservebank
2466306;Brasilien;FC Bayern München;Dante;30;15000000.0;Innenverteidiger;Reservebank
2466306;Brasilien;SSC Neapel;Henrique;27;5000000.0;Innenverteidiger;Reservebank
2466306;Brasilien;Real Madrid;Marcelo;26;25000000.0;Linker Verteidiger;Reservebank
2466306;Brasilien;FC Barcelona;Dani Alves;31;18000000.0;Rechter Verteidiger;Reservebank
2466306;Brasilien;Manchester City;Fernandinho;29;32000000.0;Defensives Mittelfeld;Reservebank
2466306;Brasilien;FC Internazionale;Hernanes;29;20000000.0;Zentrales Mittelfeld;Reservebank
2466306;Brasilien;Shakhtar Donetsk;Bernard;21;20000000.0;Linksaußen;Reservebank
2466306;Brasilien;Zenit St. Petersburg;Hulk;27;48000000.0;Rechtsaußen;Reservebank
2466306;Brasilien;Fluminense Rio de Janeiro;Fred;30;7000000.0;Mittelstürmer;Reservebank
2466306;Niederlande;Newcastle United;Tim Krul;26;9000000.0;Torwart;Reservebank
2466306;Niederlande;Swansea City;Michel Vorm;30;7000000.0;Torwart;Reservebank
2466306;Niederlande;Feyenoord Rotterdam;Terence Kongolo;20;500000.0;Innenverteidiger;Reservebank
2466306;Niederlande;Feyenoord Rotterdam;Daryl Janmaat;24;5000000.0;Rechter Verteidiger;Reservebank
2466306;Niederlande;FC Augsburg;Paul Verhaegh;30;2000000.0;Rechter Verteidiger;Reservebank
2466306;Niederlande;Ajax Amsterdam;Joël Veltman;22;3500000.0;Innenverteidiger;Reservebank
2466306;Niederlande;AC Mailand;Nigel de Jong;29;10000000.0;Defensives Mittelfeld;Reservebank
2466306;Niederlande;PSV Eindhoven;Memphis Depay;20;5000000.0;Linksaußen;Reservebank
2466306;Niederlande;Dynamo Kiew;Jeremain Lens;26;9000000.0;Mittelstürmer;Reservebank
2466306;Niederlande;FC Schalke 04;Klaas-Jan Huntelaar;30;12000000.0;Mittelstürmer;Reservebank
