GameId;team;club;name;age;value;position;role
2485599;Japan;Standard Lüttich;Eiji Kawashima;31;2000000.0;Torwart;Startaufstellung
2485599;Japan;FC Tokyo;Masato Morishige;27;1500000.0;Innenverteidiger;Startaufstellung
2485599;Japan;FC Southampton;Maya Yoshida;26;4500000.0;Innenverteidiger;Startaufstellung
2485599;Japan;Inter Mailand;Yuto Nagatomo;28;10000000.0;Linker Verteidiger;Startaufstellung
2485599;Japan;VfB Stuttgart;Gotoku Sakai;23;3000000.0;Rechter Verteidiger;Startaufstellung
2485599;Japan;Eintracht Frankfurt;Makoto Hasebe;30;2500000.0;Defensives Mittelfeld;Startaufstellung
2485599;Japan;Gamba Osaka;Yasuhito Endo;34;1250000.0;Zentrales Mittelfeld;Startaufstellung
2485599;Japan;Borussia Dortmund;Shinji Kagawa;25;15000000.0;Zentrales Mittelfeld;Startaufstellung
2485599;Japan;Eintracht Frankfurt;Takashi Inui;26;2250000.0;Linksaußen;Startaufstellung
2485599;Japan;AC Mailand;Keisuke Honda;28;14000000.0;Rechtsaußen;Startaufstellung
2485599;Japan;1.FSV Mainz 05;Shinji Okazaki;28;5500000.0;Mittelstürmer;Startaufstellung
2485599;Palästina;Masr El Makasa;Ramzi Saleh;34;100000.0;Torwart;Startaufstellung
2485599;Palästina;Markaz Shabab Al-Am'ari;Ahmed Harbi;28;100000.0;Innenverteidiger;Startaufstellung
2485599;Palästina;Al-Wehdat;Abdelatif Al Bahdari;30;250000.0;Innenverteidiger;Startaufstellung
2485599;Palästina;;Abdallah Jaber;21;100000.0;Linker Verteidiger;Startaufstellung
2485599;Palästina;;Mus'ab Al-Batat;21;100000.0;Rechter Verteidiger;Startaufstellung
2485599;Palästina;;Khader Youssef Abuhammad;30;100000.0;Defensives Mittelfeld;Startaufstellung
2485599;Palästina;;Murad Said;32;100000.0;Zentrales Mittelfeld;Startaufstellung
2485599;Palästina;Jabal Al Mokaber;Ismail Al-Amour;30;100000.0;Rechtes Mittelfeld;Startaufstellung
2485599;Palästina;Al-Faisaly Harmah;Ashraf Nu'man;28;100000.0;Linkes Mittelfeld;Startaufstellung
2485599;Palästina;;Abdelhamid Abuhabib;25;100000.0;Offensives Mittelfeld;Startaufstellung
2485599;Palästina;Nyköpings BIS;Mahmoud Eid;21;100000.0;Mittelstürmer;Startaufstellung
2485599;Japan;Urawa Red Diamonds;Shusaku Nishikawa;28;1500000.0;Torwart;Reservebank
2485599;Japan;Gamba Osaka;Masaaki Higashiguchi;28;800000.0;Torwart;Reservebank
2485599;Japan;Kashima Antlers;Naomichi Ueda;20;100000.0;Innenverteidiger;Reservebank
2485599;Japan;Sanfrecce Hiroshima;Tsukasa Shiotani;26;1000000.0;Innenverteidiger;Reservebank
2485599;Japan;Kashima Antlers;Gen Shoji;22;250000.0;Innenverteidiger;Reservebank
2485599;Japan;FC Tokyo;Kosuke Ota;27;1000000.0;Linker Verteidiger;Reservebank
2485599;Japan;Gamba Osaka;Yasuyuki Konno;31;1000000.0;Defensives Mittelfeld;Reservebank
2485599;Japan;Kashima Antlers;Gaku Shibasaki;22;1000000.0;Zentrales Mittelfeld;Reservebank
2485599;Japan;Hannover 96;Hiroshi Kiyotake;25;4500000.0;Offensives Mittelfeld;Reservebank
2485599;Japan;Sagan Tosu;Yohei Toyoda;29;1200000.0;Mittelstürmer;Reservebank
2485599;Japan;Kawasaki Frontale;Yu Kobayashi;27;850000.0;Mittelstürmer;Reservebank
2485599;Japan;FC Tokyo;Yoshinori Muto;22;800000.0;Mittelstürmer;Reservebank
2485599;Palästina;;Toufic Ali Abuhammad;24;100000.0;Torwart;Reservebank
2485599;Palästina;;Rami Hamada;20;100000.0;Torwart;Reservebank
2485599;Palästina;;Tamer Salah;28;100000.0;Abwehr;Reservebank
2485599;Palästina;;Raed Fares;32;100000.0;Linker Verteidiger;Reservebank
2485599;Palästina;GKS Belchatow;Alexis Norambuena;30;350000.0;Linker Verteidiger;Reservebank
2485599;Palästina;Jerusalem Hilal Al-Quds;Hussam Abu Saleh;32;100000.0;Rechter Verteidiger;Reservebank
2485599;Palästina;;Hesham Salhe;27;100000.0;Mittelfeld;Reservebank
2485599;Palästina;;Ahmad Maher Wridat;23;100000.0;Mittelfeld;Reservebank
2485599;Palästina;;Mousa Abu Jazar;27;100000.0;Zentrales Mittelfeld;Reservebank
2485599;Palästina;;Khaled Salem;25;100000.0;Sturm;Reservebank
2485599;Palästina;NK Krka;Jaka Ihbeisheh;28;200000.0;Rechtsaußen;Reservebank
