GameId;team;club;name;age;value;position;role
2515882;Elfenbeinküste;TP Mazembe;Sylvain Gbohouo;26;500000.0;Torwart;Startaufstellung
2515882;Elfenbeinküste;FC Liverpool;Kolo Touré;33;3000000.0;Innenverteidiger;Startaufstellung
2515882;Elfenbeinküste;Espanyol Barcelona;Eric Bailly;20;500000.0;Innenverteidiger;Startaufstellung
2515882;Elfenbeinküste;ADO Den Haag;Wilfried Kanon;21;500000.0;Linker Verteidiger;Startaufstellung
2515882;Elfenbeinküste;FC Paris Saint-Germain;Serge Aurier;22;10000000.0;Rechter Verteidiger;Startaufstellung
2515882;Elfenbeinküste;Newcastle United;Cheik Tioté †;28;8000000.0;Defensives Mittelfeld;Startaufstellung
2515882;Elfenbeinküste;FC Basel 1893;Geoffroy Serey Dié;30;3000000.0;Defensives Mittelfeld;Startaufstellung
2515882;Elfenbeinküste;Manchester City;Yaya Touré;31;30000000.0;Offensives Mittelfeld;Startaufstellung
2515882;Elfenbeinküste;AS Rom;Gervinho;27;18500000.0;Linksaußen;Startaufstellung
2515882;Elfenbeinküste;Hertha BSC;Salomon Kalou;29;7000000.0;Rechtsaußen;Startaufstellung
2515882;Elfenbeinküste;Manchester City;Wilfried Bony;26;17000000.0;Mittelstürmer;Startaufstellung
2515882;Guinea;Athlétic Club Arlésien;Naby-Moussa Yattara;31;250000.0;Torwart;Startaufstellung
2515882;Guinea;;Fode Camara;26;100000.0;Innenverteidiger;Startaufstellung
2515882;Guinea;AS Saint-Étienne;Florentin Pogba;24;2000000.0;Innenverteidiger;Startaufstellung
2515882;Guinea;FC Toulouse;Issiaga Sylla;21;2500000.0;Linker Verteidiger;Startaufstellung
2515882;Guinea;EA Guingamp;Baissama Sankoh;22;500000.0;Rechter Verteidiger;Startaufstellung
2515882;Guinea;CD Nacional;Boubacar Fofana;25;100000.0;Defensives Mittelfeld;Startaufstellung
2515882;Guinea;Trabzonspor;Kévin Constant;27;4500000.0;Zentrales Mittelfeld;Startaufstellung
2515882;Guinea;Red Bull Salzburg;Naby Keïta;19;1500000.0;Zentrales Mittelfeld;Startaufstellung
2515882;Guinea;RSC Anderlecht;Ibrahima Conté;23;3000000.0;Linksaußen;Startaufstellung
2515882;Guinea;Borussia Mönchengladbach;Ibrahima Traoré;26;5000000.0;Rechtsaußen;Startaufstellung
2515882;Guinea;Olympique Lyon;Mohamed Yattara;21;1500000.0;Mittelstürmer;Startaufstellung
2515882;Elfenbeinküste;KSC Lokeren;Boubacar Copa;35;1000000.0;Torwart;Reservebank
2515882;Elfenbeinküste;Stabaek IF;Mandé Sayouba;21;700000.0;Torwart;Reservebank
2515882;Elfenbeinküste;Caykur Rizespor;Ousmane Viera;28;3000000.0;Innenverteidiger;Reservebank
2515882;Elfenbeinküste;HSC Montpellier;Siaka Tiéné;32;1000000.0;Linker Verteidiger;Reservebank
2515882;Elfenbeinküste;FC Metz;Cheick Doukouré;22;1250000.0;Defensives Mittelfeld;Reservebank
2515882;Elfenbeinküste;AS Saint-Étienne;Ismaël Diomandé;22;2000000.0;Defensives Mittelfeld;Reservebank
2515882;Elfenbeinküste;FC Toulouse;Jean-Daniel Akpa Akpro;22;2500000.0;Zentrales Mittelfeld;Reservebank
2515882;Elfenbeinküste;AS Saint-Étienne;Max Gradel;27;3500000.0;Linksaußen;Reservebank
2515882;Elfenbeinküste;ZSKA Moskau;Seydou Doumbia;27;25000000.0;Mittelstürmer;Reservebank
2515882;Elfenbeinküste;SC Bastia;Junior Tallo;22;2000000.0;Mittelstürmer;Reservebank
2515882;Elfenbeinküste;AS Monaco;Lacina Traoré;24;8000000.0;Mittelstürmer;Reservebank
2515882;Guinea;AS Kaloum;Abdul Aziz Keita;24;150000.0;Torwart;Reservebank
2515882;Guinea;UCAM Murcia;Buba Camara;21;100000.0;Torwart;Reservebank
2515882;Guinea;Odense Boldklub;Mohammed Diarra;22;400000.0;Innenverteidiger;Reservebank
2515882;Guinea;SCO Angers B;Abdoulaye Cissé;20;100000.0;Innenverteidiger;Reservebank
2515882;Guinea;RC Mechelen;Lanfia Camara;28;150000.0;Linker Verteidiger;Reservebank
2515882;Guinea;SV Zulte Waregem;Djibril Tamsir Paye;24;350000.0;Linker Verteidiger;Reservebank
2515882;Guinea;Genclerbirligi Ankara;Guy-Michel Landel;24;700000.0;Zentrales Mittelfeld;Reservebank
2515882;Guinea;SCO Angers;Abdoul Camara;24;1000000.0;Mittelstürmer;Reservebank
2515882;Guinea;SC Bastia;François Kamano;18;500000.0;Linksaußen;Reservebank
2515882;Guinea;Slovan Bratislava;Seydouba Soumah;23;350000.0;Hängende Spitze;Reservebank
2515882;Guinea;SV Zulte Waregem;Idrissa Sylla;24;1500000.0;Mittelstürmer;Reservebank
