GameId;team;club;name;age;value;position;role
2515880;Ghana;CD Mirandés;Brimah Razak;27;500000.0;Torwart;Startaufstellung
2515880;Ghana;Maritzburg United FC;Mohamed Awal;26;350000.0;Innenverteidiger;Startaufstellung
2515880;Ghana;FC Évian Thonon Gaillard;Jonathan Mensah;24;1500000.0;Innenverteidiger;Startaufstellung
2515880;Ghana;FC Kopenhagen;Daniel Amartey;20;1000000.0;Innenverteidiger;Startaufstellung
2515880;Ghana;Udinese Calcio;Emmanuel Badu;24;5000000.0;Defensives Mittelfeld;Startaufstellung
2515880;Ghana;Kuban Krasnodar;Rabiu Mohammed;25;3000000.0;Zentrales Mittelfeld;Startaufstellung
2515880;Ghana;Esperance Tunis;Harrison Afful;28;1100000.0;Rechtes Mittelfeld;Startaufstellung
2515880;Ghana;FC Augsburg;Abdul Rahman Baba;20;3000000.0;Linkes Mittelfeld;Startaufstellung
2515880;Ghana;Olympique Marseille;André Ayew;25;12000000.0;Linksaußen;Startaufstellung
2515880;Ghana;FC Everton;Christian Atsu;23;6000000.0;Rechtsaußen;Startaufstellung
2515880;Ghana;FC Lorient;Jordan Ayew;23;4500000.0;Mittelstürmer;Startaufstellung
2515880;Senegal;Ethnikos Achnas;Bouna Coundoul;32;250000.0;Torwart;Startaufstellung
2515880;Senegal;FC Nantes;Papy Djilobodji;26;6000000.0;Innenverteidiger;Startaufstellung
2515880;Senegal;KRC Genk;Kara;25;4000000.0;Innenverteidiger;Startaufstellung
2515880;Senegal;FC Girondins Bordeaux;Lamine Sané;27;5000000.0;Innenverteidiger;Startaufstellung
2515880;Senegal;West Ham United;Cheikhou Kouyaté;25;7000000.0;Defensives Mittelfeld;Startaufstellung
2515880;Senegal;UD Levante;Pape Diop;28;5000000.0;Zentrales Mittelfeld;Startaufstellung
2515880;Senegal;LOSC Lille;Idrissa Gueye;25;6000000.0;Zentrales Mittelfeld;Startaufstellung
2515880;Senegal;Brann Bergen;Stéphane Badji;25;900000.0;Rechtes Mittelfeld;Startaufstellung
2515880;Senegal;LOSC Lille;Pape Souaré;24;3500000.0;Linkes Mittelfeld;Startaufstellung
2515880;Senegal;Stoke City;Mame Diouf;27;9000000.0;Mittelstürmer;Startaufstellung
2515880;Senegal;Lokomotiv Moskau;Dame N'Doye;29;10000000.0;Mittelstürmer;Startaufstellung
2515880;Ghana;CS Don Bosco;Ernest Sowah;26;150000.0;Torwart;Reservebank
2515880;Ghana;Ashanti Gold SC;Fatau Dauda;29;250000.0;Torwart;Reservebank
2515880;Ghana;Mpumalanga Black Aces FC;Edwin Gyimah;23;350000.0;Defensives Mittelfeld;Reservebank
2515880;Ghana;Celtic Glasgow;Mubarak Wakaso;24;5000000.0;Linkes Mittelfeld;Reservebank
2515880;Ghana;Parma FC;Afriyie Acquah;23;3000000.0;Defensives Mittelfeld;Reservebank
2515880;Ghana;RSC Anderlecht;Frank Acheampong;21;4000000.0;Linksaußen;Reservebank
2515880;Ghana;Chicago Fire;David Accam;24;1500000.0;Linksaußen;Reservebank
2515880;Ghana;TP Mazembe;Solomon Asanté;24;250000.0;Rechtsaußen;Reservebank
2515880;Ghana;Crystal Palace;Kwesi Appiah;24;150000.0;Mittelstürmer;Reservebank
2515880;Ghana;Sogndal IL;Mahatma Otoo;22;500000.0;Mittelstürmer;Reservebank
2515880;Senegal;Trapani Calcio;Lys Gomis;25;100000.0;Torwart;Reservebank
2515880;Senegal;FC Sochaux-Montbéliard;Papa Demba Camara;22;250000.0;Torwart;Reservebank
2515880;Senegal;AC Le Havre;Zargo Touré;25;800000.0;Innenverteidiger;Reservebank
2515880;Senegal;Hannover 96;Salif Sané;24;1000000.0;Innenverteidiger;Reservebank
2515880;Senegal;FC Stade Rennes;Cheikh M'Bengue;26;2500000.0;Linker Verteidiger;Reservebank
2515880;Senegal;FC Lorient;Lamine Gassama;25;1250000.0;Rechter Verteidiger;Reservebank
2515880;Senegal;Real Betis Sevilla;Alfred N'Diaye;24;3500000.0;Defensives Mittelfeld;Reservebank
2515880;Senegal;FC Girondins Bordeaux;Henri Saivet;24;4000000.0;Hängende Spitze;Reservebank
2515880;Senegal;FC Southampton;Sadio Mané;22;10000000.0;Linksaußen;Reservebank
2515880;Senegal;Fenerbahce Istanbul;Moussa Sow;29;16000000.0;Mittelstürmer;Reservebank
2515880;Senegal;Newcastle United;Papiss Demba Cissé;29;7000000.0;Mittelstürmer;Reservebank
2515880;Senegal;FC Sion;Moussa Konaté;21;1000000.0;Mittelstürmer;Reservebank
