GameId;team;club;name;age;value;position;role
2515898;Kamerun;FC Barcelona B;Fabrice Ondoa;19;100000.0;Torwart;Startaufstellung
2515898;Kamerun;Olympique Marseille;Nicolas N'Koulou;24;13000000.0;Innenverteidiger;Startaufstellung
2515898;Kamerun;Galatasaray Istanbul;Aurélien Chedjou;29;8000000.0;Innenverteidiger;Startaufstellung
2515898;Kamerun;Olympique Lyon;Henri Bedimo;30;3500000.0;Linker Verteidiger;Startaufstellung
2515898;Kamerun;Valenciennes FC ;Jérôme Guihoata;20;300000.0;Rechter Verteidiger;Startaufstellung
2515898;Kamerun;Kayseri Erciyesspor;Georges Mandjeck;26;800000.0;Defensives Mittelfeld;Startaufstellung
2515898;Kamerun;FC Sevilla;Stéphane Mbia;28;10000000.0;Defensives Mittelfeld;Startaufstellung
2515898;Kamerun;Académica Coimbra;Edgar Salli;22;750000.0;Linksaußen;Startaufstellung
2515898;Kamerun;Stade Reims;Benjamin Moukandjo;26;2000000.0;Rechtsaußen;Startaufstellung
2515898;Kamerun;FC Schalke 04;Eric Maxim Choupo-Moting;25;7500000.0;Hängende Spitze;Startaufstellung
2515898;Kamerun;FC Zürich;Franck Etoundi;24;1000000.0;Mittelstürmer;Startaufstellung
2515898;Elfenbeinküste;TP Mazembe;Sylvain Gbohouo;26;500000.0;Torwart;Startaufstellung
2515898;Elfenbeinküste;ADO Den Haag;Wilfried Kanon;21;500000.0;Innenverteidiger;Startaufstellung
2515898;Elfenbeinküste;FC Liverpool;Kolo Touré;33;3000000.0;Innenverteidiger;Startaufstellung
2515898;Elfenbeinküste;Espanyol Barcelona;Eric Bailly;20;1000000.0;Innenverteidiger;Startaufstellung
2515898;Elfenbeinküste;FC Basel 1893;Geoffroy Serey Dié;30;3000000.0;Defensives Mittelfeld;Startaufstellung
2515898;Elfenbeinküste;Manchester City;Yaya Touré;31;30000000.0;Zentrales Mittelfeld;Startaufstellung
2515898;Elfenbeinküste;FC Paris Saint-Germain;Serge Aurier;22;10000000.0;Rechtes Mittelfeld;Startaufstellung
2515898;Elfenbeinküste;HSC Montpellier;Siaka Tiéné;32;1000000.0;Linkes Mittelfeld;Startaufstellung
2515898;Elfenbeinküste;ZSKA Moskau;Seydou Doumbia;27;25000000.0;Linksaußen;Startaufstellung
2515898;Elfenbeinküste;AS Saint-Étienne;Max Gradel;27;3500000.0;Rechtsaußen;Startaufstellung
2515898;Elfenbeinküste;Manchester City;Wilfried Bony;26;17000000.0;Mittelstürmer;Startaufstellung
2515898;Kamerun;;Pierre Sylvain Abogo;17;100000.0;Torwart;Reservebank
2515898;Kamerun;AS Nancy-Lorraine;Guy Ndy Assembé;28;800000.0;Torwart;Reservebank
2515898;Kamerun;FC Barcelona B;Macky Bagnack;19;1000000.0;Innenverteidiger;Reservebank
2515898;Kamerun;;Cedric Djeugoue;22;100000.0;Innenverteidiger;Reservebank
2515898;Kamerun;Montreal Impact;Ambroise Oyongo;23;100000.0;Linker Verteidiger;Reservebank
2515898;Kamerun;CA Osasuna;Raoul Loé;25;1800000.0;Defensives Mittelfeld;Reservebank
2515898;Kamerun;Standard Lüttich;Eyong Enoh;28;1500000.0;Defensives Mittelfeld;Reservebank
2515898;Kamerun;Etoile Sportive du Sahel;Franck Kom;23;650000.0;Defensives Mittelfeld;Reservebank
2515898;Kamerun;FC Córdoba;Patrick Ekeng †;24;800000.0;Zentrales Mittelfeld;Reservebank
2515898;Kamerun;Caykur Rizespor;Léonard Kweuke;27;2600000.0;Mittelstürmer;Reservebank
2515898;Kamerun;Olympique Lyon;Clinton N'Jie;21;3000000.0;Linksaußen;Reservebank
2515898;Kamerun;FC Porto;Vincent Aboubakar;23;5500000.0;Mittelstürmer;Reservebank
2515898;Elfenbeinküste;KSC Lokeren;Boubacar Copa;35;1000000.0;Torwart;Reservebank
2515898;Elfenbeinküste;Stabaek IF;Mandé Sayouba;21;700000.0;Torwart;Reservebank
2515898;Elfenbeinküste;Caykur Rizespor;Ousmane Viera;28;2400000.0;Innenverteidiger;Reservebank
2515898;Elfenbeinküste;FC Metz;Cheick Doukouré;22;1250000.0;Defensives Mittelfeld;Reservebank
2515898;Elfenbeinküste;AS Saint-Étienne;Ismaël Diomandé;22;2000000.0;Defensives Mittelfeld;Reservebank
2515898;Elfenbeinküste;FC Toulouse;Jean-Daniel Akpa Akpro;22;2500000.0;Zentrales Mittelfeld;Reservebank
2515898;Elfenbeinküste;Hertha BSC;Salomon Kalou;29;7000000.0;Linksaußen;Reservebank
2515898;Elfenbeinküste;TP Mazembe;Roger Assalé;21;500000.0;Mittelstürmer;Reservebank
2515898;Elfenbeinküste;SC Bastia;Junior Tallo;22;2000000.0;Mittelstürmer;Reservebank
2515898;Elfenbeinküste;AS Monaco;Lacina Traoré;24;8000000.0;Mittelstürmer;Reservebank
