GameId;team;club;name;age;value;position;role
2515883;Mali;Esteghlal Khuzestan;Soumbeyla Diakite;30;200000.0;Torwart;Startaufstellung
2515883;Mali;TP Mazembe;Salif Coulibaly;26;250000.0;Innenverteidiger;Startaufstellung
2515883;Mali;Udinese Calcio;Molla Wagué;23;600000.0;Innenverteidiger;Startaufstellung
2515883;Mali;Randers FC;Adama Tamboura;29;450000.0;Linker Verteidiger;Startaufstellung
2515883;Mali;SC Bastia;Drissa Diakité;29;1000000.0;Rechter Verteidiger;Startaufstellung
2515883;Mali;Kayseri Erciyesspor;Yacouba Sylla;24;1500000.0;Defensives Mittelfeld;Startaufstellung
2515883;Mali;SV Zulte Waregem;Mamoutou N'Diaye;24;800000.0;Defensives Mittelfeld;Startaufstellung
2515883;Mali;AS Rom;Seydou Keita;35;1000000.0;Offensives Mittelfeld;Startaufstellung
2515883;Mali;Wolverhampton Wanderers;Bakary Sako;26;4000000.0;Linksaußen;Startaufstellung
2515883;Mali;EA Guingamp;Sambou Yatabaré;25;1750000.0;Rechtsaußen;Startaufstellung
2515883;Mali;Trabzonspor;Mustapha Yatabaré;28;2750000.0;Mittelstürmer;Startaufstellung
2515883;Kamerun;FC Barcelona B;Fabrice Ondoa;19;100000.0;Torwart;Startaufstellung
2515883;Kamerun;Olympique Marseille;Nicolas N'Koulou;24;13000000.0;Innenverteidiger;Startaufstellung
2515883;Kamerun;Galatasaray Istanbul;Aurélien Chedjou;29;9000000.0;Innenverteidiger;Startaufstellung
2515883;Kamerun;Olympique Lyon;Henri Bedimo;30;3500000.0;Linker Verteidiger;Startaufstellung
2515883;Kamerun;New York Red Bulls;Ambroise Oyongo;23;100000.0;Rechter Verteidiger;Startaufstellung
2515883;Kamerun;CA Osasuna;Raoul Loé;25;1800000.0;Defensives Mittelfeld;Startaufstellung
2515883;Kamerun;Standard Lüttich;Eyong Enoh;28;1500000.0;Defensives Mittelfeld;Startaufstellung
2515883;Kamerun;Académica Coimbra;Edgar Salli;22;750000.0;Linksaußen;Startaufstellung
2515883;Kamerun;Stade Reims;Benjamin Moukandjo;26;2000000.0;Rechtsaußen;Startaufstellung
2515883;Kamerun;FC Schalke 04;Eric Maxim Choupo-Moting;25;7500000.0;Hängende Spitze;Startaufstellung
2515883;Kamerun;FC Porto;Vincent Aboubakar;22;5500000.0;Mittelstürmer;Startaufstellung
2515883;Mali;AS Onze Créateurs de Niaréla;Germain Berthe;21;75000.0;Torwart;Reservebank
2515883;Mali;Cercle Olympique Bamako;Abdoulaye Samake;28;75000.0;Torwart;Reservebank
2515883;Mali;FC Tours;Fousseni Diawara;34;250000.0;Innenverteidiger;Reservebank
2515883;Mali;Hassania d'Agadir;Idrissa Coulibaly;27;150000.0;Innenverteidiger;Reservebank
2515883;Mali;Al-Ahly Tripoli;Mohamed Konate;22;75000.0;Innenverteidiger;Reservebank
2515883;Mali;Platanias Chania;Ousmane Coulibaly;25;1000000.0;Rechter Verteidiger;Reservebank
2515883;Mali;FC Toulouse;Tongo Doumbia;25;2000000.0;Defensives Mittelfeld;Reservebank
2515883;Mali;FC Girondins Bordeaux;Abdou Traoré;27;1000000.0;Rechtsaußen;Reservebank
2515883;Mali;Valenciennes FC ;Sigamary Diarra;31;800000.0;Linkes Mittelfeld;Reservebank
2515883;Mali;Royal Mouscron-Péruwelz;Abdoulay Diaby;23;2000000.0;Mittelstürmer;Reservebank
2515883;Mali;FC Metz;Modibo Maïga;27;1750000.0;Mittelstürmer;Reservebank
2515883;Mali;Al Merreikh Omdurman;Mohamed Traoré;26;200000.0;Mittelstürmer;Reservebank
2515883;Kamerun;;Pierre Sylvain Abogo;16;100000.0;Torwart;Reservebank
2515883;Kamerun;AS Nancy-Lorraine;Guy Ndy Assembé;28;800000.0;Torwart;Reservebank
2515883;Kamerun;Valenciennes FC ;Jérôme Guihoata;20;300000.0;Innenverteidiger;Reservebank
2515883;Kamerun;FC Barcelona B;Macky Bagnack;19;1000000.0;Innenverteidiger;Reservebank
2515883;Kamerun;;Cedric Djeugoue;22;100000.0;Innenverteidiger;Reservebank
2515883;Kamerun;Kayseri Erciyesspor;Georges Mandjeck;26;1000000.0;Defensives Mittelfeld;Reservebank
2515883;Kamerun;Etoile Sportive du Sahel;Franck Kom;23;650000.0;Defensives Mittelfeld;Reservebank
2515883;Kamerun;FC Córdoba;Patrick Ekeng †;24;800000.0;Zentrales Mittelfeld;Reservebank
2515883;Kamerun;Caykur Rizespor;Léonard Kweuke;27;3000000.0;Mittelstürmer;Reservebank
2515883;Kamerun;Olympique Lyon;Clinton N'Jie;21;3000000.0;Mittelstürmer;Reservebank
2515883;Kamerun;FC Zürich;Franck Etoundi;24;1000000.0;Mittelstürmer;Reservebank
