GameId;team;club;name;age;value;position;role
2515889;Ghana;CD Mirandés;Brimah Razak;27;500000.0;Torwart;Startaufstellung
2515889;Ghana;FC Évian Thonon Gaillard;Jonathan Mensah;24;1500000.0;Innenverteidiger;Startaufstellung
2515889;Ghana;FC Kopenhagen;Daniel Amartey;20;1000000.0;Innenverteidiger;Startaufstellung
2515889;Ghana;FC Augsburg;Abdul Rahman Baba;20;3000000.0;Linker Verteidiger;Startaufstellung
2515889;Ghana;Esperance Tunis;Harrison Afful;28;1100000.0;Rechter Verteidiger;Startaufstellung
2515889;Ghana;Parma FC;Afriyie Acquah;23;3000000.0;Zentrales Mittelfeld;Startaufstellung
2515889;Ghana;Udinese Calcio;Emmanuel Badu;24;5000000.0;Zentrales Mittelfeld;Startaufstellung
2515889;Ghana;Olympique Marseille;André Ayew;25;12000000.0;Linksaußen;Startaufstellung
2515889;Ghana;FC Everton;Christian Atsu;23;6000000.0;Rechtsaußen;Startaufstellung
2515889;Ghana;Al-Ain FC;Asamoah Gyan;29;4000000.0;Mittelstürmer;Startaufstellung
2515889;Ghana;FC Lorient;Jordan Ayew;23;4500000.0;Mittelstürmer;Startaufstellung
2515889;Algerien;Philadelphia Union;Raïs M'Bolhi;28;1000000.0;Torwart;Startaufstellung
2515889;Algerien;Al-Fujairah SC;Madjid Bougherra;32;1200000.0;Innenverteidiger;Startaufstellung
2515889;Algerien;Trabzonspor;Carl Medjani;29;2000000.0;Innenverteidiger;Startaufstellung
2515889;Algerien;SSC Neapel;Faouzi Ghoulam;23;7000000.0;Linker Verteidiger;Startaufstellung
2515889;Algerien;Stade Reims;Aïssa Mandi;23;3000000.0;Rechter Verteidiger;Startaufstellung
2515889;Algerien;FC Getafe;Mehdi Lacen;30;2000000.0;Defensives Mittelfeld;Startaufstellung
2515889;Algerien;Tottenham Hotspur;Nabil Bentaleb;20;3000000.0;Zentrales Mittelfeld;Startaufstellung
2515889;Algerien;US Sassuolo;Saphir Taider;22;8000000.0;Zentrales Mittelfeld;Startaufstellung
2515889;Algerien;FC Porto;Yacine Brahimi;24;7500000.0;Linksaußen;Startaufstellung
2515889;Algerien;FC Valencia;Sofiane Feghouli;25;15000000.0;Rechtsaußen;Startaufstellung
2515889;Algerien;Parma FC;Ishak Belfodil;23;4000000.0;Mittelstürmer;Startaufstellung
2515889;Ghana;CS Don Bosco;Ernest Sowah;26;150000.0;Torwart;Reservebank
2515889;Ghana;Ashanti Gold SC;Fatau Dauda;29;250000.0;Torwart;Reservebank
2515889;Ghana;Maritzburg United FC;Mohamed Awal;26;350000.0;Innenverteidiger;Reservebank
2515889;Ghana;Kayseri Erciyesspor;John Boye;27;2000000.0;Innenverteidiger;Reservebank
2515889;Ghana;Mpumalanga Black Aces FC;Edwin Gyimah;23;350000.0;Defensives Mittelfeld;Reservebank
2515889;Ghana;Kuban Krasnodar;Rabiu Mohammed;25;3000000.0;Defensives Mittelfeld;Reservebank
2515889;Ghana;Celtic Glasgow;Mubarak Wakaso;24;5000000.0;Zentrales Mittelfeld;Reservebank
2515889;Ghana;RSC Anderlecht;Frank Acheampong;21;4000000.0;Linksaußen;Reservebank
2515889;Ghana;Chicago Fire;David Accam;24;1500000.0;Linksaußen;Reservebank
2515889;Ghana;TP Mazembe;Solomon Asanté;24;250000.0;Linksaußen;Reservebank
2515889;Ghana;Crystal Palace;Kwesi Appiah;24;150000.0;Mittelstürmer;Reservebank
2515889;Ghana;Sogndal IL;Mahatma Otoo;22;500000.0;Mittelstürmer;Reservebank
2515889;Algerien;JS Kabylie;Azzedine Doukha;28;550000.0;Torwart;Reservebank
2515889;Algerien;CS Constantine;Cédric;30;500000.0;Torwart;Reservebank
2515889;Algerien;CA Osasuna;Liassine Cadamuro;26;700000.0;Innenverteidiger;Reservebank
2515889;Algerien;Qatar Sports Club;Rafik Halliche;28;1200000.0;Innenverteidiger;Reservebank
2515889;Algerien;Sampdoria Genua;Djamel Mesbah;30;700000.0;Linker Verteidiger;Reservebank
2515889;Algerien;Olympique Lyon;Mehdi Zeffane;22;1250000.0;Rechter Verteidiger;Reservebank
2515889;Algerien;FC Metz;Ahmed Kashi;26;1000000.0;Defensives Mittelfeld;Reservebank
2515889;Algerien;Real Betis Sevilla;Foued Kadir;31;1500000.0;Linksaußen;Reservebank
2515889;Algerien;Leicester City;Riyad Mahrez;23;2000000.0;Offensives Mittelfeld;Reservebank
2515889;Algerien;GNK Dinamo Zagreb;El Arbi Hillel Soudani;27;6000000.0;Rechtsaußen;Reservebank
2515889;Algerien;Club Africain Tunis;Abdelmoumene Djabou;27;1400000.0;Rechtsaußen;Reservebank
2515889;Algerien;Sporting Lissabon;Islam Slimani;26;6000000.0;Mittelstürmer;Reservebank
