GameId;team;club;name;age;value;position;role
2515895;Demokratische Republik Kongo;TP Mazembe;Robert Muteba Kidiaba;38;500000.0;Torwart;Startaufstellung
2515895;Demokratische Republik Kongo;TP Mazembe;Joël Kimwaki;28;400000.0;Innenverteidiger;Startaufstellung
2515895;Demokratische Republik Kongo;FC Évian Thonon Gaillard;Cédric Mongongu;25;2000000.0;Innenverteidiger;Startaufstellung
2515895;Demokratische Republik Kongo;TP Mazembe;Kilitcho Kasusula;32;300000.0;Linker Verteidiger;Startaufstellung
2515895;Demokratische Republik Kongo;Kabuscorp SC do Palanca;Issama Mpeko;28;150000.0;Rechter Verteidiger;Startaufstellung
2515895;Demokratische Republik Kongo;RSC Anderlecht;Chancel Mbemba;20;6000000.0;Defensives Mittelfeld;Startaufstellung
2515895;Demokratische Republik Kongo;SV Werder Bremen;Cédric Makiadi;30;1500000.0;Zentrales Mittelfeld;Startaufstellung
2515895;Demokratische Republik Kongo;CA Osasuna;Cedrick;22;1200000.0;Offensives Mittelfeld;Startaufstellung
2515895;Demokratische Republik Kongo;Crystal Palace;Yannick Bolasie;25;4000000.0;Linksaußen;Startaufstellung
2515895;Demokratische Republik Kongo;;Firmin Mubele;20;100000.0;Rechtsaußen;Startaufstellung
2515895;Demokratische Republik Kongo;Dynamo Kiew;Dieumerci Mbokani;29;10000000.0;Mittelstürmer;Startaufstellung
2515895;Tunesien;Etoile Sportive du Sahel;Balbouli;30;450000.0;Torwart;Startaufstellung
2515895;Tunesien;AS Monaco;Aymen Abdennour;25;10000000.0;Innenverteidiger;Startaufstellung
2515895;Tunesien;Astra Giurgiu;Syam Ben Youssef;25;1600000.0;Innenverteidiger;Startaufstellung
2515895;Tunesien;Esperance Tunis;Mohamed Ali Yaakoubi;24;550000.0;Innenverteidiger;Startaufstellung
2515895;Tunesien;Club Sportif Sfaxien;Ali Maâloul;25;700000.0;Linker Verteidiger;Startaufstellung
2515895;Tunesien;Club Bizertin;Hamza Mathlouthi;22;500000.0;Rechter Verteidiger;Startaufstellung
2515895;Tunesien;Esperance Tunis;Hocine Ragued;31;700000.0;Defensives Mittelfeld;Startaufstellung
2515895;Tunesien;FC Metz;Ferjani Sassi;22;800000.0;Zentrales Mittelfeld;Startaufstellung
2515895;Tunesien;FC Girondins Bordeaux;Wahbi Khazri;23;6000000.0;Linksaußen;Startaufstellung
2515895;Tunesien;FC Zürich;Yassine Chikhaoui;28;2000000.0;Rechtsaußen;Startaufstellung
2515895;Tunesien;Esperance Tunis;Ahmed Akaichi;25;950000.0;Mittelstürmer;Startaufstellung
2515895;Demokratische Republik Kongo;RSC Charleroi;Parfait Mandanda;25;800000.0;Torwart;Reservebank
2515895;Demokratische Republik Kongo;RSC Anderlecht;Nicaise Kudimbana;28;300000.0;Torwart;Reservebank
2515895;Demokratische Republik Kongo;Peterborough United;Gabriel Zakuani;28;400000.0;Innenverteidiger;Reservebank
2515895;Demokratische Republik Kongo;Académica Coimbra;Christopher Oualembo;27;300000.0;Rechter Verteidiger;Reservebank
2515895;Demokratische Republik Kongo;AS Vita Club Kinshasa;Bawaka Mabele;25;100000.0;Rechter Verteidiger;Reservebank
2515895;Demokratische Republik Kongo;;Nelson Munganga;21;100000.0;Defensives Mittelfeld;Reservebank
2515895;Demokratische Republik Kongo;Club Sportif Sfaxien;Chikito Lema Mabidi;21;100000.0;Zentrales Mittelfeld;Reservebank
2515895;Demokratische Republik Kongo;RSC Charleroi;Neeskens Kebano;22;2000000.0;Offensives Mittelfeld;Reservebank
2515895;Demokratische Republik Kongo;KRC Genk;Hervé Kage;25;1200000.0;Rechtsaußen;Reservebank
2515895;Demokratische Republik Kongo;Cercle Brügge;Junior Kabananga;25;1000000.0;Mittelstürmer;Reservebank
2515895;Demokratische Republik Kongo;Terek Grozny;Jeremy Bokila;26;1500000.0;Mittelstürmer;Reservebank
2515895;Tunesien;Club Africain Tunis;Farouk Ben Mustapha;25;800000.0;Torwart;Reservebank
2515895;Tunesien;Esperance Tunis;Moez Ben Cherifia;23;900000.0;Torwart;Reservebank
2515895;Tunesien;Stade Laval;Selim Ben Djemia;25;300000.0;Innenverteidiger;Reservebank
2515895;Tunesien;Glasgow Rangers;Bilel Mohsni;27;250000.0;Innenverteidiger;Reservebank
2515895;Tunesien;Etoile Sportive du Sahel;Rami Bedoui;25;400000.0;Innenverteidiger;Reservebank
2515895;Tunesien;Club Africain Tunis;Stéphane Nater;31;750000.0;Defensives Mittelfeld;Reservebank
2515895;Tunesien;HSC Montpellier;Jamel Saihi;27;2000000.0;Defensives Mittelfeld;Reservebank
2515895;Tunesien;Club Sportif Sfaxien;Mohamed Ali Moncer;23;500000.0;Rechtsaußen;Reservebank
2515895;Tunesien;Al Duhail Sports Club;Youssef Msakni;24;2500000.0;Linksaußen;Reservebank
2515895;Tunesien;Club Bizertin;Adam Rejaibi;20;800000.0;Linksaußen;Reservebank
2515895;Tunesien;FC Zürich;Amine Chermiti;27;800000.0;Mittelstürmer;Reservebank
2515895;Tunesien;PFK Ludogorets Razgrad;Hamza Younes;28;2400000.0;Mittelstürmer;Reservebank
