GameId;team;club;name;age;value;position;role
2515881;Algerien;Philadelphia Union;Raïs M'Bolhi;28;1000000.0;Torwart;Startaufstellung
2515881;Algerien;Qatar Sports Club;Rafik Halliche;28;1200000.0;Innenverteidiger;Startaufstellung
2515881;Algerien;Trabzonspor;Carl Medjani;29;2000000.0;Innenverteidiger;Startaufstellung
2515881;Algerien;SSC Neapel;Faouzi Ghoulam;23;7000000.0;Linker Verteidiger;Startaufstellung
2515881;Algerien;Stade Reims;Aïssa Mandi;23;3000000.0;Rechter Verteidiger;Startaufstellung
2515881;Algerien;FC Getafe;Mehdi Lacen;30;1500000.0;Defensives Mittelfeld;Startaufstellung
2515881;Algerien;Tottenham Hotspur;Nabil Bentaleb;20;3000000.0;Defensives Mittelfeld;Startaufstellung
2515881;Algerien;Leicester City;Riyad Mahrez;23;2000000.0;Linksaußen;Startaufstellung
2515881;Algerien;FC Valencia;Sofiane Feghouli;25;15000000.0;Rechtsaußen;Startaufstellung
2515881;Algerien;FC Porto;Yacine Brahimi;24;7500000.0;Hängende Spitze;Startaufstellung
2515881;Algerien;Sporting Lissabon;Islam Slimani;26;6000000.0;Mittelstürmer;Startaufstellung
2515881;Südafrika;KV Kortrijk;Darren Keet;25;1200000.0;Torwart;Startaufstellung
2515881;Südafrika;Ajax Cape Town;Rivaldo Coetzee;18;250000.0;Innenverteidiger;Startaufstellung
2515881;Südafrika;Bidvest Wits FC;Thulani Hlatshwayo;25;500000.0;Innenverteidiger;Startaufstellung
2515881;Südafrika;Orlando Pirates;Thabo Matlaba;27;375000.0;Linker Verteidiger;Startaufstellung
2515881;Südafrika;KRC Genk;Anele Ngcongca;27;3000000.0;Rechter Verteidiger;Startaufstellung
2515881;Südafrika;Doncaster Rovers;Dean Furman;26;450000.0;Defensives Mittelfeld;Startaufstellung
2515881;Südafrika;KV Oostende;Andile Jali;24;1200000.0;Zentrales Mittelfeld;Startaufstellung
2515881;Südafrika;Orlando Pirates;Oupa Manyisa;26;500000.0;Linkes Mittelfeld;Startaufstellung
2515881;Südafrika;Bidvest Wits FC;Sibusiso Vilakazi;25;500000.0;Offensives Mittelfeld;Startaufstellung
2515881;Südafrika;SuperSport United;Thuso Phala;28;450000.0;Rechtsaußen;Startaufstellung
2515881;Südafrika;AFC Bournemouth;Tokelo Rantie;24;2500000.0;Mittelstürmer;Startaufstellung
2515881;Algerien;JS Kabylie;Azzedine Doukha;28;550000.0;Torwart;Reservebank
2515881;Algerien;CS Constantine;Cédric;30;500000.0;Torwart;Reservebank
2515881;Algerien;CA Osasuna;Liassine Cadamuro;26;700000.0;Innenverteidiger;Reservebank
2515881;Algerien;Al-Fujairah SC;Madjid Bougherra;32;1200000.0;Innenverteidiger;Reservebank
2515881;Algerien;Sampdoria Genua;Djamel Mesbah;30;700000.0;Linker Verteidiger;Reservebank
2515881;Algerien;Olympique Lyon;Mehdi Zeffane;22;1250000.0;Rechter Verteidiger;Reservebank
2515881;Algerien;FC Metz;Ahmed Kashi;26;1000000.0;Defensives Mittelfeld;Reservebank
2515881;Algerien;US Sassuolo;Saphir Taider;22;8000000.0;Zentrales Mittelfeld;Reservebank
2515881;Algerien;Real Betis Sevilla;Foued Kadir;31;1500000.0;Offensives Mittelfeld;Reservebank
2515881;Algerien;GNK Dinamo Zagreb;El Arbi Hillel Soudani;27;6000000.0;Linksaußen;Reservebank
2515881;Algerien;Club Africain Tunis;Abdelmoumene Djabou;27;1400000.0;Rechtsaußen;Reservebank
2515881;Algerien;Parma FC;Ishak Belfodil;23;4000000.0;Mittelstürmer;Reservebank
2515881;Südafrika;Kaizer Chiefs;Nhlanhla Khuzwayo;24;150000.0;Torwart;Reservebank
2515881;Südafrika;Mpumalanga Black Aces FC;Jackson Mabokgwane;27;175000.0;Torwart;Reservebank
2515881;Südafrika;Orlando Pirates;Ayanda Gcaba;28;250000.0;Innenverteidiger;Reservebank
2515881;Südafrika;Bidvest Wits FC;Siyabonga Nhlapo;26;225000.0;Rechter Verteidiger;Reservebank
2515881;Südafrika;Chippa United;Thamsanqa Sangweni;25;250000.0;Defensives Mittelfeld;Reservebank
2515881;Südafrika;Mamelodi Sundowns FC;Bongani Zungu;22;300000.0;Zentrales Mittelfeld;Reservebank
2515881;Südafrika;Mamelodi Sundowns FC;Themba Zwane;25;250000.0;Offensives Mittelfeld;Reservebank
2515881;Südafrika;Kaizer Chiefs;Mandla Masango;25;275000.0;Rechtsaußen;Reservebank
2515881;Südafrika;Kaizer Chiefs;Bernard Parker;28;1000000.0;Hängende Spitze;Reservebank
2515881;Südafrika;AmaZulu FC;Bongani Ndulula;25;250000.0;Mittelstürmer;Reservebank
