GameId;team;club;name;age;value;position;role
2515892;Gabun;KV Oostende;Didier Ovono;32;600000.0;Torwart;Startaufstellung
2515892;Gabun;CF Mounana;Aaron Appindangoyé;22;50000.0;Innenverteidiger;Startaufstellung
2515892;Gabun;Cardiff City;Bruno Ecuele Manga;26;5000000.0;Innenverteidiger;Startaufstellung
2515892;Gabun;LB Châteauroux;Johann Obiang;21;500000.0;Linker Verteidiger;Startaufstellung
2515892;Gabun;OGC Nizza;Lloyd Palun;26;800000.0;Rechter Verteidiger;Startaufstellung
2515892;Gabun;FC Girondins Bordeaux;André Poko;22;1500000.0;Defensives Mittelfeld;Startaufstellung
2515892;Gabun;Celta Vigo;Levy Madinda;22;1000000.0;Zentrales Mittelfeld;Startaufstellung
2515892;Gabun;FK Rostov;Guélor Kanga;24;2000000.0;Offensives Mittelfeld;Startaufstellung
2515892;Gabun;Borussia Dortmund;Pierre-Emerick Aubameyang;25;17000000.0;Linksaußen;Startaufstellung
2515892;Gabun;Charlton Athletic;Frédéric Bulot;24;2500000.0;Rechtsaußen;Startaufstellung
2515892;Gabun;Wydad Athletic Club Casablanca;Malick Evouna;22;1000000.0;Mittelstürmer;Startaufstellung
2515892;Äquatorialguinea;Vereinslos;Felipe Ovono;21;75000.0;Torwart;Startaufstellung
2515892;Äquatorialguinea;Hibernians FC;Rui;29;75000.0;Innenverteidiger;Startaufstellung
2515892;Äquatorialguinea;Vereinslos;Evuy;29;75000.0;Innenverteidiger;Startaufstellung
2515892;Äquatorialguinea;AEK Larnaka;Sipo;26;200000.0;Linker Verteidiger;Startaufstellung
2515892;Äquatorialguinea;Iraklis Psachna;Randy;27;250000.0;Rechter Verteidiger;Startaufstellung
2515892;Äquatorialguinea;Hong Kong Rangers;Iván Zarandona;34;75000.0;Defensives Mittelfeld;Startaufstellung
2515892;Äquatorialguinea;The Panthers FC;Viera Ellong;27;150000.0;Zentrales Mittelfeld;Startaufstellung
2515892;Äquatorialguinea;FC Middlesbrough;Emilio Nsue;25;2000000.0;Offensives Mittelfeld;Startaufstellung
2515892;Äquatorialguinea;RCD Mallorca B;Kike Boula;21;75000.0;Linksaußen;Startaufstellung
2515892;Äquatorialguinea;GD Estoril Praia;Javier Balboa;29;2000000.0;Rechtsaußen;Startaufstellung
2515892;Äquatorialguinea;Olímpic Xàtiva;Raúl Fabiani;30;75000.0;Mittelstürmer;Startaufstellung
2515892;Gabun;CF Mounana;Yves Bitseki;31;150000.0;Torwart;Reservebank
2515892;Gabun;FC Metz;Anthony Mfa Mezui;23;800000.0;Torwart;Reservebank
2515892;Gabun;AJ Auxerre;Henri Ndong;22;400000.0;Innenverteidiger;Reservebank
2515892;Gabun;ES Sétif;Benjamin Zé Ondo;27;225000.0;Linker Verteidiger;Reservebank
2515892;Gabun;SC Braga B;Oto'o;20;50000.0;Rechter Verteidiger;Reservebank
2515892;Gabun;FC Lorient;Didier Ndong;20;800000.0;Zentrales Mittelfeld;Reservebank
2515892;Gabun;MC El Eulma;Samson Mbingui;22;250000.0;Offensives Mittelfeld;Reservebank
2515892;Gabun;Olympique Marseille B;Alexander N'Doumbou;23;150000.0;Linksaußen;Reservebank
2515892;Gabun;Akanda FC;Romaric Rogombé;24;50000.0;Rechtsaußen;Reservebank
2515892;Gabun;Renaissance de Berkane;Johan Lengoualama;22;50000.0;Hängende Spitze;Reservebank
2515892;Gabun;ASO Chlef;Bonaventure Sokambi Taty;24;150000.0;Mittelstürmer;Reservebank
2515892;Äquatorialguinea;Málaga CF Juvenil A;Aitor Embela;18;75000.0;Torwart;Reservebank
2515892;Äquatorialguinea;;Carlos Mosibe;23;75000.0;Torwart;Reservebank
2515892;Äquatorialguinea;CD Tropezón;Igor Engonga;20;75000.0;Innenverteidiger;Reservebank
2515892;Äquatorialguinea;Europa FC;Charly;24;75000.0;Innenverteidiger;Reservebank
2515892;Äquatorialguinea;Vegetarianos FC;Miguel Ángel Mayé;24;75000.0;Rechter Verteidiger;Reservebank
2515892;Äquatorialguinea;FC Santa Coloma;Juvenal Edjogo;35;100000.0;Zentrales Mittelfeld;Reservebank
2515892;Äquatorialguinea;UD San Sebastián de los Reyes;Pablo Ganet;20;75000.0;Offensives Mittelfeld;Reservebank
2515892;Äquatorialguinea;Real Madrid Castilla;Rubén Belima;22;75000.0;Linksaußen;Reservebank
2515892;Äquatorialguinea;FC Valencia B (Mestalla);Iban Salvador;19;75000.0;Linksaußen;Reservebank
2515892;Äquatorialguinea;The Panthers FC;Rubén Darío;21;75000.0;Rechtsaußen;Reservebank
2515892;Äquatorialguinea;Vereinslos;Iván Bolado;25;75000.0;Mittelstürmer;Reservebank
