GameId;team;club;name;age;value;position;role
2515894;Kap Verde;Progresso do Sambizanga;Vozinha;28;100000.0;Torwart;Startaufstellung
2515894;Kap Verde;Steaua Bukarest;Fernando Varela;27;3000000.0;Innenverteidiger;Startaufstellung
2515894;Kap Verde;CS Marítimo;Gegé;26;1200000.0;Innenverteidiger;Startaufstellung
2515894;Kap Verde;Videoton FC;Stopira;26;600000.0;Linker Verteidiger;Startaufstellung
2515894;Kap Verde;AEL Limassol;Carlitos;29;400000.0;Rechter Verteidiger;Startaufstellung
2515894;Kap Verde;Progresso do Sambizanga;Calu;31;100000.0;Defensives Mittelfeld;Startaufstellung
2515894;Kap Verde;Excelsior Rotterdam;Toni Varela;28;300000.0;Zentrales Mittelfeld;Startaufstellung
2515894;Kap Verde;CS U Craiova;Nuno Rocha;22;550000.0;Zentrales Mittelfeld;Startaufstellung
2515894;Kap Verde;Sporting Lissabon;Héldon;26;3300000.0;Linksaußen;Startaufstellung
2515894;Kap Verde;FC Elche;Garry Rodrigues;24;2000000.0;Rechtsaußen;Startaufstellung
2515894;Kap Verde;LOSC Lille;Ryan Mendes;25;2500000.0;Mittelstürmer;Startaufstellung
2515894;Sambia;Mamelodi Sundowns FC;Kennedy Mweene;30;550000.0;Torwart;Startaufstellung
2515894;Sambia;Power Dynamos FC;Christopher Munthali;23;150000.0;Innenverteidiger;Startaufstellung
2515894;Sambia;Shanghai Greenland Shenhua;Stoppila Sunzu;25;1200000.0;Innenverteidiger;Startaufstellung
2515894;Sambia;Hapoel Raanana;Emmanuel Mbola;21;500000.0;Linker Verteidiger;Startaufstellung
2515894;Sambia;Bloemfontein Celtic;Davies Nkausu;29;225000.0;Rechter Verteidiger;Startaufstellung
2515894;Sambia;ZESCO United FC;Kondwani Mtonga;30;150000.0;Defensives Mittelfeld;Startaufstellung
2515894;Sambia;Ural Ekaterinburg;Chisamba Lungu;23;1000000.0;Defensives Mittelfeld;Startaufstellung
2515894;Sambia;TP Mazembe;Given Singuluma;28;400000.0;Offensives Mittelfeld;Startaufstellung
2515894;Sambia;TP Mazembe;Rainford Kalaba;28;600000.0;Linksaußen;Startaufstellung
2515894;Sambia;FC Ulisses Erewan;Lubambo Musonda;19;200000.0;Rechtsaußen;Startaufstellung
2515894;Sambia;Hapoel Raanana;Evans Kangwa;22;150000.0;Mittelstürmer;Startaufstellung
2515894;Kap Verde;CD Nacional;Kevin Sousa;20;100000.0;Torwart;Reservebank
2515894;Kap Verde;;Ivan Cruz;18;100000.0;Torwart;Reservebank
2515894;Kap Verde;CS U Craiova;Kay;27;600000.0;Innenverteidiger;Reservebank
2515894;Kap Verde;GD Estoril Praia;Babanco;29;1500000.0;Defensives Mittelfeld;Reservebank
2515894;Kap Verde;CS Marítimo;Semedo;26;400000.0;Defensives Mittelfeld;Reservebank
2515894;Kap Verde;FC Dordrecht;Jeffry Fortes;25;250000.0;Defensives Mittelfeld;Reservebank
2515894;Kap Verde;FK Teplice;Nivaldo;26;1000000.0;Linkes Mittelfeld;Reservebank
2515894;Kap Verde;ZSKA Sofia;Platini;28;1200000.0;Linksaußen;Reservebank
2515894;Kap Verde;Kardemir Karabükspor;Kuca;25;300000.0;Linksaußen;Reservebank
2515894;Kap Verde;Stade Reims;Odaïr Fortes;27;2500000.0;Rechtsaußen;Reservebank
2515894;Kap Verde;FCO Dijon;Julio Tavarès;26;800000.0;Mittelstürmer;Reservebank
2515894;Kap Verde;Santos Laguna;Djaniny;23;1200000.0;Mittelstürmer;Reservebank
2515894;Sambia;;Danny Munyao;27;150000.0;Torwart;Reservebank
2515894;Sambia;Power Dynamos FC;Joshua Titima;22;150000.0;Torwart;Reservebank
2515894;Sambia;Nkana FC;Donashano Malama;23;150000.0;Innenverteidiger;Reservebank
2515894;Sambia;;Spencer Sautu;20;150000.0;Offensives Mittelfeld;Reservebank
2515894;Sambia;Bloemfontein Celtic;Mukuka Mulenga;21;225000.0;Offensives Mittelfeld;Reservebank
2515894;Sambia;Zanaco FC;Rodrick Kabwe;22;150000.0;Offensives Mittelfeld;Reservebank
2515894;Sambia;Nkana FC;Ronald Kampamba;20;150000.0;Rechtsaußen;Reservebank
2515894;Sambia;Nkana FC;Bruce Musakanya;21;150000.0;Rechtsaußen;Reservebank
2515894;Sambia;ZESCO United FC;Jackson Mwanza;27;150000.0;Mittelstürmer;Reservebank
2515894;Sambia;;Patrick Ngoma;17;150000.0;Mittelstürmer;Reservebank
