GameId;team;club;name;age;value;position;role
2515877;Burkina Faso;AS Beauvais Oise;Germain Sanou;22;50000.0;Torwart;Startaufstellung
2515877;Burkina Faso;FC Toulouse;Steeve Yago;22;1750000.0;Innenverteidiger;Startaufstellung
2515877;Burkina Faso;Olympique Lyon;Bakary Koné;26;2000000.0;Innenverteidiger;Startaufstellung
2515877;Burkina Faso;Universitatea Cluj;Narcisse Bambara;25;450000.0;Linker Verteidiger;Startaufstellung
2515877;Burkina Faso;Zamalek SC;Mohamed Koffi;28;400000.0;Rechter Verteidiger;Startaufstellung
2515877;Burkina Faso;FC Évian Thonon Gaillard;Djakaridja Koné;28;1000000.0;Defensives Mittelfeld;Startaufstellung
2515877;Burkina Faso;Kuban Krasnodar;Charles Kaboré;26;7000000.0;Defensives Mittelfeld;Startaufstellung
2515877;Burkina Faso;FC Lorient;Alain Traoré;26;2000000.0;Offensives Mittelfeld;Startaufstellung
2515877;Burkina Faso;Vitesse Arnheim;Bertrand Traoré;19;1500000.0;Linksaußen;Startaufstellung
2515877;Burkina Faso;UD Almería;Jonathan Zongo;25;800000.0;Rechtsaußen;Startaufstellung
2515877;Burkina Faso;Al-Jazira (Abu Dhabi);Jonathan Pitroipa;28;4000000.0;Mittelstürmer;Startaufstellung
2515877;Gabun;KV Oostende;Didier Ovono;31;600000.0;Torwart;Startaufstellung
2515877;Gabun;SM Caen;Yrondu Musavu-King;23;800000.0;Innenverteidiger;Startaufstellung
2515877;Gabun;Cardiff City;Bruno Ecuele Manga;26;5000000.0;Innenverteidiger;Startaufstellung
2515877;Gabun;LB Châteauroux;Johann Obiang;21;500000.0;Linker Verteidiger;Startaufstellung
2515877;Gabun;OGC Nizza;Lloyd Palun;26;800000.0;Rechter Verteidiger;Startaufstellung
2515877;Gabun;FC Girondins Bordeaux;André Poko;22;1500000.0;Defensives Mittelfeld;Startaufstellung
2515877;Gabun;Celta Vigo;Levy Madinda;22;1000000.0;Zentrales Mittelfeld;Startaufstellung
2515877;Gabun;FC Lorient;Didier Ndong;20;800000.0;Zentrales Mittelfeld;Startaufstellung
2515877;Gabun;Charlton Athletic;Frédéric Bulot;24;2500000.0;Linksaußen;Startaufstellung
2515877;Gabun;Borussia Dortmund;Pierre-Emerick Aubameyang;25;17000000.0;Rechtsaußen;Startaufstellung
2515877;Gabun;Wydad Athletic Club Casablanca;Malick Evouna;22;1000000.0;Mittelstürmer;Startaufstellung
2515877;Burkina Faso;Rail Club du Kadiogo;Moussa Fofana;22;50000.0;Torwart;Reservebank
2515877;Burkina Faso;Hearts of Oak;Abdoulaye Soulama;35;100000.0;Torwart;Reservebank
2515877;Burkina Faso;AS Kaloum;Issa Gouo;25;50000.0;Innenverteidiger;Reservebank
2515877;Burkina Faso;Horoya AC;Paul Koulibaly;28;250000.0;Innenverteidiger;Reservebank
2515877;Burkina Faso;Sheriff Tiraspol;Wilfried Balima;29;400000.0;Rechter Verteidiger;Reservebank
2515877;Burkina Faso;SönderjyskE;Adama Guira;26;400000.0;Zentrales Mittelfeld;Reservebank
2515877;Burkina Faso;El Ahly Kairo;Moussa Yedan;25;300000.0;Offensives Mittelfeld;Reservebank
2515877;Burkina Faso;Kardemir Karabükspor;Abdou Traoré;26;3500000.0;Hängende Spitze;Reservebank
2515877;Burkina Faso;FC Admira Wacker Mödling;Issiaka Ouédraogo;26;400000.0;Mittelstürmer;Reservebank
2515877;Burkina Faso;HJK Helsinki;Aristide Bancé;30;200000.0;Mittelstürmer;Reservebank
2515877;Burkina Faso;Mersin Idmanyurdu;Prejuce Nakoulma;27;700000.0;Mittelstürmer;Reservebank
2515877;Gabun;CF Mounana;Yves Bitseki;31;150000.0;Torwart;Reservebank
2515877;Gabun;FC Metz;Anthony Mfa Mezui;23;800000.0;Torwart;Reservebank
2515877;Gabun;CF Mounana;Aaron Appindangoyé;22;50000.0;Innenverteidiger;Reservebank
2515877;Gabun;AJ Auxerre;Henri Ndong;22;400000.0;Innenverteidiger;Reservebank
2515877;Gabun;ES Sétif;Benjamin Zé Ondo;27;225000.0;Linker Verteidiger;Reservebank
2515877;Gabun;SC Braga B;Oto'o;20;50000.0;Rechter Verteidiger;Reservebank
2515877;Gabun;MC El Eulma;Samson Mbingui;22;250000.0;Offensives Mittelfeld;Reservebank
2515877;Gabun;FK Rostov;Guélor Kanga;24;2000000.0;Offensives Mittelfeld;Reservebank
2515877;Gabun;Olympique Marseille B;Alexander N'Doumbou;23;150000.0;Linksaußen;Reservebank
2515877;Gabun;Akanda FC;Romaric Rogombé;24;50000.0;Rechtsaußen;Reservebank
2515877;Gabun;Renaissance de Berkane;Johan Lengoualama;22;50000.0;Hängende Spitze;Reservebank
2515877;Gabun;ASO Chlef;Bonaventure Sokambi Taty;24;150000.0;Mittelstürmer;Reservebank
