GameId;team;club;name;age;value;position;role
2515891;Elfenbeinküste;TP Mazembe;Sylvain Gbohouo;26;400000.0;Torwart;Startaufstellung
2515891;Elfenbeinküste;ADO Den Haag;Wilfried Kanon;21;500000.0;Innenverteidiger;Startaufstellung
2515891;Elfenbeinküste;FC Liverpool;Kolo Touré;33;3000000.0;Innenverteidiger;Startaufstellung
2515891;Elfenbeinküste;Espanyol Barcelona;Eric Bailly;20;400000.0;Innenverteidiger;Startaufstellung
2515891;Elfenbeinküste;Newcastle United;Cheik Tioté †;28;8000000.0;Defensives Mittelfeld;Startaufstellung
2515891;Elfenbeinküste;AS Saint-Étienne;Ismaël Diomandé;22;2000000.0;Defensives Mittelfeld;Startaufstellung
2515891;Elfenbeinküste;FC Paris Saint-Germain;Serge Aurier;22;10000000.0;Rechtes Mittelfeld;Startaufstellung
2515891;Elfenbeinküste;HSC Montpellier;Siaka Tiéné;32;1000000.0;Linkes Mittelfeld;Startaufstellung
2515891;Elfenbeinküste;Manchester City;Yaya Touré;31;30000000.0;Offensives Mittelfeld;Startaufstellung
2515891;Elfenbeinküste;ZSKA Moskau;Seydou Doumbia;27;25000000.0;Mittelstürmer;Startaufstellung
2515891;Elfenbeinküste;Manchester City;Wilfried Bony;26;17000000.0;Mittelstürmer;Startaufstellung
2515891;Mali;Esteghlal Khuzestan;Soumbeyla Diakite;30;200000.0;Torwart;Startaufstellung
2515891;Mali;TP Mazembe;Salif Coulibaly;26;250000.0;Innenverteidiger;Startaufstellung
2515891;Mali;Udinese Calcio;Molla Wagué;23;600000.0;Innenverteidiger;Startaufstellung
2515891;Mali;Randers FC;Adama Tamboura;29;450000.0;Linker Verteidiger;Startaufstellung
2515891;Mali;SC Bastia;Drissa Diakité;29;1000000.0;Rechter Verteidiger;Startaufstellung
2515891;Mali;Kayseri Erciyesspor;Yacouba Sylla;24;1500000.0;Defensives Mittelfeld;Startaufstellung
2515891;Mali;SV Zulte Waregem;Mamoutou N'Diaye;24;800000.0;Defensives Mittelfeld;Startaufstellung
2515891;Mali;AS Rom;Seydou Keita;35;1000000.0;Offensives Mittelfeld;Startaufstellung
2515891;Mali;Wolverhampton Wanderers;Bakary Sako;26;4000000.0;Linksaußen;Startaufstellung
2515891;Mali;EA Guingamp;Sambou Yatabaré;25;1750000.0;Rechtsaußen;Startaufstellung
2515891;Mali;Trabzonspor;Mustapha Yatabaré;28;2750000.0;Mittelstürmer;Startaufstellung
2515891;Elfenbeinküste;KSC Lokeren;Boubacar Copa;35;1000000.0;Torwart;Reservebank
2515891;Elfenbeinküste;Stabaek IF;Mandé Sayouba;21;700000.0;Torwart;Reservebank
2515891;Elfenbeinküste;Caykur Rizespor;Ousmane Viera;28;3000000.0;Innenverteidiger;Reservebank
2515891;Elfenbeinküste;FC Metz;Cheick Doukouré;22;1250000.0;Defensives Mittelfeld;Reservebank
2515891;Elfenbeinküste;FC Basel 1893;Geoffroy Serey Dié;30;3000000.0;Defensives Mittelfeld;Reservebank
2515891;Elfenbeinküste;FC Toulouse;Jean-Daniel Akpa Akpro;22;2500000.0;Zentrales Mittelfeld;Reservebank
2515891;Elfenbeinküste;Hertha BSC;Salomon Kalou;29;7000000.0;Linksaußen;Reservebank
2515891;Elfenbeinküste;AS Saint-Étienne;Max Gradel;27;3500000.0;Linksaußen;Reservebank
2515891;Elfenbeinküste;TP Mazembe;Roger Assalé;21;400000.0;Mittelstürmer;Reservebank
2515891;Elfenbeinküste;SC Bastia;Junior Tallo;22;2000000.0;Mittelstürmer;Reservebank
2515891;Elfenbeinküste;AS Monaco;Lacina Traoré;24;8000000.0;Mittelstürmer;Reservebank
2515891;Mali;AS Onze Créateurs de Niaréla;Germain Berthe;21;75000.0;Torwart;Reservebank
2515891;Mali;Cercle Olympique Bamako;Abdoulaye Samake;28;75000.0;Torwart;Reservebank
2515891;Mali;FC Tours;Fousseni Diawara;34;250000.0;Innenverteidiger;Reservebank
2515891;Mali;Hassania d'Agadir;Idrissa Coulibaly;27;150000.0;Innenverteidiger;Reservebank
2515891;Mali;Al-Ahly Tripoli;Mohamed Konate;22;75000.0;Innenverteidiger;Reservebank
2515891;Mali;Platanias Chania;Ousmane Coulibaly;25;1000000.0;Rechter Verteidiger;Reservebank
2515891;Mali;FC Toulouse;Tongo Doumbia;25;2000000.0;Defensives Mittelfeld;Reservebank
2515891;Mali;FC Girondins Bordeaux;Abdou Traoré;27;1000000.0;Zentrales Mittelfeld;Reservebank
2515891;Mali;Valenciennes FC ;Sigamary Diarra;31;800000.0;Linkes Mittelfeld;Reservebank
2515891;Mali;Royal Mouscron-Péruwelz;Abdoulay Diaby;23;2000000.0;Mittelstürmer;Reservebank
2515891;Mali;FC Metz;Modibo Maïga;27;1750000.0;Mittelstürmer;Reservebank
2515891;Mali;Al Merreikh Omdurman;Mohamed Traoré;26;200000.0;Mittelstürmer;Reservebank
