GameId;team;club;name;age;value;position;role
2515884;Gabun;KV Oostende;Didier Ovono;31;600000.0;Torwart;Startaufstellung
2515884;Gabun;CF Mounana;Aaron Appindangoyé;22;50000.0;Innenverteidiger;Startaufstellung
2515884;Gabun;Cardiff City;Bruno Ecuele Manga;26;5000000.0;Innenverteidiger;Startaufstellung
2515884;Gabun;LB Châteauroux;Johann Obiang;21;500000.0;Linker Verteidiger;Startaufstellung
2515884;Gabun;OGC Nizza;Lloyd Palun;26;800000.0;Rechter Verteidiger;Startaufstellung
2515884;Gabun;FC Girondins Bordeaux;André Poko;22;1500000.0;Defensives Mittelfeld;Startaufstellung
2515884;Gabun;Celta Vigo;Levy Madinda;22;1000000.0;Zentrales Mittelfeld;Startaufstellung
2515884;Gabun;FC Lorient;Didier Ndong;20;800000.0;Zentrales Mittelfeld;Startaufstellung
2515884;Gabun;Borussia Dortmund;Pierre-Emerick Aubameyang;25;17000000.0;Linksaußen;Startaufstellung
2515884;Gabun;Charlton Athletic;Frédéric Bulot;24;2500000.0;Rechtsaußen;Startaufstellung
2515884;Gabun;Wydad Athletic Club Casablanca;Malick Evouna;22;1000000.0;Mittelstürmer;Startaufstellung
2515884;Republik Kongo;US Le Pontet;Christoffer Mafoumbi;20;100000.0;Torwart;Startaufstellung
2515884;Republik Kongo;;Boris Moubio;26;100000.0;Innenverteidiger;Startaufstellung
2515884;Republik Kongo;AC Léopards de Dolisie;Sagesse Babélé;21;100000.0;Innenverteidiger;Startaufstellung
2515884;Republik Kongo;;Dimitri Magnoléké Bissiki;23;100000.0;Linker Verteidiger;Startaufstellung
2515884;Republik Kongo;SC Amiens;Marvin Baudry;24;100000.0;Rechter Verteidiger;Startaufstellung
2515884;Republik Kongo;Olympiakos Piräus;Delvin N'Dinga;26;3500000.0;Defensives Mittelfeld;Startaufstellung
2515884;Republik Kongo;Stade Reims;Prince Oniangué;26;3500000.0;Zentrales Mittelfeld;Startaufstellung
2515884;Republik Kongo;;Césaire Gandzé;25;100000.0;Rechtes Mittelfeld;Startaufstellung
2515884;Republik Kongo;SCO Angers;Arnold Bouka Moutou;26;500000.0;Linkes Mittelfeld;Startaufstellung
2515884;Republik Kongo;UD Almería;Thievy Bifouma;22;2000000.0;Mittelstürmer;Startaufstellung
2515884;Republik Kongo;CFR Cluj;Férébory Doré;26;900000.0;Mittelstürmer;Startaufstellung
2515884;Gabun;CF Mounana;Yves Bitseki;31;150000.0;Torwart;Reservebank
2515884;Gabun;FC Metz;Anthony Mfa Mezui;23;800000.0;Torwart;Reservebank
2515884;Gabun;AJ Auxerre;Henri Ndong;22;400000.0;Innenverteidiger;Reservebank
2515884;Gabun;ES Sétif;Benjamin Zé Ondo;27;225000.0;Linker Verteidiger;Reservebank
2515884;Gabun;SC Braga B;Oto'o;20;50000.0;Rechter Verteidiger;Reservebank
2515884;Gabun;MC El Eulma;Samson Mbingui;22;250000.0;Offensives Mittelfeld;Reservebank
2515884;Gabun;FK Rostov;Guélor Kanga;24;2000000.0;Offensives Mittelfeld;Reservebank
2515884;Gabun;Olympique Marseille B;Alexander N'Doumbou;23;150000.0;Linksaußen;Reservebank
2515884;Gabun;Akanda FC;Romaric Rogombé;24;50000.0;Rechtsaußen;Reservebank
2515884;Gabun;Renaissance de Berkane;Johan Lengoualama;22;50000.0;Hängende Spitze;Reservebank
2515884;Gabun;ASO Chlef;Bonaventure Sokambi Taty;24;150000.0;Mittelstürmer;Reservebank
2515884;Republik Kongo;;Chancel Massa;31;100000.0;Torwart;Reservebank
2515884;Republik Kongo;;Pavelh Ndzila;20;100000.0;Torwart;Reservebank
2515884;Republik Kongo;;Cosme Andrely Atoni Mavoungou;18;100000.0;Innenverteidiger;Reservebank
2515884;Republik Kongo;RSC Charleroi;Francis N'Ganga;29;600000.0;Linkes Mittelfeld;Reservebank
2515884;Republik Kongo;FC Aarau;Igor Nganga;27;750000.0;Rechter Verteidiger;Reservebank
2515884;Republik Kongo;CARA Brazzaville;Hardy Binguila;18;100000.0;Zentrales Mittelfeld;Reservebank
2515884;Republik Kongo;FK Teplice;Francis Litsingi;28;600000.0;Linkes Mittelfeld;Reservebank
2515884;Republik Kongo;FC Lausanne-Sport;Chris Malonga;27;600000.0;Linksaußen;Reservebank
2515884;Republik Kongo;EA Guingamp;Ladislas Douniama;28;500000.0;Hängende Spitze;Reservebank
2515884;Republik Kongo;Raja Casablanca;Silvere Ganvoula;18;100000.0;Mittelstürmer;Reservebank
2515884;Republik Kongo;Wydad Athletic Club Casablanca;Fabrice Ondama;26;550000.0;Mittelstürmer;Reservebank
2515884;Republik Kongo;Hibernian FC;Dominique Malonga;26;350000.0;Mittelstürmer;Reservebank
