GameId;team;club;name;age;value;position;role
2515879;Tunesien;Etoile Sportive du Sahel;Balbouli;30;450000.0;Torwart;Startaufstellung
2515879;Tunesien;AS Monaco;Aymen Abdennour;25;10000000.0;Innenverteidiger;Startaufstellung
2515879;Tunesien;Astra Giurgiu;Syam Ben Youssef;25;1600000.0;Innenverteidiger;Startaufstellung
2515879;Tunesien;Club Sportif Sfaxien;Ali Maâloul;25;700000.0;Linker Verteidiger;Startaufstellung
2515879;Tunesien;Club Bizertin;Hamza Mathlouthi;22;500000.0;Rechter Verteidiger;Startaufstellung
2515879;Tunesien;Club Africain Tunis;Stéphane Nater;30;750000.0;Defensives Mittelfeld;Startaufstellung
2515879;Tunesien;HSC Montpellier;Jamel Saihi;27;2000000.0;Defensives Mittelfeld;Startaufstellung
2515879;Tunesien;FC Zürich;Yassine Chikhaoui;28;2000000.0;Offensives Mittelfeld;Startaufstellung
2515879;Tunesien;FC Girondins Bordeaux;Wahbi Khazri;23;6000000.0;Linksaußen;Startaufstellung
2515879;Tunesien;Club Sportif Sfaxien;Mohamed Ali Moncer;23;500000.0;Rechtsaußen;Startaufstellung
2515879;Tunesien;Esperance Tunis;Ahmed Akaichi;25;950000.0;Mittelstürmer;Startaufstellung
2515879;Kap Verde;Progresso do Sambizanga;Vozinha;28;100000.0;Torwart;Startaufstellung
2515879;Kap Verde;Steaua Bukarest;Fernando Varela;27;3000000.0;Innenverteidiger;Startaufstellung
2515879;Kap Verde;CS Marítimo;Gegé;26;1200000.0;Innenverteidiger;Startaufstellung
2515879;Kap Verde;Videoton FC;Stopira;26;600000.0;Linker Verteidiger;Startaufstellung
2515879;Kap Verde;AEL Limassol;Carlitos;29;400000.0;Rechter Verteidiger;Startaufstellung
2515879;Kap Verde;Progresso do Sambizanga;Calu;31;100000.0;Defensives Mittelfeld;Startaufstellung
2515879;Kap Verde;GD Estoril Praia;Babanco;29;1500000.0;Zentrales Mittelfeld;Startaufstellung
2515879;Kap Verde;CS U Craiova;Nuno Rocha;22;550000.0;Zentrales Mittelfeld;Startaufstellung
2515879;Kap Verde;Kardemir Karabükspor;Kuca;25;300000.0;Linksaußen;Startaufstellung
2515879;Kap Verde;Sporting Lissabon;Héldon;26;3300000.0;Rechtsaußen;Startaufstellung
2515879;Kap Verde;Santos Laguna;Djaniny;23;1200000.0;Mittelstürmer;Startaufstellung
2515879;Tunesien;Club Africain Tunis;Farouk Ben Mustapha;25;800000.0;Torwart;Reservebank
2515879;Tunesien;Esperance Tunis;Moez Ben Cherifia;23;900000.0;Torwart;Reservebank
2515879;Tunesien;Stade Laval;Selim Ben Djemia;25;300000.0;Innenverteidiger;Reservebank
2515879;Tunesien;Glasgow Rangers;Bilel Mohsni;27;250000.0;Innenverteidiger;Reservebank
2515879;Tunesien;Etoile Sportive du Sahel;Rami Bedoui;24;400000.0;Innenverteidiger;Reservebank
2515879;Tunesien;Esperance Tunis;Mohamed Ali Yaakoubi;24;550000.0;Innenverteidiger;Reservebank
2515879;Tunesien;Esperance Tunis;Hocine Ragued;31;700000.0;Defensives Mittelfeld;Reservebank
2515879;Tunesien;FC Metz;Ferjani Sassi;22;800000.0;Zentrales Mittelfeld;Reservebank
2515879;Tunesien;Al Duhail Sports Club;Youssef Msakni;24;2500000.0;Linksaußen;Reservebank
2515879;Tunesien;Club Bizertin;Adam Rejaibi;20;800000.0;Mittelstürmer;Reservebank
2515879;Tunesien;FC Zürich;Amine Chermiti;27;800000.0;Mittelstürmer;Reservebank
2515879;Tunesien;PFK Ludogorets Razgrad;Hamza Younes;28;2400000.0;Mittelstürmer;Reservebank
2515879;Kap Verde;CD Nacional;Kevin Sousa;20;100000.0;Torwart;Reservebank
2515879;Kap Verde;;Ivan Cruz;18;100000.0;Torwart;Reservebank
2515879;Kap Verde;CS U Craiova;Kay;27;600000.0;Innenverteidiger;Reservebank
2515879;Kap Verde;CS Marítimo;Semedo;26;400000.0;Defensives Mittelfeld;Reservebank
2515879;Kap Verde;FC Dordrecht;Jeffry Fortes;25;250000.0;Defensives Mittelfeld;Reservebank
2515879;Kap Verde;Excelsior Rotterdam;Toni Varela;28;300000.0;Zentrales Mittelfeld;Reservebank
2515879;Kap Verde;FK Teplice;Nivaldo;26;1000000.0;Linkes Mittelfeld;Reservebank
2515879;Kap Verde;ZSKA Sofia;Platini;28;1200000.0;Linksaußen;Reservebank
2515879;Kap Verde;FC Elche;Garry Rodrigues;24;1800000.0;Linksaußen;Reservebank
2515879;Kap Verde;LOSC Lille;Ryan Mendes;25;2500000.0;Linksaußen;Reservebank
2515879;Kap Verde;Stade Reims;Odaïr Fortes;27;2500000.0;Rechtsaußen;Reservebank
2515879;Kap Verde;FCO Dijon;Julio Tavarès;26;800000.0;Mittelstürmer;Reservebank
