GameId;team;club;name;age;value;position;role
2528973;China;Shandong Luneng Taishan;Dalei Wang;26;500000.0;Torwart;Startaufstellung
2528973;China;Guangzhou Evergrande Taobao;Fang Mei;25;400000.0;Innenverteidiger;Startaufstellung
2528973;China;Guangzhou Evergrande Taobao;Linpeng Zhang;25;1000000.0;Innenverteidiger;Startaufstellung
2528973;China;Jiangsu Guoxin Sainty;Hang Ren;25;425000.0;Linker Verteidiger;Startaufstellung
2528973;China;Beijing Guoan;Chengdong Zhang;25;600000.0;Rechter Verteidiger;Startaufstellung
2528973;China;Shanghai SIPG;Huikang Cai;25;425000.0;Defensives Mittelfeld;Startaufstellung
2528973;China;Guangzhou Evergrande Taobao;Zhi Zheng;34;400000.0;Zentrales Mittelfeld;Startaufstellung
2528973;China;Jiangsu Guoxin Sainty;Xi Wu;25;600000.0;Zentrales Mittelfeld;Startaufstellung
2528973;China;Jiangsu Guoxin Sainty;Xiang Ji;24;150000.0;Linksaußen;Startaufstellung
2528973;China;Jiangsu Guoxin Sainty;Ke Sun;25;675000.0;Rechtsaußen;Startaufstellung
2528973;China;Shanghai SIPG;Lei Wu;23;1000000.0;Mittelstürmer;Startaufstellung
2528973;Australien;FC Brügge;Mathew Ryan;22;4000000.0;Torwart;Startaufstellung
2528973;Australien;PEC Zwolle;Trent Sainsbury;23;650000.0;Innenverteidiger;Startaufstellung
2528973;Australien;Jeonbuk Hyundai Motors FC;Alex Wilkinson;30;650000.0;Innenverteidiger;Startaufstellung
2528973;Australien;West Bromwich Albion;Jason Davidson;23;750000.0;Linker Verteidiger;Startaufstellung
2528973;Australien;Torpedo Moskau;Ivan Franjic;27;600000.0;Rechter Verteidiger;Startaufstellung
2528973;Australien;Crystal Palace;Mile Jedinak;30;4000000.0;Defensives Mittelfeld;Startaufstellung
2528973;Australien;Swindon Town;Massimo Luongo;22;400000.0;Zentrales Mittelfeld;Startaufstellung
2528973;Australien;Al Gharafa Sports Club;Mark Bresciano;34;500000.0;Zentrales Mittelfeld;Startaufstellung
2528973;Australien;FC Ingolstadt 04;Mathew Leckie;23;1700000.0;Linksaußen;Startaufstellung
2528973;Australien;Bayer 04 Leverkusen;Robbie Kruse;26;2750000.0;Rechtsaußen;Startaufstellung
2528973;Australien;New York Red Bulls;Tim Cahill;35;1000000.0;Mittelstürmer;Startaufstellung
2528973;China;Guangzhou Evergrande Taobao;Cheng Zeng;28;500000.0;Torwart;Reservebank
2528973;China;Shanghai SIPG;Junling Yan;23;350000.0;Torwart;Reservebank
2528973;China;;Ang Li;21;325000.0;Innenverteidiger;Reservebank
2528973;China;Guangzhou R&F;Zhipeng Jiang;25;450000.0;Linker Verteidiger;Reservebank
2528973;China;Jiangsu Guoxin Sainty;Jianye Liu;27;325000.0;Defensives Mittelfeld;Reservebank
2528973;China;Shandong Luneng Taishan;Junmin Hao;27;325000.0;Zentrales Mittelfeld;Reservebank
2528973;China;Guangzhou Evergrande Taobao;Lisheng Liao;21;325000.0;Zentrales Mittelfeld;Reservebank
2528973;China;Guizhou Renhe;Hai Yu;27;500000.0;Linkes Mittelfeld;Reservebank
2528973;China;Shandong Luneng Taishan;Binbin Liu;21;350000.0;Linkes Mittelfeld;Reservebank
2528973;China;Guangzhou Evergrande Taobao;Hanchao Yu;27;600000.0;Linksaußen;Reservebank
2528973;China;Shandong Luneng Taishan;Xu Yang;26;325000.0;Mittelstürmer;Reservebank
2528973;China;Guangzhou Evergrande Taobao;Lin Gao;28;850000.0;Mittelstürmer;Reservebank
2528973;Australien;Adelaide United;Eugene Galekovic;33;1000000.0;Torwart;Reservebank
2528973;Australien;Borussia Dortmund;Mitchell Langerak;26;1500000.0;Torwart;Reservebank
2528973;Australien;Bursaspor;Aziz Behich;24;500000.0;Linker Verteidiger;Reservebank
2528973;Australien;Melbourne Victory;Mark Milligan;29;750000.0;Defensives Mittelfeld;Reservebank
2528973;Australien;Sydney FC;Terry Antonis;21;600000.0;Defensives Mittelfeld;Reservebank
2528973;Australien;Brisbane Roar;Matt McKay;32;550000.0;Zentrales Mittelfeld;Reservebank
2528973;Australien;Al-Ittihad Dschidda;James Troisi;26;1500000.0;Offensives Mittelfeld;Reservebank
2528973;Australien;FC Utrecht;Tommy Oar;23;2000000.0;Linksaußen;Reservebank
2528973;Australien;Wellington Phoenix;Nathan Burns;26;750000.0;Mittelstürmer;Reservebank
2528973;Australien;Western Sydney Wanderers;Tomi Juric;23;500000.0;Mittelstürmer;Reservebank
