GameId;team;club;name;age;value;position;role
2528975;Japan;Standard Lüttich;Eiji Kawashima;31;2000000.0;Torwart;Startaufstellung
2528975;Japan;FC Tokyo;Masato Morishige;27;1500000.0;Innenverteidiger;Startaufstellung
2528975;Japan;FC Southampton;Maya Yoshida;26;4500000.0;Innenverteidiger;Startaufstellung
2528975;Japan;Inter Mailand;Yuto Nagatomo;28;10000000.0;Linker Verteidiger;Startaufstellung
2528975;Japan;VfB Stuttgart;Gotoku Sakai;23;3000000.0;Rechter Verteidiger;Startaufstellung
2528975;Japan;Eintracht Frankfurt;Makoto Hasebe;31;2500000.0;Defensives Mittelfeld;Startaufstellung
2528975;Japan;Gamba Osaka;Yasuhito Endo;34;1250000.0;Offensives Mittelfeld;Startaufstellung
2528975;Japan;Borussia Dortmund;Shinji Kagawa;25;15000000.0;Offensives Mittelfeld;Startaufstellung
2528975;Japan;Eintracht Frankfurt;Takashi Inui;26;2250000.0;Linksaußen;Startaufstellung
2528975;Japan;AC Mailand;Keisuke Honda;28;14000000.0;Rechtsaußen;Startaufstellung
2528975;Japan;1.FSV Mainz 05;Shinji Okazaki;28;5500000.0;Mittelstürmer;Startaufstellung
2528975;Vereinigte Arabische Emirate;Al-Ahli Dubai Club;Majed Naser;30;100000.0;Torwart;Startaufstellung
2528975;Vereinigte Arabische Emirate;;Mohnad Salem;29;100000.0;Innenverteidiger;Startaufstellung
2528975;Vereinigte Arabische Emirate;Al-Ahli Dubai Club;Abdulaziz Hussain;24;175000.0;Innenverteidiger;Startaufstellung
2528975;Vereinigte Arabische Emirate;Al-Ain FC;Mohamed Ahmad;25;125000.0;Linker Verteidiger;Startaufstellung
2528975;Vereinigte Arabische Emirate;Al-Ahli Dubai Club;Abdelaziz Sanqour;25;100000.0;Rechter Verteidiger;Startaufstellung
2528975;Vereinigte Arabische Emirate;;Khamis Esmaeel;25;100000.0;Defensives Mittelfeld;Startaufstellung
2528975;Vereinigte Arabische Emirate;;Amer Abdulrahman;25;200000.0;Zentrales Mittelfeld;Startaufstellung
2528975;Vereinigte Arabische Emirate;Al-Ain FC;Omar Abdulrahman;23;1500000.0;Offensives Mittelfeld;Startaufstellung
2528975;Vereinigte Arabische Emirate;;Ali Mabkhout;24;100000.0;Linksaußen;Startaufstellung
2528975;Vereinigte Arabische Emirate;;Ismail Al Hammadi;26;100000.0;Rechtsaußen;Startaufstellung
2528975;Vereinigte Arabische Emirate;;Ahmed Khalil;23;100000.0;Mittelstürmer;Startaufstellung
2528975;Japan;Urawa Red Diamonds;Shusaku Nishikawa;28;1500000.0;Torwart;Reservebank
2528975;Japan;Gamba Osaka;Masaaki Higashiguchi;28;800000.0;Torwart;Reservebank
2528975;Japan;Kashima Antlers;Naomichi Ueda;20;100000.0;Innenverteidiger;Reservebank
2528975;Japan;Sanfrecce Hiroshima;Tsukasa Shiotani;26;1000000.0;Innenverteidiger;Reservebank
2528975;Japan;Kashima Antlers;Gen Shoji;22;250000.0;Innenverteidiger;Reservebank
2528975;Japan;FC Tokyo;Kosuke Ota;27;1000000.0;Linker Verteidiger;Reservebank
2528975;Japan;Gamba Osaka;Yasuyuki Konno;31;1000000.0;Defensives Mittelfeld;Reservebank
2528975;Japan;Kashima Antlers;Gaku Shibasaki;22;1000000.0;Zentrales Mittelfeld;Reservebank
2528975;Japan;Hannover 96;Hiroshi Kiyotake;25;4500000.0;Offensives Mittelfeld;Reservebank
2528975;Japan;Sagan Tosu;Yohei Toyoda;29;1200000.0;Mittelstürmer;Reservebank
2528975;Japan;Kawasaki Frontale;Yu Kobayashi;27;850000.0;Mittelstürmer;Reservebank
2528975;Japan;FC Tokyo;Yoshinori Muto;22;800000.0;Mittelstürmer;Reservebank
2528975;Vereinigte Arabische Emirate;Al-Ain FC;Khalid Eisa;25;100000.0;Torwart;Reservebank
2528975;Vereinigte Arabische Emirate;Sharjah Cultural Sports Club;Mohamed Yousef;23;100000.0;Torwart;Reservebank
2528975;Vereinigte Arabische Emirate;Valletta FC;Hamdan Al Kamali;25;150000.0;Innenverteidiger;Reservebank
2528975;Vereinigte Arabische Emirate;Al-Ain FC;Ismail Ahmed;31;100000.0;Innenverteidiger;Reservebank
2528975;Vereinigte Arabische Emirate;;Majed Hassan;22;100000.0;Defensives Mittelfeld;Reservebank
2528975;Vereinigte Arabische Emirate;;Hassan Ibrahim;24;100000.0;Defensives Mittelfeld;Reservebank
2528975;Vereinigte Arabische Emirate;Al-Ahli Dubai Club;Habib Al Fardan;24;100000.0;Zentrales Mittelfeld;Reservebank
2528975;Vereinigte Arabische Emirate;Al-Ain FC;Mohamed Abdulrahman;25;100000.0;Zentrales Mittelfeld;Reservebank
2528975;Vereinigte Arabische Emirate;;Haboosh Saleh;25;100000.0;Rechtes Mittelfeld;Reservebank
2528975;Vereinigte Arabische Emirate;;Salem Saleh;23;100000.0;Mittelstürmer;Reservebank
2528975;Vereinigte Arabische Emirate;Al-Ain FC;Saeed Al Kathiri;26;100000.0;Mittelstürmer;Reservebank
