GameId;team;club;name;age;value;position;role
2529902;Südkorea;Cerezo Osaka;Jin-Hyeon Kim;27;1000000.0;Torwart;Startaufstellung
2529902;Südkorea;Guangzhou Evergrande Taobao;Young-gwon Kim;24;1200000.0;Innenverteidiger;Startaufstellung
2529902;Südkorea;Al-Hilal Riad;Tae-heui Kwak;33;900000.0;Innenverteidiger;Startaufstellung
2529902;Südkorea;TSG 1899 Hoffenheim;Jin-su Kim;22;1250000.0;Linker Verteidiger;Startaufstellung
2529902;Südkorea;FC Seoul;Du-Ri Cha;34;825000.0;Rechter Verteidiger;Startaufstellung
2529902;Südkorea;1.FSV Mainz 05;Ju-ho Park;28;2500000.0;Defensives Mittelfeld;Startaufstellung
2529902;Südkorea;Swansea City;Sung-Yong Ki;26;6000000.0;Defensives Mittelfeld;Startaufstellung
2529902;Südkorea;Al Duhail Sports Club;Tae-Hee Nam;23;1000000.0;Offensives Mittelfeld;Startaufstellung
2529902;Südkorea;Jeonbuk Hyundai Motors FC;Kyo-won Han;24;750000.0;Linksaußen;Startaufstellung
2529902;Südkorea;Bayer 04 Leverkusen;Heung-Min Son;22;14000000.0;Rechtsaußen;Startaufstellung
2529902;Südkorea;Sangju Sangmu FC;Jeong-hyeob Lee;23;500000.0;Mittelstürmer;Startaufstellung
2529902;Irak;Erbil SC;Jalal Hassan Hachim;23;100000.0;Torwart;Startaufstellung
2529902;Irak;Ajman Club;Ahmad Ibrahim Khalaf;22;100000.0;Innenverteidiger;Startaufstellung
2529902;Irak;Al-Fateh;Salam Shakir;28;125000.0;Innenverteidiger;Startaufstellung
2529902;Irak;Al-Shorta SC;Dhurgham Ismail;20;100000.0;Linker Verteidiger;Startaufstellung
2529902;Irak;Al-Shorta SC;Waleed Salim;23;100000.0;Rechter Verteidiger;Startaufstellung
2529902;Irak;Erbil SC;Saad Abdul-Amir;23;100000.0;Defensives Mittelfeld;Startaufstellung
2529902;Irak;Alphense Boys;Osama Rashid;23;100000.0;Zentrales Mittelfeld;Startaufstellung
2529902;Irak;Al-Zawraa;Alaa Abdul-Zahra;27;100000.0;Offensives Mittelfeld;Startaufstellung
2529902;Irak;Örebro SK;Ahmed Yasin;23;300000.0;Linksaußen;Startaufstellung
2529902;Irak;;Amjed Kalaf;23;100000.0;Rechtsaußen;Startaufstellung
2529902;Irak;Vereinslos;Younis Mahmoud;31;1000000.0;Mittelstürmer;Startaufstellung
2529902;Südkorea;Suwon Samsung Bluewings FC;Sung-Ryong Jung;30;1500000.0;Torwart;Reservebank
2529902;Südkorea;;Seung-Gyu Kim;24;1000000.0;Torwart;Reservebank
2529902;Südkorea;Shanghai SIPG;Ju-young Kim;26;750000.0;Innenverteidiger;Reservebank
2529902;Südkorea;Guangzhou R&F;Hyun-Soo Jang;23;850000.0;Innenverteidiger;Reservebank
2529902;Südkorea;Kashiwa Reysol;Chang-su Kim;29;750000.0;Rechter Verteidiger;Reservebank
2529902;Südkorea;Qatar Sports Club;Guk-yeong Han;24;1000000.0;Defensives Mittelfeld;Reservebank
2529902;Südkorea;Al-Ain FC;Myeong-ju Lee;24;1000000.0;Defensives Mittelfeld;Reservebank
2529902;Südkorea;Sagan Tosu;Min-uh Kim;24;1000000.0;Linkes Mittelfeld;Reservebank
2529902;Südkorea;Qatar Sports Club;Yeong-cheol Jo;25;900000.0;Linksaußen;Reservebank
2529902;Südkorea;El-Jaish Sports Club;Keun-ho Lee;29;1500000.0;Linksaußen;Reservebank
2529902;Irak;;Ali Yaseen;21;100000.0;Torwart;Reservebank
2529902;Irak;Zakho FC;Mohammed Hameed;22;100000.0;Torwart;Reservebank
2529902;Irak;Al-Shorta SC;Ali Bahjat;22;100000.0;Innenverteidiger;Reservebank
2529902;Irak;;Ali Faez Atiyah;20;100000.0;Innenverteidiger;Reservebank
2529902;Irak;Caykur Rizespor;Ali Adnan;21;3000000.0;Linker Verteidiger;Reservebank
2529902;Irak;;Sameh Saeed;22;100000.0;Rechter Verteidiger;Reservebank
2529902;Irak;;Mahdi Kamil;20;100000.0;Zentrales Mittelfeld;Reservebank
2529902;Irak;Al-Dhafra SCC;Humam Tariq;18;100000.0;Linksaußen;Reservebank
2529902;Irak;Columbus Crew SC;Justin Meram;26;175000.0;Linksaußen;Reservebank
2529902;Irak;;Ali Husni Faisal;20;100000.0;Linksaußen;Reservebank
2529902;Irak;Al-Shorta SC;Marwan Hussein;23;100000.0;Mittelstürmer;Reservebank
