GameId;team;club;name;age;value;position;role
2530698;Südkorea;Cerezo Osaka;Jin-Hyeon Kim;27;1000000.0;Torwart;Startaufstellung
2530698;Südkorea;Guangzhou Evergrande Taobao;Young-gwon Kim;24;1200000.0;Innenverteidiger;Startaufstellung
2530698;Südkorea;Al-Hilal Riad;Tae-heui Kwak;33;900000.0;Innenverteidiger;Startaufstellung
2530698;Südkorea;TSG 1899 Hoffenheim;Jin-su Kim;22;1250000.0;Linker Verteidiger;Startaufstellung
2530698;Südkorea;FC Seoul;Du-Ri Cha;34;825000.0;Rechter Verteidiger;Startaufstellung
2530698;Südkorea;Guangzhou R&F;Hyun-Soo Jang;23;850000.0;Defensives Mittelfeld;Startaufstellung
2530698;Südkorea;Swansea City;Sung-Yong Ki;26;6000000.0;Defensives Mittelfeld;Startaufstellung
2530698;Südkorea;1.FSV Mainz 05;Ju-ho Park;28;2500000.0;Linkes Mittelfeld;Startaufstellung
2530698;Südkorea;Al Duhail Sports Club;Tae-Hee Nam;23;1000000.0;Offensives Mittelfeld;Startaufstellung
2530698;Südkorea;Bayer 04 Leverkusen;Heung-Min Son;22;14000000.0;Rechtsaußen;Startaufstellung
2530698;Südkorea;Sangju Sangmu FC;Jeong-hyeob Lee;23;500000.0;Mittelstürmer;Startaufstellung
2530698;Australien;FC Brügge;Mathew Ryan;22;4000000.0;Torwart;Startaufstellung
2530698;Australien;Western Sydney Wanderers;Matthew Spiranovic;26;500000.0;Innenverteidiger;Startaufstellung
2530698;Australien;PEC Zwolle;Trent Sainsbury;23;650000.0;Innenverteidiger;Startaufstellung
2530698;Australien;West Bromwich Albion;Jason Davidson;23;750000.0;Linker Verteidiger;Startaufstellung
2530698;Australien;Torpedo Moskau;Ivan Franjic;27;600000.0;Rechter Verteidiger;Startaufstellung
2530698;Australien;Crystal Palace;Mile Jedinak;30;4000000.0;Defensives Mittelfeld;Startaufstellung
2530698;Australien;Melbourne Victory;Mark Milligan;29;750000.0;Zentrales Mittelfeld;Startaufstellung
2530698;Australien;Swindon Town;Massimo Luongo;22;400000.0;Zentrales Mittelfeld;Startaufstellung
2530698;Australien;FC Ingolstadt 04;Mathew Leckie;23;1700000.0;Linksaußen;Startaufstellung
2530698;Australien;Bayer 04 Leverkusen;Robbie Kruse;26;2750000.0;Rechtsaußen;Startaufstellung
2530698;Australien;New York Red Bulls;Tim Cahill;35;1000000.0;Mittelstürmer;Startaufstellung
2530698;Südkorea;Suwon Samsung Bluewings FC;Sung-Ryong Jung;30;1500000.0;Torwart;Reservebank
2530698;Südkorea;;Seung-Gyu Kim;24;1000000.0;Torwart;Reservebank
2530698;Südkorea;Shanghai SIPG;Ju-young Kim;26;750000.0;Innenverteidiger;Reservebank
2530698;Südkorea;Kashiwa Reysol;Chang-su Kim;29;750000.0;Rechter Verteidiger;Reservebank
2530698;Südkorea;Qatar Sports Club;Guk-yeong Han;24;1000000.0;Defensives Mittelfeld;Reservebank
2530698;Südkorea;Al-Ain FC;Myeong-ju Lee;24;1000000.0;Defensives Mittelfeld;Reservebank
2530698;Südkorea;Sagan Tosu;Min-uh Kim;24;1000000.0;Linkes Mittelfeld;Reservebank
2530698;Südkorea;Qatar Sports Club;Yeong-cheol Jo;25;900000.0;Linksaußen;Reservebank
2530698;Südkorea;El-Jaish Sports Club;Keun-ho Lee;29;1500000.0;Linksaußen;Reservebank
2530698;Südkorea;Jeonbuk Hyundai Motors FC;Kyo-won Han;24;750000.0;Rechtsaußen;Reservebank
2530698;Australien;Adelaide United;Eugene Galekovic;33;1000000.0;Torwart;Reservebank
2530698;Australien;Borussia Dortmund;Mitchell Langerak;26;1500000.0;Torwart;Reservebank
2530698;Australien;Jeonbuk Hyundai Motors FC;Alex Wilkinson;30;650000.0;Innenverteidiger;Reservebank
2530698;Australien;Bursaspor;Aziz Behich;24;2000000.0;Linker Verteidiger;Reservebank
2530698;Australien;Sydney FC;Terry Antonis;21;600000.0;Defensives Mittelfeld;Reservebank
2530698;Australien;Brisbane Roar;Matt McKay;32;550000.0;Zentrales Mittelfeld;Reservebank
2530698;Australien;Al Gharafa Sports Club;Mark Bresciano;34;500000.0;Zentrales Mittelfeld;Reservebank
2530698;Australien;Al-Ittihad Dschidda;James Troisi;26;1500000.0;Offensives Mittelfeld;Reservebank
2530698;Australien;FC Utrecht;Tommy Oar;23;2000000.0;Linksaußen;Reservebank
2530698;Australien;Wellington Phoenix;Nathan Burns;26;750000.0;Mittelstürmer;Reservebank
2530698;Australien;Western Sydney Wanderers;Tomi Juric;23;500000.0;Mittelstürmer;Reservebank
