GameId;team;club;name;age;value;position;role
2530699;Irak;Zakho FC;Mohammed Hameed;22;100000.0;Torwart;Startaufstellung
2530699;Irak;Ajman Club;Ahmad Ibrahim Khalaf;22;100000.0;Innenverteidiger;Startaufstellung
2530699;Irak;Al-Fateh;Salam Shakir;28;125000.0;Innenverteidiger;Startaufstellung
2530699;Irak;Al-Shorta SC;Dhurgham Ismail;20;100000.0;Linker Verteidiger;Startaufstellung
2530699;Irak;Al-Shorta SC;Waleed Salim;23;100000.0;Rechter Verteidiger;Startaufstellung
2530699;Irak;Erbil SC;Saad Abdul-Amir;23;100000.0;Zentrales Mittelfeld;Startaufstellung
2530699;Irak;Swindon Town;Yaser Kasim;23;150000.0;Zentrales Mittelfeld;Startaufstellung
2530699;Irak;Örebro SK;Ahmed Yasin;23;300000.0;Rechtes Mittelfeld;Startaufstellung
2530699;Irak;;Amjed Kalaf;23;100000.0;Linkes Mittelfeld;Startaufstellung
2530699;Irak;;Mahdi Kamil;20;100000.0;Offensives Mittelfeld;Startaufstellung
2530699;Irak;Vereinslos;Younis Mahmoud;31;1000000.0;Mittelstürmer;Startaufstellung
2530699;Vereinigte Arabische Emirate;Al-Ain FC;Khalid Eisa;25;100000.0;Torwart;Startaufstellung
2530699;Vereinigte Arabische Emirate;;Mohnad Salem;29;100000.0;Innenverteidiger;Startaufstellung
2530699;Vereinigte Arabische Emirate;Al-Ahli Dubai Club;Habib Al Fardan;24;100000.0;Innenverteidiger;Startaufstellung
2530699;Vereinigte Arabische Emirate;Al-Ain FC;Mohamed Ahmad;25;125000.0;Linker Verteidiger;Startaufstellung
2530699;Vereinigte Arabische Emirate;Al-Ahli Dubai Club;Abdelaziz Sanqour;25;100000.0;Rechter Verteidiger;Startaufstellung
2530699;Vereinigte Arabische Emirate;;Majed Hassan;22;100000.0;Defensives Mittelfeld;Startaufstellung
2530699;Vereinigte Arabische Emirate;;Khamis Esmaeel;25;100000.0;Defensives Mittelfeld;Startaufstellung
2530699;Vereinigte Arabische Emirate;Al-Ahli Dubai Club;Abdulaziz Hussain;24;175000.0;Rechtes Mittelfeld;Startaufstellung
2530699;Vereinigte Arabische Emirate;Al-Ain FC;Omar Abdulrahman;23;1500000.0;Offensives Mittelfeld;Startaufstellung
2530699;Vereinigte Arabische Emirate;;Ali Mabkhout;24;100000.0;Linksaußen;Startaufstellung
2530699;Vereinigte Arabische Emirate;;Ahmed Khalil;23;100000.0;Mittelstürmer;Startaufstellung
2530699;Irak;;Ali Yaseen;21;100000.0;Torwart;Reservebank
2530699;Irak;Erbil SC;Jalal Hassan Hachim;23;100000.0;Torwart;Reservebank
2530699;Irak;Al-Shorta SC;Ali Bahjat;22;100000.0;Innenverteidiger;Reservebank
2530699;Irak;;Ali Faez Atiyah;20;100000.0;Innenverteidiger;Reservebank
2530699;Irak;Caykur Rizespor;Ali Adnan;21;3000000.0;Linker Verteidiger;Reservebank
2530699;Irak;;Sameh Saeed;22;100000.0;Rechter Verteidiger;Reservebank
2530699;Irak;Alphense Boys;Osama Rashid;23;100000.0;Zentrales Mittelfeld;Reservebank
2530699;Irak;Al-Zawraa;Alaa Abdul-Zahra;27;100000.0;Offensives Mittelfeld;Reservebank
2530699;Irak;Al-Dhafra SCC;Humam Tariq;18;100000.0;Linksaußen;Reservebank
2530699;Irak;Columbus Crew SC;Justin Meram;26;175000.0;Linksaußen;Reservebank
2530699;Irak;;Ali Husni Faisal;20;100000.0;Linksaußen;Reservebank
2530699;Irak;Al-Shorta SC;Marwan Hussein;23;100000.0;Mittelstürmer;Reservebank
2530699;Vereinigte Arabische Emirate;Sharjah Cultural Sports Club;Mohamed Yousef;23;100000.0;Torwart;Reservebank
2530699;Vereinigte Arabische Emirate;Al-Ahli Dubai Club;Majed Naser;30;100000.0;Torwart;Reservebank
2530699;Vereinigte Arabische Emirate;Al-Ahli Dubai Club;Walid Abbas;29;125000.0;Innenverteidiger;Reservebank
2530699;Vereinigte Arabische Emirate;Valletta FC;Hamdan Al Kamali;25;150000.0;Innenverteidiger;Reservebank
2530699;Vereinigte Arabische Emirate;Al-Ain FC;Ismail Ahmed;31;100000.0;Innenverteidiger;Reservebank
2530699;Vereinigte Arabische Emirate;;Hassan Ibrahim;24;100000.0;Defensives Mittelfeld;Reservebank
2530699;Vereinigte Arabische Emirate;Al-Ain FC;Mohamed Abdulrahman;25;100000.0;Zentrales Mittelfeld;Reservebank
2530699;Vereinigte Arabische Emirate;;Amer Abdulrahman;25;200000.0;Zentrales Mittelfeld;Reservebank
2530699;Vereinigte Arabische Emirate;;Haboosh Saleh;25;100000.0;Rechtes Mittelfeld;Reservebank
2530699;Vereinigte Arabische Emirate;;Ismail Al Hammadi;26;100000.0;Linksaußen;Reservebank
2530699;Vereinigte Arabische Emirate;;Salem Saleh;23;100000.0;Mittelstürmer;Reservebank
2530699;Vereinigte Arabische Emirate;Al-Ain FC;Saeed Al Kathiri;26;100000.0;Mittelstürmer;Reservebank
