GameId;team;club;name;age;value;position;role
2531003;Republik Kongo;US Le Pontet;Christoffer Mafoumbi;20;100000.0;Torwart;Startaufstellung
2531003;Republik Kongo;;Boris Moubio;26;100000.0;Innenverteidiger;Startaufstellung
2531003;Republik Kongo;AC Léopards de Dolisie;Sagesse Babélé;21;100000.0;Innenverteidiger;Startaufstellung
2531003;Republik Kongo;;Dimitri Magnoléké Bissiki;23;100000.0;Linker Verteidiger;Startaufstellung
2531003;Republik Kongo;SC Amiens;Marvin Baudry;25;100000.0;Rechter Verteidiger;Startaufstellung
2531003;Republik Kongo;Olympiakos Piräus;Delvin N'Dinga;26;3500000.0;Defensives Mittelfeld;Startaufstellung
2531003;Republik Kongo;Stade Reims;Prince Oniangué;26;3500000.0;Zentrales Mittelfeld;Startaufstellung
2531003;Republik Kongo;SCO Angers;Arnold Bouka Moutou;26;500000.0;Linkes Mittelfeld;Startaufstellung
2531003;Republik Kongo;FK Teplice;Francis Litsingi;28;600000.0;Rechtsaußen;Startaufstellung
2531003;Republik Kongo;UD Almería;Thievy Bifouma;22;2000000.0;Mittelstürmer;Startaufstellung
2531003;Republik Kongo;CFR Cluj;Férébory Doré;26;900000.0;Mittelstürmer;Startaufstellung
2531003;Demokratische Republik Kongo;TP Mazembe;Robert Muteba Kidiaba;38;500000.0;Torwart;Startaufstellung
2531003;Demokratische Republik Kongo;Peterborough United;Gabriel Zakuani;28;400000.0;Innenverteidiger;Startaufstellung
2531003;Demokratische Republik Kongo;FC Évian Thonon Gaillard;Cédric Mongongu;25;2000000.0;Innenverteidiger;Startaufstellung
2531003;Demokratische Republik Kongo;TP Mazembe;Kilitcho Kasusula;32;300000.0;Linker Verteidiger;Startaufstellung
2531003;Demokratische Republik Kongo;Kabuscorp SC do Palanca;Issama Mpeko;28;150000.0;Rechter Verteidiger;Startaufstellung
2531003;Demokratische Republik Kongo;RSC Anderlecht;Chancel Mbemba;20;6000000.0;Defensives Mittelfeld;Startaufstellung
2531003;Demokratische Republik Kongo;SV Werder Bremen;Cédric Makiadi;30;1500000.0;Zentrales Mittelfeld;Startaufstellung
2531003;Demokratische Republik Kongo;Crystal Palace;Yannick Bolasie;25;4000000.0;Linksaußen;Startaufstellung
2531003;Demokratische Republik Kongo;CA Osasuna;Cedrick;22;1200000.0;Rechtsaußen;Startaufstellung
2531003;Demokratische Republik Kongo;Terek Grozny;Jeremy Bokila;26;1500000.0;Mittelstürmer;Startaufstellung
2531003;Demokratische Republik Kongo;Dynamo Kiew;Dieumerci Mbokani;29;10000000.0;Mittelstürmer;Startaufstellung
2531003;Republik Kongo;;Chancel Massa;32;100000.0;Torwart;Reservebank
2531003;Republik Kongo;;Pavelh Ndzila;20;100000.0;Torwart;Reservebank
2531003;Republik Kongo;;Cosme Andrely Atoni Mavoungou;18;100000.0;Innenverteidiger;Reservebank
2531003;Republik Kongo;RSC Charleroi;Francis N'Ganga;29;600000.0;Linker Verteidiger;Reservebank
2531003;Republik Kongo;FC Aarau;Igor Nganga;27;750000.0;Rechter Verteidiger;Reservebank
2531003;Republik Kongo;;Césaire Gandzé;25;100000.0;Rechtes Mittelfeld;Reservebank
2531003;Republik Kongo;CARA Brazzaville;Hardy Binguila;18;100000.0;Zentrales Mittelfeld;Reservebank
2531003;Republik Kongo;FC Lausanne-Sport;Chris Malonga;27;600000.0;Linksaußen;Reservebank
2531003;Republik Kongo;EA Guingamp;Ladislas Douniama;28;500000.0;Hängende Spitze;Reservebank
2531003;Republik Kongo;Raja Casablanca;Silvere Ganvoula;18;100000.0;Mittelstürmer;Reservebank
2531003;Republik Kongo;Wydad Athletic Club Casablanca;Fabrice Ondama;26;550000.0;Linksaußen;Reservebank
2531003;Republik Kongo;Hibernian FC;Dominique Malonga;26;350000.0;Mittelstürmer;Reservebank
2531003;Demokratische Republik Kongo;RSC Charleroi;Parfait Mandanda;25;800000.0;Torwart;Reservebank
2531003;Demokratische Republik Kongo;RSC Anderlecht;Nicaise Kudimbana;28;300000.0;Torwart;Reservebank
2531003;Demokratische Republik Kongo;TP Mazembe;Joël Kimwaki;28;400000.0;Innenverteidiger;Reservebank
2531003;Demokratische Republik Kongo;Académica Coimbra;Christopher Oualembo;28;300000.0;Rechter Verteidiger;Reservebank
2531003;Demokratische Republik Kongo;AS Vita Club Kinshasa;Bawaka Mabele;25;100000.0;Rechter Verteidiger;Reservebank
2531003;Demokratische Republik Kongo;;Nelson Munganga;21;100000.0;Defensives Mittelfeld;Reservebank
2531003;Demokratische Republik Kongo;West Bromwich Albion;Youssouf Mulumbu;28;5000000.0;Defensives Mittelfeld;Reservebank
2531003;Demokratische Republik Kongo;Club Sportif Sfaxien;Chikito Lema Mabidi;21;100000.0;Zentrales Mittelfeld;Reservebank
2531003;Demokratische Republik Kongo;RSC Charleroi;Neeskens Kebano;22;2000000.0;Rechtsaußen;Reservebank
2531003;Demokratische Republik Kongo;KRC Genk;Hervé Kage;25;1200000.0;Rechtsaußen;Reservebank
2531003;Demokratische Republik Kongo;Cercle Brügge;Junior Kabananga;25;1000000.0;Mittelstürmer;Reservebank
2531003;Demokratische Republik Kongo;;Firmin Mubele;20;100000.0;Mittelstürmer;Reservebank
