GameId;team;club;name;age;value;position;role
2531006;Elfenbeinküste;TP Mazembe;Sylvain Gbohouo;26;500000.0;Torwart;Startaufstellung
2531006;Elfenbeinküste;ADO Den Haag;Wilfried Kanon;21;500000.0;Innenverteidiger;Startaufstellung
2531006;Elfenbeinküste;FC Liverpool;Kolo Touré;33;3000000.0;Innenverteidiger;Startaufstellung
2531006;Elfenbeinküste;FC Villarreal;Eric Bailly;20;1000000.0;Innenverteidiger;Startaufstellung
2531006;Elfenbeinküste;FC Basel 1893;Geoffroy Serey Dié;30;3000000.0;Defensives Mittelfeld;Startaufstellung
2531006;Elfenbeinküste;Manchester City;Yaya Touré;31;30000000.0;Defensives Mittelfeld;Startaufstellung
2531006;Elfenbeinküste;FC Paris Saint-Germain;Serge Aurier;22;10000000.0;Rechtes Mittelfeld;Startaufstellung
2531006;Elfenbeinküste;HSC Montpellier;Siaka Tiéné;32;1000000.0;Linkes Mittelfeld;Startaufstellung
2531006;Elfenbeinküste;AS Rom;Gervinho;27;18500000.0;Linksaußen;Startaufstellung
2531006;Elfenbeinküste;AS Saint-Étienne;Max Gradel;27;3500000.0;Rechtsaußen;Startaufstellung
2531006;Elfenbeinküste;Manchester City;Wilfried Bony;26;17000000.0;Mittelstürmer;Startaufstellung
2531006;Algerien;Philadelphia Union;Raïs M'Bolhi;28;1000000.0;Torwart;Startaufstellung
2531006;Algerien;Al-Fujairah SC;Madjid Bougherra;32;1200000.0;Innenverteidiger;Startaufstellung
2531006;Algerien;Trabzonspor;Carl Medjani;29;4000000.0;Innenverteidiger;Startaufstellung
2531006;Algerien;SSC Neapel;Faouzi Ghoulam;24;7000000.0;Linker Verteidiger;Startaufstellung
2531006;Algerien;Stade Reims;Aïssa Mandi;23;3000000.0;Rechter Verteidiger;Startaufstellung
2531006;Algerien;Tottenham Hotspur;Nabil Bentaleb;20;3000000.0;Defensives Mittelfeld;Startaufstellung
2531006;Algerien;US Sassuolo;Saphir Taider;22;8000000.0;Defensives Mittelfeld;Startaufstellung
2531006;Algerien;Leicester City;Riyad Mahrez;23;2000000.0;Linksaußen;Startaufstellung
2531006;Algerien;FC Valencia;Sofiane Feghouli;25;15000000.0;Rechtsaußen;Startaufstellung
2531006;Algerien;FC Porto;Yacine Brahimi;24;7500000.0;Hängende Spitze;Startaufstellung
2531006;Algerien;GNK Dinamo Zagreb;El Arbi Hillel Soudani;27;6000000.0;Mittelstürmer;Startaufstellung
2531006;Elfenbeinküste;KSC Lokeren;Boubacar Copa;35;1000000.0;Torwart;Reservebank
2531006;Elfenbeinküste;Stabaek IF;Mandé Sayouba;21;700000.0;Torwart;Reservebank
2531006;Elfenbeinküste;Caykur Rizespor;Ousmane Viera;28;2400000.0;Innenverteidiger;Reservebank
2531006;Elfenbeinküste;FC Metz;Cheick Doukouré;22;1250000.0;Defensives Mittelfeld;Reservebank
2531006;Elfenbeinküste;AS Saint-Étienne;Ismaël Diomandé;22;2000000.0;Defensives Mittelfeld;Reservebank
2531006;Elfenbeinküste;FC Toulouse;Jean-Daniel Akpa Akpro;22;2500000.0;Zentrales Mittelfeld;Reservebank
2531006;Elfenbeinküste;Hertha BSC;Salomon Kalou;29;7000000.0;Linksaußen;Reservebank
2531006;Elfenbeinküste;TP Mazembe;Roger Assalé;21;500000.0;Mittelstürmer;Reservebank
2531006;Elfenbeinküste;AS Rom;Seydou Doumbia;27;25000000.0;Mittelstürmer;Reservebank
2531006;Elfenbeinküste;SC Bastia;Junior Tallo;22;2000000.0;Mittelstürmer;Reservebank
2531006;Elfenbeinküste;AS Monaco;Lacina Traoré;24;8000000.0;Mittelstürmer;Reservebank
2531006;Algerien;JS Kabylie;Azzedine Doukha;28;550000.0;Torwart;Reservebank
2531006;Algerien;CS Constantine;Cédric;30;500000.0;Torwart;Reservebank
2531006;Algerien;CA Osasuna;Liassine Cadamuro;26;700000.0;Innenverteidiger;Reservebank
2531006;Algerien;Qatar Sports Club;Rafik Halliche;28;1200000.0;Innenverteidiger;Reservebank
2531006;Algerien;Sampdoria Genua;Djamel Mesbah;30;700000.0;Linker Verteidiger;Reservebank
2531006;Algerien;Olympique Lyon;Mehdi Zeffane;22;1250000.0;Rechter Verteidiger;Reservebank
2531006;Algerien;FC Getafe;Mehdi Lacen;30;2000000.0;Defensives Mittelfeld;Reservebank
2531006;Algerien;FC Metz;Ahmed Kashi;26;1000000.0;Defensives Mittelfeld;Reservebank
2531006;Algerien;Real Betis Sevilla;Foued Kadir;31;1500000.0;Offensives Mittelfeld;Reservebank
2531006;Algerien;Club Africain Tunis;Abdelmoumene Djabou;28;1400000.0;Rechtsaußen;Reservebank
2531006;Algerien;Parma FC;Ishak Belfodil;23;4000000.0;Mittelstürmer;Reservebank
2531006;Algerien;Sporting Lissabon;Islam Slimani;26;6000000.0;Mittelstürmer;Reservebank
