GameId;team;club;name;age;value;position;role
2531005;Ghana;CD Mirandés;Brimah Razak;27;500000.0;Torwart;Startaufstellung
2531005;Ghana;FC Évian Thonon Gaillard;Jonathan Mensah;24;1500000.0;Innenverteidiger;Startaufstellung
2531005;Ghana;Kayseri Erciyesspor;John Boye;27;2200000.0;Innenverteidiger;Startaufstellung
2531005;Ghana;FC Augsburg;Abdul Rahman Baba;20;3000000.0;Linker Verteidiger;Startaufstellung
2531005;Ghana;Esperance Tunis;Harrison Afful;28;1100000.0;Rechter Verteidiger;Startaufstellung
2531005;Ghana;TSG 1899 Hoffenheim;Afriyie Acquah;23;3000000.0;Defensives Mittelfeld;Startaufstellung
2531005;Ghana;Celtic Glasgow;Mubarak Wakaso;24;5000000.0;Zentrales Mittelfeld;Startaufstellung
2531005;Ghana;Olympique Marseille;André Ayew;25;12000000.0;Linksaußen;Startaufstellung
2531005;Ghana;FC Everton;Christian Atsu;23;6000000.0;Rechtsaußen;Startaufstellung
2531005;Ghana;Crystal Palace;Kwesi Appiah;24;150000.0;Mittelstürmer;Startaufstellung
2531005;Ghana;Al-Ain FC;Asamoah Gyan;29;4000000.0;Mittelstürmer;Startaufstellung
2531005;Guinea;Athlétic Club Arlésien;Naby-Moussa Yattara;31;250000.0;Torwart;Startaufstellung
2531005;Guinea;;Fode Camara;26;100000.0;Innenverteidiger;Startaufstellung
2531005;Guinea;EA Guingamp;Baissama Sankoh;22;500000.0;Innenverteidiger;Startaufstellung
2531005;Guinea;SV Zulte Waregem;Djibril Tamsir Paye;24;350000.0;Linker Verteidiger;Startaufstellung
2531005;Guinea;SCO Angers B;Abdoulaye Cissé;20;100000.0;Rechter Verteidiger;Startaufstellung
2531005;Guinea;CD Nacional;Boubacar Fofana;25;100000.0;Defensives Mittelfeld;Startaufstellung
2531005;Guinea;Trabzonspor;Kévin Constant;27;4500000.0;Zentrales Mittelfeld;Startaufstellung
2531005;Guinea;RSC Anderlecht;Ibrahima Conté;23;3000000.0;Offensives Mittelfeld;Startaufstellung
2531005;Guinea;SCO Angers;Abdoul Camara;24;1000000.0;Linksaußen;Startaufstellung
2531005;Guinea;Borussia Mönchengladbach;Ibrahima Traoré;26;5000000.0;Rechtsaußen;Startaufstellung
2531005;Guinea;RSC Anderlecht;Idrissa Sylla;24;1500000.0;Mittelstürmer;Startaufstellung
2531005;Ghana;CS Don Bosco;Ernest Sowah;26;150000.0;Torwart;Reservebank
2531005;Ghana;Ashanti Gold SC;Fatau Dauda;29;250000.0;Torwart;Reservebank
2531005;Ghana;Maritzburg United FC;Mohamed Awal;26;350000.0;Innenverteidiger;Reservebank
2531005;Ghana;Mpumalanga Black Aces FC;Edwin Gyimah;23;350000.0;Defensives Mittelfeld;Reservebank
2531005;Ghana;Kuban Krasnodar;Rabiu Mohammed;25;3000000.0;Defensives Mittelfeld;Reservebank
2531005;Ghana;FC Kopenhagen;Daniel Amartey;20;1000000.0;Defensives Mittelfeld;Reservebank
2531005;Ghana;Udinese Calcio;Emmanuel Badu;24;5000000.0;Zentrales Mittelfeld;Reservebank
2531005;Ghana;RSC Anderlecht;Frank Acheampong;21;4000000.0;Linksaußen;Reservebank
2531005;Ghana;Chicago Fire;David Accam;24;1500000.0;Linksaußen;Reservebank
2531005;Ghana;TP Mazembe;Solomon Asanté;24;250000.0;Rechtsaußen;Reservebank
2531005;Ghana;FC Lorient;Jordan Ayew;23;4500000.0;Mittelstürmer;Reservebank
2531005;Ghana;Sogndal IL;Mahatma Otoo;22;500000.0;Mittelstürmer;Reservebank
2531005;Guinea;AS Kaloum;Abdul Aziz Keita;24;150000.0;Torwart;Reservebank
2531005;Guinea;UCAM Murcia;Buba Camara;21;100000.0;Torwart;Reservebank
2531005;Guinea;Odense Boldklub;Mohammed Diarra;22;400000.0;Innenverteidiger;Reservebank
2531005;Guinea;Sheffield Wednesday;Kamil Zayatte;29;1000000.0;Innenverteidiger;Reservebank
2531005;Guinea;RC Mechelen;Lanfia Camara;28;150000.0;Linker Verteidiger;Reservebank
2531005;Guinea;Genclerbirligi Ankara;Guy-Michel Landel;24;700000.0;Zentrales Mittelfeld;Reservebank
2531005;Guinea;Red Bull Salzburg;Naby Keïta;19;1500000.0;Zentrales Mittelfeld;Reservebank
2531005;Guinea;FC Toulouse;Issiaga Sylla;21;2500000.0;Linkes Mittelfeld;Reservebank
2531005;Guinea;SC Bastia;François Kamano;18;500000.0;Linksaußen;Reservebank
2531005;Guinea;Slovan Bratislava;Seydouba Soumah;23;350000.0;Hängende Spitze;Reservebank
2531005;Guinea;Olympique Lyon;Mohamed Yattara;21;1500000.0;Mittelstürmer;Reservebank
