GameId;team;club;name;age;value;position;role
2533046;Demokratische Republik Kongo;TP Mazembe;Robert Muteba Kidiaba;39;500000.0;Torwart;Startaufstellung
2533046;Demokratische Republik Kongo;Peterborough United;Gabriel Zakuani;28;400000.0;Innenverteidiger;Startaufstellung
2533046;Demokratische Republik Kongo;FC Évian Thonon Gaillard;Cédric Mongongu;25;2000000.0;Innenverteidiger;Startaufstellung
2533046;Demokratische Republik Kongo;TP Mazembe;Kilitcho Kasusula;32;300000.0;Linker Verteidiger;Startaufstellung
2533046;Demokratische Republik Kongo;Kabuscorp SC do Palanca;Issama Mpeko;28;150000.0;Rechter Verteidiger;Startaufstellung
2533046;Demokratische Republik Kongo;RSC Anderlecht;Chancel Mbemba;20;6000000.0;Defensives Mittelfeld;Startaufstellung
2533046;Demokratische Republik Kongo;SV Werder Bremen;Cédric Makiadi;30;1000000.0;Zentrales Mittelfeld;Startaufstellung
2533046;Demokratische Republik Kongo;KRC Genk;Hervé Kage;25;1200000.0;Offensives Mittelfeld;Startaufstellung
2533046;Demokratische Republik Kongo;Crystal Palace;Yannick Bolasie;25;4000000.0;Linksaußen;Startaufstellung
2533046;Demokratische Republik Kongo;CA Osasuna;Cedrick;22;1200000.0;Rechtsaußen;Startaufstellung
2533046;Demokratische Republik Kongo;Terek Grozny;Jeremy Bokila;26;1500000.0;Mittelstürmer;Startaufstellung
2533046;Äquatorialguinea;Vereinslos;Felipe Ovono;21;75000.0;Torwart;Startaufstellung
2533046;Äquatorialguinea;Hibernians FC;Rui;29;75000.0;Innenverteidiger;Startaufstellung
2533046;Äquatorialguinea;Vereinslos;Evuy;29;75000.0;Innenverteidiger;Startaufstellung
2533046;Äquatorialguinea;AEK Larnaka;Sipo;27;200000.0;Linker Verteidiger;Startaufstellung
2533046;Äquatorialguinea;Iraklis Psachna;Randy;27;250000.0;Rechter Verteidiger;Startaufstellung
2533046;Äquatorialguinea;Hong Kong Rangers;Iván Zarandona;34;75000.0;Defensives Mittelfeld;Startaufstellung
2533046;Äquatorialguinea;FC Santa Coloma;Juvenal Edjogo;35;100000.0;Zentrales Mittelfeld;Startaufstellung
2533046;Äquatorialguinea;GD Estoril Praia;Javier Balboa;29;2000000.0;Offensives Mittelfeld;Startaufstellung
2533046;Äquatorialguinea;Real Madrid Castilla;Rubén Belima;22;75000.0;Linksaußen;Startaufstellung
2533046;Äquatorialguinea;RCD Mallorca B;Kike Boula;21;75000.0;Rechtsaußen;Startaufstellung
2533046;Äquatorialguinea;FC Middlesbrough;Emilio Nsue;25;2000000.0;Mittelstürmer;Startaufstellung
2533046;Demokratische Republik Kongo;RSC Charleroi;Parfait Mandanda;25;800000.0;Torwart;Reservebank
2533046;Demokratische Republik Kongo;RSC Anderlecht;Nicaise Kudimbana;28;300000.0;Torwart;Reservebank
2533046;Demokratische Republik Kongo;TP Mazembe;Joël Kimwaki;28;400000.0;Innenverteidiger;Reservebank
2533046;Demokratische Republik Kongo;Académica Coimbra;Christopher Oualembo;28;300000.0;Rechter Verteidiger;Reservebank
2533046;Demokratische Republik Kongo;AS Vita Club Kinshasa;Bawaka Mabele;25;100000.0;Rechter Verteidiger;Reservebank
2533046;Demokratische Republik Kongo;;Nelson Munganga;21;100000.0;Defensives Mittelfeld;Reservebank
2533046;Demokratische Republik Kongo;West Bromwich Albion;Youssouf Mulumbu;28;5000000.0;Defensives Mittelfeld;Reservebank
2533046;Demokratische Republik Kongo;Club Sportif Sfaxien;Chikito Lema Mabidi;21;100000.0;Offensives Mittelfeld;Reservebank
2533046;Demokratische Republik Kongo;RSC Charleroi;Neeskens Kebano;22;2000000.0;Offensives Mittelfeld;Reservebank
2533046;Demokratische Republik Kongo;Cercle Brügge;Junior Kabananga;25;1000000.0;Mittelstürmer;Reservebank
2533046;Demokratische Republik Kongo;Dynamo Kiew;Dieumerci Mbokani;29;10000000.0;Mittelstürmer;Reservebank
2533046;Demokratische Republik Kongo;;Firmin Mubele;20;100000.0;Mittelstürmer;Reservebank
2533046;Äquatorialguinea;Málaga CF Juvenil A;Aitor Embela;18;75000.0;Torwart;Reservebank
2533046;Äquatorialguinea;;Carlos Mosibe;23;75000.0;Torwart;Reservebank
2533046;Äquatorialguinea;CD Tropezón;Igor Engonga;20;75000.0;Innenverteidiger;Reservebank
2533046;Äquatorialguinea;;Diosdado Mbele;17;75000.0;Innenverteidiger;Reservebank
2533046;Äquatorialguinea;Europa FC;Charly;24;75000.0;Innenverteidiger;Reservebank
2533046;Äquatorialguinea;Vegetarianos FC;Miguel Ángel Mayé;24;75000.0;Rechter Verteidiger;Reservebank
2533046;Äquatorialguinea;The Panthers FC;Viera Ellong;27;150000.0;Zentrales Mittelfeld;Reservebank
2533046;Äquatorialguinea;UD San Sebastián de los Reyes;Pablo Ganet;20;75000.0;Offensives Mittelfeld;Reservebank
2533046;Äquatorialguinea;Olímpic Xàtiva;Raúl Fabiani;30;75000.0;Mittelstürmer;Reservebank
2533046;Äquatorialguinea;Vereinslos;Iván Bolado;25;75000.0;Mittelstürmer;Reservebank
