GameId;team;club;name;age;value;position;role
2546659;Jamaika;Syrianska FC;Dwayne Miller;27;125000.0;Torwart;Startaufstellung
2546659;Jamaika;Houston Dynamo;Jermaine Taylor;30;350000.0;Innenverteidiger;Startaufstellung
2546659;Jamaika;Leicester City;Wes Morgan;31;1500000.0;Innenverteidiger;Startaufstellung
2546659;Jamaika;New York Red Bulls;Kemar Lawrence;22;300000.0;Linker Verteidiger;Startaufstellung
2546659;Jamaika;Crystal Palace;Adrian Mariappa;28;2000000.0;Rechter Verteidiger;Startaufstellung
2546659;Jamaika;Vereinslos;Rodolph Austin;30;1500000.0;Defensives Mittelfeld;Startaufstellung
2546659;Jamaika;FC Dallas;Je-Vaughn Watson;31;550000.0;Zentrales Mittelfeld;Startaufstellung
2546659;Jamaika;Leyton Orient;Jobi McAnuff;33;400000.0;Linksaußen;Startaufstellung
2546659;Jamaika;FC Reading;Garath McCleary;28;1250000.0;Rechtsaußen;Startaufstellung
2546659;Jamaika;Derby County;Simon Dawkins;27;750000.0;Hängende Spitze;Startaufstellung
2546659;Jamaika;Houston Dynamo;Giles Barnes;26;1000000.0;Mittelstürmer;Startaufstellung
2546659;Kanada;AIK Solna;Kyriakos Stamatopoulos;35;100000.0;Torwart;Startaufstellung
2546659;Kanada;Birmingham City;David Edgar;28;800000.0;Innenverteidiger;Startaufstellung
2546659;Kanada;Shimizu S-Pulse;Dejan Jakovic;29;500000.0;Innenverteidiger;Startaufstellung
2546659;Kanada;Sporting Kansas City;Marcel de Jong;28;800000.0;Linker Verteidiger;Startaufstellung
2546659;Kanada;FC Energie Cottbus;Nikolas Ledgerwood;30;200000.0;Rechter Verteidiger;Startaufstellung
2546659;Kanada;Fredrikstad FK;Adam Straith;24;200000.0;Defensives Mittelfeld;Startaufstellung
2546659;Kanada;RC Deportivo B;Samuel Piette;20;100000.0;Defensives Mittelfeld;Startaufstellung
2546659;Kanada;Ottawa Fury FC;Julian de Guzmán;34;500000.0;Offensives Mittelfeld;Startaufstellung
2546659;Kanada;FC Dallas;Tesho Akindele;23;750000.0;Linksaußen;Startaufstellung
2546659;Kanada;Hapoel Haifa;Tosaint Ricketts;27;350000.0;Rechtsaußen;Startaufstellung
2546659;Kanada;Orlando City SC;Cyle Larin;20;100000.0;Mittelstürmer;Startaufstellung
2546659;Jamaika;Philadelphia Union;Andre Blake;24;200000.0;Torwart;Reservebank
2546659;Jamaika;Pittsburgh Riverhounds;Ryan Thompson;30;100000.0;Torwart;Reservebank
2546659;Jamaika;FC Reading;Michael Hector;22;750000.0;Innenverteidiger;Reservebank
2546659;Jamaika;Real Salt Lake City;Demar Phillips;31;400000.0;Linker Verteidiger;Reservebank
2546659;Jamaika;Portland Timbers;Alvas Powell;20;300000.0;Rechter Verteidiger;Reservebank
2546659;Jamaika;Preston North End;Chris Humphrey;27;450000.0;Rechtes Mittelfeld;Reservebank
2546659;Jamaika;FC Edmonton;Lance Laing;27;50000.0;Linkes Mittelfeld;Reservebank
2546659;Jamaika;Yeovil Town;Joel Grant;27;250000.0;Rechtsaußen;Reservebank
2546659;Jamaika;D.C. United;Michael Seaton;19;150000.0;Mittelstürmer;Reservebank
2546659;Jamaika;Vancouver Whitecaps;Darren Mattocks;24;800000.0;Mittelstürmer;Reservebank
2546659;Jamaika;;Allan Ottey;22;50000.0;Mittelstürmer;Reservebank
2546659;Jamaika;Arnett Gardens FC;Andre Clennon;25;50000.0;Mittelstürmer;Reservebank
2546659;Kanada;Toronto FC;Quillan Roberts;20;100000.0;Torwart;Reservebank
2546659;Kanada;Valerenga Oslo;Lars Hirschfeld;36;100000.0;Torwart;Reservebank
2546659;Kanada;VfR Aalen;Andre Hainault;29;400000.0;Innenverteidiger;Reservebank
2546659;Kanada;New York Red Bulls;Karl Ouimette;23;200000.0;Innenverteidiger;Reservebank
2546659;Kanada;Toronto FC II;Ashtone Morgan;24;200000.0;Linker Verteidiger;Reservebank
2546659;Kanada;Montreal Impact;Maxim Tissot;23;350000.0;Linker Verteidiger;Reservebank
2546659;Kanada;Vancouver Whitecaps;Russell Teibert;22;400000.0;Zentrales Mittelfeld;Reservebank
2546659;Kanada;FC Dallas;Kyle Bekker;24;350000.0;Zentrales Mittelfeld;Reservebank
2546659;Kanada;CD Santa Clara;Pedro Pacheco;31;300000.0;Zentrales Mittelfeld;Reservebank
2546659;Kanada;Toronto FC;Jonathan Osorio;23;450000.0;Linkes Mittelfeld;Reservebank
2546659;Kanada;Coventry City;Simeon Jackson;28;500000.0;Mittelstürmer;Reservebank
2546659;Kanada;Crewe Alexandra;Marcus Haber;26;250000.0;Mittelstürmer;Reservebank
