GameId;team;club;name;age;value;position;role
2546660;Costa Rica;AZ Alkmaar;Esteban;26;2500000.0;Torwart;Startaufstellung
2546660;Costa Rica;New York Red Bulls;Roy Miller;30;400000.0;Innenverteidiger;Startaufstellung
2546660;Costa Rica;US Palermo;Giancarlo González;27;5000000.0;Innenverteidiger;Startaufstellung
2546660;Costa Rica;Deportivo Saprissa;Francisco Calvo;23;275000.0;Linker Verteidiger;Startaufstellung
2546660;Costa Rica;CS Herediano;Dave Myrie;27;325000.0;Rechter Verteidiger;Startaufstellung
2546660;Costa Rica;Deportivo Saprissa;David Guzmán;25;275000.0;Defensives Mittelfeld;Startaufstellung
2546660;Costa Rica;Deportivo La Coruna ;Celso Borges;27;2500000.0;Zentrales Mittelfeld;Startaufstellung
2546660;Costa Rica;Deportivo Saprissa;David Ramírez;22;300000.0;Linksaußen;Startaufstellung
2546660;Costa Rica;FC Arsenal;Joel Campbell;23;5000000.0;Rechtsaußen;Startaufstellung
2546660;Costa Rica;Sporting Lissabon;Bryan Ruíz;29;5000000.0;Hängende Spitze;Startaufstellung
2546660;Costa Rica;Real Salt Lake City;Álvaro Saborío;33;700000.0;Mittelstürmer;Startaufstellung
2546660;El Salvador;Santa Tecla;Derby Carrillo;27;50000.0;Torwart;Startaufstellung
2546660;El Salvador;CD FAS;Alexander Mendoza;25;50000.0;Innenverteidiger;Startaufstellung
2546660;El Salvador;;Milton Molina;26;50000.0;Innenverteidiger;Startaufstellung
2546660;El Salvador;FC Juárez;Alexander Larín;23;275000.0;Linker Verteidiger;Startaufstellung
2546660;El Salvador;CD FAS;Xavier García;25;50000.0;Rechter Verteidiger;Startaufstellung
2546660;El Salvador;Orlando City SC;Darwin Cerén;25;200000.0;Defensives Mittelfeld;Startaufstellung
2546660;El Salvador;Tampa Bay Rowdies;Richard Menjívar;24;50000.0;Defensives Mittelfeld;Startaufstellung
2546660;El Salvador;CSD Municipal;Jaime Alás;25;100000.0;Linkes Mittelfeld;Startaufstellung
2546660;El Salvador;UMF Stjarnan Gardabaer;Pablo Punyed;25;50000.0;Offensives Mittelfeld;Startaufstellung
2546660;El Salvador;Videoton FC;Arturo Álvarez;30;450000.0;Rechtsaußen;Startaufstellung
2546660;El Salvador;;Irvin Herrera;23;50000.0;Mittelstürmer;Startaufstellung
2546660;Costa Rica;Deportivo Saprissa;Danny Carvajal;26;275000.0;Torwart;Reservebank
2546660;Costa Rica;LD Alajuelense;Patrick Pemberton;33;450000.0;Torwart;Reservebank
2546660;Costa Rica;CS Herediano;Keyner Brown;23;275000.0;Innenverteidiger;Reservebank
2546660;Costa Rica;Persepolis FC;Michael Umaña;32;300000.0;Innenverteidiger;Reservebank
2546660;Costa Rica;1.FSV Mainz 05;Júnior Díaz;31;1000000.0;Linker Verteidiger;Reservebank
2546660;Costa Rica;West Bromwich Albion;Cristian Gamboa;25;2000000.0;Rechter Verteidiger;Reservebank
2546660;Costa Rica;FC Blackpool;José Miguel Cubero;28;300000.0;Defensives Mittelfeld;Reservebank
2546660;Costa Rica;LD Alajuelense;Johan Venegas;26;450000.0;Rechtes Mittelfeld;Reservebank
2546660;Costa Rica;CS Herediano;Elías Aguilar;23;375000.0;Offensives Mittelfeld;Reservebank
2546660;Costa Rica;Deportivo Saprissa;Marvin Angulo;28;250000.0;Offensives Mittelfeld;Reservebank
2546660;Costa Rica;Deportivo Saprissa;Deyver Vega;22;325000.0;Rechtsaußen;Reservebank
2546660;Costa Rica;LD Alajuelense;Jonathan McDonald;27;300000.0;Mittelstürmer;Reservebank
2546660;El Salvador;CD FAS;Luis Contreras;32;50000.0;Torwart;Reservebank
2546660;El Salvador;Alianza Fútbol Club;Daniel Arroyo;25;50000.0;Torwart;Reservebank
2546660;El Salvador;CD Águila;Henry Romero;23;50000.0;Innenverteidiger;Reservebank
2546660;El Salvador;Alianza Fútbol Club;Danny Torres;27;50000.0;Linker Verteidiger;Reservebank
2546660;El Salvador;;Raúl Renderos;26;50000.0;Defensives Mittelfeld;Reservebank
2546660;El Salvador;;Narciso Orellana;20;50000.0;Defensives Mittelfeld;Reservebank
2546660;El Salvador;Santa Tecla;William Maldonado;25;50000.0;Offensives Mittelfeld;Reservebank
2546660;El Salvador;New York Cosmos;Andrés Flores;24;50000.0;Offensives Mittelfeld;Reservebank
2546660;El Salvador;CD FAS;Dustin Corea;23;50000.0;Offensives Mittelfeld;Reservebank
2546660;El Salvador;CD FAS;Jairo Henríquez;21;50000.0;Hängende Spitze;Reservebank
2546660;El Salvador;Fredrikstad FK;Rafael Burgos;27;250000.0;Mittelstürmer;Reservebank
2546660;El Salvador;FC Viitorul;Nelson Bonilla;24;850000.0;Mittelstürmer;Reservebank
