GameId;team;club;name;age;value;position;role
2546654;Costa Rica;AZ Alkmaar;Esteban;26;2500000.0;Torwart;Startaufstellung
2546654;Costa Rica;New York Red Bulls;Roy Miller;30;400000.0;Innenverteidiger;Startaufstellung
2546654;Costa Rica;US Palermo;Giancarlo González;27;5000000.0;Innenverteidiger;Startaufstellung
2546654;Costa Rica;1.FSV Mainz 05;Júnior Díaz;31;1000000.0;Linker Verteidiger;Startaufstellung
2546654;Costa Rica;West Bromwich Albion;Cristian Gamboa;25;2000000.0;Rechter Verteidiger;Startaufstellung
2546654;Costa Rica;FC Blackpool;José Miguel Cubero;28;300000.0;Defensives Mittelfeld;Startaufstellung
2546654;Costa Rica;Deportivo La Coruna ;Celso Borges;27;2500000.0;Zentrales Mittelfeld;Startaufstellung
2546654;Costa Rica;FC Arsenal;Joel Campbell;23;5000000.0;Rechtes Mittelfeld;Startaufstellung
2546654;Costa Rica;LD Alajuelense;Johan Venegas;26;450000.0;Linkes Mittelfeld;Startaufstellung
2546654;Costa Rica;Sporting Lissabon;Bryan Ruíz;29;5000000.0;Offensives Mittelfeld;Startaufstellung
2546654;Costa Rica;Deportivo Saprissa;David Ramírez;22;300000.0;Mittelstürmer;Startaufstellung
2546654;Jamaika;Syrianska FC;Dwayne Miller;27;125000.0;Torwart;Startaufstellung
2546654;Jamaika;Houston Dynamo;Jermaine Taylor;30;350000.0;Innenverteidiger;Startaufstellung
2546654;Jamaika;Leicester City;Wes Morgan;31;1500000.0;Innenverteidiger;Startaufstellung
2546654;Jamaika;New York Red Bulls;Kemar Lawrence;22;300000.0;Linker Verteidiger;Startaufstellung
2546654;Jamaika;Crystal Palace;Adrian Mariappa;28;2000000.0;Rechter Verteidiger;Startaufstellung
2546654;Jamaika;FC Dallas;Je-Vaughn Watson;31;550000.0;Defensives Mittelfeld;Startaufstellung
2546654;Jamaika;Vereinslos;Rodolph Austin;30;1500000.0;Defensives Mittelfeld;Startaufstellung
2546654;Jamaika;Derby County;Simon Dawkins;27;750000.0;Rechtes Mittelfeld;Startaufstellung
2546654;Jamaika;Houston Dynamo;Giles Barnes;26;1000000.0;Linkes Mittelfeld;Startaufstellung
2546654;Jamaika;Leyton Orient;Jobi McAnuff;33;400000.0;Offensives Mittelfeld;Startaufstellung
2546654;Jamaika;FC Reading;Garath McCleary;28;1250000.0;Mittelstürmer;Startaufstellung
2546654;Costa Rica;Deportivo Saprissa;Danny Carvajal;26;275000.0;Torwart;Reservebank
2546654;Costa Rica;LD Alajuelense;Patrick Pemberton;33;450000.0;Torwart;Reservebank
2546654;Costa Rica;CS Herediano;Keyner Brown;23;275000.0;Innenverteidiger;Reservebank
2546654;Costa Rica;Persepolis FC;Michael Umaña;32;300000.0;Innenverteidiger;Reservebank
2546654;Costa Rica;Deportivo Saprissa;Francisco Calvo;23;275000.0;Linker Verteidiger;Reservebank
2546654;Costa Rica;CS Herediano;Dave Myrie;27;325000.0;Rechter Verteidiger;Reservebank
2546654;Costa Rica;Deportivo Saprissa;David Guzmán;25;275000.0;Defensives Mittelfeld;Reservebank
2546654;Costa Rica;CS Herediano;Elías Aguilar;23;375000.0;Offensives Mittelfeld;Reservebank
2546654;Costa Rica;Deportivo Saprissa;Marvin Angulo;28;250000.0;Offensives Mittelfeld;Reservebank
2546654;Costa Rica;Deportivo Saprissa;Deyver Vega;22;325000.0;Rechtes Mittelfeld;Reservebank
2546654;Costa Rica;Real Salt Lake City;Álvaro Saborío;33;700000.0;Mittelstürmer;Reservebank
2546654;Costa Rica;LD Alajuelense;Jonathan McDonald;27;300000.0;Mittelstürmer;Reservebank
2546654;Jamaika;Philadelphia Union;Andre Blake;24;200000.0;Torwart;Reservebank
2546654;Jamaika;Pittsburgh Riverhounds;Ryan Thompson;30;100000.0;Torwart;Reservebank
2546654;Jamaika;FC Reading;Michael Hector;22;750000.0;Innenverteidiger;Reservebank
2546654;Jamaika;Real Salt Lake City;Demar Phillips;31;400000.0;Linker Verteidiger;Reservebank
2546654;Jamaika;Portland Timbers;Alvas Powell;20;300000.0;Rechter Verteidiger;Reservebank
2546654;Jamaika;Preston North End;Chris Humphrey;27;450000.0;Rechtes Mittelfeld;Reservebank
2546654;Jamaika;FC Edmonton;Lance Laing;27;50000.0;Linkes Mittelfeld;Reservebank
2546654;Jamaika;Yeovil Town;Joel Grant;27;250000.0;Rechtsaußen;Reservebank
2546654;Jamaika;D.C. United;Michael Seaton;19;150000.0;Mittelstürmer;Reservebank
2546654;Jamaika;Vancouver Whitecaps;Darren Mattocks;24;800000.0;Mittelstürmer;Reservebank
2546654;Jamaika;;Allan Ottey;22;50000.0;Mittelstürmer;Reservebank
2546654;Jamaika;Arnett Gardens FC;Andre Clennon;25;50000.0;Mittelstürmer;Reservebank
