GameId;team;club;name;age;value;position;role
2546661;Trinidad und Tobago;Central FC;Jan-Michael Williams;30;250000.0;Torwart;Startaufstellung
2546661;Trinidad und Tobago;KV Mechelen;Sheldon Bateau;24;1000000.0;Innenverteidiger;Startaufstellung
2546661;Trinidad und Tobago;HB Köge;Radanfah Abu Bakr;28;200000.0;Innenverteidiger;Startaufstellung
2546661;Trinidad und Tobago;Antigua GFC;Mekeil Williams;24;50000.0;Linker Verteidiger;Startaufstellung
2546661;Trinidad und Tobago;W Connection;Daneil Cyrus;24;50000.0;Rechter Verteidiger;Startaufstellung
2546661;Trinidad und Tobago;Columbus Crew SC;Kevan George;25;200000.0;Zentrales Mittelfeld;Startaufstellung
2546661;Trinidad und Tobago;FC Dagenham & Redbridge;Andre Boucaud;30;150000.0;Zentrales Mittelfeld;Startaufstellung
2546661;Trinidad und Tobago;Chicago Fire;Joevin Jones;23;100000.0;Linkes Mittelfeld;Startaufstellung
2546661;Trinidad und Tobago;Slovan Bratislava;Lester Peltier;26;275000.0;Rechtsaußen;Startaufstellung
2546661;Trinidad und Tobago;Central FC;Ataullah Guerra;27;75000.0;Hängende Spitze;Startaufstellung
2546661;Trinidad und Tobago;Cardiff City;Kenwyne Jones;30;2500000.0;Mittelstürmer;Startaufstellung
2546661;Kuba;Ciego de Ávila FC;Diosvelis Guerra;26;75000.0;Torwart;Startaufstellung
2546661;Kuba;Hoppers FC;Yenier Márquez;36;125000.0;Innenverteidiger;Startaufstellung
2546661;Kuba;CF Ciudad de Habana;Adrián Diz;21;75000.0;Innenverteidiger;Startaufstellung
2546661;Kuba;;Yaisniel Nápoles;27;75000.0;Linker Verteidiger;Startaufstellung
2546661;Kuba;;Andy Baquero;20;75000.0;Rechter Verteidiger;Startaufstellung
2546661;Kuba;;Jorge Clavelo;32;75000.0;Defensives Mittelfeld;Startaufstellung
2546661;Kuba;;Daniel Luis;21;75000.0;Zentrales Mittelfeld;Startaufstellung
2546661;Kuba;;Alberto Gómez;27;75000.0;Zentrales Mittelfeld;Startaufstellung
2546661;Kuba;;Alain Cervantes;31;75000.0;Offensives Mittelfeld;Startaufstellung
2546661;Kuba;;Ariel Martínez;29;75000.0;Mittelstürmer;Startaufstellung
2546661;Kuba;Ciego de Ávila FC;Maikel Reyes;22;75000.0;Mittelstürmer;Startaufstellung
2546661;Trinidad und Tobago;Caledonia AIA FC;Marvin Phillip;30;75000.0;Torwart;Reservebank
2546661;Trinidad und Tobago;Police FC;Adrian Foncette;26;25000.0;Torwart;Reservebank
2546661;Trinidad und Tobago;Schachtjor Karaganda;Aubrey David;24;200000.0;Innenverteidiger;Reservebank
2546661;Trinidad und Tobago;Juventud Independiente;Yohance Marshall;29;100000.0;Innenverteidiger;Reservebank
2546661;Trinidad und Tobago;KVC Westerlo;Khaleem Hyland;26;1000000.0;Defensives Mittelfeld;Reservebank
2546661;Trinidad und Tobago;Vereinslos;Dwane James;26;25000.0;Defensives Mittelfeld;Reservebank
2546661;Trinidad und Tobago;San Jose Earthquakes;Cordell Cato;22;400000.0;Rechtes Mittelfeld;Reservebank
2546661;Trinidad und Tobago;St. Ann's Rangers;Kadeem Corbin;19;25000.0;Offensives Mittelfeld;Reservebank
2546661;Trinidad und Tobago;North East Stars;Keron Cummings;27;25000.0;Hängende Spitze;Reservebank
2546661;Trinidad und Tobago;Central FC;Willis Plaza;27;25000.0;Hängende Spitze;Reservebank
2546661;Trinidad und Tobago;ÍBV Vestmannaeyjar;Jonathan Glenn;27;25000.0;Mittelstürmer;Reservebank
2546661;Trinidad und Tobago;Portland Timbers 2;Rundell Winchester;21;25000.0;Mittelstürmer;Reservebank
2546661;Kuba;;Sandy Sánchez;21;75000.0;Torwart;Reservebank
2546661;Kuba;;Ángel Luis Horta;31;75000.0;Abwehr;Reservebank
2546661;Kuba;;Hanier Dranguet;32;75000.0;Defensives Mittelfeld;Reservebank
2546661;Kuba;Camagüey;Félix Guerra;26;75000.0;Abwehr;Reservebank
2546661;Kuba;Sancti Spiritus;Jorge Luis Corrales;24;75000.0;Linker Verteidiger;Reservebank
2546661;Kuba;;Darío Suárez;22;75000.0;Offensives Mittelfeld;Reservebank
2546661;Kuba;Camagüey;Liván Pérez;24;75000.0;Zentrales Mittelfeld;Reservebank
2546661;Kuba;Ciego de Ávila FC;Yasmany López;27;75000.0;Mittelfeld;Reservebank
2546661;Kuba;;Armando Coroneaux;30;75000.0;Sturm;Reservebank
