GameId;team;club;name;age;value;position;role
2546662;Guatemala;CSD Municipal;Paulo Motta;32;75000.0;Torwart;Startaufstellung
2546662;Guatemala;Comunicaciones FC;Wilson Lalín;30;75000.0;Innenverteidiger;Startaufstellung
2546662;Guatemala;Comunicaciones FC;Rubén Morales;28;75000.0;Innenverteidiger;Startaufstellung
2546662;Guatemala;Real Salt Lake City;Elías Vásquez;23;200000.0;Innenverteidiger;Startaufstellung
2546662;Guatemala;FC Dallas;Moisés Hernández;23;300000.0;Linker Verteidiger;Startaufstellung
2546662;Guatemala;CSD Municipal;Dennis López;29;75000.0;Rechter Verteidiger;Startaufstellung
2546662;Guatemala;Comunicaciones FC;Brandón de León;21;75000.0;Defensives Mittelfeld;Startaufstellung
2546662;Guatemala;;Jorge Aparicio;22;75000.0;Defensives Mittelfeld;Startaufstellung
2546662;Guatemala;Comunicaciones FC;José Manuel Contreras;29;350000.0;Zentrales Mittelfeld;Startaufstellung
2546662;Guatemala;CSD Municipal;Carlos Ruiz;35;500000.0;Mittelstürmer;Startaufstellung
2546662;Guatemala;Atlético CP;Minor López;28;200000.0;Mittelstürmer;Startaufstellung
2546662;Mexiko;FC Málaga;Guillermo Ochoa;30;5000000.0;Torwart;Startaufstellung
2546662;Mexiko;CD Cruz Azul;Maza;33;2200000.0;Innenverteidiger;Startaufstellung
2546662;Mexiko;FC Porto;Diego Reyes;22;3500000.0;Innenverteidiger;Startaufstellung
2546662;Mexiko;FC Watford;Miguel Layún;27;3000000.0;Linker Verteidiger;Startaufstellung
2546662;Mexiko;CF América;Paul Aguilar;29;2500000.0;Rechter Verteidiger;Startaufstellung
2546662;Mexiko;Club León FC;José Juan Vázquez;27;2500000.0;Defensives Mittelfeld;Startaufstellung
2546662;Mexiko;PSV Eindhoven;Andrés Guardado;28;7500000.0;Zentrales Mittelfeld;Startaufstellung
2546662;Mexiko;FC Porto;Héctor Herrera;25;16500000.0;Zentrales Mittelfeld;Startaufstellung
2546662;Mexiko;FC Villarreal;Jonathan dos Santos;25;6000000.0;Offensives Mittelfeld;Startaufstellung
2546662;Mexiko;Real Sociedad San Sebastián;Carlos Vela;26;18000000.0;Mittelstürmer;Startaufstellung
2546662;Mexiko;CF América;Oribe Peralta;31;4200000.0;Mittelstürmer;Startaufstellung
2546662;Guatemala;Antigua GFC;Víctor Ayala;26;75000.0;Torwart;Reservebank
2546662;Guatemala;Alianza Petrolera;Ricardo Jérez;29;75000.0;Torwart;Reservebank
2546662;Guatemala;Chemnitzer FC;Stefano Cincotta;24;150000.0;Linker Verteidiger;Reservebank
2546662;Guatemala;Comunicaciones FC;Carlos Mejía;23;75000.0;Rechter Verteidiger;Reservebank
2546662;Guatemala;Comunicaciones FC;Carlos Castrillo;30;75000.0;Rechter Verteidiger;Reservebank
2546662;Guatemala;CSD Municipal;Gerardo Arias;29;75000.0;Defensives Mittelfeld;Reservebank
2546662;Guatemala;Comunicaciones FC;Jean Márquez;30;75000.0;Zentrales Mittelfeld;Reservebank
2546662;Guatemala;Comunicaciones FC;Carlos Figueroa;35;75000.0;Zentrales Mittelfeld;Reservebank
2546662;Guatemala;Comunicaciones FC;Jairo Arreola;29;75000.0;Rechtes Mittelfeld;Reservebank
2546662;Guatemala;Comunicaciones FC;Kendel Herrarte;23;75000.0;Offensives Mittelfeld;Reservebank
2546662;Guatemala;Seattle Sounders FC;Marco Pappa;27;800000.0;Linksaußen;Reservebank
2546662;Guatemala;Antigua GFC;Edgar Chinchilla;28;75000.0;Mittelstürmer;Reservebank
2546662;Mexiko;CF América;Moisés Muñoz;35;2500000.0;Torwart;Reservebank
2546662;Mexiko;CF Monterrey;Jonathan Orozco;29;2500000.0;Torwart;Reservebank
2546662;Mexiko;CF Pachuca;Miguel Herrera;26;1500000.0;Innenverteidiger;Reservebank
2546662;Mexiko;Querétaro FC;Yasser Corona;27;1200000.0;Innenverteidiger;Reservebank
2546662;Mexiko;Deportivo Guadalajara;Oswaldo Alanís;26;1500000.0;Innenverteidiger;Reservebank
2546662;Mexiko;Tigres UANL;Jorge Torres;27;2500000.0;Linker Verteidiger;Reservebank
2546662;Mexiko;Deportivo Toluca;Antonio Ríos;26;1800000.0;Defensives Mittelfeld;Reservebank
2546662;Mexiko;Tigres UANL;Jesús Dueñas;26;1500000.0;Defensives Mittelfeld;Reservebank
2546662;Mexiko;FC Twente Enschede;Jesús Corona;22;6500000.0;Rechtsaußen;Reservebank
2546662;Mexiko;Deportivo Toluca;Carlos Esquivel;33;1400000.0;Rechtsaußen;Reservebank
2546662;Mexiko;FC Villarreal;Giovani dos Santos;26;9000000.0;Hängende Spitze;Reservebank
2546662;Mexiko;Santos Laguna;Javier Orozco;27;2000000.0;Mittelstürmer;Reservebank
