GameId;team;club;name;age;value;position;role
2546666;Kuba;Ciego de Ávila FC;Diosvelis Guerra;26;75000.0;Torwart;Startaufstellung
2546666;Kuba;Hoppers FC;Yenier Márquez;36;125000.0;Innenverteidiger;Startaufstellung
2546666;Kuba;CF Ciudad de Habana;Adrián Diz;21;75000.0;Innenverteidiger;Startaufstellung
2546666;Kuba;;Yaisniel Nápoles;27;75000.0;Linker Verteidiger;Startaufstellung
2546666;Kuba;;Andy Baquero;20;75000.0;Rechter Verteidiger;Startaufstellung
2546666;Kuba;;Jorge Clavelo;32;75000.0;Defensives Mittelfeld;Startaufstellung
2546666;Kuba;;Daniel Luis;21;75000.0;Zentrales Mittelfeld;Startaufstellung
2546666;Kuba;Sancti Spiritus;Jorge Luis Corrales;24;75000.0;Linkes Mittelfeld;Startaufstellung
2546666;Kuba;;Alberto Gómez;27;75000.0;Offensives Mittelfeld;Startaufstellung
2546666;Kuba;;Ariel Martínez;29;75000.0;Rechtsaußen;Startaufstellung
2546666;Kuba;Ciego de Ávila FC;Maikel Reyes;22;75000.0;Mittelstürmer;Startaufstellung
2546666;Guatemala;CSD Municipal;Paulo Motta;32;75000.0;Torwart;Startaufstellung
2546666;Guatemala;Comunicaciones FC;Wilson Lalín;30;75000.0;Innenverteidiger;Startaufstellung
2546666;Guatemala;Comunicaciones FC;Rubén Morales;28;75000.0;Innenverteidiger;Startaufstellung
2546666;Guatemala;Real Salt Lake City;Elías Vásquez;23;200000.0;Innenverteidiger;Startaufstellung
2546666;Guatemala;Comunicaciones FC;Carlos Mejía;23;75000.0;Linker Verteidiger;Startaufstellung
2546666;Guatemala;CSD Municipal;Dennis López;29;75000.0;Rechter Verteidiger;Startaufstellung
2546666;Guatemala;Comunicaciones FC;Brandón de León;21;75000.0;Defensives Mittelfeld;Startaufstellung
2546666;Guatemala;;Jorge Aparicio;22;75000.0;Defensives Mittelfeld;Startaufstellung
2546666;Guatemala;Seattle Sounders FC;Marco Pappa;27;800000.0;Offensives Mittelfeld;Startaufstellung
2546666;Guatemala;CSD Municipal;Carlos Ruiz;35;500000.0;Mittelstürmer;Startaufstellung
2546666;Guatemala;Atlético CP;Minor López;28;200000.0;Mittelstürmer;Startaufstellung
2546666;Kuba;;Sandy Sánchez;21;75000.0;Torwart;Reservebank
2546666;Kuba;;Ángel Luis Horta;31;75000.0;Abwehr;Reservebank
2546666;Kuba;;Hanier Dranguet;32;75000.0;Defensives Mittelfeld;Reservebank
2546666;Kuba;Camagüey;Félix Guerra;26;75000.0;Abwehr;Reservebank
2546666;Kuba;Camagüey;Liván Pérez;24;75000.0;Offensives Mittelfeld;Reservebank
2546666;Kuba;Ciego de Ávila FC;Yasmany López;27;75000.0;Mittelfeld;Reservebank
2546666;Kuba;;Armando Coroneaux;30;75000.0;Sturm;Reservebank
2546666;Kuba;;Alain Cervantes;31;75000.0;Rechtsaußen;Reservebank
2546666;Guatemala;Antigua GFC;Víctor Ayala;26;75000.0;Torwart;Reservebank
2546666;Guatemala;Alianza Petrolera;Ricardo Jérez;29;75000.0;Torwart;Reservebank
2546666;Guatemala;FC Dallas;Moisés Hernández;23;300000.0;Linker Verteidiger;Reservebank
2546666;Guatemala;Chemnitzer FC;Stefano Cincotta;24;150000.0;Linkes Mittelfeld;Reservebank
2546666;Guatemala;Comunicaciones FC;Carlos Castrillo;30;75000.0;Rechter Verteidiger;Reservebank
2546666;Guatemala;CSD Municipal;Gerardo Arias;29;75000.0;Defensives Mittelfeld;Reservebank
2546666;Guatemala;Comunicaciones FC;Jean Márquez;30;75000.0;Zentrales Mittelfeld;Reservebank
2546666;Guatemala;Comunicaciones FC;Carlos Figueroa;35;75000.0;Zentrales Mittelfeld;Reservebank
2546666;Guatemala;Comunicaciones FC;Jairo Arreola;29;75000.0;Rechtes Mittelfeld;Reservebank
2546666;Guatemala;Comunicaciones FC;Kendel Herrarte;23;75000.0;Offensives Mittelfeld;Reservebank
2546666;Guatemala;Antigua GFC;Edgar Chinchilla;28;75000.0;Mittelstürmer;Reservebank
