GameId;team;club;name;age;value;position;role
2546656;Trinidad und Tobago;Central FC;Jan-Michael Williams;30;250000.0;Torwart;Startaufstellung
2546656;Trinidad und Tobago;KV Mechelen;Sheldon Bateau;24;1000000.0;Innenverteidiger;Startaufstellung
2546656;Trinidad und Tobago;HB Köge;Radanfah Abu Bakr;28;200000.0;Innenverteidiger;Startaufstellung
2546656;Trinidad und Tobago;Schachtjor Karaganda;Aubrey David;24;200000.0;Linker Verteidiger;Startaufstellung
2546656;Trinidad und Tobago;W Connection;Daneil Cyrus;24;50000.0;Rechter Verteidiger;Startaufstellung
2546656;Trinidad und Tobago;KVC Westerlo;Khaleem Hyland;26;1000000.0;Zentrales Mittelfeld;Startaufstellung
2546656;Trinidad und Tobago;Columbus Crew SC;Kevan George;25;200000.0;Zentrales Mittelfeld;Startaufstellung
2546656;Trinidad und Tobago;San Jose Earthquakes;Cordell Cato;22;400000.0;Rechtes Mittelfeld;Startaufstellung
2546656;Trinidad und Tobago;Chicago Fire;Joevin Jones;23;100000.0;Linkes Mittelfeld;Startaufstellung
2546656;Trinidad und Tobago;Central FC;Ataullah Guerra;27;75000.0;Hängende Spitze;Startaufstellung
2546656;Trinidad und Tobago;Cardiff City;Kenwyne Jones;30;2500000.0;Mittelstürmer;Startaufstellung
2546656;Guatemala;Alianza Petrolera;Ricardo Jérez;29;75000.0;Torwart;Startaufstellung
2546656;Guatemala;Comunicaciones FC;Wilson Lalín;30;75000.0;Innenverteidiger;Startaufstellung
2546656;Guatemala;Real Salt Lake City;Elías Vásquez;23;200000.0;Innenverteidiger;Startaufstellung
2546656;Guatemala;FC Dallas;Moisés Hernández;23;300000.0;Innenverteidiger;Startaufstellung
2546656;Guatemala;;Jorge Aparicio;22;75000.0;Defensives Mittelfeld;Startaufstellung
2546656;Guatemala;Comunicaciones FC;Jean Márquez;30;75000.0;Zentrales Mittelfeld;Startaufstellung
2546656;Guatemala;Comunicaciones FC;Kendel Herrarte;23;75000.0;Rechtes Mittelfeld;Startaufstellung
2546656;Guatemala;Chemnitzer FC;Stefano Cincotta;24;150000.0;Linkes Mittelfeld;Startaufstellung
2546656;Guatemala;Seattle Sounders FC;Marco Pappa;27;800000.0;Linksaußen;Startaufstellung
2546656;Guatemala;Comunicaciones FC;José Manuel Contreras;29;350000.0;Rechtsaußen;Startaufstellung
2546656;Guatemala;CSD Municipal;Carlos Ruiz;35;500000.0;Mittelstürmer;Startaufstellung
2546656;Trinidad und Tobago;Caledonia AIA FC;Marvin Phillip;30;75000.0;Torwart;Reservebank
2546656;Trinidad und Tobago;Police FC;Adrian Foncette;26;25000.0;Torwart;Reservebank
2546656;Trinidad und Tobago;Antigua GFC;Mekeil Williams;24;50000.0;Innenverteidiger;Reservebank
2546656;Trinidad und Tobago;Juventud Independiente;Yohance Marshall;29;100000.0;Innenverteidiger;Reservebank
2546656;Trinidad und Tobago;Vereinslos;Dwane James;26;25000.0;Defensives Mittelfeld;Reservebank
2546656;Trinidad und Tobago;FC Dagenham & Redbridge;Andre Boucaud;30;150000.0;Zentrales Mittelfeld;Reservebank
2546656;Trinidad und Tobago;St. Ann's Rangers;Kadeem Corbin;19;25000.0;Offensives Mittelfeld;Reservebank
2546656;Trinidad und Tobago;North East Stars;Keron Cummings;27;25000.0;Offensives Mittelfeld;Reservebank
2546656;Trinidad und Tobago;Slovan Bratislava;Lester Peltier;26;275000.0;Rechtsaußen;Reservebank
2546656;Trinidad und Tobago;Central FC;Willis Plaza;27;25000.0;Hängende Spitze;Reservebank
2546656;Trinidad und Tobago;ÍBV Vestmannaeyjar;Jonathan Glenn;27;25000.0;Mittelstürmer;Reservebank
2546656;Trinidad und Tobago;Portland Timbers 2;Rundell Winchester;21;25000.0;Mittelstürmer;Reservebank
2546656;Guatemala;Antigua GFC;Víctor Ayala;26;75000.0;Torwart;Reservebank
2546656;Guatemala;CSD Municipal;Paulo Motta;32;75000.0;Torwart;Reservebank
2546656;Guatemala;CSD Municipal;Dennis López;29;75000.0;Innenverteidiger;Reservebank
2546656;Guatemala;Comunicaciones FC;Rubén Morales;28;75000.0;Innenverteidiger;Reservebank
2546656;Guatemala;Comunicaciones FC;Carlos Mejía;23;75000.0;Linkes Mittelfeld;Reservebank
2546656;Guatemala;Comunicaciones FC;Carlos Castrillo;30;75000.0;Rechter Verteidiger;Reservebank
2546656;Guatemala;CSD Municipal;Gerardo Arias;29;75000.0;Defensives Mittelfeld;Reservebank
2546656;Guatemala;Comunicaciones FC;Brandón de León;21;75000.0;Defensives Mittelfeld;Reservebank
2546656;Guatemala;Comunicaciones FC;Carlos Figueroa;35;75000.0;Zentrales Mittelfeld;Reservebank
2546656;Guatemala;Comunicaciones FC;Jairo Arreola;29;75000.0;Rechtes Mittelfeld;Reservebank
2546656;Guatemala;Antigua GFC;Edgar Chinchilla;28;75000.0;Rechtsaußen;Reservebank
2546656;Guatemala;Atlético CP;Minor López;28;200000.0;Mittelstürmer;Reservebank
