GameId;team;club;name;age;value;position;role
2546657;Mexiko;FC Málaga;Guillermo Ochoa;29;5000000.0;Torwart;Startaufstellung
2546657;Mexiko;CD Cruz Azul;Maza;33;2200000.0;Innenverteidiger;Startaufstellung
2546657;Mexiko;FC Porto;Diego Reyes;22;3500000.0;Innenverteidiger;Startaufstellung
2546657;Mexiko;FC Watford;Miguel Layún;27;3000000.0;Linker Verteidiger;Startaufstellung
2546657;Mexiko;CF América;Paul Aguilar;29;2500000.0;Rechter Verteidiger;Startaufstellung
2546657;Mexiko;Deportivo Toluca;Antonio Ríos;26;1800000.0;Zentrales Mittelfeld;Startaufstellung
2546657;Mexiko;FC Porto;Héctor Herrera;25;16500000.0;Rechtes Mittelfeld;Startaufstellung
2546657;Mexiko;PSV Eindhoven;Andrés Guardado;28;7500000.0;Linkes Mittelfeld;Startaufstellung
2546657;Mexiko;FC Villarreal;Jonathan dos Santos;25;6000000.0;Offensives Mittelfeld;Startaufstellung
2546657;Mexiko;Real Sociedad San Sebastián;Carlos Vela;26;18000000.0;Mittelstürmer;Startaufstellung
2546657;Mexiko;CF América;Oribe Peralta;31;4200000.0;Mittelstürmer;Startaufstellung
2546657;Kuba;Ciego de Ávila FC;Diosvelis Guerra;26;75000.0;Torwart;Startaufstellung
2546657;Kuba;;Hanier Dranguet;32;75000.0;Innenverteidiger;Startaufstellung
2546657;Kuba;Hoppers FC;Yenier Márquez;36;125000.0;Innenverteidiger;Startaufstellung
2546657;Kuba;Ciego de Ávila FC;Yasmany López;27;75000.0;Innenverteidiger;Startaufstellung
2546657;Kuba;Sancti Spiritus;Jorge Luis Corrales;24;75000.0;Linker Verteidiger;Startaufstellung
2546657;Kuba;;Yaisniel Nápoles;27;75000.0;Rechter Verteidiger;Startaufstellung
2546657;Kuba;Camagüey;Félix Guerra;26;75000.0;Defensives Mittelfeld;Startaufstellung
2546657;Kuba;;Jorge Clavelo;32;75000.0;Defensives Mittelfeld;Startaufstellung
2546657;Kuba;;Alberto Gómez;27;75000.0;Zentrales Mittelfeld;Startaufstellung
2546657;Kuba;;Ariel Martínez;29;75000.0;Mittelstürmer;Startaufstellung
2546657;Kuba;;Armando Coroneaux;30;75000.0;Mittelstürmer;Startaufstellung
2546657;Mexiko;CF América;Moisés Muñoz;35;2500000.0;Torwart;Reservebank
2546657;Mexiko;CF Monterrey;Jonathan Orozco;29;2500000.0;Torwart;Reservebank
2546657;Mexiko;CF Pachuca;Miguel Herrera;26;1500000.0;Innenverteidiger;Reservebank
2546657;Mexiko;Querétaro FC;Yasser Corona;27;1200000.0;Innenverteidiger;Reservebank
2546657;Mexiko;Deportivo Guadalajara;Oswaldo Alanís;26;1500000.0;Innenverteidiger;Reservebank
2546657;Mexiko;Tigres UANL;Jorge Torres;27;2500000.0;Linker Verteidiger;Reservebank
2546657;Mexiko;Tigres UANL;Jesús Dueñas;26;1500000.0;Defensives Mittelfeld;Reservebank
2546657;Mexiko;Club León FC;José Juan Vázquez;27;2500000.0;Defensives Mittelfeld;Reservebank
2546657;Mexiko;FC Twente Enschede;Jesús Corona;22;6500000.0;Rechtsaußen;Reservebank
2546657;Mexiko;Deportivo Toluca;Carlos Esquivel;33;1400000.0;Linksaußen;Reservebank
2546657;Mexiko;FC Villarreal;Giovani dos Santos;26;9000000.0;Hängende Spitze;Reservebank
2546657;Mexiko;Santos Laguna;Javier Orozco;27;2000000.0;Mittelstürmer;Reservebank
2546657;Kuba;Vereinslos;Arael Argüelles;28;75000.0;Torwart;Reservebank
2546657;Kuba;;Ángel Luis Horta;31;75000.0;Defensives Mittelfeld;Reservebank
2546657;Kuba;;Darío Suárez;22;75000.0;Offensives Mittelfeld;Reservebank
2546657;Kuba;Camagüey;Liván Pérez;24;75000.0;Linkes Mittelfeld;Reservebank
2546657;Kuba;;Alain Cervantes;31;75000.0;Rechtsaußen;Reservebank
