GameId;team;club;name;age;value;position;role
2546667;Mexiko;FC Málaga;Guillermo Ochoa;30;5000000.0;Torwart;Startaufstellung
2546667;Mexiko;Querétaro FC;Yasser Corona;27;1200000.0;Innenverteidiger;Startaufstellung
2546667;Mexiko;CD Cruz Azul;Maza;33;2200000.0;Innenverteidiger;Startaufstellung
2546667;Mexiko;Real Sociedad San Sebastián;Diego Reyes;22;3500000.0;Innenverteidiger;Startaufstellung
2546667;Mexiko;FC Watford;Miguel Layún;27;3000000.0;Linker Verteidiger;Startaufstellung
2546667;Mexiko;CF América;Paul Aguilar;29;2500000.0;Rechter Verteidiger;Startaufstellung
2546667;Mexiko;PSV Eindhoven;Andrés Guardado;28;7500000.0;Defensives Mittelfeld;Startaufstellung
2546667;Mexiko;FC Porto;Héctor Herrera;25;16500000.0;Defensives Mittelfeld;Startaufstellung
2546667;Mexiko;FC Villarreal;Jonathan dos Santos;25;6000000.0;Zentrales Mittelfeld;Startaufstellung
2546667;Mexiko;Los Angeles Galaxy;Giovani dos Santos;26;9000000.0;Hängende Spitze;Startaufstellung
2546667;Mexiko;Real Sociedad San Sebastián;Carlos Vela;26;18000000.0;Mittelstürmer;Startaufstellung
2546667;Trinidad und Tobago;Caledonia AIA FC;Marvin Phillip;30;75000.0;Torwart;Startaufstellung
2546667;Trinidad und Tobago;KV Mechelen;Sheldon Bateau;24;1000000.0;Innenverteidiger;Startaufstellung
2546667;Trinidad und Tobago;Juventud Independiente;Yohance Marshall;29;100000.0;Innenverteidiger;Startaufstellung
2546667;Trinidad und Tobago;Antigua GFC;Mekeil Williams;24;50000.0;Linker Verteidiger;Startaufstellung
2546667;Trinidad und Tobago;Schachtjor Karaganda;Aubrey David;24;200000.0;Rechter Verteidiger;Startaufstellung
2546667;Trinidad und Tobago;KVC Westerlo;Khaleem Hyland;26;1000000.0;Defensives Mittelfeld;Startaufstellung
2546667;Trinidad und Tobago;Columbus Crew SC;Kevan George;25;200000.0;Zentrales Mittelfeld;Startaufstellung
2546667;Trinidad und Tobago;San Jose Earthquakes;Cordell Cato;23;400000.0;Rechtes Mittelfeld;Startaufstellung
2546667;Trinidad und Tobago;Chicago Fire;Joevin Jones;23;100000.0;Linkes Mittelfeld;Startaufstellung
2546667;Trinidad und Tobago;North East Stars;Keron Cummings;27;25000.0;Offensives Mittelfeld;Startaufstellung
2546667;Trinidad und Tobago;Cardiff City;Kenwyne Jones;30;2500000.0;Mittelstürmer;Startaufstellung
2546667;Mexiko;CF América;Moisés Muñoz;35;2500000.0;Torwart;Reservebank
2546667;Mexiko;CF Monterrey;Jonathan Orozco;29;2500000.0;Torwart;Reservebank
2546667;Mexiko;CF Pachuca;Miguel Herrera;26;1500000.0;Innenverteidiger;Reservebank
2546667;Mexiko;Deportivo Guadalajara;Oswaldo Alanís;26;1500000.0;Innenverteidiger;Reservebank
2546667;Mexiko;Tigres UANL;Jorge Torres;27;2500000.0;Linker Verteidiger;Reservebank
2546667;Mexiko;Deportivo Toluca;Antonio Ríos;26;1800000.0;Defensives Mittelfeld;Reservebank
2546667;Mexiko;Tigres UANL;Jesús Dueñas;26;1500000.0;Defensives Mittelfeld;Reservebank
2546667;Mexiko;Club León FC;José Juan Vázquez;27;2500000.0;Defensives Mittelfeld;Reservebank
2546667;Mexiko;FC Twente Enschede;Jesús Corona;22;6500000.0;Offensives Mittelfeld;Reservebank
2546667;Mexiko;Deportivo Toluca;Carlos Esquivel;33;1400000.0;Rechtsaußen;Reservebank
2546667;Mexiko;CF América;Oribe Peralta;31;4200000.0;Mittelstürmer;Reservebank
2546667;Mexiko;Santos Laguna;Javier Orozco;27;2000000.0;Mittelstürmer;Reservebank
2546667;Trinidad und Tobago;Police FC;Adrian Foncette;26;25000.0;Torwart;Reservebank
2546667;Trinidad und Tobago;W Connection;Daneil Cyrus;24;50000.0;Innenverteidiger;Reservebank
2546667;Trinidad und Tobago;HB Köge;Radanfah Abu Bakr;28;200000.0;Innenverteidiger;Reservebank
2546667;Trinidad und Tobago;Vereinslos;Dwane James;26;25000.0;Defensives Mittelfeld;Reservebank
2546667;Trinidad und Tobago;St. Ann's Rangers;Kadeem Corbin;19;25000.0;Offensives Mittelfeld;Reservebank
2546667;Trinidad und Tobago;Central FC;Ataullah Guerra;27;75000.0;Offensives Mittelfeld;Reservebank
2546667;Trinidad und Tobago;Slovan Bratislava;Lester Peltier;26;275000.0;Rechtsaußen;Reservebank
2546667;Trinidad und Tobago;Central FC;Willis Plaza;27;25000.0;Hängende Spitze;Reservebank
2546667;Trinidad und Tobago;ÍBV Vestmannaeyjar;Jonathan Glenn;27;25000.0;Mittelstürmer;Reservebank
2546667;Trinidad und Tobago;Portland Timbers 2;Rundell Winchester;21;25000.0;Mittelstürmer;Reservebank
