GameId;team;club;name;age;value;position;role
2546665;Kanada;AIK Solna;Kyriakos Stamatopoulos;35;100000.0;Torwart;Startaufstellung
2546665;Kanada;Birmingham City;David Edgar;28;800000.0;Innenverteidiger;Startaufstellung
2546665;Kanada;Shimizu S-Pulse;Dejan Jakovic;29;500000.0;Innenverteidiger;Startaufstellung
2546665;Kanada;Sporting Kansas City;Marcel de Jong;28;800000.0;Linker Verteidiger;Startaufstellung
2546665;Kanada;New York Red Bulls;Karl Ouimette;23;200000.0;Rechter Verteidiger;Startaufstellung
2546665;Kanada;Fredrikstad FK;Adam Straith;24;200000.0;Defensives Mittelfeld;Startaufstellung
2546665;Kanada;Ottawa Fury FC;Julian de Guzmán;34;500000.0;Zentrales Mittelfeld;Startaufstellung
2546665;Kanada;Toronto FC;Jonathan Osorio;23;450000.0;Zentrales Mittelfeld;Startaufstellung
2546665;Kanada;Montreal Impact;Maxim Tissot;23;350000.0;Linkes Mittelfeld;Startaufstellung
2546665;Kanada;Hapoel Haifa;Tosaint Ricketts;27;350000.0;Rechtsaußen;Startaufstellung
2546665;Kanada;Crewe Alexandra;Marcus Haber;26;250000.0;Mittelstürmer;Startaufstellung
2546665;Costa Rica;AZ Alkmaar;Esteban;26;2500000.0;Torwart;Startaufstellung
2546665;Costa Rica;US Palermo;Giancarlo González;27;5000000.0;Innenverteidiger;Startaufstellung
2546665;Costa Rica;Deportivo Saprissa;Francisco Calvo;23;275000.0;Innenverteidiger;Startaufstellung
2546665;Costa Rica;1.FSV Mainz 05;Júnior Díaz;31;1000000.0;Linker Verteidiger;Startaufstellung
2546665;Costa Rica;West Bromwich Albion;Cristian Gamboa;25;2000000.0;Rechter Verteidiger;Startaufstellung
2546665;Costa Rica;Deportivo Saprissa;David Guzmán;25;275000.0;Defensives Mittelfeld;Startaufstellung
2546665;Costa Rica;Deportivo La Coruna ;Celso Borges;27;2500000.0;Zentrales Mittelfeld;Startaufstellung
2546665;Costa Rica;Deportivo Saprissa;Deyver Vega;22;325000.0;Rechtes Mittelfeld;Startaufstellung
2546665;Costa Rica;LD Alajuelense;Johan Venegas;26;450000.0;Linkes Mittelfeld;Startaufstellung
2546665;Costa Rica;Sporting Lissabon;Bryan Ruíz;29;5000000.0;Hängende Spitze;Startaufstellung
2546665;Costa Rica;Deportivo Saprissa;David Ramírez;22;300000.0;Mittelstürmer;Startaufstellung
2546665;Kanada;Toronto FC;Quillan Roberts;20;100000.0;Torwart;Reservebank
2546665;Kanada;Valerenga Oslo;Lars Hirschfeld;36;100000.0;Torwart;Reservebank
2546665;Kanada;VfR Aalen;Andre Hainault;29;400000.0;Innenverteidiger;Reservebank
2546665;Kanada;Toronto FC II;Ashtone Morgan;24;200000.0;Linker Verteidiger;Reservebank
2546665;Kanada;Vancouver Whitecaps;Russell Teibert;22;400000.0;Zentrales Mittelfeld;Reservebank
2546665;Kanada;FC Dallas;Kyle Bekker;24;350000.0;Zentrales Mittelfeld;Reservebank
2546665;Kanada;CD Santa Clara;Pedro Pacheco;31;300000.0;Zentrales Mittelfeld;Reservebank
2546665;Kanada;Coventry City;Simeon Jackson;28;500000.0;Mittelstürmer;Reservebank
2546665;Kanada;Orlando City SC;Cyle Larin;20;100000.0;Mittelstürmer;Reservebank
2546665;Kanada;FC Dallas;Tesho Akindele;23;750000.0;Mittelstürmer;Reservebank
2546665;Costa Rica;Deportivo Saprissa;Danny Carvajal;26;275000.0;Torwart;Reservebank
2546665;Costa Rica;LD Alajuelense;Patrick Pemberton;33;450000.0;Torwart;Reservebank
2546665;Costa Rica;CS Herediano;Keyner Brown;23;275000.0;Innenverteidiger;Reservebank
2546665;Costa Rica;New York Red Bulls;Roy Miller;30;400000.0;Linker Verteidiger;Reservebank
2546665;Costa Rica;CS Herediano;Dave Myrie;27;325000.0;Rechter Verteidiger;Reservebank
2546665;Costa Rica;FC Blackpool;José Miguel Cubero;28;300000.0;Defensives Mittelfeld;Reservebank
2546665;Costa Rica;CS Herediano;Elías Aguilar;23;375000.0;Offensives Mittelfeld;Reservebank
2546665;Costa Rica;Deportivo Saprissa;Marvin Angulo;28;250000.0;Offensives Mittelfeld;Reservebank
2546665;Costa Rica;FC Arsenal;Joel Campbell;23;5000000.0;Rechtsaußen;Reservebank
2546665;Costa Rica;Real Salt Lake City;Álvaro Saborío;33;700000.0;Mittelstürmer;Reservebank
2546665;Costa Rica;LD Alajuelense;Jonathan McDonald;27;300000.0;Mittelstürmer;Reservebank
