GameId;team;club;name;age;value;position;role
2547028;Uruguay;Galatasaray Istanbul;Fernando Muslera;29;17000000.0;Torwart;Startaufstellung
2547028;Uruguay;Atlético Madrid;José Giménez;20;15000000.0;Innenverteidiger;Startaufstellung
2547028;Uruguay;FC Liverpool;Sebastián Coates;24;1500000.0;Innenverteidiger;Startaufstellung
2547028;Uruguay;Estudiantes de La Plata;Álvaro Pereira;29;3500000.0;Linker Verteidiger;Startaufstellung
2547028;Uruguay;Benfica Lissabon;Maxi Pereira;31;8500000.0;Rechter Verteidiger;Startaufstellung
2547028;Uruguay;Tigres UANL;Egidio Arévalo Ríos;33;1500000.0;Defensives Mittelfeld;Startaufstellung
2547028;Uruguay;FC Turin;Álvaro González;30;2000000.0;Zentrales Mittelfeld;Startaufstellung
2547028;Uruguay;Club Atlético River Plate;Carlos Sánchez;30;2000000.0;Rechtes Mittelfeld;Startaufstellung
2547028;Uruguay;FC Girondins Bordeaux;Diego Rolán;22;7500000.0;Linksaußen;Startaufstellung
2547028;Uruguay;Hull City;Abel Hernández;24;7500000.0;Mittelstürmer;Startaufstellung
2547028;Uruguay;FC Paris Saint-Germain;Edinson Cavani;28;42000000.0;Mittelstürmer;Startaufstellung
2547028;Paraguay;CSD Colo Colo;Justo Villar;37;500000.0;Torwart;Startaufstellung
2547028;Paraguay;Club Cerro Porteño;Bruno Valdez;22;500000.0;Innenverteidiger;Startaufstellung
2547028;Paraguay;Deportivo Toluca;Paulo da Silva;35;1250000.0;Innenverteidiger;Startaufstellung
2547028;Paraguay;Udinese Calcio;Iván Piris;26;2500000.0;Linker Verteidiger;Startaufstellung
2547028;Paraguay;Club Atlético Newell's Old Boys;Marcos Cáceres;29;1300000.0;Rechter Verteidiger;Startaufstellung
2547028;Paraguay;Club Libertad Asunción;Osmar Molinas;28;600000.0;Defensives Mittelfeld;Startaufstellung
2547028;Paraguay;Club Atlético San Lorenzo de Almagro;Néstor Ortigoza;30;2000000.0;Defensives Mittelfeld;Startaufstellung
2547028;Paraguay;Deportivo Toluca;Edgar Benítez;27;2000000.0;Linksaußen;Startaufstellung
2547028;Paraguay;FC Augsburg;Raúl Bobadilla;28;3000000.0;Rechtsaußen;Startaufstellung
2547028;Paraguay;HSC Montpellier;Lucas Barrios;30;3000000.0;Mittelstürmer;Startaufstellung
2547028;Paraguay;Eintracht Frankfurt;Nelson Valdez;31;2000000.0;Mittelstürmer;Startaufstellung
2547028;Uruguay;Club Libertad Asunción;Rodrigo Muñoz;33;525000.0;Torwart;Reservebank
2547028;Uruguay;Vasco da Gama Rio de Janeiro;Martín Silva;32;2000000.0;Torwart;Reservebank
2547028;Uruguay;FC Turin;Gastón Silva;21;2000000.0;Linker Verteidiger;Reservebank
2547028;Uruguay;Club Nacional;Jorge Fucile;30;750000.0;Rechter Verteidiger;Reservebank
2547028;Uruguay;Club Universidad de Chile;Mathías Corujo;29;450000.0;Rechter Verteidiger;Reservebank
2547028;Uruguay;Club Universidad de Chile;Guzmán Pereira;24;550000.0;Defensives Mittelfeld;Reservebank
2547028;Uruguay;Atlético Madrid;Cristian Rodríguez;29;4500000.0;Linksaußen;Reservebank
2547028;Uruguay;Club Atlético Boca Juniors;Nicolás Lodeiro;26;2000000.0;Offensives Mittelfeld;Reservebank
2547028;Uruguay;EC Cruzeiro Belo Horizonte;Giorgian De Arrascaeta;21;7000000.0;Offensives Mittelfeld;Reservebank
2547028;Uruguay;Espanyol Barcelona;Cristhian Stuani;28;4000000.0;Mittelstürmer;Reservebank
2547028;Uruguay;Benfica Lissabon;Jonathan Rodríguez;21;3000000.0;Mittelstürmer;Reservebank
2547028;Paraguay;Club Guaraní;Alfredo Aguilar;26;500000.0;Torwart;Reservebank
2547028;Paraguay;Independiente Medellín;Antony Silva;31;900000.0;Torwart;Reservebank
2547028;Paraguay;CF América;Pablo Aguilar;28;2000000.0;Innenverteidiger;Reservebank
2547028;Paraguay;Club Libertad Asunción;Fabián Balbuena;23;500000.0;Innenverteidiger;Reservebank
2547028;Paraguay;Club Libertad Asunción;Richard Ortiz;25;1000000.0;Defensives Mittelfeld;Reservebank
2547028;Paraguay;Flamengo Rio de Janeiro;Víctor Cáceres;30;2000000.0;Defensives Mittelfeld;Reservebank
2547028;Paraguay;CF América;Osvaldo Martínez;29;2400000.0;Zentrales Mittelfeld;Reservebank
2547028;Paraguay;Olimpia Asunción;Eduardo Aranda;30;550000.0;Zentrales Mittelfeld;Reservebank
2547028;Paraguay;Racing Club de Avellaneda;Óscar Romero;22;500000.0;Offensives Mittelfeld;Reservebank
2547028;Paraguay;FC Basel 1893;Derlis González;21;3750000.0;Linksaußen;Reservebank
2547028;Paraguay;CD Cruz Azul;Roque Santa Cruz;33;2000000.0;Mittelstürmer;Reservebank
