GameId;team;club;name;age;value;position;role
2547016;Uruguay;Galatasaray Istanbul;Fernando Muslera;28;17000000.0;Torwart;Startaufstellung
2547016;Uruguay;Atlético Madrid;José Giménez;20;15000000.0;Innenverteidiger;Startaufstellung
2547016;Uruguay;Atlético Madrid;Diego Godín;29;30000000.0;Innenverteidiger;Startaufstellung
2547016;Uruguay;Estudiantes de La Plata;Álvaro Pereira;29;3500000.0;Linker Verteidiger;Startaufstellung
2547016;Uruguay;Benfica Lissabon;Maxi Pereira;31;8500000.0;Rechter Verteidiger;Startaufstellung
2547016;Uruguay;Tigres UANL;Egidio Arévalo Ríos;33;1500000.0;Defensives Mittelfeld;Startaufstellung
2547016;Uruguay;Club Atlético River Plate;Carlos Sánchez;30;2000000.0;Rechtes Mittelfeld;Startaufstellung
2547016;Uruguay;Atlético Madrid;Cristian Rodríguez;29;4500000.0;Linkes Mittelfeld;Startaufstellung
2547016;Uruguay;Club Atlético Boca Juniors;Nicolás Lodeiro;26;2000000.0;Offensives Mittelfeld;Startaufstellung
2547016;Uruguay;FC Girondins Bordeaux;Diego Rolán;22;7500000.0;Mittelstürmer;Startaufstellung
2547016;Uruguay;FC Paris Saint-Germain;Edinson Cavani;28;42000000.0;Mittelstürmer;Startaufstellung
2547016;Jamaika;Sarpsborg 08 FF;Duwayne Kerr;28;400000.0;Torwart;Startaufstellung
2547016;Jamaika;FC Reading;Michael Hector;22;750000.0;Innenverteidiger;Startaufstellung
2547016;Jamaika;Leicester City;Wes Morgan;31;2000000.0;Innenverteidiger;Startaufstellung
2547016;Jamaika;New York Red Bulls;Kemar Lawrence;22;300000.0;Linker Verteidiger;Startaufstellung
2547016;Jamaika;Crystal Palace;Adrian Mariappa;28;2000000.0;Rechter Verteidiger;Startaufstellung
2547016;Jamaika;Leeds United;Rodolph Austin;30;1500000.0;Defensives Mittelfeld;Startaufstellung
2547016;Jamaika;Leyton Orient;Jobi McAnuff;33;400000.0;Zentrales Mittelfeld;Startaufstellung
2547016;Jamaika;Derby County;Simon Dawkins;27;750000.0;Linksaußen;Startaufstellung
2547016;Jamaika;FC Reading;Garath McCleary;28;1250000.0;Rechtsaußen;Startaufstellung
2547016;Jamaika;Vancouver Whitecaps;Darren Mattocks;24;800000.0;Mittelstürmer;Startaufstellung
2547016;Jamaika;Houston Dynamo;Giles Barnes;26;1000000.0;Mittelstürmer;Startaufstellung
2547016;Uruguay;Club Libertad Asunción;Rodrigo Muñoz;33;525000.0;Torwart;Reservebank
2547016;Uruguay;Vasco da Gama Rio de Janeiro;Martín Silva;32;2000000.0;Torwart;Reservebank
2547016;Uruguay;FC Liverpool;Sebastián Coates;24;1500000.0;Innenverteidiger;Reservebank
2547016;Uruguay;FC Turin;Gastón Silva;21;2000000.0;Linker Verteidiger;Reservebank
2547016;Uruguay;Club Nacional;Jorge Fucile;30;750000.0;Rechter Verteidiger;Reservebank
2547016;Uruguay;Club Universidad de Chile;Mathías Corujo;29;450000.0;Rechter Verteidiger;Reservebank
2547016;Uruguay;Club Universidad de Chile;Guzmán Pereira;24;550000.0;Defensives Mittelfeld;Reservebank
2547016;Uruguay;FC Turin;Álvaro González;30;2000000.0;Zentrales Mittelfeld;Reservebank
2547016;Uruguay;EC Cruzeiro Belo Horizonte;Giorgian De Arrascaeta;21;7000000.0;Linksaußen;Reservebank
2547016;Uruguay;Hull City;Abel Hernández;24;7500000.0;Mittelstürmer;Reservebank
2547016;Uruguay;Espanyol Barcelona;Cristhian Stuani;28;4000000.0;Rechtsaußen;Reservebank
2547016;Uruguay;Benfica Lissabon;Jonathan Rodríguez;21;3000000.0;Mittelstürmer;Reservebank
2547016;Jamaika;Syrianska FC;Dwayne Miller;27;125000.0;Torwart;Reservebank
2547016;Jamaika;Pittsburgh Riverhounds;Ryan Thompson;30;100000.0;Torwart;Reservebank
2547016;Jamaika;Karlsruher SC;Daniel Gordon;30;700000.0;Innenverteidiger;Reservebank
2547016;Jamaika;Houston Dynamo;Jermaine Taylor;30;350000.0;Innenverteidiger;Reservebank
2547016;Jamaika;Waterhouse FC;Hughan Gray;28;50000.0;Rechter Verteidiger;Reservebank
2547016;Jamaika;FC Dallas;Je-Vaughn Watson;31;550000.0;Rechter Verteidiger;Reservebank
2547016;Jamaika;FC Edmonton;Lance Laing;27;50000.0;Linkes Mittelfeld;Reservebank
2547016;Jamaika;Yeovil Town;Joel Grant;27;250000.0;Rechtsaußen;Reservebank
2547016;Jamaika;Montego Bay United FC;Dino Williams;25;50000.0;Mittelstürmer;Reservebank
2547016;Jamaika;;Allan Ottey;22;50000.0;Mittelstürmer;Reservebank
2547016;Jamaika;Valerenga Oslo;Deshorn Brown;24;900000.0;Mittelstürmer;Reservebank
2547016;Jamaika;AD Isidro Metapán;Romeo Parkes;24;50000.0;Mittelstürmer;Reservebank
