GameId;team;club;name;age;value;position;role
2547029;Argentinien;Sampdoria Genua;Sergio Romero;28;5500000.0;Torwart;Startaufstellung
2547029;Argentinien;Zenit St. Petersburg;Ezequiel Garay;28;23000000.0;Innenverteidiger;Startaufstellung
2547029;Argentinien;Manchester City;Martín Demichelis;34;2000000.0;Innenverteidiger;Startaufstellung
2547029;Argentinien;Manchester United;Marcos Rojo;25;16000000.0;Linker Verteidiger;Startaufstellung
2547029;Argentinien;Manchester City;Pablo Zabaleta;30;18000000.0;Rechter Verteidiger;Startaufstellung
2547029;Argentinien;FC Barcelona;Javier Mascherano;31;15000000.0;Defensives Mittelfeld;Startaufstellung
2547029;Argentinien;Lazio Rom;Lucas Biglia;29;12500000.0;Zentrales Mittelfeld;Startaufstellung
2547029;Argentinien;FC Paris Saint-Germain;Javier Pastore;26;25000000.0;Offensives Mittelfeld;Startaufstellung
2547029;Argentinien;Manchester United;Ángel Di María;27;65000000.0;Linksaußen;Startaufstellung
2547029;Argentinien;FC Barcelona;Lionel Messi;27;120000000.0;Rechtsaußen;Startaufstellung
2547029;Argentinien;SSC Neapel;Gonzalo Higuaín;27;40000000.0;Mittelstürmer;Startaufstellung
2547029;Jamaika;Syrianska FC;Dwayne Miller;27;125000.0;Torwart;Startaufstellung
2547029;Jamaika;FC Reading;Michael Hector;22;750000.0;Innenverteidiger;Startaufstellung
2547029;Jamaika;Leicester City;Wes Morgan;31;2000000.0;Innenverteidiger;Startaufstellung
2547029;Jamaika;New York Red Bulls;Kemar Lawrence;22;300000.0;Linker Verteidiger;Startaufstellung
2547029;Jamaika;Crystal Palace;Adrian Mariappa;28;2000000.0;Rechter Verteidiger;Startaufstellung
2547029;Jamaika;Leeds United;Rodolph Austin;30;1500000.0;Defensives Mittelfeld;Startaufstellung
2547029;Jamaika;FC Dallas;Je-Vaughn Watson;31;550000.0;Zentrales Mittelfeld;Startaufstellung
2547029;Jamaika;FC Edmonton;Lance Laing;27;50000.0;Linkes Mittelfeld;Startaufstellung
2547029;Jamaika;Leyton Orient;Jobi McAnuff;33;400000.0;Offensives Mittelfeld;Startaufstellung
2547029;Jamaika;FC Reading;Garath McCleary;28;1250000.0;Rechtsaußen;Startaufstellung
2547029;Jamaika;Valerenga Oslo;Deshorn Brown;24;900000.0;Mittelstürmer;Startaufstellung
2547029;Argentinien;Tigres UANL;Nahuel Guzmán;29;2000000.0;Torwart;Reservebank
2547029;Argentinien;SSC Neapel;Mariano Andújar;31;2000000.0;Torwart;Reservebank
2547029;Argentinien;FC Genua 1893;Facundo Roncaglia;28;4000000.0;Innenverteidiger;Reservebank
2547029;Argentinien;FC Valencia;Nicolás Otamendi;27;18000000.0;Innenverteidiger;Reservebank
2547029;Argentinien;Club Atlético Newell's Old Boys;Milton Casco;27;1300000.0;Linker Verteidiger;Reservebank
2547029;Argentinien;Club Atlético Boca Juniors;Fernando Gago;29;3400000.0;Defensives Mittelfeld;Reservebank
2547029;Argentinien;FC Sevilla;Éver Banega;26;7500000.0;Zentrales Mittelfeld;Reservebank
2547029;Argentinien;Juventus Turin;Roberto Pereyra;24;13000000.0;Offensives Mittelfeld;Reservebank
2547029;Argentinien;FC Paris Saint-Germain;Ezequiel Lavezzi;30;14000000.0;Linksaußen;Reservebank
2547029;Argentinien;Tottenham Hotspur;Érik Lamela;23;22000000.0;Rechtsaußen;Reservebank
2547029;Argentinien;Juventus Turin;Carlos Tévez;31;23000000.0;Mittelstürmer;Reservebank
2547029;Argentinien;Manchester City;Sergio Agüero;27;50000000.0;Mittelstürmer;Reservebank
2547029;Jamaika;Sarpsborg 08 FF;Duwayne Kerr;28;400000.0;Torwart;Reservebank
2547029;Jamaika;Pittsburgh Riverhounds;Ryan Thompson;30;100000.0;Torwart;Reservebank
2547029;Jamaika;Karlsruher SC;Daniel Gordon;30;700000.0;Innenverteidiger;Reservebank
2547029;Jamaika;Houston Dynamo;Jermaine Taylor;30;350000.0;Innenverteidiger;Reservebank
2547029;Jamaika;Waterhouse FC;Hughan Gray;28;50000.0;Rechter Verteidiger;Reservebank
2547029;Jamaika;Derby County;Simon Dawkins;27;750000.0;Linksaußen;Reservebank
2547029;Jamaika;Yeovil Town;Joel Grant;27;250000.0;Rechtsaußen;Reservebank
2547029;Jamaika;Vancouver Whitecaps;Darren Mattocks;24;800000.0;Mittelstürmer;Reservebank
2547029;Jamaika;Montego Bay United FC;Dino Williams;25;50000.0;Mittelstürmer;Reservebank
2547029;Jamaika;;Allan Ottey;22;50000.0;Mittelstürmer;Reservebank
2547029;Jamaika;AD Isidro Metapán;Romeo Parkes;24;50000.0;Mittelstürmer;Reservebank
2547029;Jamaika;Houston Dynamo;Giles Barnes;26;1000000.0;Mittelstürmer;Reservebank
