GameId;team;club;name;age;value;position;role
2547031;Brasilien;Botafogo Rio de Janeiro;Jefferson;32;5000000.0;Torwart;Startaufstellung
2547031;Brasilien;Atlético Madrid;Miranda;30;22000000.0;Innenverteidiger;Startaufstellung
2547031;Brasilien;FC Paris Saint-Germain;Thiago Silva;30;30000000.0;Innenverteidiger;Startaufstellung
2547031;Brasilien;FC Chelsea;Filipe Luís;29;18000000.0;Linker Verteidiger;Startaufstellung
2547031;Brasilien;FC Barcelona;Dani Alves;32;10000000.0;Rechter Verteidiger;Startaufstellung
2547031;Brasilien;Manchester City;Fernandinho;30;28000000.0;Zentrales Mittelfeld;Startaufstellung
2547031;Brasilien;Corinthians Sao Paulo;Elias;30;8000000.0;Zentrales Mittelfeld;Startaufstellung
2547031;Brasilien;FC Liverpool;Philippe Coutinho;23;25000000.0;Offensives Mittelfeld;Startaufstellung
2547031;Brasilien;FC Santos;Robinho;31;6000000.0;Linksaußen;Startaufstellung
2547031;Brasilien;FC Chelsea;Willian;26;30000000.0;Rechtsaußen;Startaufstellung
2547031;Brasilien;TSG 1899 Hoffenheim;Roberto Firmino;23;25000000.0;Mittelstürmer;Startaufstellung
2547031;Venezuela;Caracas FC;Alain Baroja;25;500000.0;Torwart;Startaufstellung
2547031;Venezuela;Buriram United;Andrés Túñez;28;1500000.0;Innenverteidiger;Startaufstellung
2547031;Venezuela;FC Nantes;Oswaldo Vizcarrondo;31;2500000.0;Innenverteidiger;Startaufstellung
2547031;Venezuela;Mineros de Guayana;Gabriel Cichero;31;750000.0;Linker Verteidiger;Startaufstellung
2547031;Venezuela;FC Málaga;Roberto Rosales;26;4000000.0;Rechter Verteidiger;Startaufstellung
2547031;Venezuela;FC Genua 1893;Tomás Rincón;27;2000000.0;Defensives Mittelfeld;Startaufstellung
2547031;Venezuela;Independiente Santa Fe;Luis Manuel Seijas;28;700000.0;Zentrales Mittelfeld;Startaufstellung
2547031;Venezuela;Club Tijuana;Juan Arango;35;1750000.0;Offensives Mittelfeld;Startaufstellung
2547031;Venezuela;Atlético Nacional;Alejandro Guerra;29;500000.0;Linksaußen;Startaufstellung
2547031;Venezuela;Balikesirspor;Ronald Vargas;28;1000000.0;Rechtsaußen;Startaufstellung
2547031;Venezuela;Zenit St. Petersburg;José Salomón Rondón;25;15000000.0;Mittelstürmer;Startaufstellung
2547031;Brasilien;AC Florenz;Neto;25;7500000.0;Torwart;Reservebank
2547031;Brasilien;Grêmio Porto Alegre;Marcelo Grohe;28;4000000.0;Torwart;Reservebank
2547031;Brasilien;FC Paris Saint-Germain;David Luiz;28;28000000.0;Defensives Mittelfeld;Reservebank
2547031;Brasilien;FC Paris Saint-Germain;Marquinhos;21;25000000.0;Rechter Verteidiger;Reservebank
2547031;Brasilien;SC Internacional Porto Alegre;Geferson;21;1000000.0;Linker Verteidiger;Reservebank
2547031;Brasilien;AS Monaco;Fabinho;21;8000000.0;Defensives Mittelfeld;Reservebank
2547031;Brasilien;FC Porto;Casemiro;23;7000000.0;Defensives Mittelfeld;Reservebank
2547031;Brasilien;Shakhtar Donetsk;Fred;22;12000000.0;Zentrales Mittelfeld;Reservebank
2547031;Brasilien;Shakhtar Donetsk;Douglas Costa;24;23000000.0;Linksaußen;Reservebank
2547031;Brasilien;Shandong Luneng Taishan;Diego Tardelli;30;5000000.0;Mittelstürmer;Reservebank
2547031;Brasilien;Al-Ahli Dubai Club;Éverton Ribeiro;26;12000000.0;Rechtsaußen;Reservebank
2547031;Venezuela;;Wuilker Fariñez;17;500000.0;Torwart;Reservebank
2547031;Venezuela;CD Teneriffa;Dani Hernández;29;600000.0;Torwart;Reservebank
2547031;Venezuela;Deportivo Táchira;Wílker Ángel;22;500000.0;Innenverteidiger;Reservebank
2547031;Venezuela;Deportivo La Guaira;Franklin Lucena;34;500000.0;Innenverteidiger;Reservebank
2547031;Venezuela;AC Ajaccio;Grenddy Perozo;29;500000.0;Innenverteidiger;Reservebank
2547031;Venezuela;Mineros de Guayana;Rafael Acosta;26;500000.0;Zentrales Mittelfeld;Reservebank
2547031;Venezuela;Coritiba FC;César González;32;700000.0;Rechtsaußen;Reservebank
2547031;Venezuela;Zamora FC;Jhon Murillo;19;500000.0;Linksaußen;Reservebank
2547031;Venezuela;Rayo Vallecano;Miku Fedor;29;2000000.0;Hängende Spitze;Reservebank
2547031;Venezuela;FC Turin;Josef Martínez;22;2500000.0;Linksaußen;Reservebank
2547031;Venezuela;Deportivo Táchira;Gelmin Rivas;26;500000.0;Mittelstürmer;Reservebank
