GameId;team;club;name;age;value;position;role
2547025;Peru;Club Juan Aurich;Pedro Gallese;25;550000.0;Torwart;Startaufstellung
2547025;Peru;Eintracht Frankfurt;Carlos Zambrano;25;8000000.0;Innenverteidiger;Startaufstellung
2547025;Peru;FBC Melgar;Carlos Ascues;23;500000.0;Innenverteidiger;Startaufstellung
2547025;Peru;AC Florenz;Juan Manuel Vargas;31;4000000.0;Linker Verteidiger;Startaufstellung
2547025;Peru;Vitória Setúbal FC;Luis Advíncula;25;600000.0;Rechter Verteidiger;Startaufstellung
2547025;Peru;Sporting Cristal Lima;Josepmir Ballón;27;600000.0;Defensives Mittelfeld;Startaufstellung
2547025;Peru;Sporting Cristal Lima;Carlos Lobatón;35;150000.0;Defensives Mittelfeld;Startaufstellung
2547025;Peru;Alianza Lima;Christian Cueva;23;800000.0;Linksaußen;Startaufstellung
2547025;Peru;Universidad San Martín de Porres;Joel Sánchez;26;350000.0;Rechtsaußen;Startaufstellung
2547025;Peru;FC Bayern München;Claudio Pizarro;36;1000000.0;Hängende Spitze;Startaufstellung
2547025;Peru;Flamengo Rio de Janeiro;Paolo Guerrero;31;5500000.0;Mittelstürmer;Startaufstellung
2547025;Venezuela;Caracas FC;Alain Baroja;25;500000.0;Torwart;Startaufstellung
2547025;Venezuela;Buriram United;Andrés Túñez;28;1500000.0;Innenverteidiger;Startaufstellung
2547025;Venezuela;FC Nantes;Oswaldo Vizcarrondo;31;2500000.0;Innenverteidiger;Startaufstellung
2547025;Venezuela;FC Fulham;Fernando Amorebieta;30;3000000.0;Linker Verteidiger;Startaufstellung
2547025;Venezuela;FC Málaga;Roberto Rosales;26;4000000.0;Rechter Verteidiger;Startaufstellung
2547025;Venezuela;Independiente Santa Fe;Luis Manuel Seijas;28;700000.0;Defensives Mittelfeld;Startaufstellung
2547025;Venezuela;FC Genua 1893;Tomás Rincón;27;2000000.0;Zentrales Mittelfeld;Startaufstellung
2547025;Venezuela;Club Tijuana;Juan Arango;35;1750000.0;Offensives Mittelfeld;Startaufstellung
2547025;Venezuela;Atlético Nacional;Alejandro Guerra;29;500000.0;Linksaußen;Startaufstellung
2547025;Venezuela;Balikesirspor;Ronald Vargas;28;1000000.0;Rechtsaußen;Startaufstellung
2547025;Venezuela;Zenit St. Petersburg;José Salomón Rondón;25;15000000.0;Mittelstürmer;Startaufstellung
2547025;Peru;Universidad César Vallejo;Salomón Libman;31;450000.0;Torwart;Reservebank
2547025;Peru;Sporting Cristal Lima;Diego Penny;31;500000.0;Torwart;Reservebank
2547025;Peru;Universidad César Vallejo;Hansell Riojas;23;400000.0;Innenverteidiger;Reservebank
2547025;Peru;Club Juan Aurich;Christian Ramos;26;350000.0;Innenverteidiger;Reservebank
2547025;Peru;Club Juan Aurich;Jair Céspedes;31;225000.0;Linker Verteidiger;Reservebank
2547025;Peru;Universidad César Vallejo;Pedro Requena;24;350000.0;Rechter Verteidiger;Reservebank
2547025;Peru;Real Garcilaso;Edwin Retamoso;33;250000.0;Defensives Mittelfeld;Reservebank
2547025;Peru;Malmö FF;Yoshimar Yotún;25;800000.0;Linker Verteidiger;Reservebank
2547025;Peru;FC Paços de Ferreira;Paolo Hurtado;24;2000000.0;Rechtsaußen;Reservebank
2547025;Peru;FC Schalke 04;Jefferson Farfán;30;12000000.0;Rechtsaußen;Reservebank
2547025;Peru;Sporting Lissabon;André Carrillo;24;8000000.0;Rechtsaußen;Reservebank
2547025;Peru;RasenBallsport Leipzig;Yordy Reyna;21;1250000.0;Mittelstürmer;Reservebank
2547025;Venezuela;;Wuilker Fariñez;17;500000.0;Torwart;Reservebank
2547025;Venezuela;CD Teneriffa;Dani Hernández;29;600000.0;Torwart;Reservebank
2547025;Venezuela;Mineros de Guayana;Gabriel Cichero;31;750000.0;Linker Verteidiger;Reservebank
2547025;Venezuela;Deportivo Táchira;Wílker Ángel;22;500000.0;Innenverteidiger;Reservebank
2547025;Venezuela;Deportivo La Guaira;Franklin Lucena;34;500000.0;Innenverteidiger;Reservebank
2547025;Venezuela;AC Ajaccio;Grenddy Perozo;29;500000.0;Innenverteidiger;Reservebank
2547025;Venezuela;Mineros de Guayana;Rafael Acosta;26;500000.0;Zentrales Mittelfeld;Reservebank
2547025;Venezuela;Coritiba FC;César González;32;700000.0;Rechtes Mittelfeld;Reservebank
2547025;Venezuela;Zamora FC;Jhon Murillo;19;500000.0;Linksaußen;Reservebank
2547025;Venezuela;Rayo Vallecano;Miku Fedor;29;2000000.0;Offensives Mittelfeld;Reservebank
2547025;Venezuela;FC Turin;Josef Martínez;22;2500000.0;Linksaußen;Reservebank
2547025;Venezuela;Deportivo Táchira;Gelmin Rivas;26;500000.0;Mittelstürmer;Reservebank
