GameId;team;club;name;age;value;position;role
2547015;Mexiko;CD Cruz Azul;Jesús Corona;34;2200000.0;Torwart;Startaufstellung
2547015;Mexiko;CD Cruz Azul;Julio Domínguez;27;1800000.0;Innenverteidiger;Startaufstellung
2547015;Mexiko;Tigres UANL;Hugo Ayala;28;2000000.0;Innenverteidiger;Startaufstellung
2547015;Mexiko;Hellas Verona;Rafael Márquez;36;500000.0;Innenverteidiger;Startaufstellung
2547015;Mexiko;Santos Laguna;Adrián Aldrete;26;1800000.0;Linker Verteidiger;Startaufstellung
2547015;Mexiko;CD Cruz Azul;Gerardo Flores;29;1250000.0;Rechter Verteidiger;Startaufstellung
2547015;Mexiko;Atlas Guadalajara;Juan Carlos Medina;31;2000000.0;Rechtes Mittelfeld;Startaufstellung
2547015;Mexiko;FC Twente Enschede;Jesús Corona;22;4000000.0;Linkes Mittelfeld;Startaufstellung
2547015;Mexiko;Club Tijuana;Javier Güemez;23;1000000.0;Offensives Mittelfeld;Startaufstellung
2547015;Mexiko;Chiapas FC;Matías Vuoso;33;1000000.0;Mittelstürmer;Startaufstellung
2547015;Mexiko;UNAM Pumas;Eduardo Herrera;26;1200000.0;Mittelstürmer;Startaufstellung
2547015;Bolivien;Bolívar La Paz;Romel Quiñónez;22;75000.0;Torwart;Startaufstellung
2547015;Bolivien;Oriente Petrolero;Ronald Raldes;34;700000.0;Innenverteidiger;Startaufstellung
2547015;Bolivien;Club Jorge Wilstermann ;Edward Zenteno;30;75000.0;Innenverteidiger;Startaufstellung
2547015;Bolivien;Blooming Santa Cruz;Leonel Morales;27;150000.0;Linker Verteidiger;Startaufstellung
2547015;Bolivien;Blooming Santa Cruz;Miguel Hurtado;29;75000.0;Rechter Verteidiger;Startaufstellung
2547015;Bolivien;Oriente Petrolero;Danny Bejarano;21;75000.0;Defensives Mittelfeld;Startaufstellung
2547015;Bolivien;The Strongest La Paz;Alejandro Chumacero;24;500000.0;Defensives Mittelfeld;Startaufstellung
2547015;Bolivien;Bolívar La Paz;Jhasmani Campos;27;500000.0;Offensives Mittelfeld;Startaufstellung
2547015;Bolivien;IFK Göteborg;Martin Smedberg;31;400000.0;Linksaußen;Startaufstellung
2547015;Bolivien;Mersin Idmanyurdu;Ricardo Pedriel;28;650000.0;Rechtsaußen;Startaufstellung
2547015;Bolivien;Changchun Yatai;Marcelo Moreno;27;3200000.0;Mittelstürmer;Startaufstellung
2547015;Mexiko;Tiburones Rojos de Veracruz;Melitón Hernández;32;1000000.0;Torwart;Reservebank
2547015;Mexiko;Deportivo Toluca;Alfredo Talavera;32;2000000.0;Torwart;Reservebank
2547015;Mexiko;Deportivo Guadalajara;Carlos Salcedo;21;500000.0;Innenverteidiger;Reservebank
2547015;Mexiko;Atlas Guadalajara;Juan Carlos Valenzuela;31;1800000.0;Innenverteidiger;Reservebank
2547015;Mexiko;CF Monterrey;Efraín Velarde;29;2000000.0;Linker Verteidiger;Reservebank
2547015;Mexiko;Querétaro FC;George Corral;24;1500000.0;Rechter Verteidiger;Reservebank
2547015;Mexiko;Querétaro FC;Mario Osuna;26;900000.0;Defensives Mittelfeld;Reservebank
2547015;Mexiko;Club León FC;Luis Montes;29;2500000.0;Rechtes Mittelfeld;Reservebank
2547015;Mexiko;Deportivo Guadalajara;Marco Fabián;25;5500000.0;Offensives Mittelfeld;Reservebank
2547015;Mexiko;Rayo Vallecano;Javier Aquino;25;3000000.0;Rechtsaußen;Reservebank
2547015;Mexiko;Atlético Madrid;Raúl Jiménez;24;7000000.0;Mittelstürmer;Reservebank
2547015;Mexiko;Tigres UANL;Enrique Esqueda;27;1200000.0;Mittelstürmer;Reservebank
2547015;Bolivien;Petrolero de Yacuiba;José Peñarrieta;26;75000.0;Torwart;Reservebank
2547015;Bolivien;Blooming Santa Cruz;Hugo Suárez;33;400000.0;Torwart;Reservebank
2547015;Bolivien;Bolívar La Paz;Ronald Eguino;27;75000.0;Innenverteidiger;Reservebank
2547015;Bolivien;Blooming Santa Cruz;Cristian Coimbra;26;75000.0;Innenverteidiger;Reservebank
2547015;Bolivien;Oriente Petrolero;Marvin Bejarano;27;75000.0;Linker Verteidiger;Reservebank
2547015;Bolivien;Bolívar La Paz;Edemir Rodríguez;30;250000.0;Rechter Verteidiger;Reservebank
2547015;Bolivien;Milan Primavera;Sebastián Gamarra;18;75000.0;Defensives Mittelfeld;Reservebank
2547015;Bolivien;Bolívar La Paz;Damir Miranda;29;75000.0;Zentrales Mittelfeld;Reservebank
2547015;Bolivien;The Strongest La Paz;Wálter Veizaga;26;75000.0;Zentrales Mittelfeld;Reservebank
2547015;Bolivien;CD O'Higgins;Damián Lizio;25;500000.0;Offensives Mittelfeld;Reservebank
2547015;Bolivien;;Alcides Peña;26;75000.0;Linksaußen;Reservebank
2547015;Bolivien;The Strongest La Paz;Pablo Escobar;36;75000.0;Offensives Mittelfeld;Reservebank
