GameId;team;club;name;age;value;position;role
2547021;Chile;FC Barcelona;Claudio Bravo;32;12000000.0;Torwart;Startaufstellung
2547021;Chile;1.FSV Mainz 05;Gonzalo Jara;29;1750000.0;Innenverteidiger;Startaufstellung
2547021;Chile;Inter Mailand;Gary Medel;27;10000000.0;Innenverteidiger;Startaufstellung
2547021;Chile;Hannover 96;Miiko Albornoz;24;2250000.0;Linker Verteidiger;Startaufstellung
2547021;Chile;Queens Park Rangers;Mauricio Isla;27;9000000.0;Rechter Verteidiger;Startaufstellung
2547021;Chile;Hamburger SV;Marcelo Díaz;28;2000000.0;Defensives Mittelfeld;Startaufstellung
2547021;Chile;Juventus Turin;Arturo Vidal;28;42000000.0;Zentrales Mittelfeld;Startaufstellung
2547021;Chile;SC Internacional Porto Alegre;Charles Aránguiz;26;9500000.0;Zentrales Mittelfeld;Startaufstellung
2547021;Chile;SE Palmeiras São Paulo;Jorge Valdivia;31;4500000.0;Offensives Mittelfeld;Startaufstellung
2547021;Chile;FC Arsenal;Alexis Sánchez;26;45000000.0;Mittelstürmer;Startaufstellung
2547021;Chile;Queens Park Rangers;Eduardo Vargas;25;6000000.0;Mittelstürmer;Startaufstellung
2547021;Mexiko;CD Cruz Azul;Jesús Corona;34;2200000.0;Torwart;Startaufstellung
2547021;Mexiko;CD Cruz Azul;Julio Domínguez;27;1800000.0;Innenverteidiger;Startaufstellung
2547021;Mexiko;Tigres UANL;Hugo Ayala;28;2000000.0;Innenverteidiger;Startaufstellung
2547021;Mexiko;Atlas Guadalajara;Juan Carlos Valenzuela;31;1800000.0;Innenverteidiger;Startaufstellung
2547021;Mexiko;Santos Laguna;Adrián Aldrete;27;1800000.0;Linker Verteidiger;Startaufstellung
2547021;Mexiko;CD Cruz Azul;Gerardo Flores;29;1250000.0;Rechter Verteidiger;Startaufstellung
2547021;Mexiko;Club Tijuana;Javier Güemez;23;1000000.0;Zentrales Mittelfeld;Startaufstellung
2547021;Mexiko;Atlas Guadalajara;Juan Carlos Medina;31;2000000.0;Rechtes Mittelfeld;Startaufstellung
2547021;Mexiko;FC Twente Enschede;Jesús Corona;22;4000000.0;Linkes Mittelfeld;Startaufstellung
2547021;Mexiko;Atlético Madrid;Raúl Jiménez;24;7000000.0;Mittelstürmer;Startaufstellung
2547021;Mexiko;Chiapas FC;Matías Vuoso;33;1000000.0;Mittelstürmer;Startaufstellung
2547021;Chile;CSD Colo Colo;Paulo Garcés;30;750000.0;Torwart;Reservebank
2547021;Chile;Club Universidad de Chile;Johnny Herrera;34;1000000.0;Torwart;Reservebank
2547021;Chile;Club Universidad de Chile;José Rojas;31;900000.0;Innenverteidiger;Reservebank
2547021;Chile;EC Cruzeiro Belo Horizonte;Eugenio Mena;26;3500000.0;Linker Verteidiger;Reservebank
2547021;Chile;CSD Colo Colo;Jean Beausejour;31;4000000.0;Linker Verteidiger;Reservebank
2547021;Chile;FC Brügge;Francisco Silva;29;2000000.0;Defensives Mittelfeld;Reservebank
2547021;Chile;FC Twente Enschede;Felipe Gutiérrez;24;5000000.0;Zentrales Mittelfeld;Reservebank
2547021;Chile;AC Florenz;David Pizarro;35;1000000.0;Zentrales Mittelfeld;Reservebank
2547021;Chile;Club Atlético Boca Juniors;José Pedro Fuenzalida;30;600000.0;Rechtsaußen;Reservebank
2547021;Chile;Atalanta Bergamo;Mauricio Pinilla;31;2200000.0;Mittelstürmer;Reservebank
2547021;Chile;GNK Dinamo Zagreb;Ángelo Henríquez;21;3500000.0;Mittelstürmer;Reservebank
2547021;Mexiko;Tiburones Rojos de Veracruz;Melitón Hernández;32;1000000.0;Torwart;Reservebank
2547021;Mexiko;Deportivo Toluca;Alfredo Talavera;32;2000000.0;Torwart;Reservebank
2547021;Mexiko;Deportivo Guadalajara;Carlos Salcedo;21;900000.0;Innenverteidiger;Reservebank
2547021;Mexiko;CF Monterrey;Efraín Velarde;29;2000000.0;Linker Verteidiger;Reservebank
2547021;Mexiko;Querétaro FC;George Corral;24;1500000.0;Rechter Verteidiger;Reservebank
2547021;Mexiko;Querétaro FC;Mario Osuna;26;900000.0;Defensives Mittelfeld;Reservebank
2547021;Mexiko;Club León FC;Luis Montes;29;2500000.0;Offensives Mittelfeld;Reservebank
2547021;Mexiko;Deportivo Guadalajara;Marco Fabián;25;5500000.0;Offensives Mittelfeld;Reservebank
2547021;Mexiko;Rayo Vallecano;Javier Aquino;25;3000000.0;Linksaußen;Reservebank
2547021;Mexiko;Tigres UANL;Enrique Esqueda;27;1200000.0;Mittelstürmer;Reservebank
2547021;Mexiko;UNAM Pumas;Eduardo Herrera;26;1200000.0;Mittelstürmer;Reservebank
