GameId;team;club;name;age;value;position;role
2547023;Argentinien;Sampdoria Genua;Sergio Romero;28;5500000.0;Torwart;Startaufstellung
2547023;Argentinien;Zenit St. Petersburg;Ezequiel Garay;28;20000000.0;Innenverteidiger;Startaufstellung
2547023;Argentinien;FC Valencia;Nicolás Otamendi;27;18000000.0;Innenverteidiger;Startaufstellung
2547023;Argentinien;Manchester United;Marcos Rojo;25;16000000.0;Linker Verteidiger;Startaufstellung
2547023;Argentinien;Manchester City;Pablo Zabaleta;30;18000000.0;Rechter Verteidiger;Startaufstellung
2547023;Argentinien;FC Barcelona;Javier Mascherano;31;15000000.0;Defensives Mittelfeld;Startaufstellung
2547023;Argentinien;Lazio Rom;Lucas Biglia;29;12500000.0;Zentrales Mittelfeld;Startaufstellung
2547023;Argentinien;FC Paris Saint-Germain;Javier Pastore;25;25000000.0;Offensives Mittelfeld;Startaufstellung
2547023;Argentinien;Manchester United;Ángel Di María;27;65000000.0;Linksaußen;Startaufstellung
2547023;Argentinien;FC Barcelona;Lionel Messi;27;120000000.0;Rechtsaußen;Startaufstellung
2547023;Argentinien;Manchester City;Sergio Agüero;27;50000000.0;Mittelstürmer;Startaufstellung
2547023;Uruguay;Galatasaray Istanbul;Fernando Muslera;29;17000000.0;Torwart;Startaufstellung
2547023;Uruguay;Atlético Madrid;José Giménez;20;15000000.0;Innenverteidiger;Startaufstellung
2547023;Uruguay;Atlético Madrid;Diego Godín;29;30000000.0;Innenverteidiger;Startaufstellung
2547023;Uruguay;Estudiantes de La Plata;Álvaro Pereira;29;3500000.0;Linker Verteidiger;Startaufstellung
2547023;Uruguay;Benfica Lissabon;Maxi Pereira;31;8500000.0;Rechter Verteidiger;Startaufstellung
2547023;Uruguay;Tigres UANL;Egidio Arévalo Ríos;33;1500000.0;Defensives Mittelfeld;Startaufstellung
2547023;Uruguay;FC Turin;Álvaro González;30;2000000.0;Zentrales Mittelfeld;Startaufstellung
2547023;Uruguay;Atlético Madrid;Cristian Rodríguez;29;4500000.0;Linkes Mittelfeld;Startaufstellung
2547023;Uruguay;Club Atlético Boca Juniors;Nicolás Lodeiro;26;2000000.0;Offensives Mittelfeld;Startaufstellung
2547023;Uruguay;FC Girondins Bordeaux;Diego Rolán;22;7500000.0;Rechtsaußen;Startaufstellung
2547023;Uruguay;FC Paris Saint-Germain;Edinson Cavani;28;42000000.0;Mittelstürmer;Startaufstellung
2547023;Argentinien;Tigres UANL;Nahuel Guzmán;29;2000000.0;Torwart;Reservebank
2547023;Argentinien;SSC Neapel;Mariano Andújar;31;2000000.0;Torwart;Reservebank
2547023;Argentinien;FC Genua 1893;Facundo Roncaglia;28;4000000.0;Innenverteidiger;Reservebank
2547023;Argentinien;Manchester City;Martín Demichelis;34;2000000.0;Innenverteidiger;Reservebank
2547023;Argentinien;Club Atlético Newell's Old Boys;Milton Casco;27;1300000.0;Linker Verteidiger;Reservebank
2547023;Argentinien;Club Atlético Boca Juniors;Fernando Gago;29;3400000.0;Defensives Mittelfeld;Reservebank
2547023;Argentinien;FC Sevilla;Éver Banega;26;7500000.0;Offensives Mittelfeld;Reservebank
2547023;Argentinien;Juventus Turin;Roberto Pereyra;24;13000000.0;Offensives Mittelfeld;Reservebank
2547023;Argentinien;FC Paris Saint-Germain;Ezequiel Lavezzi;30;14000000.0;Linksaußen;Reservebank
2547023;Argentinien;Tottenham Hotspur;Érik Lamela;23;22000000.0;Rechtsaußen;Reservebank
2547023;Argentinien;Juventus Turin;Carlos Tévez;31;23000000.0;Mittelstürmer;Reservebank
2547023;Argentinien;SSC Neapel;Gonzalo Higuaín;27;40000000.0;Mittelstürmer;Reservebank
2547023;Uruguay;Club Libertad Asunción;Rodrigo Muñoz;33;525000.0;Torwart;Reservebank
2547023;Uruguay;Vasco da Gama Rio de Janeiro;Martín Silva;32;2000000.0;Torwart;Reservebank
2547023;Uruguay;FC Liverpool;Sebastián Coates;24;1500000.0;Innenverteidiger;Reservebank
2547023;Uruguay;FC Turin;Gastón Silva;21;2000000.0;Linker Verteidiger;Reservebank
2547023;Uruguay;Club Nacional;Jorge Fucile;30;750000.0;Rechter Verteidiger;Reservebank
2547023;Uruguay;Club Universidad de Chile;Mathías Corujo;29;450000.0;Rechter Verteidiger;Reservebank
2547023;Uruguay;Club Universidad de Chile;Guzmán Pereira;24;550000.0;Defensives Mittelfeld;Reservebank
2547023;Uruguay;Club Atlético River Plate;Carlos Sánchez;30;2000000.0;Rechtes Mittelfeld;Reservebank
2547023;Uruguay;EC Cruzeiro Belo Horizonte;Giorgian De Arrascaeta;21;7000000.0;Offensives Mittelfeld;Reservebank
2547023;Uruguay;Hull City;Abel Hernández;24;7500000.0;Mittelstürmer;Reservebank
2547023;Uruguay;Espanyol Barcelona;Cristhian Stuani;28;4000000.0;Mittelstürmer;Reservebank
2547023;Uruguay;Benfica Lissabon;Jonathan Rodríguez;21;3000000.0;Mittelstürmer;Reservebank
