GameId;team;club;name;age;value;position;role
2547024;Brasilien;Botafogo Rio de Janeiro;Jefferson;32;5000000.0;Torwart;Startaufstellung
2547024;Brasilien;Atlético Madrid;Miranda;30;22000000.0;Innenverteidiger;Startaufstellung
2547024;Brasilien;FC Paris Saint-Germain;Thiago Silva;30;30000000.0;Innenverteidiger;Startaufstellung
2547024;Brasilien;FC Chelsea;Filipe Luís;29;18000000.0;Linker Verteidiger;Startaufstellung
2547024;Brasilien;FC Barcelona;Dani Alves;32;10000000.0;Rechter Verteidiger;Startaufstellung
2547024;Brasilien;Manchester City;Fernandinho;30;28000000.0;Defensives Mittelfeld;Startaufstellung
2547024;Brasilien;Corinthians Sao Paulo;Elias;30;8000000.0;Zentrales Mittelfeld;Startaufstellung
2547024;Brasilien;Shakhtar Donetsk;Fred;22;12000000.0;Offensives Mittelfeld;Startaufstellung
2547024;Brasilien;FC Barcelona;Neymar;23;80000000.0;Linksaußen;Startaufstellung
2547024;Brasilien;FC Chelsea;Willian;26;30000000.0;Rechtsaußen;Startaufstellung
2547024;Brasilien;TSG 1899 Hoffenheim;Roberto Firmino;23;25000000.0;Mittelstürmer;Startaufstellung
2547024;Kolumbien;FC Arsenal;David Ospina;26;7000000.0;Torwart;Startaufstellung
2547024;Kolumbien;AC Mailand;Cristián Zapata;28;4000000.0;Innenverteidiger;Startaufstellung
2547024;Kolumbien;FC Granada;Jeison Murillo;23;8000000.0;Innenverteidiger;Startaufstellung
2547024;Kolumbien;Flamengo Rio de Janeiro;Pablo Armero;28;4000000.0;Linker Verteidiger;Startaufstellung
2547024;Kolumbien;SSC Neapel;Camilo Zúñiga;29;8000000.0;Rechter Verteidiger;Startaufstellung
2547024;Kolumbien;Aston Villa;Carlos Sánchez;29;6000000.0;Defensives Mittelfeld;Startaufstellung
2547024;Kolumbien;FC Santos;Edwin Valencia;30;1500000.0;Zentrales Mittelfeld;Startaufstellung
2547024;Kolumbien;Real Madrid;James Rodríguez;23;60000000.0;Linksaußen;Startaufstellung
2547024;Kolumbien;FC Chelsea;Juan Cuadrado;27;32000000.0;Rechtsaußen;Startaufstellung
2547024;Kolumbien;Club Atlético River Plate;Teófilo Gutiérrez;30;2500000.0;Mittelstürmer;Startaufstellung
2547024;Kolumbien;Manchester United;Falcao;29;45000000.0;Mittelstürmer;Startaufstellung
2547024;Brasilien;AC Florenz;Neto;25;7500000.0;Torwart;Reservebank
2547024;Brasilien;Grêmio Porto Alegre;Marcelo Grohe;28;4000000.0;Torwart;Reservebank
2547024;Brasilien;FC Paris Saint-Germain;David Luiz;28;28000000.0;Innenverteidiger;Reservebank
2547024;Brasilien;FC Paris Saint-Germain;Marquinhos;21;25000000.0;Innenverteidiger;Reservebank
2547024;Brasilien;SC Internacional Porto Alegre;Geferson;21;1000000.0;Linker Verteidiger;Reservebank
2547024;Brasilien;AS Monaco;Fabinho;21;8000000.0;Defensives Mittelfeld;Reservebank
2547024;Brasilien;FC Porto;Casemiro;23;7000000.0;Defensives Mittelfeld;Reservebank
2547024;Brasilien;FC Liverpool;Philippe Coutinho;23;25000000.0;Offensives Mittelfeld;Reservebank
2547024;Brasilien;Shakhtar Donetsk;Douglas Costa;24;23000000.0;Rechtsaußen;Reservebank
2547024;Brasilien;Shandong Luneng Taishan;Diego Tardelli;30;5000000.0;Mittelstürmer;Reservebank
2547024;Brasilien;FC Santos;Robinho;31;6000000.0;Linksaußen;Reservebank
2547024;Brasilien;Al-Ahli Dubai Club;Éverton Ribeiro;26;12000000.0;Rechtsaußen;Reservebank
2547024;Kolumbien;Atlético Nacional;Camilo Vargas;26;900000.0;Torwart;Reservebank
2547024;Kolumbien;CD La Equidad;Cristian Bonilla;22;650000.0;Torwart;Reservebank
2547024;Kolumbien;Besiktas Istanbul;Pedro Franco;24;4500000.0;Innenverteidiger;Reservebank
2547024;Kolumbien;Club Nacional;Carlos Valdés;30;600000.0;Innenverteidiger;Reservebank
2547024;Kolumbien;Standard Lüttich;Darwin Andrade;24;1000000.0;Linker Verteidiger;Reservebank
2547024;Kolumbien;PSV Eindhoven;Santiago Arias;23;3500000.0;Rechter Verteidiger;Reservebank
2547024;Kolumbien;CF Monterrey;Alexander Mejía;26;850000.0;Defensives Mittelfeld;Reservebank
2547024;Kolumbien;CF Monterrey;Edwin Cardona;22;900000.0;Linksaußen;Reservebank
2547024;Kolumbien;AS Rom;Víctor Ibarbo;25;8500000.0;Hängende Spitze;Reservebank
2547024;Kolumbien;FC Porto;Jackson Martínez;28;32000000.0;Mittelstürmer;Reservebank
2547024;Kolumbien;FC Sevilla;Carlos Bacca;28;20000000.0;Mittelstürmer;Reservebank
2547024;Kolumbien;Sampdoria Genua;Luis Muriel;24;10000000.0;Mittelstürmer;Reservebank
