GameId;team;club;name;age;value;position;role
2547018;Brasilien;Botafogo Rio de Janeiro;Jefferson;32;5000000.0;Torwart;Startaufstellung
2547018;Brasilien;FC Paris Saint-Germain;David Luiz;28;28000000.0;Innenverteidiger;Startaufstellung
2547018;Brasilien;Atlético Madrid;Miranda;30;22000000.0;Innenverteidiger;Startaufstellung
2547018;Brasilien;FC Chelsea;Filipe Luís;29;18000000.0;Linker Verteidiger;Startaufstellung
2547018;Brasilien;FC Barcelona;Dani Alves;32;10000000.0;Rechter Verteidiger;Startaufstellung
2547018;Brasilien;Manchester City;Fernandinho;30;28000000.0;Defensives Mittelfeld;Startaufstellung
2547018;Brasilien;Shakhtar Donetsk;Fred;22;12000000.0;Zentrales Mittelfeld;Startaufstellung
2547018;Brasilien;Corinthians Sao Paulo;Elias;30;8000000.0;Zentrales Mittelfeld;Startaufstellung
2547018;Brasilien;FC Barcelona;Neymar;23;80000000.0;Linksaußen;Startaufstellung
2547018;Brasilien;FC Chelsea;Willian;26;30000000.0;Rechtsaußen;Startaufstellung
2547018;Brasilien;Shandong Luneng Taishan;Diego Tardelli;30;5000000.0;Mittelstürmer;Startaufstellung
2547018;Peru;Club Juan Aurich;Pedro Gallese;25;550000.0;Torwart;Startaufstellung
2547018;Peru;Eintracht Frankfurt;Carlos Zambrano;25;8000000.0;Innenverteidiger;Startaufstellung
2547018;Peru;FBC Melgar;Carlos Ascues;22;500000.0;Innenverteidiger;Startaufstellung
2547018;Peru;AC Florenz;Juan Manuel Vargas;31;4000000.0;Linker Verteidiger;Startaufstellung
2547018;Peru;Vitória Setúbal FC;Luis Advíncula;25;600000.0;Rechter Verteidiger;Startaufstellung
2547018;Peru;Sporting Cristal Lima;Josepmir Ballón;27;600000.0;Defensives Mittelfeld;Startaufstellung
2547018;Peru;Sporting Cristal Lima;Carlos Lobatón;35;150000.0;Zentrales Mittelfeld;Startaufstellung
2547018;Peru;Alianza Lima;Christian Cueva;23;800000.0;Linksaußen;Startaufstellung
2547018;Peru;Universidad San Martín de Porres;Joel Sánchez;26;350000.0;Rechtsaußen;Startaufstellung
2547018;Peru;FC Schalke 04;Jefferson Farfán;30;12000000.0;Hängende Spitze;Startaufstellung
2547018;Peru;Flamengo Rio de Janeiro;Paolo Guerrero;31;5500000.0;Mittelstürmer;Startaufstellung
2547018;Brasilien;AC Florenz;Neto;25;7500000.0;Torwart;Reservebank
2547018;Brasilien;Grêmio Porto Alegre;Marcelo Grohe;28;4000000.0;Torwart;Reservebank
2547018;Brasilien;FC Paris Saint-Germain;Marquinhos;21;25000000.0;Innenverteidiger;Reservebank
2547018;Brasilien;FC Paris Saint-Germain;Thiago Silva;30;30000000.0;Innenverteidiger;Reservebank
2547018;Brasilien;SC Internacional Porto Alegre;Geferson;21;1000000.0;Linker Verteidiger;Reservebank
2547018;Brasilien;AS Monaco;Fabinho;21;8000000.0;Defensives Mittelfeld;Reservebank
2547018;Brasilien;FC Porto;Casemiro;23;7000000.0;Defensives Mittelfeld;Reservebank
2547018;Brasilien;Shakhtar Donetsk;Douglas Costa;24;23000000.0;Rechtsaußen;Reservebank
2547018;Brasilien;FC Santos;Robinho;31;6000000.0;Linksaußen;Reservebank
2547018;Brasilien;Al-Ahli Dubai Club;Éverton Ribeiro;26;12000000.0;Rechtsaußen;Reservebank
2547018;Brasilien;TSG 1899 Hoffenheim;Roberto Firmino;23;25000000.0;Hängende Spitze;Reservebank
2547018;Peru;Universidad César Vallejo;Salomón Libman;31;450000.0;Torwart;Reservebank
2547018;Peru;Sporting Cristal Lima;Diego Penny;31;500000.0;Torwart;Reservebank
2547018;Peru;Universidad César Vallejo;Hansell Riojas;23;400000.0;Innenverteidiger;Reservebank
2547018;Peru;Club Juan Aurich;Christian Ramos;26;350000.0;Innenverteidiger;Reservebank
2547018;Peru;Club Juan Aurich;Jair Céspedes;31;225000.0;Linker Verteidiger;Reservebank
2547018;Peru;Universidad César Vallejo;Pedro Requena;24;350000.0;Rechter Verteidiger;Reservebank
2547018;Peru;Real Garcilaso;Edwin Retamoso;33;250000.0;Defensives Mittelfeld;Reservebank
2547018;Peru;Malmö FF;Yoshimar Yotún;25;800000.0;Linker Verteidiger;Reservebank
2547018;Peru;FC Paços de Ferreira;Paolo Hurtado;24;2000000.0;Offensives Mittelfeld;Reservebank
2547018;Peru;Sporting Lissabon;André Carrillo;24;8000000.0;Rechtsaußen;Reservebank
2547018;Peru;RasenBallsport Leipzig;Yordy Reyna;21;1250000.0;Hängende Spitze;Reservebank
2547018;Peru;FC Bayern München;Claudio Pizarro;36;1000000.0;Mittelstürmer;Reservebank
