GameId;team;club;name;age;value;position;role
2549831;Vereinigte Staaten;Aston Villa;Brad Guzan;30;4000000.0;Torwart;Startaufstellung
2549831;Vereinigte Staaten;Hertha BSC;John Anthony Brooks;22;4500000.0;Innenverteidiger;Startaufstellung
2549831;Vereinigte Staaten;CF América;Ventura Alvarado;22;500000.0;Innenverteidiger;Startaufstellung
2549831;Vereinigte Staaten;Borussia Mönchengladbach;Fabian Johnson;27;6000000.0;Linker Verteidiger;Startaufstellung
2549831;Vereinigte Staaten;Eintracht Frankfurt;Timothy Chandler;25;2500000.0;Rechter Verteidiger;Startaufstellung
2549831;Vereinigte Staaten;Real Salt Lake City;Kyle Beckerman;33;750000.0;Defensives Mittelfeld;Startaufstellung
2549831;Vereinigte Staaten;Toronto FC;Michael Bradley;27;4500000.0;Zentrales Mittelfeld;Startaufstellung
2549831;Vereinigte Staaten;Tottenham Hotspur;DeAndre Yedlin;21;1500000.0;Rechtes Mittelfeld;Startaufstellung
2549831;Vereinigte Staaten;Los Angeles Galaxy;Gyasi Zardes;23;1300000.0;Linkes Mittelfeld;Startaufstellung
2549831;Vereinigte Staaten;Seattle Sounders FC;Clint Dempsey;32;5000000.0;Mittelstürmer;Startaufstellung
2549831;Vereinigte Staaten;Toronto FC;Jozy Altidore;25;2000000.0;Mittelstürmer;Startaufstellung
2549831;Honduras;CD Olimpia;Donis Escober;34;400000.0;Torwart;Startaufstellung
2549831;Honduras;;Henry Figueroa;22;200000.0;Innenverteidiger;Startaufstellung
2549831;Honduras;CD Olimpia;Johnny Palacios;28;600000.0;Innenverteidiger;Startaufstellung
2549831;Honduras;Hull City;Maynor Figueroa;32;2000000.0;Innenverteidiger;Startaufstellung
2549831;Honduras;Boavista Porto FC;Brayan Beckeles;29;750000.0;Linker Verteidiger;Startaufstellung
2549831;Honduras;CD Motagua Tegucigalpa;Wilmer Crisanto;26;200000.0;Rechter Verteidiger;Startaufstellung
2549831;Honduras;Panthrakikos Komotini;Alfredo Mejía;25;350000.0;Defensives Mittelfeld;Startaufstellung
2549831;Honduras;RSC Anderlecht;Andy Nájar;22;4500000.0;Rechtes Mittelfeld;Startaufstellung
2549831;Honduras;;Bryan Acosta;21;200000.0;Linkes Mittelfeld;Startaufstellung
2549831;Honduras;RCD España San Pedro Sula;Mario Martínez;25;700000.0;Offensives Mittelfeld;Startaufstellung
2549831;Honduras;CD Olimpia;Anthony Lozano;22;200000.0;Mittelstürmer;Startaufstellung
2549831;Vereinigte Staaten;Real Salt Lake City;Nick Rimando;36;400000.0;Torwart;Reservebank
2549831;Vereinigte Staaten;Club León FC;William Yarbrough;26;1500000.0;Torwart;Reservebank
2549831;Vereinigte Staaten;Bolton Wanderers;Tim Ream;27;1500000.0;Innenverteidiger;Reservebank
2549831;Vereinigte Staaten;Los Angeles Galaxy;Omar González;26;1000000.0;Innenverteidiger;Reservebank
2549831;Vereinigte Staaten;Seattle Sounders FC;Brad Evans;30;600000.0;Innenverteidiger;Reservebank
2549831;Vereinigte Staaten;Atlas Guadalajara;Greg Garza;23;700000.0;Linker Verteidiger;Reservebank
2549831;Vereinigte Staaten;Sporting Kansas City;Graham Zusi;28;750000.0;Rechter Verteidiger;Reservebank
2549831;Vereinigte Staaten;FC Ingolstadt 04;Alfredo Morales;25;1500000.0;Zentrales Mittelfeld;Reservebank
2549831;Vereinigte Staaten;New York City FC;Mix Diskerud;24;1400000.0;Zentrales Mittelfeld;Reservebank
2549831;Vereinigte Staaten;FC Nantes;Alejandro Bedoya;28;2500000.0;Offensives Mittelfeld;Reservebank
2549831;Vereinigte Staaten;AZ Alkmaar;Aron Jóhannsson;24;3500000.0;Mittelstürmer;Reservebank
2549831;Vereinigte Staaten;San Jose Earthquakes;Chris Wondolowski;32;1200000.0;Mittelstürmer;Reservebank
2549831;Honduras;;Luis López;21;250000.0;Torwart;Reservebank
2549831;Honduras;Club Deportivo Social Vida;Orlin Vallecillo;32;200000.0;Torwart;Reservebank
2549831;Honduras;CD Marathón;Johnny Leverón;25;300000.0;Innenverteidiger;Reservebank
2549831;Honduras;Club Deportivo Social Vida;Brayan García;22;200000.0;Linker Verteidiger;Reservebank
2549831;Honduras;Houston Dynamo;Luis Garrido;24;450000.0;Defensives Mittelfeld;Reservebank
2549831;Honduras;Qingdao Jonoon;Jorge Claros;29;400000.0;Defensives Mittelfeld;Reservebank
2549831;Honduras;Houston Dynamo;Boniek García;30;500000.0;Rechtes Mittelfeld;Reservebank
2549831;Honduras;LD Alajuelense;Carlos Discua;30;250000.0;Offensives Mittelfeld;Reservebank
2549831;Honduras;CD Motagua Tegucigalpa;Érick Andino;25;200000.0;Rechtsaußen;Reservebank
2549831;Honduras;;Rubilio Castillo;23;200000.0;Mittelstürmer;Reservebank
2549831;Honduras;CD Olimpia;Romell Quioto;23;300000.0;Mittelstürmer;Reservebank
2549831;Honduras;CD Motagua Tegucigalpa;Eddie Hernández;24;200000.0;Mittelstürmer;Reservebank
