GameId;team;club;name;age;value;position;role
25767;Deutschland;FC Arsenal;Jens Lehmann;36;5500000.0;Torwart;Startaufstellung
25767;Deutschland;Hannover 96;Per Mertesacker;21;7500000.0;Innenverteidiger;Startaufstellung
25767;Deutschland;Borussia Dortmund;Christoph Metzelder;25;4000000.0;Innenverteidiger;Startaufstellung
25767;Deutschland;FC Bayern München;Philipp Lahm;22;7500000.0;Linker Verteidiger;Startaufstellung
25767;Deutschland;Hertha BSC;Arne Friedrich;27;7500000.0;Rechter Verteidiger;Startaufstellung
25767;Deutschland;SV Werder Bremen;Torsten Frings;29;10000000.0;Defensives Mittelfeld;Startaufstellung
25767;Deutschland;Bayer 04 Leverkusen;Bernd Schneider;32;3200000.0;Rechtes Mittelfeld;Startaufstellung
25767;Deutschland;FC Bayern München;Bastian Schweinsteiger;21;8000000.0;Linkes Mittelfeld;Startaufstellung
25767;Deutschland;SV Werder Bremen;Tim Borowski;26;11000000.0;Offensives Mittelfeld;Startaufstellung
25767;Deutschland;1.FC Köln;Lukas Podolski;21;12000000.0;Mittelstürmer;Startaufstellung
25767;Deutschland;SV Werder Bremen;Miroslav Klose;28;20000000.0;Mittelstürmer;Startaufstellung
25767;Costa Rica;Deportivo Saprissa;Francisco Porras;35;300000.0;Torwart;Startaufstellung
25767;Costa Rica;LD Alajuelense;Luis Marín;31;400000.0;Innenverteidiger;Startaufstellung
25767;Costa Rica;Brujas FC;Michael Umaña;23;300000.0;Innenverteidiger;Startaufstellung
25767;Costa Rica;Real Salt Lake City;Douglas Sequeira;28;400000.0;Innenverteidiger;Startaufstellung
25767;Costa Rica;Brescia Calcio;Gilberto Martínez;26;3000000.0;Defensives Mittelfeld;Startaufstellung
25767;Costa Rica;CSD Comunicaciones;Mauricio Solís;33;300000.0;Defensives Mittelfeld;Startaufstellung
25767;Costa Rica;CS Cartaginés;Danny Fonseca;26;450000.0;Rechtes Mittelfeld;Startaufstellung
25767;Costa Rica;;Leonardo González;25;400000.0;Linkes Mittelfeld;Startaufstellung
25767;Costa Rica;Deportivo Saprissa;Wálter Centeno;31;2000000.0;Offensives Mittelfeld;Startaufstellung
25767;Costa Rica;Deportivo Saprissa;Rónald Gómez;31;1000000.0;Offensives Mittelfeld;Startaufstellung
25767;Costa Rica;CS Herediano;Paulo Wanchope;29;1750000.0;Mittelstürmer;Startaufstellung
25767;Deutschland;FC Bayern München;Oliver Kahn;36;4500000.0;Torwart;Reservebank
25767;Deutschland;VfB Stuttgart;Timo Hildebrand;27;7500000.0;Torwart;Reservebank
25767;Deutschland;Bayer 04 Leverkusen;Jens Nowotny;32;2000000.0;Libero;Reservebank
25767;Deutschland;FC Chelsea;Robert Huth;21;2750000.0;Innenverteidiger;Reservebank
25767;Deutschland;Borussia Mönchengladbach;Marcell Jansen;20;6000000.0;Linker Verteidiger;Reservebank
25767;Deutschland;Borussia Dortmund;Sebastian Kehl;26;8000000.0;Defensives Mittelfeld;Reservebank
25767;Deutschland;VfB Stuttgart;Thomas Hitzlsperger;24;2500000.0;Zentrales Mittelfeld;Reservebank
25767;Deutschland;FC Bayern München;Michael Ballack;29;35000000.0;Zentrales Mittelfeld;Reservebank
25767;Deutschland;Borussia Dortmund;David Odonkor;22;3500000.0;Rechtsaußen;Reservebank
25767;Deutschland;VfL Wolfsburg;Mike Hanke;22;3500000.0;Mittelstürmer;Reservebank
25767;Deutschland;Borussia Mönchengladbach;Oliver Neuville;33;3500000.0;Mittelstürmer;Reservebank
25767;Deutschland;FC Schalke 04;Gerald Asamoah;27;5000000.0;Mittelstürmer;Reservebank
25767;Costa Rica;CS Herediano;Álvaro Mesén;33;750000.0;Torwart;Reservebank
25767;Costa Rica;LD Alajuelense;Wardy Alfaro;28;250000.0;Torwart;Reservebank
25767;Costa Rica;Deportivo Saprissa;Gabriel Badilla †;21;400000.0;Innenverteidiger;Reservebank
25767;Costa Rica;LD Alajuelense;Michael Rodríguez;24;300000.0;Innenverteidiger;Reservebank
25767;Costa Rica;Deportivo Saprissa;Jervis Drummond;29;700000.0;Rechter Verteidiger;Reservebank
25767;Costa Rica;LD Alajuelense;Hárold Wallace;30;300000.0;Rechter Verteidiger;Reservebank
25767;Costa Rica;Deportivo Saprissa;Randall Azofeifa;21;600000.0;Defensives Mittelfeld;Reservebank
25767;Costa Rica;;Carlos Hernández;24;550000.0;Offensives Mittelfeld;Reservebank
25767;Costa Rica;Deportivo Saprissa;Christian Bolaños;22;700000.0;Rechtsaußen;Reservebank
25767;Costa Rica;Puntarenas FC;Kurt Bernard;28;800000.0;Mittelstürmer;Reservebank
25767;Costa Rica;;Álvaro Saborío;24;450000.0;Mittelstürmer;Reservebank
25767;Costa Rica;CS Cartaginés;Víctor Núnez;26;300000.0;Mittelstürmer;Reservebank
