GameId;team;club;name;age;value;position;role
2580098;Chile;FC Barcelona;Claudio Bravo;32;12000000.0;Torwart;Startaufstellung
2580098;Chile;1.FSV Mainz 05;Gonzalo Jara;29;1750000.0;Innenverteidiger;Startaufstellung
2580098;Chile;Inter Mailand;Gary Medel;27;10000000.0;Innenverteidiger;Startaufstellung
2580098;Chile;EC Cruzeiro Belo Horizonte;Eugenio Mena;26;3500000.0;Linker Verteidiger;Startaufstellung
2580098;Chile;Queens Park Rangers;Mauricio Isla;27;9000000.0;Rechter Verteidiger;Startaufstellung
2580098;Chile;Hamburger SV;Marcelo Díaz;28;2000000.0;Defensives Mittelfeld;Startaufstellung
2580098;Chile;Juventus Turin;Arturo Vidal;28;42000000.0;Zentrales Mittelfeld;Startaufstellung
2580098;Chile;SC Internacional Porto Alegre;Charles Aránguiz;26;9500000.0;Zentrales Mittelfeld;Startaufstellung
2580098;Chile;SE Palmeiras São Paulo;Jorge Valdivia;31;4500000.0;Offensives Mittelfeld;Startaufstellung
2580098;Chile;FC Arsenal;Alexis Sánchez;26;45000000.0;Mittelstürmer;Startaufstellung
2580098;Chile;Queens Park Rangers;Eduardo Vargas;25;6000000.0;Mittelstürmer;Startaufstellung
2580098;Uruguay;Galatasaray Istanbul;Fernando Muslera;29;17000000.0;Torwart;Startaufstellung
2580098;Uruguay;Atlético Madrid;José Giménez;20;15000000.0;Innenverteidiger;Startaufstellung
2580098;Uruguay;Atlético Madrid;Diego Godín;29;30000000.0;Innenverteidiger;Startaufstellung
2580098;Uruguay;Club Nacional;Jorge Fucile;30;750000.0;Linker Verteidiger;Startaufstellung
2580098;Uruguay;Benfica Lissabon;Maxi Pereira;31;8500000.0;Rechter Verteidiger;Startaufstellung
2580098;Uruguay;Tigres UANL;Egidio Arévalo Ríos;33;1500000.0;Defensives Mittelfeld;Startaufstellung
2580098;Uruguay;FC Turin;Álvaro González;30;2000000.0;Zentrales Mittelfeld;Startaufstellung
2580098;Uruguay;Club Atlético River Plate;Carlos Sánchez;30;2000000.0;Rechtes Mittelfeld;Startaufstellung
2580098;Uruguay;Atlético Madrid;Cristian Rodríguez;29;4500000.0;Linkes Mittelfeld;Startaufstellung
2580098;Uruguay;FC Girondins Bordeaux;Diego Rolán;22;7500000.0;Mittelstürmer;Startaufstellung
2580098;Uruguay;FC Paris Saint-Germain;Edinson Cavani;28;42000000.0;Mittelstürmer;Startaufstellung
2580098;Chile;CSD Colo Colo;Paulo Garcés;30;750000.0;Torwart;Reservebank
2580098;Chile;Club Universidad de Chile;Johnny Herrera;34;1000000.0;Torwart;Reservebank
2580098;Chile;Club Universidad de Chile;José Rojas;32;900000.0;Innenverteidiger;Reservebank
2580098;Chile;Hannover 96;Miiko Albornoz;24;2250000.0;Linker Verteidiger;Reservebank
2580098;Chile;CSD Colo Colo;Jean Beausejour;31;4000000.0;Linker Verteidiger;Reservebank
2580098;Chile;FC Brügge;Francisco Silva;29;2000000.0;Defensives Mittelfeld;Reservebank
2580098;Chile;FC Twente Enschede;Felipe Gutiérrez;24;5000000.0;Zentrales Mittelfeld;Reservebank
2580098;Chile;AC Florenz;David Pizarro;35;1000000.0;Defensives Mittelfeld;Reservebank
2580098;Chile;AC Florenz;Matías Fernández;29;7500000.0;Zentrales Mittelfeld;Reservebank
2580098;Chile;Club Atlético Boca Juniors;José Pedro Fuenzalida;30;600000.0;Rechtsaußen;Reservebank
2580098;Chile;Atalanta Bergamo;Mauricio Pinilla;31;2200000.0;Mittelstürmer;Reservebank
2580098;Chile;GNK Dinamo Zagreb;Ángelo Henríquez;21;3500000.0;Mittelstürmer;Reservebank
2580098;Uruguay;Club Libertad Asunción;Rodrigo Muñoz;33;525000.0;Torwart;Reservebank
2580098;Uruguay;Vasco da Gama Rio de Janeiro;Martín Silva;32;2000000.0;Torwart;Reservebank
2580098;Uruguay;FC Liverpool;Sebastián Coates;24;1500000.0;Innenverteidiger;Reservebank
2580098;Uruguay;FC Turin;Gastón Silva;21;2000000.0;Linker Verteidiger;Reservebank
2580098;Uruguay;Club Universidad de Chile;Mathías Corujo;29;450000.0;Rechter Verteidiger;Reservebank
2580098;Uruguay;Club Universidad de Chile;Guzmán Pereira;24;550000.0;Defensives Mittelfeld;Reservebank
2580098;Uruguay;Club Atlético Boca Juniors;Nicolás Lodeiro;26;2000000.0;Offensives Mittelfeld;Reservebank
2580098;Uruguay;EC Cruzeiro Belo Horizonte;Giorgian De Arrascaeta;21;7000000.0;Offensives Mittelfeld;Reservebank
2580098;Uruguay;Hull City;Abel Hernández;24;7500000.0;Mittelstürmer;Reservebank
2580098;Uruguay;Espanyol Barcelona;Cristhian Stuani;28;4000000.0;Mittelstürmer;Reservebank
2580098;Uruguay;Benfica Lissabon;Jonathan Rodríguez;21;3000000.0;Rechtsaußen;Reservebank
