GameId;team;club;name;age;value;position;role
2580101;Brasilien;Botafogo Rio de Janeiro;Jefferson;32;5000000.0;Torwart;Startaufstellung
2580101;Brasilien;Atlético Madrid;Miranda;30;22000000.0;Innenverteidiger;Startaufstellung
2580101;Brasilien;FC Paris Saint-Germain;Thiago Silva;30;30000000.0;Innenverteidiger;Startaufstellung
2580101;Brasilien;FC Chelsea;Filipe Luís;29;18000000.0;Linker Verteidiger;Startaufstellung
2580101;Brasilien;FC Barcelona;Dani Alves;32;10000000.0;Rechter Verteidiger;Startaufstellung
2580101;Brasilien;Manchester City;Fernandinho;30;28000000.0;Zentrales Mittelfeld;Startaufstellung
2580101;Brasilien;Corinthians Sao Paulo;Elias;30;8000000.0;Zentrales Mittelfeld;Startaufstellung
2580101;Brasilien;FC Liverpool;Philippe Coutinho;23;25000000.0;Offensives Mittelfeld;Startaufstellung
2580101;Brasilien;FC Santos;Robinho;31;6000000.0;Linksaußen;Startaufstellung
2580101;Brasilien;FC Chelsea;Willian;26;30000000.0;Rechtsaußen;Startaufstellung
2580101;Brasilien;TSG 1899 Hoffenheim;Roberto Firmino;23;25000000.0;Mittelstürmer;Startaufstellung
2580101;Paraguay;CSD Colo Colo;Justo Villar;37;500000.0;Torwart;Startaufstellung
2580101;Paraguay;CF América;Pablo Aguilar;28;2000000.0;Innenverteidiger;Startaufstellung
2580101;Paraguay;Deportivo Toluca;Paulo da Silva;35;1250000.0;Innenverteidiger;Startaufstellung
2580101;Paraguay;Udinese Calcio;Iván Piris;26;2500000.0;Linker Verteidiger;Startaufstellung
2580101;Paraguay;Club Cerro Porteño;Bruno Valdez;22;500000.0;Rechter Verteidiger;Startaufstellung
2580101;Paraguay;Flamengo Rio de Janeiro;Víctor Cáceres;30;2000000.0;Defensives Mittelfeld;Startaufstellung
2580101;Paraguay;Olimpia Asunción;Eduardo Aranda;30;550000.0;Defensives Mittelfeld;Startaufstellung
2580101;Paraguay;Deportivo Toluca;Edgar Benítez;27;2000000.0;Linksaußen;Startaufstellung
2580101;Paraguay;FC Basel 1893;Derlis González;21;3750000.0;Rechtsaußen;Startaufstellung
2580101;Paraguay;CD Cruz Azul;Roque Santa Cruz;33;2000000.0;Mittelstürmer;Startaufstellung
2580101;Paraguay;Eintracht Frankfurt;Nelson Valdez;31;2000000.0;Mittelstürmer;Startaufstellung
2580101;Brasilien;AC Florenz;Neto;25;7500000.0;Torwart;Reservebank
2580101;Brasilien;Grêmio Porto Alegre;Marcelo Grohe;28;4000000.0;Torwart;Reservebank
2580101;Brasilien;FC Paris Saint-Germain;David Luiz;28;28000000.0;Innenverteidiger;Reservebank
2580101;Brasilien;FC Paris Saint-Germain;Marquinhos;21;25000000.0;Innenverteidiger;Reservebank
2580101;Brasilien;SC Internacional Porto Alegre;Geferson;21;1000000.0;Linker Verteidiger;Reservebank
2580101;Brasilien;AS Monaco;Fabinho;21;8000000.0;Defensives Mittelfeld;Reservebank
2580101;Brasilien;FC Porto;Casemiro;23;7000000.0;Defensives Mittelfeld;Reservebank
2580101;Brasilien;Shakhtar Donetsk;Fred;22;12000000.0;Zentrales Mittelfeld;Reservebank
2580101;Brasilien;Shakhtar Donetsk;Douglas Costa;24;23000000.0;Rechtsaußen;Reservebank
2580101;Brasilien;Shandong Luneng Taishan;Diego Tardelli;30;5000000.0;Mittelstürmer;Reservebank
2580101;Brasilien;Al-Ahli Dubai Club;Éverton Ribeiro;26;12000000.0;Linksaußen;Reservebank
2580101;Paraguay;Club Guaraní;Alfredo Aguilar;26;500000.0;Torwart;Reservebank
2580101;Paraguay;Independiente Medellín;Antony Silva;31;900000.0;Torwart;Reservebank
2580101;Paraguay;Club Atlético Newell's Old Boys;Marcos Cáceres;29;1300000.0;Innenverteidiger;Reservebank
2580101;Paraguay;Club Libertad Asunción;Fabián Balbuena;23;500000.0;Innenverteidiger;Reservebank
2580101;Paraguay;CF América;Miguel Samudio;28;500000.0;Linker Verteidiger;Reservebank
2580101;Paraguay;Club Libertad Asunción;Osmar Molinas;28;600000.0;Defensives Mittelfeld;Reservebank
2580101;Paraguay;CF América;Osvaldo Martínez;29;2400000.0;Zentrales Mittelfeld;Reservebank
2580101;Paraguay;Club Atlético San Lorenzo de Almagro;Néstor Ortigoza;30;2000000.0;Zentrales Mittelfeld;Reservebank
2580101;Paraguay;Racing Club de Avellaneda;Óscar Romero;22;500000.0;Offensives Mittelfeld;Reservebank
2580101;Paraguay;FC Augsburg;Raúl Bobadilla;28;3000000.0;Mittelstürmer;Reservebank
2580101;Paraguay;HSC Montpellier;Lucas Barrios;30;3000000.0;Mittelstürmer;Reservebank
