GameId;team;club;name;age;value;position;role
2580100;Argentinien;Sampdoria Genua;Sergio Romero;28;5500000.0;Torwart;Startaufstellung
2580100;Argentinien;Zenit St. Petersburg;Ezequiel Garay;28;23000000.0;Innenverteidiger;Startaufstellung
2580100;Argentinien;FC Valencia;Nicolás Otamendi;27;18000000.0;Innenverteidiger;Startaufstellung
2580100;Argentinien;Manchester United;Marcos Rojo;25;16000000.0;Linker Verteidiger;Startaufstellung
2580100;Argentinien;Manchester City;Pablo Zabaleta;30;18000000.0;Rechter Verteidiger;Startaufstellung
2580100;Argentinien;FC Barcelona;Javier Mascherano;31;15000000.0;Defensives Mittelfeld;Startaufstellung
2580100;Argentinien;Lazio Rom;Lucas Biglia;29;12500000.0;Defensives Mittelfeld;Startaufstellung
2580100;Argentinien;FC Paris Saint-Germain;Javier Pastore;26;25000000.0;Offensives Mittelfeld;Startaufstellung
2580100;Argentinien;Manchester United;Ángel Di María;27;65000000.0;Linksaußen;Startaufstellung
2580100;Argentinien;FC Barcelona;Lionel Messi;28;120000000.0;Rechtsaußen;Startaufstellung
2580100;Argentinien;Manchester City;Sergio Agüero;27;50000000.0;Mittelstürmer;Startaufstellung
2580100;Kolumbien;FC Arsenal;David Ospina;26;7000000.0;Torwart;Startaufstellung
2580100;Kolumbien;AC Mailand;Cristián Zapata;28;4000000.0;Innenverteidiger;Startaufstellung
2580100;Kolumbien;FC Granada;Jeison Murillo;23;8000000.0;Innenverteidiger;Startaufstellung
2580100;Kolumbien;PSV Eindhoven;Santiago Arias;23;3500000.0;Linker Verteidiger;Startaufstellung
2580100;Kolumbien;SSC Neapel;Camilo Zúñiga;29;8000000.0;Rechter Verteidiger;Startaufstellung
2580100;Kolumbien;CF Monterrey;Alexander Mejía;26;850000.0;Zentrales Mittelfeld;Startaufstellung
2580100;Kolumbien;Real Madrid;James Rodríguez;23;60000000.0;Zentrales Mittelfeld;Startaufstellung
2580100;Kolumbien;AS Rom;Víctor Ibarbo;25;8500000.0;Linksaußen;Startaufstellung
2580100;Kolumbien;FC Chelsea;Juan Cuadrado;27;32000000.0;Rechtsaußen;Startaufstellung
2580100;Kolumbien;Club Atlético River Plate;Teófilo Gutiérrez;30;2500000.0;Mittelstürmer;Startaufstellung
2580100;Kolumbien;FC Porto;Jackson Martínez;28;32000000.0;Mittelstürmer;Startaufstellung
2580100;Argentinien;Tigres UANL;Nahuel Guzmán;29;2000000.0;Torwart;Reservebank
2580100;Argentinien;SSC Neapel;Mariano Andújar;31;2000000.0;Torwart;Reservebank
2580100;Argentinien;FC Genua 1893;Facundo Roncaglia;28;4000000.0;Innenverteidiger;Reservebank
2580100;Argentinien;Manchester City;Martín Demichelis;34;2000000.0;Innenverteidiger;Reservebank
2580100;Argentinien;Club Atlético Newell's Old Boys;Milton Casco;27;1300000.0;Linker Verteidiger;Reservebank
2580100;Argentinien;Club Atlético Boca Juniors;Fernando Gago;29;3400000.0;Defensives Mittelfeld;Reservebank
2580100;Argentinien;FC Sevilla;Éver Banega;26;7500000.0;Zentrales Mittelfeld;Reservebank
2580100;Argentinien;Juventus Turin;Roberto Pereyra;24;13000000.0;Offensives Mittelfeld;Reservebank
2580100;Argentinien;FC Paris Saint-Germain;Ezequiel Lavezzi;30;14000000.0;Linksaußen;Reservebank
2580100;Argentinien;Tottenham Hotspur;Érik Lamela;23;22000000.0;Rechtsaußen;Reservebank
2580100;Argentinien;Juventus Turin;Carlos Tévez;31;23000000.0;Mittelstürmer;Reservebank
2580100;Argentinien;SSC Neapel;Gonzalo Higuaín;27;40000000.0;Mittelstürmer;Reservebank
2580100;Kolumbien;Atlético Nacional;Camilo Vargas;26;900000.0;Torwart;Reservebank
2580100;Kolumbien;CD La Equidad;Cristian Bonilla;22;650000.0;Torwart;Reservebank
2580100;Kolumbien;Besiktas Istanbul;Pedro Franco;24;4500000.0;Innenverteidiger;Reservebank
2580100;Kolumbien;Club Nacional;Carlos Valdés;30;600000.0;Innenverteidiger;Reservebank
2580100;Kolumbien;Flamengo Rio de Janeiro;Pablo Armero;28;4000000.0;Linker Verteidiger;Reservebank
2580100;Kolumbien;Standard Lüttich;Darwin Andrade;24;2000000.0;Linker Verteidiger;Reservebank
2580100;Kolumbien;CF Monterrey;Edwin Cardona;22;900000.0;Offensives Mittelfeld;Reservebank
2580100;Kolumbien;Manchester United;Falcao;29;45000000.0;Mittelstürmer;Reservebank
2580100;Kolumbien;Sampdoria Genua;Luis Muriel;24;10000000.0;Mittelstürmer;Reservebank
