GameId;team;club;name;age;value;position;role
2583053;Argentinien;Sampdoria Genua;Sergio Romero;28;5000000.0;Torwart;Startaufstellung
2583053;Argentinien;Manchester City;Martín Demichelis;34;2000000.0;Innenverteidiger;Startaufstellung
2583053;Argentinien;FC Valencia;Nicolás Otamendi;27;25000000.0;Innenverteidiger;Startaufstellung
2583053;Argentinien;Manchester United;Marcos Rojo;25;18000000.0;Linker Verteidiger;Startaufstellung
2583053;Argentinien;Manchester City;Pablo Zabaleta;30;18000000.0;Rechter Verteidiger;Startaufstellung
2583053;Argentinien;FC Barcelona;Javier Mascherano;31;15000000.0;Defensives Mittelfeld;Startaufstellung
2583053;Argentinien;Lazio Rom;Lucas Biglia;29;15000000.0;Zentrales Mittelfeld;Startaufstellung
2583053;Argentinien;FC Paris Saint-Germain;Javier Pastore;26;25000000.0;Offensives Mittelfeld;Startaufstellung
2583053;Argentinien;Manchester United;Ángel Di María;27;50000000.0;Linksaußen;Startaufstellung
2583053;Argentinien;FC Barcelona;Lionel Messi;28;120000000.0;Rechtsaußen;Startaufstellung
2583053;Argentinien;Manchester City;Sergio Agüero;27;60000000.0;Mittelstürmer;Startaufstellung
2583053;Paraguay;CSD Colo Colo;Justo Villar;38;500000.0;Torwart;Startaufstellung
2583053;Paraguay;CF América;Pablo Aguilar;28;2000000.0;Innenverteidiger;Startaufstellung
2583053;Paraguay;Deportivo Toluca;Paulo da Silva;35;1250000.0;Innenverteidiger;Startaufstellung
2583053;Paraguay;Club Deportivo Maldonado;Iván Piris;26;2300000.0;Linker Verteidiger;Startaufstellung
2583053;Paraguay;Club Cerro Porteño;Bruno Valdez;22;500000.0;Rechter Verteidiger;Startaufstellung
2583053;Paraguay;Club Libertad Asunción;Richard Ortiz;25;1000000.0;Defensives Mittelfeld;Startaufstellung
2583053;Paraguay;Flamengo Rio de Janeiro;Víctor Cáceres;30;2000000.0;Zentrales Mittelfeld;Startaufstellung
2583053;Paraguay;Querétaro FC;Edgar Benítez;27;2000000.0;Linksaußen;Startaufstellung
2583053;Paraguay;FC Basel 1893;Derlis González;21;3750000.0;Rechtsaußen;Startaufstellung
2583053;Paraguay;CD Cruz Azul;Roque Santa Cruz;33;2000000.0;Mittelstürmer;Startaufstellung
2583053;Paraguay;Eintracht Frankfurt;Nelson Valdez;31;1500000.0;Mittelstürmer;Startaufstellung
2583053;Argentinien;Tigres UANL;Nahuel Guzmán;29;2000000.0;Torwart;Reservebank
2583053;Argentinien;Santos Laguna;Agustín Marchesín;27;2500000.0;Torwart;Reservebank
2583053;Argentinien;AC Florenz;Facundo Roncaglia;28;3500000.0;Innenverteidiger;Reservebank
2583053;Argentinien;Club Atlético Newell's Old Boys;Milton Casco;27;1300000.0;Linker Verteidiger;Reservebank
2583053;Argentinien;Club Atlético Boca Juniors;Fernando Gago;29;3400000.0;Defensives Mittelfeld;Reservebank
2583053;Argentinien;FC Sevilla;Éver Banega;27;10000000.0;Zentrales Mittelfeld;Reservebank
2583053;Argentinien;Juventus Turin;Roberto Pereyra;24;17000000.0;Offensives Mittelfeld;Reservebank
2583053;Argentinien;FC Paris Saint-Germain;Ezequiel Lavezzi;30;14000000.0;Linksaußen;Reservebank
2583053;Argentinien;Tottenham Hotspur;Érik Lamela;23;22000000.0;Rechtsaußen;Reservebank
2583053;Argentinien;Juventus Turin;Carlos Tévez;31;23000000.0;Hängende Spitze;Reservebank
2583053;Argentinien;SSC Neapel;Gonzalo Higuaín;27;43000000.0;Mittelstürmer;Reservebank
2583053;Paraguay;Club Guaraní;Alfredo Aguilar;26;500000.0;Torwart;Reservebank
2583053;Paraguay;Independiente Medellín;Antony Silva;31;900000.0;Torwart;Reservebank
2583053;Paraguay;Club Atlético Newell's Old Boys;Marcos Cáceres;29;1300000.0;Innenverteidiger;Reservebank
2583053;Paraguay;Club Libertad Asunción;Fabián Balbuena;23;500000.0;Innenverteidiger;Reservebank
2583053;Paraguay;CF América;Miguel Samudio;28;500000.0;Linker Verteidiger;Reservebank
2583053;Paraguay;Club Libertad Asunción;Osmar Molinas;28;600000.0;Defensives Mittelfeld;Reservebank
2583053;Paraguay;CF América;Osvaldo Martínez;29;2400000.0;Zentrales Mittelfeld;Reservebank
2583053;Paraguay;Club Atlético San Lorenzo de Almagro;Néstor Ortigoza;30;2000000.0;Zentrales Mittelfeld;Reservebank
2583053;Paraguay;Olimpia Asunción;Eduardo Aranda;30;550000.0;Zentrales Mittelfeld;Reservebank
2583053;Paraguay;Racing Club de Avellaneda;Óscar Romero;22;500000.0;Offensives Mittelfeld;Reservebank
2583053;Paraguay;FC Augsburg;Raúl Bobadilla;28;4500000.0;Rechtsaußen;Reservebank
2583053;Paraguay;Spartak Moskau;Lucas Barrios;30;3000000.0;Mittelstürmer;Reservebank
