GameId;team;club;name;age;value;position;role
2584678;Peru;Club Juan Aurich;Pedro Gallese;25;550000.0;Torwart;Startaufstellung
2584678;Peru;Club Juan Aurich;Christian Ramos;26;350000.0;Innenverteidiger;Startaufstellung
2584678;Peru;FBC Melgar;Carlos Ascues;23;500000.0;Innenverteidiger;Startaufstellung
2584678;Peru;AC Florenz;Juan Manuel Vargas;31;2500000.0;Linker Verteidiger;Startaufstellung
2584678;Peru;TSG 1899 Hoffenheim;Luis Advíncula;25;750000.0;Rechter Verteidiger;Startaufstellung
2584678;Peru;Sporting Cristal Lima;Josepmir Ballón;27;600000.0;Zentrales Mittelfeld;Startaufstellung
2584678;Peru;Sporting Cristal Lima;Carlos Lobatón;35;150000.0;Zentrales Mittelfeld;Startaufstellung
2584678;Peru;Red Bull Salzburg;Yordy Reyna;21;1250000.0;Offensives Mittelfeld;Startaufstellung
2584678;Peru;Alianza Lima;Christian Cueva;23;800000.0;Linksaußen;Startaufstellung
2584678;Peru;Sporting Lissabon;André Carrillo;24;12000000.0;Rechtsaußen;Startaufstellung
2584678;Peru;Flamengo Rio de Janeiro;Paolo Guerrero;31;5500000.0;Mittelstürmer;Startaufstellung
2584678;Paraguay;CSD Colo Colo;Justo Villar;38;500000.0;Torwart;Startaufstellung
2584678;Paraguay;CF América;Pablo Aguilar;28;2000000.0;Innenverteidiger;Startaufstellung
2584678;Paraguay;Deportivo Toluca;Paulo da Silva;35;1250000.0;Innenverteidiger;Startaufstellung
2584678;Paraguay;CF América;Miguel Samudio;28;500000.0;Linker Verteidiger;Startaufstellung
2584678;Paraguay;Club Atlético Newell's Old Boys;Marcos Cáceres;29;1300000.0;Rechter Verteidiger;Startaufstellung
2584678;Paraguay;Flamengo Rio de Janeiro;Víctor Cáceres;30;2000000.0;Defensives Mittelfeld;Startaufstellung
2584678;Paraguay;Club Atlético San Lorenzo de Almagro;Néstor Ortigoza;30;2000000.0;Defensives Mittelfeld;Startaufstellung
2584678;Paraguay;CF América;Osvaldo Martínez;29;2400000.0;Offensives Mittelfeld;Startaufstellung
2584678;Paraguay;Racing Club de Avellaneda;Óscar Romero;23;500000.0;Linksaußen;Startaufstellung
2584678;Paraguay;FC Augsburg;Raúl Bobadilla;28;4500000.0;Rechtsaußen;Startaufstellung
2584678;Paraguay;Spartak Moskau;Lucas Barrios;30;3000000.0;Mittelstürmer;Startaufstellung
2584678;Peru;Universidad César Vallejo;Salomón Libman;31;450000.0;Torwart;Reservebank
2584678;Peru;Sporting Cristal Lima;Diego Penny;31;500000.0;Torwart;Reservebank
2584678;Peru;Universidad César Vallejo;Hansell Riojas;23;400000.0;Innenverteidiger;Reservebank
2584678;Peru;Club Juan Aurich;Jair Céspedes;31;225000.0;Linker Verteidiger;Reservebank
2584678;Peru;Universidad César Vallejo;Pedro Requena;24;350000.0;Rechter Verteidiger;Reservebank
2584678;Peru;Real Garcilaso;Edwin Retamoso;33;250000.0;Defensives Mittelfeld;Reservebank
2584678;Peru;Malmö FF;Yoshimar Yotún;25;800000.0;Zentrales Mittelfeld;Reservebank
2584678;Peru;FC Paços de Ferreira;Paolo Hurtado;24;2000000.0;Rechtsaußen;Reservebank
2584678;Peru;Universidad San Martín de Porres;Joel Sánchez;26;350000.0;Linksaußen;Reservebank
2584678;Peru;Al-Jazira (Abu Dhabi);Jefferson Farfán;30;7000000.0;Rechtsaußen;Reservebank
2584678;Peru;Vereinslos;Claudio Pizarro;36;1000000.0;Mittelstürmer;Reservebank
2584678;Paraguay;Club Guaraní;Alfredo Aguilar;26;500000.0;Torwart;Reservebank
2584678;Paraguay;Independiente Medellín;Antony Silva;31;900000.0;Torwart;Reservebank
2584678;Paraguay;Club Cerro Porteño;Bruno Valdez;22;500000.0;Innenverteidiger;Reservebank
2584678;Paraguay;Club Libertad Asunción;Fabián Balbuena;23;500000.0;Innenverteidiger;Reservebank
2584678;Paraguay;Club Deportivo Maldonado;Iván Piris;26;2300000.0;Rechter Verteidiger;Reservebank
2584678;Paraguay;Club Libertad Asunción;Richard Ortiz;25;1000000.0;Defensives Mittelfeld;Reservebank
2584678;Paraguay;Club Libertad Asunción;Osmar Molinas;28;600000.0;Defensives Mittelfeld;Reservebank
2584678;Paraguay;Olimpia Asunción;Eduardo Aranda;30;550000.0;Zentrales Mittelfeld;Reservebank
2584678;Paraguay;Querétaro FC;Edgar Benítez;27;2000000.0;Linksaußen;Reservebank
2584678;Paraguay;FC Basel 1893;Derlis González;21;3750000.0;Linksaußen;Reservebank
2584678;Paraguay;CD Cruz Azul;Roque Santa Cruz;33;2000000.0;Mittelstürmer;Reservebank
