GameId;team;club;name;age;value;position;role
2597534;Haiti;Stade Reims;Johnny Placide;27;1000000.0;Torwart;Startaufstellung
2597534;Haiti;Charlotte Independence;Mechack Jérôme;25;50000.0;Innenverteidiger;Startaufstellung
2597534;Haiti;AP Eginiakos;Frantz Bertin;32;150000.0;Innenverteidiger;Startaufstellung
2597534;Haiti;FC Aarau;Kim Jaggy;32;250000.0;Linker Verteidiger;Startaufstellung
2597534;Haiti;Steaua Bukarest;Jean Sony Alcénat;29;1500000.0;Rechter Verteidiger;Startaufstellung
2597534;Haiti;Miedz Legnica;Kevin Lafrance;25;150000.0;Defensives Mittelfeld;Startaufstellung
2597534;Haiti;Fort Lauderdale Strikers;James Marcelin;29;125000.0;Defensives Mittelfeld;Startaufstellung
2597534;Haiti;Negeri Sembilan Matrix;Jean-Marc Alexandre;28;100000.0;Rechtes Mittelfeld;Startaufstellung
2597534;Haiti;Wisla Krakau;Wilde-Donald Guerrier;26;500000.0;Linkes Mittelfeld;Startaufstellung
2597534;Haiti;Stade Laval;Duckens Nazon;21;50000.0;Mittelstürmer;Startaufstellung
2597534;Haiti;Ermis Aradippou;Jean-Eudes Maurice;29;200000.0;Mittelstürmer;Startaufstellung
2597534;Jamaika;Pittsburgh Riverhounds;Ryan Thompson;30;100000.0;Torwart;Startaufstellung
2597534;Jamaika;FC Reading;Michael Hector;23;750000.0;Innenverteidiger;Startaufstellung
2597534;Jamaika;Leicester City;Wes Morgan;31;1500000.0;Innenverteidiger;Startaufstellung
2597534;Jamaika;New York Red Bulls;Kemar Lawrence;22;300000.0;Linker Verteidiger;Startaufstellung
2597534;Jamaika;Crystal Palace;Adrian Mariappa;28;2000000.0;Rechter Verteidiger;Startaufstellung
2597534;Jamaika;Vereinslos;Rodolph Austin;30;1500000.0;Defensives Mittelfeld;Startaufstellung
2597534;Jamaika;Leyton Orient;Jobi McAnuff;33;400000.0;Zentrales Mittelfeld;Startaufstellung
2597534;Jamaika;Yeovil Town;Joel Grant;27;250000.0;Linksaußen;Startaufstellung
2597534;Jamaika;FC Reading;Garath McCleary;28;1250000.0;Rechtsaußen;Startaufstellung
2597534;Jamaika;Derby County;Simon Dawkins;27;750000.0;Hängende Spitze;Startaufstellung
2597534;Jamaika;Houston Dynamo;Giles Barnes;26;1000000.0;Mittelstürmer;Startaufstellung
2597534;Haiti;Atlanta Silverbacks FC;Steward Ceus;28;175000.0;Torwart;Reservebank
2597534;Haiti;Valencia FC;Ronald Elusma;21;50000.0;Torwart;Reservebank
2597534;Haiti;Vereinslos;Andrew Jean-Baptiste;23;150000.0;Innenverteidiger;Reservebank
2597534;Haiti;Club Almagro de Buenos Aires;Judelín Aveska;27;350000.0;Innenverteidiger;Reservebank
2597534;Haiti;Kraze United FC;Jean-Jacques Bitiélo;24;50000.0;Linker Verteidiger;Reservebank
2597534;Haiti;Vereinslos;Réginal Goreux;27;2000000.0;Rechter Verteidiger;Reservebank
2597534;Haiti;Don Bosco FC;Jean Monuma;33;50000.0;Defensives Mittelfeld;Reservebank
2597534;Haiti;Jacksonville Armada FC;Pascal Millien;29;50000.0;Hängende Spitze;Reservebank
2597534;Haiti;Charleston Battery;Sébastien Thuriere;25;50000.0;Offensives Mittelfeld;Reservebank
2597534;Haiti;Mumbai City FC;Sony Nordé;25;100000.0;Offensives Mittelfeld;Reservebank
2597534;Haiti;Ethnikos Achnas;Kervens Belfort;23;300000.0;Linksaußen;Reservebank
2597534;Jamaika;Philadelphia Union;Andre Blake;24;200000.0;Torwart;Reservebank
2597534;Jamaika;Syrianska FC;Dwayne Miller;28;125000.0;Torwart;Reservebank
2597534;Jamaika;FIU Panthers (Florida International University);Sean McFarlane;22;50000.0;Innenverteidiger;Reservebank
2597534;Jamaika;Real Salt Lake City;Demar Phillips;31;400000.0;Linker Verteidiger;Reservebank
2597534;Jamaika;North Carolina Tar Heels (University of NC);Omar Holness;21;50000.0;Zentrales Mittelfeld;Reservebank
2597534;Jamaika;Preston North End;Chris Humphrey;27;450000.0;Rechtsaußen;Reservebank
2597534;Jamaika;FC Edmonton;Lance Laing;27;50000.0;Linkes Mittelfeld;Reservebank
2597534;Jamaika;D.C. United;Michael Seaton;19;150000.0;Mittelstürmer;Reservebank
2597534;Jamaika;;Allan Ottey;22;50000.0;Mittelstürmer;Reservebank
2597534;Jamaika;Arnett Gardens FC;Andre Clennon;25;50000.0;Offensives Mittelfeld;Reservebank
