GameId;team;club;name;age;value;position;role
2645659;Rumänien;AC Florenz;Ciprian Tatarusanu;30;5000000.0;Torwart;Startaufstellung
2645659;Rumänien;SSC Neapel;Vlad Chiriches;26;5500000.0;Innenverteidiger;Startaufstellung
2645659;Rumänien;Al Sailiya Sport Club;Dragos Grigore;29;1500000.0;Innenverteidiger;Startaufstellung
2645659;Rumänien;GNK Dinamo Zagreb;Alexandru Matel;26;1000000.0;Linker Verteidiger;Startaufstellung
2645659;Rumänien;Pandurii Targu Jiu ;Cristian Sapunaru;32;1000000.0;Rechter Verteidiger;Startaufstellung
2645659;Rumänien;Hapoel Beer Sheva;Ovidiu Hoban;33;800000.0;Defensives Mittelfeld;Startaufstellung
2645659;Rumänien;PFK Ludogorets Razgrad;Andrei Prepelita;30;1900000.0;Zentrales Mittelfeld;Startaufstellung
2645659;Rumänien;Steaua Bukarest;Nicolae Stanciu;23;3500000.0;Offensives Mittelfeld;Startaufstellung
2645659;Rumänien;Genclerbirligi Ankara;Bogdan Stancu;28;4000000.0;Linksaußen;Startaufstellung
2645659;Rumänien;Steaua Bukarest;Adrian Popa;27;2000000.0;Rechtsaußen;Startaufstellung
2645659;Rumänien;Astra Giurgiu;Denis Alibec;25;2500000.0;Mittelstürmer;Startaufstellung
2645659;Albanien;Lazio Rom;Etrit Berisha;27;4000000.0;Torwart;Startaufstellung
2645659;Albanien;1.FC Köln;Mërgim Mavraj;30;1750000.0;Innenverteidiger;Startaufstellung
2645659;Albanien;Frosinone Calcio;Arlind Ajeti;22;1500000.0;Innenverteidiger;Startaufstellung
2645659;Albanien;Qarabag Agdam;Ansi Agolli;33;300000.0;Linker Verteidiger;Startaufstellung
2645659;Albanien;SSC Neapel;Elseid Hysaj;22;12000000.0;Rechter Verteidiger;Startaufstellung
2645659;Albanien;Calcio Como;Migjen Basha;29;800000.0;Defensives Mittelfeld;Startaufstellung
2645659;Albanien;SC Freiburg;Amir Abrashi;26;2500000.0;Zentrales Mittelfeld;Startaufstellung
2645659;Albanien;Delfino Pescara 1936;Ledian Memushaj;29;2000000.0;Zentrales Mittelfeld;Startaufstellung
2645659;Albanien;PAS Giannina;Andi Lila;30;700000.0;Rechtes Mittelfeld;Startaufstellung
2645659;Albanien;FC Nantes;Ermir Lenjani;26;1250000.0;Linkes Mittelfeld;Startaufstellung
2645659;Albanien;FC Vaduz;Armando Sadiku;25;750000.0;Mittelstürmer;Startaufstellung
2645659;Rumänien;FC Watford;Costel Pantilimon;29;4500000.0;Torwart;Reservebank
2645659;Rumänien;Astra Giurgiu;Silviu Lung Jr.;27;2500000.0;Torwart;Reservebank
2645659;Rumänien;PFK Ludogorets Razgrad;Cosmin Moti;31;1250000.0;Innenverteidiger;Reservebank
2645659;Rumänien;Astra Giurgiu;Valerica Gaman;27;2200000.0;Innenverteidiger;Reservebank
2645659;Rumänien;Rayo Vallecano;Razvan Rat;35;500000.0;Linker Verteidiger;Reservebank
2645659;Rumänien;Dinamo Bukarest;Steliano Filip;22;1250000.0;Linker Verteidiger;Reservebank
2645659;Rumänien;Steaua Bukarest;Mihai Pintilii;31;1000000.0;Defensives Mittelfeld;Reservebank
2645659;Rumänien;Al-Ittihad Dschidda;Lucian Sanmartean;36;300000.0;Zentrales Mittelfeld;Reservebank
2645659;Rumänien;Osmanlispor FK;Gabriel Torje;26;4000000.0;Hängende Spitze;Reservebank
2645659;Rumänien;Steaua Bukarest;Alexandru Chipciu;27;2000000.0;Rechtsaußen;Reservebank
2645659;Rumänien;PFK Ludogorets Razgrad;Claudiu Keseru;29;4000000.0;Mittelstürmer;Reservebank
2645659;Rumänien;FC Córdoba;Florin Andone;23;2500000.0;Mittelstürmer;Reservebank
2645659;Albanien;KF Skënderbeu;Orges Shehi;38;125000.0;Torwart;Reservebank
2645659;Albanien;FK Partizani;Alban Hoxha;28;575000.0;Torwart;Reservebank
2645659;Albanien;FC Nantes;Lorik Cana;32;1000000.0;Defensives Mittelfeld;Reservebank
2645659;Albanien;FC Lugano;Frédéric Veseli;23;800000.0;Innenverteidiger;Reservebank
2645659;Albanien;FC Basel 1893;Naser Aliji;22;700000.0;Linker Verteidiger;Reservebank
2645659;Albanien;FC Basel 1893;Taulant Xhaka;25;4000000.0;Defensives Mittelfeld;Reservebank
2645659;Albanien;PAOK Thessaloniki;Ergys Kaçe;22;3000000.0;Defensives Mittelfeld;Reservebank
2645659;Albanien;Colorado Rapids;Shkëlzen Gashi;27;2750000.0;Linksaußen;Reservebank
2645659;Albanien;HNK Rijeka;Odise Roshi;25;350000.0;Linksaußen;Reservebank
2645659;Albanien;Basaksehir;Sokol Cikalleshi;25;2800000.0;Mittelstürmer;Reservebank
2645659;Albanien;HNK Rijeka;Bekim Balaj;25;2000000.0;Mittelstürmer;Reservebank
