GameId;team;club;name;age;value;position;role
2645649;England;Manchester City;Joe Hart;29;17000000.0;Torwart;Startaufstellung
2645649;England;FC Chelsea;Gary Cahill;30;16000000.0;Innenverteidiger;Startaufstellung
2645649;England;Manchester United;Chris Smalling;26;20000000.0;Innenverteidiger;Startaufstellung
2645649;England;Tottenham Hotspur;Danny Rose;25;14000000.0;Linker Verteidiger;Startaufstellung
2645649;England;Tottenham Hotspur;Kyle Walker;26;15000000.0;Rechter Verteidiger;Startaufstellung
2645649;England;Tottenham Hotspur;Eric Dier;22;18000000.0;Defensives Mittelfeld;Startaufstellung
2645649;England;Tottenham Hotspur;Dele Alli;20;20000000.0;Zentrales Mittelfeld;Startaufstellung
2645649;England;Manchester United;Wayne Rooney;30;35000000.0;Offensives Mittelfeld;Startaufstellung
2645649;England;Manchester City;Raheem Sterling;21;45000000.0;Linksaußen;Startaufstellung
2645649;England;FC Liverpool;Adam Lallana;28;19000000.0;Rechtsaußen;Startaufstellung
2645649;England;Tottenham Hotspur;Harry Kane;22;40000000.0;Mittelstürmer;Startaufstellung
2645649;Wales;Crystal Palace;Wayne Hennessey;29;3500000.0;Torwart;Startaufstellung
2645649;Wales;West Bromwich Albion;James Chester;27;5000000.0;Innenverteidiger;Startaufstellung
2645649;Wales;Swansea City;Ashley Williams;31;6500000.0;Innenverteidiger;Startaufstellung
2645649;Wales;Tottenham Hotspur;Ben Davies;23;8000000.0;Innenverteidiger;Startaufstellung
2645649;Wales;Swansea City;Neil Taylor;27;5000000.0;Linker Verteidiger;Startaufstellung
2645649;Wales;FC Reading;Chris Gunter;26;2500000.0;Rechter Verteidiger;Startaufstellung
2645649;Wales;Crystal Palace;Joe Ledley;29;3500000.0;Defensives Mittelfeld;Startaufstellung
2645649;Wales;FC Liverpool;Joe Allen;26;8000000.0;Defensives Mittelfeld;Startaufstellung
2645649;Wales;FC Arsenal;Aaron Ramsey;25;30000000.0;Offensives Mittelfeld;Startaufstellung
2645649;Wales;Real Madrid;Gareth Bale;26;80000000.0;Hängende Spitze;Startaufstellung
2645649;Wales;FC Reading;Hal Robson-Kanu;27;2000000.0;Mittelstürmer;Startaufstellung
2645649;England;FC Southampton;Fraser Forster;28;15000000.0;Torwart;Reservebank
2645649;England;FC Burnley;Tom Heaton;30;3000000.0;Torwart;Reservebank
2645649;England;FC Everton;John Stones;22;28000000.0;Innenverteidiger;Reservebank
2645649;England;FC Southampton;Ryan Bertrand;26;14000000.0;Linker Verteidiger;Reservebank
2645649;England;FC Liverpool;Nathaniel Clyne;25;21000000.0;Rechter Verteidiger;Reservebank
2645649;England;FC Arsenal;Jack Wilshere;24;23000000.0;Zentrales Mittelfeld;Reservebank
2645649;England;FC Liverpool;James Milner;30;15000000.0;Zentrales Mittelfeld;Reservebank
2645649;England;FC Liverpool;Jordan Henderson;25;28000000.0;Zentrales Mittelfeld;Reservebank
2645649;England;FC Everton;Ross Barkley;22;22000000.0;Offensives Mittelfeld;Reservebank
2645649;England;FC Liverpool;Daniel Sturridge;26;25000000.0;Rechtsaußen;Reservebank
2645649;England;Leicester City;Jamie Vardy;29;18000000.0;Mittelstürmer;Reservebank
2645649;England;Manchester United;Marcus Rashford;18;6000000.0;Linksaußen;Reservebank
2645649;Wales;Inverness Caledonian Thistle FC;Owain Fôn Williams;29;250000.0;Torwart;Reservebank
2645649;Wales;FC Liverpool;Danny Ward;22;1500000.0;Torwart;Reservebank
2645649;Wales;West Ham United;James Collins;32;2000000.0;Innenverteidiger;Reservebank
2645649;Wales;FC Fulham;Jazz Richards;25;750000.0;Rechter Verteidiger;Reservebank
2645649;Wales;Nottingham Forest;David Vaughan;33;1250000.0;Defensives Mittelfeld;Reservebank
2645649;Wales;Leicester City;Andy King;27;3500000.0;Zentrales Mittelfeld;Reservebank
2645649;Wales;Wolverhampton Wanderers;David Edwards;30;850000.0;Zentrales Mittelfeld;Reservebank
2645649;Wales;FC Fulham;George Williams;20;500000.0;Offensives Mittelfeld;Reservebank
2645649;Wales;Crystal Palace;Jonathan Williams;22;750000.0;Hängende Spitze;Reservebank
2645649;Wales;Birmingham City;David Cotterill;28;750000.0;Rechtsaußen;Reservebank
2645649;Wales;FC Burnley;Sam Vokes;26;3500000.0;Mittelstürmer;Reservebank
2645649;Wales;Milton Keynes Dons;Simon Church;27;500000.0;Mittelstürmer;Reservebank
