GameId;team;club;name;age;value;position;role
2645651;Deutschland;FC Bayern München;Manuel Neuer;30;45000000.0;Torwart;Startaufstellung
2645651;Deutschland;Borussia Dortmund;Mats Hummels;27;38000000.0;Innenverteidiger;Startaufstellung
2645651;Deutschland;FC Bayern München;Jérôme Boateng;27;40000000.0;Innenverteidiger;Startaufstellung
2645651;Deutschland;1.FC Köln;Jonas Hector;26;11000000.0;Linker Verteidiger;Startaufstellung
2645651;Deutschland;FC Schalke 04;Benedikt Höwedes;28;16000000.0;Rechter Verteidiger;Startaufstellung
2645651;Deutschland;Real Madrid;Toni Kroos;26;50000000.0;Defensives Mittelfeld;Startaufstellung
2645651;Deutschland;Juventus Turin;Sami Khedira;29;20000000.0;Defensives Mittelfeld;Startaufstellung
2645651;Deutschland;FC Arsenal;Mesut Özil;27;50000000.0;Offensives Mittelfeld;Startaufstellung
2645651;Deutschland;VfL Wolfsburg;Julian Draxler;22;24000000.0;Linksaußen;Startaufstellung
2645651;Deutschland;FC Bayern München;Thomas Müller;26;75000000.0;Rechtsaußen;Startaufstellung
2645651;Deutschland;FC Bayern München;Mario Götze;24;35000000.0;Mittelstürmer;Startaufstellung
2645651;Polen;Swansea City;Lukasz Fabianski;31;7000000.0;Torwart;Startaufstellung
2645651;Polen;Legia Warschau;Michal Pazdan;28;1700000.0;Innenverteidiger;Startaufstellung
2645651;Polen;FC Turin;Kamil Glik;28;10000000.0;Innenverteidiger;Startaufstellung
2645651;Polen;Legia Warschau;Artur Jedrzejczyk;28;2700000.0;Linker Verteidiger;Startaufstellung
2645651;Polen;Borussia Dortmund;Lukasz Piszczek;31;6000000.0;Rechter Verteidiger;Startaufstellung
2645651;Polen;FC Sevilla;Grzegorz Krychowiak;26;30000000.0;Defensives Mittelfeld;Startaufstellung
2645651;Polen;Wisla Krakau;Krzysztof Maczynski;29;1000000.0;Defensives Mittelfeld;Startaufstellung
2645651;Polen;FC Stade Rennes;Kamil Grosicki;28;4500000.0;Linksaußen;Startaufstellung
2645651;Polen;AC Florenz;Jakub Blaszczykowski;30;7000000.0;Rechtsaußen;Startaufstellung
2645651;Polen;Ajax Amsterdam;Arkadiusz Milik;22;10000000.0;Hängende Spitze;Startaufstellung
2645651;Polen;FC Bayern München;Robert Lewandowski;27;75000000.0;Mittelstürmer;Startaufstellung
2645651;Deutschland;Bayer 04 Leverkusen;Bernd Leno;24;16000000.0;Torwart;Reservebank
2645651;Deutschland;FC Barcelona;Marc-André ter Stegen;24;15000000.0;Torwart;Reservebank
2645651;Deutschland;FC Valencia;Shkodran Mustafi;24;20000000.0;Innenverteidiger;Reservebank
2645651;Deutschland;Bayer 04 Leverkusen;Jonathan Tah;20;12000000.0;Innenverteidiger;Reservebank
2645651;Deutschland;FC Bayern München;Joshua Kimmich;21;13000000.0;Rechter Verteidiger;Reservebank
2645651;Deutschland;FC Liverpool;Emre Can;22;18000000.0;Defensives Mittelfeld;Reservebank
2645651;Deutschland;Borussia Dortmund;Julian Weigl;20;14000000.0;Defensives Mittelfeld;Reservebank
2645651;Deutschland;Manchester United;Bastian Schweinsteiger;31;12000000.0;Zentrales Mittelfeld;Reservebank
2645651;Deutschland;FC Schalke 04;Leroy Sané;20;18000000.0;Linksaußen;Reservebank
2645651;Deutschland;VfL Wolfsburg;André Schürrle;25;18000000.0;Linksaußen;Reservebank
2645651;Deutschland;Galatasaray Istanbul;Lukas Podolski;31;8000000.0;Mittelstürmer;Reservebank
2645651;Deutschland;Besiktas Istanbul;Mario Gómez;30;12000000.0;Mittelstürmer;Reservebank
2645651;Polen;AS Rom;Wojciech Szczesny;26;12000000.0;Torwart;Reservebank
2645651;Polen;AFC Bournemouth;Artur Boruc;36;1000000.0;Torwart;Reservebank
2645651;Polen;US Palermo;Thiago Cionek;30;900000.0;Innenverteidiger;Reservebank
2645651;Polen;Cagliari Calcio;Bartosz Salamon;25;2200000.0;Innenverteidiger;Reservebank
2645651;Polen;Lechia Gdansk;Jakub Wawrzyniak;32;350000.0;Linker Verteidiger;Reservebank
2645651;Polen;Legia Warschau;Tomasz Jodlowiec;30;1500000.0;Defensives Mittelfeld;Reservebank
2645651;Polen;FC Empoli;Piotr Zielinski;22;12000000.0;Zentrales Mittelfeld;Reservebank
2645651;Polen;Lech Posen;Karol Linetty;21;3200000.0;Zentrales Mittelfeld;Reservebank
2645651;Polen;Cracovia Krakau;Bartosz Kapustka;19;2500000.0;Rechtsaußen;Reservebank
2645651;Polen;Zaglebie Lubin;Filip Starzynski;25;1000000.0;Offensives Mittelfeld;Reservebank
2645651;Polen;Lechia Gdansk;Slawomir Peszko;31;400000.0;Linksaußen;Reservebank
2645651;Polen;Ruch Chorzow;Mariusz Stepinski;21;1500000.0;Mittelstürmer;Reservebank
