GameId;team;club;name;age;value;position;role
2645655;Belgien;FC Chelsea;Thibaut Courtois;24;35000000.0;Torwart;Startaufstellung
2645655;Belgien;FC Barcelona;Thomas Vermaelen;30;3000000.0;Innenverteidiger;Startaufstellung
2645655;Belgien;Tottenham Hotspur;Toby Alderweireld;27;27000000.0;Innenverteidiger;Startaufstellung
2645655;Belgien;Tottenham Hotspur;Jan Vertonghen;29;23000000.0;Linker Verteidiger;Startaufstellung
2645655;Belgien;FC Brügge;Thomas Meunier;24;6000000.0;Rechter Verteidiger;Startaufstellung
2645655;Belgien;Zenit St. Petersburg;Axel Witsel;27;23000000.0;Defensives Mittelfeld;Startaufstellung
2645655;Belgien;Tottenham Hotspur;Mousa Dembélé;28;18000000.0;Zentrales Mittelfeld;Startaufstellung
2645655;Belgien;Manchester City;Kevin De Bruyne;24;60000000.0;Offensives Mittelfeld;Startaufstellung
2645655;Belgien;FC Chelsea;Eden Hazard;25;65000000.0;Linksaußen;Startaufstellung
2645655;Belgien;Atlético Madrid;Yannick Carrasco;22;25000000.0;Rechtsaußen;Startaufstellung
2645655;Belgien;FC Everton;Romelu Lukaku;23;40000000.0;Mittelstürmer;Startaufstellung
2645655;Irland;West Ham United;Darren Randolph;29;1000000.0;Torwart;Startaufstellung
2645655;Irland;Aston Villa;Ciaran Clark;26;4500000.0;Innenverteidiger;Startaufstellung
2645655;Irland;AFC Sunderland;John O'Shea;35;1000000.0;Innenverteidiger;Startaufstellung
2645655;Irland;FC Burnley;Stephen Ward;30;1000000.0;Linker Verteidiger;Startaufstellung
2645655;Irland;FC Everton;Seamus Coleman;27;17000000.0;Rechter Verteidiger;Startaufstellung
2645655;Irland;Stoke City;Glenn Whelan;32;3000000.0;Defensives Mittelfeld;Startaufstellung
2645655;Irland;FC Everton;James McCarthy;25;17000000.0;Zentrales Mittelfeld;Startaufstellung
2645655;Irland;Derby County;Jeff Hendrick;24;1500000.0;Rechtes Mittelfeld;Startaufstellung
2645655;Irland;Norwich City;Robbie Brady;24;6000000.0;Linkes Mittelfeld;Startaufstellung
2645655;Irland;Norwich City;Wesley Hoolahan;34;2000000.0;Offensives Mittelfeld;Startaufstellung
2645655;Irland;FC Southampton;Shane Long;29;10000000.0;Mittelstürmer;Startaufstellung
2645655;Belgien;FC Liverpool;Simon Mignolet;28;12000000.0;Torwart;Reservebank
2645655;Belgien;KV Mechelen;Jean-François Gillet;37;500000.0;Torwart;Reservebank
2645655;Belgien;Galatasaray Istanbul;Jason Denayer;20;4000000.0;Innenverteidiger;Reservebank
2645655;Belgien;KRC Genk;Christian Kabasele;25;6000000.0;Innenverteidiger;Reservebank
2645655;Belgien;Montreal Impact;Laurent Ciman;30;2500000.0;Innenverteidiger;Reservebank
2645655;Belgien;KV Oostende;Jordan Lukaku;21;4000000.0;Linker Verteidiger;Reservebank
2645655;Belgien;AS Rom;Radja Nainggolan;28;30000000.0;Zentrales Mittelfeld;Reservebank
2645655;Belgien;Manchester United;Marouane Fellaini;28;15000000.0;Zentrales Mittelfeld;Reservebank
2645655;Belgien;SSC Neapel;Dries Mertens;29;16000000.0;Linksaußen;Reservebank
2645655;Belgien;FC Liverpool;Divock Origi;21;11000000.0;Mittelstürmer;Reservebank
2645655;Belgien;FC Liverpool;Christian Benteke;25;27000000.0;Mittelstürmer;Reservebank
2645655;Belgien;Olympique Marseille;Michy Batshuayi;22;15000000.0;Mittelstürmer;Reservebank
2645655;Irland;Sheffield Wednesday;Keiren Westwood;31;1500000.0;Torwart;Reservebank
2645655;Irland;Stoke City;Shay Given;40;500000.0;Torwart;Reservebank
2645655;Irland;Derby County;Richard Keogh;29;1800000.0;Innenverteidiger;Reservebank
2645655;Irland;Blackburn Rovers;Shane Duffy;24;1500000.0;Innenverteidiger;Reservebank
2645655;Irland;Derby County;Cyrus Christie;23;1000000.0;Rechter Verteidiger;Reservebank
2645655;Irland;FC Reading;Stephen Quinn;30;1500000.0;Zentrales Mittelfeld;Reservebank
2645655;Irland;Hull City;David Meyler;27;2500000.0;Zentrales Mittelfeld;Reservebank
2645655;Irland;West Bromwich Albion;James McClean;27;3000000.0;Linksaußen;Reservebank
2645655;Irland;FC Everton;Aiden McGeady;30;4500000.0;Rechtsaußen;Reservebank
2645655;Irland;Stoke City;Jonathan Walters;32;3500000.0;Rechtsaußen;Reservebank
2645655;Irland;Ipswich Town;Daryl Murphy;33;1000000.0;Mittelstürmer;Reservebank
2645655;Irland;Los Angeles Galaxy;Robbie Keane;35;1000000.0;Mittelstürmer;Reservebank
