GameId;team;club;name;age;value;position;role
2645646;Frankreich;Tottenham Hotspur;Hugo Lloris;29;24000000.0;Torwart;Startaufstellung
2645646;Frankreich;FC Sevilla;Adil Rami;30;7000000.0;Innenverteidiger;Startaufstellung
2645646;Frankreich;FC Arsenal;Laurent Koscielny;30;22000000.0;Innenverteidiger;Startaufstellung
2645646;Frankreich;Juventus Turin;Patrice Evra;35;1000000.0;Linker Verteidiger;Startaufstellung
2645646;Frankreich;Manchester City;Bacary Sagna;33;7000000.0;Rechter Verteidiger;Startaufstellung
2645646;Frankreich;Leicester City;N'Golo Kanté;25;20000000.0;Defensives Mittelfeld;Startaufstellung
2645646;Frankreich;FC Paris Saint-Germain;Blaise Matuidi;29;30000000.0;Defensives Mittelfeld;Startaufstellung
2645646;Frankreich;West Ham United;Dimitri Payet;29;23000000.0;Offensives Mittelfeld;Startaufstellung
2645646;Frankreich;Manchester United;Anthony Martial;20;32000000.0;Linksaußen;Startaufstellung
2645646;Frankreich;FC Bayern München;Kingsley Coman;20;17000000.0;Rechtsaußen;Startaufstellung
2645646;Frankreich;FC Arsenal;Olivier Giroud;29;25000000.0;Mittelstürmer;Startaufstellung
2645646;Albanien;Lazio Rom;Etrit Berisha;27;4000000.0;Torwart;Startaufstellung
2645646;Albanien;1.FC Köln;Mërgim Mavraj;30;1750000.0;Innenverteidiger;Startaufstellung
2645646;Albanien;Frosinone Calcio;Arlind Ajeti;22;1500000.0;Innenverteidiger;Startaufstellung
2645646;Albanien;Qarabag Agdam;Ansi Agolli;33;300000.0;Linker Verteidiger;Startaufstellung
2645646;Albanien;SSC Neapel;Elseid Hysaj;22;12000000.0;Rechter Verteidiger;Startaufstellung
2645646;Albanien;FC Zürich;Burim Kukeli;32;500000.0;Defensives Mittelfeld;Startaufstellung
2645646;Albanien;SC Freiburg;Amir Abrashi;26;2500000.0;Zentrales Mittelfeld;Startaufstellung
2645646;Albanien;Delfino Pescara 1936;Ledian Memushaj;29;2000000.0;Zentrales Mittelfeld;Startaufstellung
2645646;Albanien;PAS Giannina;Andi Lila;30;700000.0;Rechtes Mittelfeld;Startaufstellung
2645646;Albanien;FC Nantes;Ermir Lenjani;26;1250000.0;Linkes Mittelfeld;Startaufstellung
2645646;Albanien;FC Vaduz;Armando Sadiku;25;750000.0;Mittelstürmer;Startaufstellung
2645646;Frankreich;Olympique Marseille;Steve Mandanda;31;10000000.0;Torwart;Reservebank
2645646;Frankreich;FC Stade Rennes;Benoît Costil;28;8000000.0;Torwart;Reservebank
2645646;Frankreich;Manchester City;Eliaquim Mangala;25;23000000.0;Innenverteidiger;Reservebank
2645646;Frankreich;Olympique Lyon;Samuel Umtiti;22;15000000.0;Innenverteidiger;Reservebank
2645646;Frankreich;AS Rom;Lucas Digne;22;12000000.0;Linker Verteidiger;Reservebank
2645646;Frankreich;Olympique Lyon;Christophe Jallet;32;2000000.0;Rechter Verteidiger;Reservebank
2645646;Frankreich;Manchester United;Morgan Schneiderlin;26;30000000.0;Defensives Mittelfeld;Reservebank
2645646;Frankreich;Juventus Turin;Paul Pogba;23;70000000.0;Zentrales Mittelfeld;Reservebank
2645646;Frankreich;Crystal Palace;Yohan Cabaye;30;18000000.0;Zentrales Mittelfeld;Reservebank
2645646;Frankreich;Newcastle United;Moussa Sissoko;26;13000000.0;Zentrales Mittelfeld;Reservebank
2645646;Frankreich;Atlético Madrid;Antoine Griezmann;25;70000000.0;Rechtsaußen;Reservebank
2645646;Frankreich;Tigres UANL;André-Pierre Gignac;30;8000000.0;Mittelstürmer;Reservebank
2645646;Albanien;KF Skënderbeu;Orges Shehi;38;125000.0;Torwart;Reservebank
2645646;Albanien;FK Partizani;Alban Hoxha;28;575000.0;Torwart;Reservebank
2645646;Albanien;FC Lugano;Frédéric Veseli;23;800000.0;Innenverteidiger;Reservebank
2645646;Albanien;FC Basel 1893;Naser Aliji;22;700000.0;Linker Verteidiger;Reservebank
2645646;Albanien;Calcio Como;Migjen Basha;29;800000.0;Defensives Mittelfeld;Reservebank
2645646;Albanien;FC Basel 1893;Taulant Xhaka;25;4000000.0;Defensives Mittelfeld;Reservebank
2645646;Albanien;PAOK Thessaloniki;Ergys Kaçe;22;3000000.0;Defensives Mittelfeld;Reservebank
2645646;Albanien;Colorado Rapids;Shkëlzen Gashi;27;2750000.0;Linksaußen;Reservebank
2645646;Albanien;HNK Rijeka;Odise Roshi;25;350000.0;Rechtsaußen;Reservebank
2645646;Albanien;Basaksehir;Sokol Cikalleshi;25;2800000.0;Mittelstürmer;Reservebank
2645646;Albanien;HNK Rijeka;Bekim Balaj;25;2000000.0;Mittelstürmer;Reservebank
