GameId;team;club;name;age;value;position;role
2645654;Italien;Juventus Turin;Gianluigi Buffon;38;2000000.0;Torwart;Startaufstellung
2645654;Italien;Juventus Turin;Giorgio Chiellini;31;13000000.0;Innenverteidiger;Startaufstellung
2645654;Italien;Juventus Turin;Andrea Barzagli;35;2000000.0;Innenverteidiger;Startaufstellung
2645654;Italien;Juventus Turin;Leonardo Bonucci;29;30000000.0;Innenverteidiger;Startaufstellung
2645654;Italien;AS Rom;Daniele De Rossi;32;5000000.0;Defensives Mittelfeld;Startaufstellung
2645654;Italien;Lazio Rom;Marco Parolo;31;6500000.0;Zentrales Mittelfeld;Startaufstellung
2645654;Italien;FC Bologna;Emanuele Giaccherini;31;4000000.0;Zentrales Mittelfeld;Startaufstellung
2645654;Italien;Lazio Rom;Antonio Candreva;29;23000000.0;Rechtes Mittelfeld;Startaufstellung
2645654;Italien;AS Rom;Alessandro Florenzi;25;20000000.0;Linkes Mittelfeld;Startaufstellung
2645654;Italien;Inter Mailand;Éder;29;12000000.0;Mittelstürmer;Startaufstellung
2645654;Italien;FC Southampton;Graziano Pellè;30;11000000.0;Mittelstürmer;Startaufstellung
2645654;Schweden;Kasimpasa;Andreas Isaksson;34;1000000.0;Torwart;Startaufstellung
2645654;Schweden;FC Kopenhagen;Erik Johansson;27;1500000.0;Innenverteidiger;Startaufstellung
2645654;Schweden;FK Krasnodar;Andreas Granqvist;31;7000000.0;Innenverteidiger;Startaufstellung
2645654;Schweden;Norwich City;Martin Olsson;28;3500000.0;Linker Verteidiger;Startaufstellung
2645654;Schweden;Benfica Lissabon;Victor Lindelöf;21;8000000.0;Rechter Verteidiger;Startaufstellung
2645654;Schweden;Grasshopper Club Zürich;Kim Källström;33;1500000.0;Zentrales Mittelfeld;Startaufstellung
2645654;Schweden;Hamburger SV;Albin Ekdal;26;4500000.0;Zentrales Mittelfeld;Startaufstellung
2645654;Schweden;AFC Sunderland;Sebastian Larsson;31;2500000.0;Rechtes Mittelfeld;Startaufstellung
2645654;Schweden;RasenBallsport Leipzig;Emil Forsberg;24;5000000.0;Linkes Mittelfeld;Startaufstellung
2645654;Schweden;FC Paris Saint-Germain;Zlatan Ibrahimovic;34;15000000.0;Mittelstürmer;Startaufstellung
2645654;Schweden;Celta Vigo;John Guidetti;24;5000000.0;Mittelstürmer;Startaufstellung
2645654;Italien;Lazio Rom;Federico Marchetti;33;4000000.0;Torwart;Reservebank
2645654;Italien;FC Paris Saint-Germain;Salvatore Sirigu;29;8000000.0;Torwart;Reservebank
2645654;Italien;West Ham United;Angelo Ogbonna;28;9000000.0;Innenverteidiger;Reservebank
2645654;Italien;AC Mailand;Mattia De Sciglio;23;5000000.0;Rechter Verteidiger;Reservebank
2645654;Italien;Manchester United;Matteo Darmian;26;15000000.0;Rechter Verteidiger;Reservebank
2645654;Italien;FC Paris Saint-Germain;Thiago Motta;33;3000000.0;Defensives Mittelfeld;Reservebank
2645654;Italien;Juventus Turin;Stefano Sturaro;23;11000000.0;Zentrales Mittelfeld;Reservebank
2645654;Italien;SSC Neapel;Lorenzo Insigne;25;25000000.0;Linksaußen;Reservebank
2645654;Italien;AS Rom;Stephan El Shaarawy;23;17000000.0;Linksaußen;Reservebank
2645654;Italien;AC Florenz;Federico Bernardeschi;22;16000000.0;Rechtsaußen;Reservebank
2645654;Italien;Juventus Turin;Simone Zaza;24;12000000.0;Mittelstürmer;Reservebank
2645654;Italien;FC Turin;Ciro Immobile;26;10000000.0;Mittelstürmer;Reservebank
2645654;Schweden;FC Kopenhagen;Robin Olsen;26;1500000.0;Torwart;Reservebank
2645654;Schweden;AIK Solna;Patrik Carlgren;24;1000000.0;Torwart;Reservebank
2645654;Schweden;FC Turin;Pontus Jansson;25;1300000.0;Innenverteidiger;Reservebank
2645654;Schweden;FC Kopenhagen;Ludwig Augustinsson;22;3500000.0;Linker Verteidiger;Reservebank
2645654;Schweden;Celtic Glasgow;Mikael Lustig;29;3500000.0;Rechter Verteidiger;Reservebank
2645654;Schweden;Malmö FF;Oscar Lewicki;23;1700000.0;Zentrales Mittelfeld;Reservebank
2645654;Schweden;ZSKA Moskau;Pontus Wernbloom;29;10000000.0;Defensives Mittelfeld;Reservebank
2645654;Schweden;US Palermo;Oscar Hiljemark;23;4000000.0;Zentrales Mittelfeld;Reservebank
2645654;Schweden;Trabzonspor;Erkan Zengin;30;2600000.0;Linkes Mittelfeld;Reservebank
2645654;Schweden;Olympiakos Piräus;Jimmy Durmaz;27;3750000.0;Linksaußen;Reservebank
2645654;Schweden;IFK Norrköping;Emir Kujovic;27;1500000.0;Mittelstürmer;Reservebank
2645654;Schweden;Panathinaikos Athen;Marcus Berg;29;5000000.0;Mittelstürmer;Reservebank
