GameId;team;club;name;age;value;position;role
2645647;Rumänien;AC Florenz;Ciprian Tatarusanu;30;5000000.0;Torwart;Startaufstellung
2645647;Rumänien;SSC Neapel;Vlad Chiriches;26;5500000.0;Innenverteidiger;Startaufstellung
2645647;Rumänien;Al Sailiya Sport Club;Dragos Grigore;29;1500000.0;Innenverteidiger;Startaufstellung
2645647;Rumänien;Rayo Vallecano;Razvan Rat;35;500000.0;Linker Verteidiger;Startaufstellung
2645647;Rumänien;Pandurii Targu Jiu ;Cristian Sapunaru;32;1000000.0;Rechter Verteidiger;Startaufstellung
2645647;Rumänien;Steaua Bukarest;Mihai Pintilii;31;1000000.0;Defensives Mittelfeld;Startaufstellung
2645647;Rumänien;PFK Ludogorets Razgrad;Andrei Prepelita;30;1900000.0;Zentrales Mittelfeld;Startaufstellung
2645647;Rumänien;Steaua Bukarest;Alexandru Chipciu;27;2000000.0;Linksaußen;Startaufstellung
2645647;Rumänien;Osmanlispor FK;Gabriel Torje;26;4000000.0;Rechtsaußen;Startaufstellung
2645647;Rumänien;Genclerbirligi Ankara;Bogdan Stancu;28;4000000.0;Hängende Spitze;Startaufstellung
2645647;Rumänien;PFK Ludogorets Razgrad;Claudiu Keseru;29;4000000.0;Mittelstürmer;Startaufstellung
2645647;Schweiz;Borussia Mönchengladbach;Yann Sommer;27;10000000.0;Torwart;Startaufstellung
2645647;Schweiz;Hamburger SV;Johan Djourou;29;3500000.0;Innenverteidiger;Startaufstellung
2645647;Schweiz;TSG 1899 Hoffenheim;Fabian Schär;24;4000000.0;Innenverteidiger;Startaufstellung
2645647;Schweiz;VfL Wolfsburg;Ricardo Rodríguez;23;25000000.0;Linker Verteidiger;Startaufstellung
2645647;Schweiz;Juventus Turin;Stephan Lichtsteiner;32;6000000.0;Rechter Verteidiger;Startaufstellung
2645647;Schweiz;Borussia Mönchengladbach;Granit Xhaka;23;35000000.0;Defensives Mittelfeld;Startaufstellung
2645647;Schweiz;FC Watford;Valon Behrami;31;2500000.0;Defensives Mittelfeld;Startaufstellung
2645647;Schweiz;FC Genua 1893;Blerim Dzemaili;30;3500000.0;Offensives Mittelfeld;Startaufstellung
2645647;Schweiz;Bayer 04 Leverkusen;Admir Mehmedi;25;5000000.0;Linksaußen;Startaufstellung
2645647;Schweiz;Stoke City;Xherdan Shaqiri;24;15000000.0;Rechtsaußen;Startaufstellung
2645647;Schweiz;Eintracht Frankfurt;Haris Seferovic;24;5500000.0;Mittelstürmer;Startaufstellung
2645647;Rumänien;FC Watford;Costel Pantilimon;29;4500000.0;Torwart;Reservebank
2645647;Rumänien;Astra Giurgiu;Silviu Lung Jr.;27;2500000.0;Torwart;Reservebank
2645647;Rumänien;PFK Ludogorets Razgrad;Cosmin Moti;31;1250000.0;Innenverteidiger;Reservebank
2645647;Rumänien;Astra Giurgiu;Valerica Gaman;27;2200000.0;Innenverteidiger;Reservebank
2645647;Rumänien;Dinamo Bukarest;Steliano Filip;22;1250000.0;Linker Verteidiger;Reservebank
2645647;Rumänien;GNK Dinamo Zagreb;Alexandru Matel;26;1000000.0;Rechter Verteidiger;Reservebank
2645647;Rumänien;Hapoel Beer Sheva;Ovidiu Hoban;33;800000.0;Defensives Mittelfeld;Reservebank
2645647;Rumänien;Al-Ittihad Dschidda;Lucian Sanmartean;36;300000.0;Zentrales Mittelfeld;Reservebank
2645647;Rumänien;Steaua Bukarest;Nicolae Stanciu;23;3500000.0;Offensives Mittelfeld;Reservebank
2645647;Rumänien;Steaua Bukarest;Adrian Popa;27;2000000.0;Rechtsaußen;Reservebank
2645647;Rumänien;Astra Giurgiu;Denis Alibec;25;2500000.0;Mittelstürmer;Reservebank
2645647;Rumänien;FC Córdoba;Florin Andone;23;2500000.0;Mittelstürmer;Reservebank
2645647;Schweiz;FC Augsburg;Marwin Hitz;28;4500000.0;Torwart;Reservebank
2645647;Schweiz;Borussia Dortmund;Roman Bürki;25;6000000.0;Torwart;Reservebank
2645647;Schweiz;BSC Young Boys;Steve von Bergen;33;1000000.0;Innenverteidiger;Reservebank
2645647;Schweiz;FC Toulouse;François Moubandje;25;1500000.0;Linker Verteidiger;Reservebank
2645647;Schweiz;Borussia Mönchengladbach;Nico Elvedi;19;4000000.0;Rechter Verteidiger;Reservebank
2645647;Schweiz;FC Basel 1893;Michael Lang;25;4250000.0;Rechter Verteidiger;Reservebank
2645647;Schweiz;BSC Young Boys;Denis Zakaria;19;4000000.0;Defensives Mittelfeld;Reservebank
2645647;Schweiz;FC Stade Rennes;Gelson Fernandes;29;3000000.0;Defensives Mittelfeld;Reservebank
2645647;Schweiz;1.FSV Mainz 05;Fabian Frei;27;3000000.0;Zentrales Mittelfeld;Reservebank
2645647;Schweiz;Grasshopper Club Zürich;Shani Tarashaj;21;4000000.0;Hängende Spitze;Reservebank
2645647;Schweiz;FC Basel 1893;Breel Embolo;19;20000000.0;Mittelstürmer;Reservebank
2645647;Schweiz;Kasimpasa;Eren Derdiyok;28;4600000.0;Mittelstürmer;Reservebank
