GameId;team;club;name;age;value;position;role
2645657;Portugal;Sporting Lissabon;Rui Patrício;28;14000000.0;Torwart;Startaufstellung
2645657;Portugal;Real Madrid;Pepe;33;6000000.0;Innenverteidiger;Startaufstellung
2645657;Portugal;AS Monaco;Ricardo Carvalho;38;500000.0;Innenverteidiger;Startaufstellung
2645657;Portugal;FC Lorient;Raphaël Guerreiro;22;9000000.0;Linker Verteidiger;Startaufstellung
2645657;Portugal;VfL Wolfsburg;Vieirinha;30;7000000.0;Rechter Verteidiger;Startaufstellung
2645657;Portugal;Sporting Lissabon;William Carvalho;24;26000000.0;Defensives Mittelfeld;Startaufstellung
2645657;Portugal;AS Monaco;João Moutinho;29;18000000.0;Rechtes Mittelfeld;Startaufstellung
2645657;Portugal;FC Valencia;André Gomes;22;20000000.0;Linkes Mittelfeld;Startaufstellung
2645657;Portugal;Fenerbahce Istanbul;Nani;29;14500000.0;Offensives Mittelfeld;Startaufstellung
2645657;Portugal;Besiktas Istanbul;Ricardo Quaresma;32;4000000.0;Hängende Spitze;Startaufstellung
2645657;Portugal;Real Madrid;Cristiano Ronaldo;31;110000000.0;Mittelstürmer;Startaufstellung
2645657;Österreich;FK Austria Wien;Robert Almer;32;1000000.0;Torwart;Startaufstellung
2645657;Österreich;Borussia Mönchengladbach;Martin Hinteregger;23;6000000.0;Innenverteidiger;Startaufstellung
2645657;Österreich;FC Watford;Sebastian Prödl;28;4000000.0;Innenverteidiger;Startaufstellung
2645657;Österreich;Leicester City;Christian Fuchs;30;6000000.0;Linker Verteidiger;Startaufstellung
2645657;Österreich;VfB Stuttgart;Florian Klein;29;1500000.0;Rechter Verteidiger;Startaufstellung
2645657;Österreich;RasenBallsport Leipzig;Stefan Ilsanker;27;2000000.0;Defensives Mittelfeld;Startaufstellung
2645657;Österreich;1.FSV Mainz 05;Julian Baumgartlinger;28;6000000.0;Defensives Mittelfeld;Startaufstellung
2645657;Österreich;FC Bayern München;David Alaba;23;45000000.0;Offensives Mittelfeld;Startaufstellung
2645657;Österreich;Stoke City;Marko Arnautovic;27;10000000.0;Linksaußen;Startaufstellung
2645657;Österreich;RasenBallsport Leipzig;Marcel Sabitzer;22;4000000.0;Rechtsaußen;Startaufstellung
2645657;Österreich;VfB Stuttgart;Martin Harnik;29;2500000.0;Mittelstürmer;Startaufstellung
2645657;Portugal;Olympique Lyon;Anthony Lopes;25;13000000.0;Torwart;Reservebank
2645657;Portugal;GNK Dinamo Zagreb;Eduardo;33;1500000.0;Torwart;Reservebank
2645657;Portugal;Fenerbahce Istanbul;Bruno Alves;34;2000000.0;Innenverteidiger;Reservebank
2645657;Portugal;FC Southampton;José Fonte;32;5000000.0;Innenverteidiger;Reservebank
2645657;Portugal;Benfica Lissabon;Eliseu;32;2000000.0;Linker Verteidiger;Reservebank
2645657;Portugal;FC Southampton;Cédric Soares;24;11000000.0;Rechter Verteidiger;Reservebank
2645657;Portugal;FC Porto;Danilo Pereira;24;12000000.0;Defensives Mittelfeld;Reservebank
2645657;Portugal;Sporting Lissabon;João Mário;23;20000000.0;Rechtes Mittelfeld;Reservebank
2645657;Portugal;Benfica Lissabon;Renato Sanches;18;20000000.0;Zentrales Mittelfeld;Reservebank
2645657;Portugal;Sporting Lissabon;Adrien Silva;27;18000000.0;Zentrales Mittelfeld;Reservebank
2645657;Portugal;SC Braga;Rafa Silva;23;15000000.0;Linksaußen;Reservebank
2645657;Portugal;LOSC Lille;Éder;28;5000000.0;Mittelstürmer;Reservebank
2645657;Österreich;FC Ingolstadt 04;Ramazan Özcan;31;1250000.0;Torwart;Reservebank
2645657;Österreich;Eintracht Frankfurt;Heinz Lindner;25;1000000.0;Torwart;Reservebank
2645657;Österreich;Tottenham Hotspur;Kevin Wimmer;23;7000000.0;Innenverteidiger;Reservebank
2645657;Österreich;FC Ingolstadt 04;Markus Suttner;29;1500000.0;Linker Verteidiger;Reservebank
2645657;Österreich;SV Darmstadt 98;György Garics;32;750000.0;Rechter Verteidiger;Reservebank
2645657;Österreich;FC Schalke 04;Alessandro Schöpf;22;5000000.0;Offensives Mittelfeld;Reservebank
2645657;Österreich;FC Luzern;Jakob Jantscher;27;1500000.0;Linkes Mittelfeld;Reservebank
2645657;Österreich;FC Basel 1893;Marc Janko;32;1750000.0;Mittelstürmer;Reservebank
2645657;Österreich;TSV 1860 München;Rubin Okotie;29;1200000.0;Mittelstürmer;Reservebank
2645657;Österreich;FC Ingolstadt 04;Lukas Hinterseer;25;2000000.0;Rechtsaußen;Reservebank
