GameId;team;club;name;age;value;position;role
2645665;Tschechien;FC Arsenal;Petr Cech;34;12000000.0;Torwart;Startaufstellung
2645665;Tschechien;FC Viktoria Pilsen;Roman Hubník;32;400000.0;Innenverteidiger;Startaufstellung
2645665;Tschechien;Bursaspor;Tomás Sivok;32;2000000.0;Innenverteidiger;Startaufstellung
2645665;Tschechien;FC Watford;Daniel Pudil;30;1500000.0;Linker Verteidiger;Startaufstellung
2645665;Tschechien;TSG 1899 Hoffenheim;Pavel Kaderábek;24;3500000.0;Rechter Verteidiger;Startaufstellung
2645665;Tschechien;Kasimpasa;David Pavelka;25;1500000.0;Defensives Mittelfeld;Startaufstellung
2645665;Tschechien;FC Girondins Bordeaux;Jaroslav Plasil;34;1000000.0;Zentrales Mittelfeld;Startaufstellung
2645665;Tschechien;Hertha BSC;Vladimír Darida;25;10000000.0;Offensives Mittelfeld;Startaufstellung
2645665;Tschechien;AC Sparta Prag;Ladislav Krejcí;23;4000000.0;Linksaußen;Startaufstellung
2645665;Tschechien;AC Sparta Prag;Borek Dockal;27;3000000.0;Rechtsaußen;Startaufstellung
2645665;Tschechien;Bursaspor;Tomas Necid;26;4500000.0;Mittelstürmer;Startaufstellung
2645665;Türkei;Basaksehir;Volkan Babacan;27;8000000.0;Torwart;Startaufstellung
2645665;Türkei;Galatasaray Istanbul;Hakan Balta;33;1000000.0;Innenverteidiger;Startaufstellung
2645665;Türkei;Fenerbahce Istanbul;Mehmet Topal;30;10000000.0;Innenverteidiger;Startaufstellung
2645665;Türkei;Besiktas Istanbul;Ismail Köybasi;26;5000000.0;Linker Verteidiger;Startaufstellung
2645665;Türkei;Fenerbahce Istanbul;Gökhan Gönül;31;6000000.0;Rechter Verteidiger;Startaufstellung
2645665;Türkei;Galatasaray Istanbul;Selcuk Inan;31;6000000.0;Defensives Mittelfeld;Startaufstellung
2645665;Türkei;Fenerbahce Istanbul;Ozan Tufan;21;7000000.0;Zentrales Mittelfeld;Startaufstellung
2645665;Türkei;FC Barcelona;Arda Turan;29;30000000.0;Offensives Mittelfeld;Startaufstellung
2645665;Türkei;Fenerbahce Istanbul;Volkan Sen;28;7500000.0;Linksaußen;Startaufstellung
2645665;Türkei;FC Nordsjaelland;Emre Mor;18;1000000.0;Rechtsaußen;Startaufstellung
2645665;Türkei;Beijing Guoan;Burak Yilmaz;30;5000000.0;Mittelstürmer;Startaufstellung
2645665;Tschechien;FC Basel 1893;Tomás Vaclík;27;4000000.0;Torwart;Reservebank
2645665;Tschechien;FC Slovan Liberec;Tomas Koubek;23;1000000.0;Torwart;Reservebank
2645665;Tschechien;Fenerbahce Istanbul;Michal Kadlec;31;1400000.0;Innenverteidiger;Reservebank
2645665;Tschechien;FC Basel 1893;Marek Suchy;28;4500000.0;Innenverteidiger;Reservebank
2645665;Tschechien;FC Viktoria Pilsen;David Limbersky;32;1250000.0;Linker Verteidiger;Reservebank
2645665;Tschechien;SV Werder Bremen;Theodor Gebre Selassie;29;2750000.0;Rechter Verteidiger;Reservebank
2645665;Tschechien;FC Arsenal;Tomás Rosicky;35;1000000.0;Offensives Mittelfeld;Reservebank
2645665;Tschechien;FC Viktoria Pilsen;Daniel Kolar;30;1500000.0;Offensives Mittelfeld;Reservebank
2645665;Tschechien;Brighton & Hove Albion;Jirí Skalák;24;1500000.0;Linksaußen;Reservebank
2645665;Tschechien;AC Sparta Prag;Josef Sural;26;1750000.0;Rechtsaußen;Reservebank
2645665;Tschechien;SK Slavia Prag;Milan Skoda;30;900000.0;Mittelstürmer;Reservebank
2645665;Tschechien;AC Sparta Prag;David Lafata;34;1000000.0;Mittelstürmer;Reservebank
2645665;Türkei;Trabzonspor;Onur Kivrak;28;6750000.0;Torwart;Reservebank
2645665;Türkei;Bursaspor;Harun Tekin;27;2500000.0;Torwart;Reservebank
2645665;Türkei;Galatasaray Istanbul;Semih Kaya;25;5750000.0;Innenverteidiger;Reservebank
2645665;Türkei;Genclerbirligi Ankara;Ahmet Calik;22;5000000.0;Innenverteidiger;Reservebank
2645665;Türkei;Fenerbahce Istanbul;Caner Erkin;27;9000000.0;Linker Verteidiger;Reservebank
2645665;Türkei;Fenerbahce Istanbul;Sener Özbayrakli;26;5000000.0;Rechter Verteidiger;Reservebank
2645665;Türkei;Borussia Dortmund;Nuri Sahin;27;6500000.0;Defensives Mittelfeld;Reservebank
2645665;Türkei;Besiktas Istanbul;Oguzhan Özyakup;23;14000000.0;Offensives Mittelfeld;Reservebank
2645665;Türkei;Bayer 04 Leverkusen;Hakan Calhanoglu;22;18000000.0;Offensives Mittelfeld;Reservebank
2645665;Türkei;1.FSV Mainz 05;Yunus Malli;24;10000000.0;Offensives Mittelfeld;Reservebank
2645665;Türkei;Besiktas Istanbul;Olcay Sahan;29;5500000.0;Rechtsaußen;Reservebank
2645665;Türkei;Besiktas Istanbul;Cenk Tosun;25;8000000.0;Mittelstürmer;Reservebank
