GameId;team;club;name;age;value;position;role
2645645;Portugal;Sporting Lissabon;Rui Patrício;28;14000000.0;Torwart;Startaufstellung
2645645;Portugal;Real Madrid;Pepe;33;6000000.0;Innenverteidiger;Startaufstellung
2645645;Portugal;AS Monaco;Ricardo Carvalho;38;500000.0;Innenverteidiger;Startaufstellung
2645645;Portugal;FC Lorient;Raphaël Guerreiro;22;9000000.0;Linker Verteidiger;Startaufstellung
2645645;Portugal;VfL Wolfsburg;Vieirinha;30;7000000.0;Rechter Verteidiger;Startaufstellung
2645645;Portugal;FC Porto;Danilo Pereira;24;12000000.0;Zentrales Mittelfeld;Startaufstellung
2645645;Portugal;AS Monaco;João Moutinho;29;18000000.0;Zentrales Mittelfeld;Startaufstellung
2645645;Portugal;Sporting Lissabon;João Mário;23;20000000.0;Rechtes Mittelfeld;Startaufstellung
2645645;Portugal;FC Valencia;André Gomes;22;20000000.0;Linkes Mittelfeld;Startaufstellung
2645645;Portugal;Fenerbahce Istanbul;Nani;29;14500000.0;Hängende Spitze;Startaufstellung
2645645;Portugal;Real Madrid;Cristiano Ronaldo;31;110000000.0;Mittelstürmer;Startaufstellung
2645645;Island;FK Bodö/Glimt;Hannes Thór Halldórsson;32;400000.0;Torwart;Startaufstellung
2645645;Island;FK Krasnodar;Ragnar Sigurdsson;29;6000000.0;Innenverteidiger;Startaufstellung
2645645;Island;Malmö FF;Kári Arnason;33;500000.0;Innenverteidiger;Startaufstellung
2645645;Island;Odense Boldklub;Ari Freyr Skúlason;29;700000.0;Linker Verteidiger;Startaufstellung
2645645;Island;Hammarby IF;Birkir Már Saevarsson;31;500000.0;Rechter Verteidiger;Startaufstellung
2645645;Island;Cardiff City;Aron Gunnarsson;27;2500000.0;Zentrales Mittelfeld;Startaufstellung
2645645;Island;Swansea City;Gylfi Sigurdsson;26;13000000.0;Zentrales Mittelfeld;Startaufstellung
2645645;Island;FC Basel 1893;Birkir Bjarnason;28;2500000.0;Linkes Mittelfeld;Startaufstellung
2645645;Island;Charlton Athletic;Johann Berg Gudmundsson;25;2000000.0;Rechtsaußen;Startaufstellung
2645645;Island;FC Nantes;Kolbeinn Sigthórsson;26;2750000.0;Mittelstürmer;Startaufstellung
2645645;Island;1.FC Kaiserslautern;Jón Dadi Bödvarsson;24;800000.0;Mittelstürmer;Startaufstellung
2645645;Portugal;Olympique Lyon;Anthony Lopes;25;13000000.0;Torwart;Reservebank
2645645;Portugal;GNK Dinamo Zagreb;Eduardo;33;1500000.0;Torwart;Reservebank
2645645;Portugal;Fenerbahce Istanbul;Bruno Alves;34;2000000.0;Innenverteidiger;Reservebank
2645645;Portugal;FC Southampton;José Fonte;32;5000000.0;Innenverteidiger;Reservebank
2645645;Portugal;Benfica Lissabon;Eliseu;32;2000000.0;Linker Verteidiger;Reservebank
2645645;Portugal;FC Southampton;Cédric Soares;24;11000000.0;Rechter Verteidiger;Reservebank
2645645;Portugal;Sporting Lissabon;William Carvalho;24;26000000.0;Defensives Mittelfeld;Reservebank
2645645;Portugal;Benfica Lissabon;Renato Sanches;18;20000000.0;Zentrales Mittelfeld;Reservebank
2645645;Portugal;Sporting Lissabon;Adrien Silva;27;18000000.0;Zentrales Mittelfeld;Reservebank
2645645;Portugal;SC Braga;Rafa Silva;23;15000000.0;Linksaußen;Reservebank
2645645;Portugal;Besiktas Istanbul;Ricardo Quaresma;32;4000000.0;Rechtsaußen;Reservebank
2645645;Portugal;LOSC Lille;Éder;28;5000000.0;Mittelstürmer;Reservebank
2645645;Island;Hammarby IF;Ögmundur Kristinsson;26;500000.0;Torwart;Reservebank
2645645;Island;Sandefjord Fotball;Ingvar Jónsson;26;200000.0;Torwart;Reservebank
2645645;Island;AC Cesena;Hördur Magnússon;23;600000.0;Innenverteidiger;Reservebank
2645645;Island;IFK Göteborg;Hjörtur Hermannsson;21;300000.0;Innenverteidiger;Reservebank
2645645;Island;KSC Lokeren;Sverrir Ingi Ingason;22;1000000.0;Innenverteidiger;Reservebank
2645645;Island;AIK Solna;Haukur Heidar Hauksson;24;700000.0;Rechter Verteidiger;Reservebank
2645645;Island;Udinese Calcio;Emil Hallfredsson;31;2000000.0;Zentrales Mittelfeld;Reservebank
2645645;Island;Aarhus GF;Elmar Bjarnason;29;600000.0;Zentrales Mittelfeld;Reservebank
2645645;Island;GIF Sundsvall;Rúnar Már Sigurjónsson;25;750000.0;Zentrales Mittelfeld;Reservebank
2645645;Island;IFK Norrköping;Arnór Ingvi Traustason;23;1250000.0;Linksaußen;Reservebank
2645645;Island;FC Augsburg;Alfred Finnbogason;27;5000000.0;Mittelstürmer;Reservebank
2645645;Island;Molde FK;Eidur Gudjohnsen;37;200000.0;Mittelstürmer;Reservebank
