GameId;team;club;name;age;value;position;role
2645660;Slowakei;FC Viktoria Pilsen;Matus Kozacik;32;1000000.0;Torwart;Startaufstellung
2645660;Slowakei;Lokomotiv Moskau;Jan Durica;34;250000.0;Innenverteidiger;Startaufstellung
2645660;Slowakei;FC Liverpool;Martin Skrtel;31;10000000.0;Innenverteidiger;Startaufstellung
2645660;Slowakei;Dinamo Moskau;Tomas Hubocan;30;4500000.0;Linker Verteidiger;Startaufstellung
2645660;Slowakei;Hertha BSC;Peter Pekarík;29;2500000.0;Rechter Verteidiger;Startaufstellung
2645660;Slowakei;MSK Zilina;Viktor Pecovsky;33;350000.0;Defensives Mittelfeld;Startaufstellung
2645660;Slowakei;SSC Neapel;Marek Hamsik;28;35000000.0;Zentrales Mittelfeld;Startaufstellung
2645660;Slowakei;AC Mailand;Juraj Kucka;29;8000000.0;Zentrales Mittelfeld;Startaufstellung
2645660;Slowakei;Al Gharafa Sports Club;Vladimír Weiss;26;2800000.0;Linksaußen;Startaufstellung
2645660;Slowakei;PAOK Thessaloniki;Róbert Mak;25;3000000.0;Rechtsaußen;Startaufstellung
2645660;Slowakei;Legia Warschau;Ondrej Duda;21;3200000.0;Mittelstürmer;Startaufstellung
2645660;England;Manchester City;Joe Hart;29;17000000.0;Torwart;Startaufstellung
2645660;England;FC Chelsea;Gary Cahill;30;16000000.0;Innenverteidiger;Startaufstellung
2645660;England;Manchester United;Chris Smalling;26;20000000.0;Innenverteidiger;Startaufstellung
2645660;England;FC Southampton;Ryan Bertrand;26;14000000.0;Linker Verteidiger;Startaufstellung
2645660;England;FC Liverpool;Nathaniel Clyne;25;21000000.0;Rechter Verteidiger;Startaufstellung
2645660;England;Tottenham Hotspur;Eric Dier;22;18000000.0;Defensives Mittelfeld;Startaufstellung
2645660;England;FC Arsenal;Jack Wilshere;24;23000000.0;Zentrales Mittelfeld;Startaufstellung
2645660;England;FC Liverpool;Jordan Henderson;26;28000000.0;Zentrales Mittelfeld;Startaufstellung
2645660;England;FC Liverpool;Adam Lallana;28;19000000.0;Linksaußen;Startaufstellung
2645660;England;FC Liverpool;Daniel Sturridge;26;25000000.0;Rechtsaußen;Startaufstellung
2645660;England;Leicester City;Jamie Vardy;29;18000000.0;Mittelstürmer;Startaufstellung
2645660;Slowakei;Slovan Bratislava;Ján Mucha;33;500000.0;Torwart;Reservebank
2645660;Slowakei;SK Rapid Wien;Ján Novota;32;700000.0;Torwart;Reservebank
2645660;Slowakei;AS Rom;Norbert Gyömbér;23;700000.0;Innenverteidiger;Reservebank
2645660;Slowakei;Sampdoria Genua;Milan Skriniar;21;600000.0;Innenverteidiger;Reservebank
2645660;Slowakei;Slovan Bratislava;Kornel Salata;31;500000.0;Innenverteidiger;Reservebank
2645660;Slowakei;1.FC Köln;Dusan Svento;30;750000.0;Linker Verteidiger;Reservebank
2645660;Slowakei;FK Jablonec;Jan Gregus;25;750000.0;Zentrales Mittelfeld;Reservebank
2645660;Slowakei;FC Viktoria Pilsen;Patrik Hrosovsky;24;2000000.0;Zentrales Mittelfeld;Reservebank
2645660;Slowakei;Bursaspor;Miroslav Stoch;26;4500000.0;Linksaußen;Reservebank
2645660;Slowakei;Willem II Tilburg;Adam Nemec;30;300000.0;Mittelstürmer;Reservebank
2645660;Slowakei;Ferencváros Budapest;Stanislav Sestak;33;500000.0;Mittelstürmer;Reservebank
2645660;Slowakei;FC Viktoria Pilsen;Michal Duris;28;2000000.0;Mittelstürmer;Reservebank
2645660;England;FC Southampton;Fraser Forster;28;15000000.0;Torwart;Reservebank
2645660;England;FC Burnley;Tom Heaton;30;3000000.0;Torwart;Reservebank
2645660;England;FC Everton;John Stones;22;28000000.0;Innenverteidiger;Reservebank
2645660;England;Tottenham Hotspur;Danny Rose;25;14000000.0;Linker Verteidiger;Reservebank
2645660;England;Tottenham Hotspur;Kyle Walker;26;15000000.0;Rechter Verteidiger;Reservebank
2645660;England;FC Liverpool;James Milner;30;15000000.0;Zentrales Mittelfeld;Reservebank
2645660;England;FC Everton;Ross Barkley;22;22000000.0;Offensives Mittelfeld;Reservebank
2645660;England;Tottenham Hotspur;Dele Alli;20;20000000.0;Zentrales Mittelfeld;Reservebank
2645660;England;Manchester City;Raheem Sterling;21;45000000.0;Rechtsaußen;Reservebank
2645660;England;Manchester United;Wayne Rooney;30;35000000.0;Linksaußen;Reservebank
2645660;England;Tottenham Hotspur;Harry Kane;22;40000000.0;Mittelstürmer;Reservebank
2645660;England;Manchester United;Marcus Rashford;18;6000000.0;Mittelstürmer;Reservebank
