GameId;team;club;name;age;value;position;role
2645669;Island;FK Bodö/Glimt;Hannes Thór Halldórsson;32;400000.0;Torwart;Startaufstellung
2645669;Island;FK Krasnodar;Ragnar Sigurdsson;30;6000000.0;Innenverteidiger;Startaufstellung
2645669;Island;Malmö FF;Kári Arnason;33;500000.0;Innenverteidiger;Startaufstellung
2645669;Island;Odense Boldklub;Ari Freyr Skúlason;29;700000.0;Linker Verteidiger;Startaufstellung
2645669;Island;Hammarby IF;Birkir Már Saevarsson;31;500000.0;Rechter Verteidiger;Startaufstellung
2645669;Island;Cardiff City;Aron Gunnarsson;27;2500000.0;Zentrales Mittelfeld;Startaufstellung
2645669;Island;Swansea City;Gylfi Sigurdsson;26;13000000.0;Zentrales Mittelfeld;Startaufstellung
2645669;Island;FC Basel 1893;Birkir Bjarnason;28;2500000.0;Linkes Mittelfeld;Startaufstellung
2645669;Island;Charlton Athletic;Johann Berg Gudmundsson;25;2000000.0;Rechtsaußen;Startaufstellung
2645669;Island;1.FC Kaiserslautern;Jón Dadi Bödvarsson;24;800000.0;Hängende Spitze;Startaufstellung
2645669;Island;FC Nantes;Kolbeinn Sigthórsson;26;2750000.0;Mittelstürmer;Startaufstellung
2645669;Österreich;FK Austria Wien;Robert Almer;32;1000000.0;Torwart;Startaufstellung
2645669;Österreich;Borussia Mönchengladbach;Martin Hinteregger;23;6000000.0;Innenverteidiger;Startaufstellung
2645669;Österreich;Dynamo Kiew;Aleksandar Dragovic;25;15000000.0;Innenverteidiger;Startaufstellung
2645669;Österreich;FC Watford;Sebastian Prödl;29;4000000.0;Innenverteidiger;Startaufstellung
2645669;Österreich;RasenBallsport Leipzig;Stefan Ilsanker;27;2000000.0;Defensives Mittelfeld;Startaufstellung
2645669;Österreich;1.FSV Mainz 05;Julian Baumgartlinger;28;6000000.0;Defensives Mittelfeld;Startaufstellung
2645669;Österreich;VfB Stuttgart;Florian Klein;29;1500000.0;Rechtes Mittelfeld;Startaufstellung
2645669;Österreich;Leicester City;Christian Fuchs;30;6000000.0;Linkes Mittelfeld;Startaufstellung
2645669;Österreich;FC Bayern München;David Alaba;23;45000000.0;Offensives Mittelfeld;Startaufstellung
2645669;Österreich;Stoke City;Marko Arnautovic;27;10000000.0;Mittelstürmer;Startaufstellung
2645669;Österreich;RasenBallsport Leipzig;Marcel Sabitzer;22;4000000.0;Mittelstürmer;Startaufstellung
2645669;Island;Hammarby IF;Ögmundur Kristinsson;27;500000.0;Torwart;Reservebank
2645669;Island;Sandefjord Fotball;Ingvar Jónsson;26;200000.0;Torwart;Reservebank
2645669;Island;AC Cesena;Hördur Magnússon;23;600000.0;Innenverteidiger;Reservebank
2645669;Island;IFK Göteborg;Hjörtur Hermannsson;21;300000.0;Innenverteidiger;Reservebank
2645669;Island;KSC Lokeren;Sverrir Ingi Ingason;22;1000000.0;Innenverteidiger;Reservebank
2645669;Island;AIK Solna;Haukur Heidar Hauksson;24;700000.0;Rechter Verteidiger;Reservebank
2645669;Island;Udinese Calcio;Emil Hallfredsson;31;2000000.0;Zentrales Mittelfeld;Reservebank
2645669;Island;Aarhus GF;Elmar Bjarnason;29;600000.0;Linkes Mittelfeld;Reservebank
2645669;Island;GIF Sundsvall;Rúnar Már Sigurjónsson;26;750000.0;Zentrales Mittelfeld;Reservebank
2645669;Island;IFK Norrköping;Arnór Ingvi Traustason;23;1250000.0;Mittelstürmer;Reservebank
2645669;Island;Molde FK;Eidur Gudjohnsen;37;200000.0;Mittelstürmer;Reservebank
2645669;Österreich;FC Ingolstadt 04;Ramazan Özcan;31;1250000.0;Torwart;Reservebank
2645669;Österreich;Eintracht Frankfurt;Heinz Lindner;25;1000000.0;Torwart;Reservebank
2645669;Österreich;Tottenham Hotspur;Kevin Wimmer;23;7000000.0;Innenverteidiger;Reservebank
2645669;Österreich;FC Ingolstadt 04;Markus Suttner;29;1500000.0;Linker Verteidiger;Reservebank
2645669;Österreich;SV Darmstadt 98;György Garics;32;750000.0;Rechter Verteidiger;Reservebank
2645669;Österreich;FC Schalke 04;Alessandro Schöpf;22;5000000.0;Offensives Mittelfeld;Reservebank
2645669;Österreich;FC Luzern;Jakob Jantscher;27;1500000.0;Rechtsaußen;Reservebank
2645669;Österreich;SV Werder Bremen;Zlatko Junuzovic;28;7000000.0;Offensives Mittelfeld;Reservebank
2645669;Österreich;FC Basel 1893;Marc Janko;32;1750000.0;Mittelstürmer;Reservebank
2645669;Österreich;TSV 1860 München;Rubin Okotie;29;1200000.0;Mittelstürmer;Reservebank
2645669;Österreich;VfB Stuttgart;Martin Harnik;29;2500000.0;Mittelstürmer;Reservebank
2645669;Österreich;FC Ingolstadt 04;Lukas Hinterseer;25;2000000.0;Mittelstürmer;Reservebank
