GameId;team;club;name;age;value;position;role
2645658;Schweiz;Borussia Mönchengladbach;Yann Sommer;27;10000000.0;Torwart;Startaufstellung
2645658;Schweiz;Hamburger SV;Johan Djourou;29;3500000.0;Innenverteidiger;Startaufstellung
2645658;Schweiz;TSG 1899 Hoffenheim;Fabian Schär;24;4000000.0;Innenverteidiger;Startaufstellung
2645658;Schweiz;VfL Wolfsburg;Ricardo Rodríguez;23;25000000.0;Linker Verteidiger;Startaufstellung
2645658;Schweiz;Juventus Turin;Stephan Lichtsteiner;32;6000000.0;Rechter Verteidiger;Startaufstellung
2645658;Schweiz;FC Watford;Valon Behrami;31;2500000.0;Defensives Mittelfeld;Startaufstellung
2645658;Schweiz;Borussia Mönchengladbach;Granit Xhaka;23;35000000.0;Zentrales Mittelfeld;Startaufstellung
2645658;Schweiz;FC Genua 1893;Blerim Dzemaili;30;3500000.0;Offensives Mittelfeld;Startaufstellung
2645658;Schweiz;Bayer 04 Leverkusen;Admir Mehmedi;25;5000000.0;Linksaußen;Startaufstellung
2645658;Schweiz;Stoke City;Xherdan Shaqiri;24;15000000.0;Rechtsaußen;Startaufstellung
2645658;Schweiz;FC Basel 1893;Breel Embolo;19;20000000.0;Mittelstürmer;Startaufstellung
2645658;Frankreich;Tottenham Hotspur;Hugo Lloris;29;24000000.0;Torwart;Startaufstellung
2645658;Frankreich;FC Sevilla;Adil Rami;30;7000000.0;Innenverteidiger;Startaufstellung
2645658;Frankreich;FC Arsenal;Laurent Koscielny;30;22000000.0;Innenverteidiger;Startaufstellung
2645658;Frankreich;Juventus Turin;Patrice Evra;35;1000000.0;Linker Verteidiger;Startaufstellung
2645658;Frankreich;Manchester City;Bacary Sagna;33;7000000.0;Rechter Verteidiger;Startaufstellung
2645658;Frankreich;Crystal Palace;Yohan Cabaye;30;18000000.0;Defensives Mittelfeld;Startaufstellung
2645658;Frankreich;Juventus Turin;Paul Pogba;23;70000000.0;Zentrales Mittelfeld;Startaufstellung
2645658;Frankreich;Newcastle United;Moussa Sissoko;26;13000000.0;Zentrales Mittelfeld;Startaufstellung
2645658;Frankreich;FC Bayern München;Kingsley Coman;20;17000000.0;Linksaußen;Startaufstellung
2645658;Frankreich;Atlético Madrid;Antoine Griezmann;25;70000000.0;Rechtsaußen;Startaufstellung
2645658;Frankreich;Tigres UANL;André-Pierre Gignac;30;8000000.0;Mittelstürmer;Startaufstellung
2645658;Schweiz;FC Augsburg;Marwin Hitz;28;4500000.0;Torwart;Reservebank
2645658;Schweiz;Borussia Dortmund;Roman Bürki;25;6000000.0;Torwart;Reservebank
2645658;Schweiz;BSC Young Boys;Steve von Bergen;33;1000000.0;Innenverteidiger;Reservebank
2645658;Schweiz;FC Toulouse;François Moubandje;25;1500000.0;Linker Verteidiger;Reservebank
2645658;Schweiz;Borussia Mönchengladbach;Nico Elvedi;19;4000000.0;Rechter Verteidiger;Reservebank
2645658;Schweiz;FC Basel 1893;Michael Lang;25;4250000.0;Rechter Verteidiger;Reservebank
2645658;Schweiz;BSC Young Boys;Denis Zakaria;19;4000000.0;Defensives Mittelfeld;Reservebank
2645658;Schweiz;FC Stade Rennes;Gelson Fernandes;29;3000000.0;Zentrales Mittelfeld;Reservebank
2645658;Schweiz;1.FSV Mainz 05;Fabian Frei;27;3000000.0;Zentrales Mittelfeld;Reservebank
2645658;Schweiz;Grasshopper Club Zürich;Shani Tarashaj;21;4000000.0;Hängende Spitze;Reservebank
2645658;Schweiz;Eintracht Frankfurt;Haris Seferovic;24;5500000.0;Mittelstürmer;Reservebank
2645658;Schweiz;Kasimpasa;Eren Derdiyok;28;4600000.0;Mittelstürmer;Reservebank
2645658;Frankreich;Olympique Marseille;Steve Mandanda;31;10000000.0;Torwart;Reservebank
2645658;Frankreich;FC Stade Rennes;Benoît Costil;28;8000000.0;Torwart;Reservebank
2645658;Frankreich;Manchester City;Eliaquim Mangala;25;23000000.0;Innenverteidiger;Reservebank
2645658;Frankreich;Olympique Lyon;Samuel Umtiti;22;15000000.0;Innenverteidiger;Reservebank
2645658;Frankreich;AS Rom;Lucas Digne;22;12000000.0;Linker Verteidiger;Reservebank
2645658;Frankreich;Olympique Lyon;Christophe Jallet;32;2000000.0;Rechter Verteidiger;Reservebank
2645658;Frankreich;Leicester City;N'Golo Kanté;25;20000000.0;Defensives Mittelfeld;Reservebank
2645658;Frankreich;Manchester United;Morgan Schneiderlin;26;30000000.0;Defensives Mittelfeld;Reservebank
2645658;Frankreich;FC Paris Saint-Germain;Blaise Matuidi;29;30000000.0;Zentrales Mittelfeld;Reservebank
2645658;Frankreich;West Ham United;Dimitri Payet;29;23000000.0;Linksaußen;Reservebank
2645658;Frankreich;Manchester United;Anthony Martial;20;32000000.0;Linksaußen;Reservebank
2645658;Frankreich;FC Arsenal;Olivier Giroud;29;25000000.0;Mittelstürmer;Reservebank
