GameId;team;club;name;age;value;position;role
2645640;Polen;AS Rom;Wojciech Szczesny;26;12000000.0;Torwart;Startaufstellung
2645640;Polen;Legia Warschau;Michal Pazdan;28;1700000.0;Innenverteidiger;Startaufstellung
2645640;Polen;FC Turin;Kamil Glik;28;10000000.0;Innenverteidiger;Startaufstellung
2645640;Polen;Legia Warschau;Artur Jedrzejczyk;28;2700000.0;Linker Verteidiger;Startaufstellung
2645640;Polen;Borussia Dortmund;Lukasz Piszczek;31;6000000.0;Rechter Verteidiger;Startaufstellung
2645640;Polen;FC Sevilla;Grzegorz Krychowiak;26;30000000.0;Defensives Mittelfeld;Startaufstellung
2645640;Polen;Wisla Krakau;Krzysztof Maczynski;29;1000000.0;Zentrales Mittelfeld;Startaufstellung
2645640;Polen;AC Florenz;Jakub Blaszczykowski;30;7000000.0;Rechtes Mittelfeld;Startaufstellung
2645640;Polen;Cracovia Krakau;Bartosz Kapustka;19;2500000.0;Linkes Mittelfeld;Startaufstellung
2645640;Polen;Ajax Amsterdam;Arkadiusz Milik;22;10000000.0;Hängende Spitze;Startaufstellung
2645640;Polen;FC Bayern München;Robert Lewandowski;27;75000000.0;Mittelstürmer;Startaufstellung
2645640;Nordirland;Hamilton Academical FC;Michael McGovern;31;500000.0;Torwart;Startaufstellung
2645640;Nordirland;West Bromwich Albion;Jonny Evans;28;6000000.0;Innenverteidiger;Startaufstellung
2645640;Nordirland;West Bromwich Albion;Gareth McAuley;36;1000000.0;Innenverteidiger;Startaufstellung
2645640;Nordirland;FC Watford;Craig Cathcart;27;4000000.0;Innenverteidiger;Startaufstellung
2645640;Nordirland;FC Millwall;Shane Ferguson;24;750000.0;Linker Verteidiger;Startaufstellung
2645640;Nordirland;Fleetwood Town;Conor McLaughlin;24;250000.0;Rechter Verteidiger;Startaufstellung
2645640;Nordirland;Derby County;Chris Baird;34;500000.0;Defensives Mittelfeld;Startaufstellung
2645640;Nordirland;Manchester United;Paddy McNair;21;4500000.0;Rechtes Mittelfeld;Startaufstellung
2645640;Nordirland;FC Reading;Oliver Norwood;25;2000000.0;Linkes Mittelfeld;Startaufstellung
2645640;Nordirland;FC Southampton;Steven Davis;31;6000000.0;Offensives Mittelfeld;Startaufstellung
2645640;Nordirland;Norwich City;Kyle Lafferty;28;2000000.0;Mittelstürmer;Startaufstellung
2645640;Polen;AFC Bournemouth;Artur Boruc;36;1000000.0;Torwart;Reservebank
2645640;Polen;Swansea City;Lukasz Fabianski;31;7000000.0;Torwart;Reservebank
2645640;Polen;US Palermo;Thiago Cionek;30;900000.0;Innenverteidiger;Reservebank
2645640;Polen;Cagliari Calcio;Bartosz Salamon;25;2200000.0;Innenverteidiger;Reservebank
2645640;Polen;Lechia Gdansk;Jakub Wawrzyniak;32;350000.0;Linker Verteidiger;Reservebank
2645640;Polen;Legia Warschau;Tomasz Jodlowiec;30;1500000.0;Defensives Mittelfeld;Reservebank
2645640;Polen;FC Empoli;Piotr Zielinski;22;12000000.0;Zentrales Mittelfeld;Reservebank
2645640;Polen;Lech Posen;Karol Linetty;21;3200000.0;Zentrales Mittelfeld;Reservebank
2645640;Polen;Zaglebie Lubin;Filip Starzynski;25;1000000.0;Offensives Mittelfeld;Reservebank
2645640;Polen;Lechia Gdansk;Slawomir Peszko;31;400000.0;Linksaußen;Reservebank
2645640;Polen;FC Stade Rennes;Kamil Grosicki;28;4500000.0;Rechtsaußen;Reservebank
2645640;Polen;Ruch Chorzow;Mariusz Stepinski;21;1500000.0;Mittelstürmer;Reservebank
2645640;Nordirland;Notts County;Roy Carroll;38;150000.0;Torwart;Reservebank
2645640;Nordirland;St. Johnstone FC;Alan Mannus;34;450000.0;Torwart;Reservebank
2645640;Nordirland;Melbourne City FC;Aaron Hughes;36;350000.0;Innenverteidiger;Reservebank
2645640;Nordirland;Milton Keynes Dons;Lee Hodson;24;350000.0;Rechter Verteidiger;Reservebank
2645640;Nordirland;Doncaster Rovers;Luke McCullough;22;250000.0;Defensives Mittelfeld;Reservebank
2645640;Nordirland;Blackburn Rovers;Corry Evans;25;1250000.0;Zentrales Mittelfeld;Reservebank
2645640;Nordirland;Leeds United;Stuart Dallas;25;1500000.0;Linkes Mittelfeld;Reservebank
2645640;Nordirland;Aberdeen FC;Niall McGinn;28;750000.0;Linksaußen;Reservebank
2645640;Nordirland;Nottingham Forest;Jamie Ward;30;1750000.0;Offensives Mittelfeld;Reservebank
2645640;Nordirland;Queens Park Rangers;Conor Washington;24;2000000.0;Mittelstürmer;Reservebank
2645640;Nordirland;Wigan Athletic;Will Grigg;24;1500000.0;Mittelstürmer;Reservebank
2645640;Nordirland;Kilmarnock FC;Josh Magennis;25;300000.0;Mittelstürmer;Reservebank
