GameId;team;club;name;age;value;position;role
2645667;Schweden;Kasimpasa;Andreas Isaksson;34;1000000.0;Torwart;Startaufstellung
2645667;Schweden;FC Kopenhagen;Erik Johansson;27;1500000.0;Innenverteidiger;Startaufstellung
2645667;Schweden;FK Krasnodar;Andreas Granqvist;31;7000000.0;Innenverteidiger;Startaufstellung
2645667;Schweden;Norwich City;Martin Olsson;28;3500000.0;Linker Verteidiger;Startaufstellung
2645667;Schweden;Benfica Lissabon;Victor Lindelöf;21;8000000.0;Rechter Verteidiger;Startaufstellung
2645667;Schweden;Grasshopper Club Zürich;Kim Källström;33;1500000.0;Zentrales Mittelfeld;Startaufstellung
2645667;Schweden;Hamburger SV;Albin Ekdal;26;4500000.0;Zentrales Mittelfeld;Startaufstellung
2645667;Schweden;AFC Sunderland;Sebastian Larsson;31;2500000.0;Rechtes Mittelfeld;Startaufstellung
2645667;Schweden;RasenBallsport Leipzig;Emil Forsberg;24;5000000.0;Linksaußen;Startaufstellung
2645667;Schweden;FC Paris Saint-Germain;Zlatan Ibrahimovic;34;15000000.0;Mittelstürmer;Startaufstellung
2645667;Schweden;Panathinaikos Athen;Marcus Berg;29;5000000.0;Mittelstürmer;Startaufstellung
2645667;Belgien;FC Chelsea;Thibaut Courtois;24;35000000.0;Torwart;Startaufstellung
2645667;Belgien;FC Barcelona;Thomas Vermaelen;30;3000000.0;Innenverteidiger;Startaufstellung
2645667;Belgien;Tottenham Hotspur;Toby Alderweireld;27;27000000.0;Innenverteidiger;Startaufstellung
2645667;Belgien;Tottenham Hotspur;Jan Vertonghen;29;23000000.0;Linker Verteidiger;Startaufstellung
2645667;Belgien;FC Brügge;Thomas Meunier;24;6000000.0;Rechter Verteidiger;Startaufstellung
2645667;Belgien;AS Rom;Radja Nainggolan;28;30000000.0;Defensives Mittelfeld;Startaufstellung
2645667;Belgien;Zenit St. Petersburg;Axel Witsel;27;23000000.0;Defensives Mittelfeld;Startaufstellung
2645667;Belgien;Manchester City;Kevin De Bruyne;24;60000000.0;Offensives Mittelfeld;Startaufstellung
2645667;Belgien;FC Chelsea;Eden Hazard;25;65000000.0;Linksaußen;Startaufstellung
2645667;Belgien;Atlético Madrid;Yannick Carrasco;22;25000000.0;Rechtsaußen;Startaufstellung
2645667;Belgien;FC Everton;Romelu Lukaku;23;40000000.0;Mittelstürmer;Startaufstellung
2645667;Schweden;FC Kopenhagen;Robin Olsen;26;1500000.0;Torwart;Reservebank
2645667;Schweden;AIK Solna;Patrik Carlgren;24;1000000.0;Torwart;Reservebank
2645667;Schweden;FC Turin;Pontus Jansson;25;1300000.0;Innenverteidiger;Reservebank
2645667;Schweden;FC Kopenhagen;Ludwig Augustinsson;22;3500000.0;Linker Verteidiger;Reservebank
2645667;Schweden;Celtic Glasgow;Mikael Lustig;29;3500000.0;Rechter Verteidiger;Reservebank
2645667;Schweden;Malmö FF;Oscar Lewicki;23;1700000.0;Defensives Mittelfeld;Reservebank
2645667;Schweden;ZSKA Moskau;Pontus Wernbloom;29;10000000.0;Defensives Mittelfeld;Reservebank
2645667;Schweden;US Palermo;Oscar Hiljemark;23;4000000.0;Zentrales Mittelfeld;Reservebank
2645667;Schweden;Trabzonspor;Erkan Zengin;30;2600000.0;Linksaußen;Reservebank
2645667;Schweden;Olympiakos Piräus;Jimmy Durmaz;27;3750000.0;Rechtsaußen;Reservebank
2645667;Schweden;IFK Norrköping;Emir Kujovic;28;1500000.0;Mittelstürmer;Reservebank
2645667;Schweden;Celta Vigo;John Guidetti;24;5000000.0;Mittelstürmer;Reservebank
2645667;Belgien;FC Liverpool;Simon Mignolet;28;12000000.0;Torwart;Reservebank
2645667;Belgien;KV Mechelen;Jean-François Gillet;37;500000.0;Torwart;Reservebank
2645667;Belgien;Galatasaray Istanbul;Jason Denayer;20;4000000.0;Innenverteidiger;Reservebank
2645667;Belgien;KRC Genk;Christian Kabasele;25;6000000.0;Innenverteidiger;Reservebank
2645667;Belgien;Montreal Impact;Laurent Ciman;30;2500000.0;Innenverteidiger;Reservebank
2645667;Belgien;KV Oostende;Jordan Lukaku;21;4000000.0;Linker Verteidiger;Reservebank
2645667;Belgien;Tottenham Hotspur;Mousa Dembélé;28;18000000.0;Zentrales Mittelfeld;Reservebank
2645667;Belgien;Manchester United;Marouane Fellaini;28;15000000.0;Zentrales Mittelfeld;Reservebank
2645667;Belgien;SSC Neapel;Dries Mertens;29;16000000.0;Linksaußen;Reservebank
2645667;Belgien;FC Liverpool;Divock Origi;21;11000000.0;Mittelstürmer;Reservebank
2645667;Belgien;FC Liverpool;Christian Benteke;25;27000000.0;Mittelstürmer;Reservebank
2645667;Belgien;Olympique Marseille;Michy Batshuayi;22;15000000.0;Mittelstürmer;Reservebank
