GameId;team;club;name;age;value;position;role
2645643;Irland;West Ham United;Darren Randolph;29;1000000.0;Torwart;Startaufstellung
2645643;Irland;Aston Villa;Ciaran Clark;26;4500000.0;Innenverteidiger;Startaufstellung
2645643;Irland;AFC Sunderland;John O'Shea;35;1000000.0;Innenverteidiger;Startaufstellung
2645643;Irland;Norwich City;Robbie Brady;24;6000000.0;Linker Verteidiger;Startaufstellung
2645643;Irland;FC Everton;Seamus Coleman;27;17000000.0;Rechter Verteidiger;Startaufstellung
2645643;Irland;Stoke City;Glenn Whelan;32;3000000.0;Defensives Mittelfeld;Startaufstellung
2645643;Irland;FC Everton;James McCarthy;25;17000000.0;Zentrales Mittelfeld;Startaufstellung
2645643;Irland;Derby County;Jeff Hendrick;24;1500000.0;Zentrales Mittelfeld;Startaufstellung
2645643;Irland;Norwich City;Wesley Hoolahan;34;2000000.0;Offensives Mittelfeld;Startaufstellung
2645643;Irland;Stoke City;Jonathan Walters;32;3500000.0;Mittelstürmer;Startaufstellung
2645643;Irland;FC Southampton;Shane Long;29;10000000.0;Mittelstürmer;Startaufstellung
2645643;Schweden;Kasimpasa;Andreas Isaksson;34;1000000.0;Torwart;Startaufstellung
2645643;Schweden;FK Krasnodar;Andreas Granqvist;31;7000000.0;Innenverteidiger;Startaufstellung
2645643;Schweden;Benfica Lissabon;Victor Lindelöf;21;8000000.0;Innenverteidiger;Startaufstellung
2645643;Schweden;Norwich City;Martin Olsson;28;3500000.0;Linker Verteidiger;Startaufstellung
2645643;Schweden;Celtic Glasgow;Mikael Lustig;29;3500000.0;Rechter Verteidiger;Startaufstellung
2645643;Schweden;Grasshopper Club Zürich;Kim Källström;33;1500000.0;Zentrales Mittelfeld;Startaufstellung
2645643;Schweden;Malmö FF;Oscar Lewicki;23;1700000.0;Zentrales Mittelfeld;Startaufstellung
2645643;Schweden;AFC Sunderland;Sebastian Larsson;31;2500000.0;Rechtes Mittelfeld;Startaufstellung
2645643;Schweden;RasenBallsport Leipzig;Emil Forsberg;24;5000000.0;Linkes Mittelfeld;Startaufstellung
2645643;Schweden;FC Paris Saint-Germain;Zlatan Ibrahimovic;34;15000000.0;Mittelstürmer;Startaufstellung
2645643;Schweden;Panathinaikos Athen;Marcus Berg;29;5000000.0;Mittelstürmer;Startaufstellung
2645643;Irland;Sheffield Wednesday;Keiren Westwood;31;1500000.0;Torwart;Reservebank
2645643;Irland;Stoke City;Shay Given;40;500000.0;Torwart;Reservebank
2645643;Irland;Derby County;Richard Keogh;29;1800000.0;Innenverteidiger;Reservebank
2645643;Irland;Blackburn Rovers;Shane Duffy;24;1500000.0;Innenverteidiger;Reservebank
2645643;Irland;FC Burnley;Stephen Ward;30;1000000.0;Linker Verteidiger;Reservebank
2645643;Irland;Derby County;Cyrus Christie;23;1000000.0;Rechter Verteidiger;Reservebank
2645643;Irland;FC Reading;Stephen Quinn;30;1500000.0;Zentrales Mittelfeld;Reservebank
2645643;Irland;Hull City;David Meyler;27;2500000.0;Zentrales Mittelfeld;Reservebank
2645643;Irland;West Bromwich Albion;James McClean;27;3000000.0;Linksaußen;Reservebank
2645643;Irland;FC Everton;Aiden McGeady;30;4500000.0;Rechtsaußen;Reservebank
2645643;Irland;Ipswich Town;Daryl Murphy;33;1000000.0;Mittelstürmer;Reservebank
2645643;Irland;Los Angeles Galaxy;Robbie Keane;35;1000000.0;Mittelstürmer;Reservebank
2645643;Schweden;FC Kopenhagen;Robin Olsen;26;1500000.0;Torwart;Reservebank
2645643;Schweden;AIK Solna;Patrik Carlgren;24;1000000.0;Torwart;Reservebank
2645643;Schweden;FC Kopenhagen;Erik Johansson;27;1500000.0;Innenverteidiger;Reservebank
2645643;Schweden;FC Turin;Pontus Jansson;25;1300000.0;Innenverteidiger;Reservebank
2645643;Schweden;FC Kopenhagen;Ludwig Augustinsson;22;3500000.0;Linker Verteidiger;Reservebank
2645643;Schweden;ZSKA Moskau;Pontus Wernbloom;29;10000000.0;Defensives Mittelfeld;Reservebank
2645643;Schweden;Hamburger SV;Albin Ekdal;26;4500000.0;Zentrales Mittelfeld;Reservebank
2645643;Schweden;US Palermo;Oscar Hiljemark;23;4000000.0;Zentrales Mittelfeld;Reservebank
2645643;Schweden;Trabzonspor;Erkan Zengin;30;2600000.0;Linkes Mittelfeld;Reservebank
2645643;Schweden;Olympiakos Piräus;Jimmy Durmaz;27;3750000.0;Linksaußen;Reservebank
2645643;Schweden;IFK Norrköping;Emir Kujovic;27;1500000.0;Mittelstürmer;Reservebank
2645643;Schweden;Celta Vigo;John Guidetti;24;5000000.0;Mittelstürmer;Reservebank
