GameId;team;club;name;age;value;position;role
2645661;Russland;ZSKA Moskau;Igor Akinfeev;30;14000000.0;Torwart;Startaufstellung
2645661;Russland;ZSKA Moskau;Sergey Ignashevich;36;200000.0;Innenverteidiger;Startaufstellung
2645661;Russland;ZSKA Moskau;Vasili Berezutski;34;3000000.0;Innenverteidiger;Startaufstellung
2645661;Russland;Spartak Moskau;Dmitri Kombarov;29;5000000.0;Linker Verteidiger;Startaufstellung
2645661;Russland;Zenit St. Petersburg;Igor Smolnikov;27;12000000.0;Rechter Verteidiger;Startaufstellung
2645661;Russland;Spartak Moskau;Denis Glushakov;29;5000000.0;Defensives Mittelfeld;Startaufstellung
2645661;Russland;FK Krasnodar;Pavel Mamaev;27;12000000.0;Defensives Mittelfeld;Startaufstellung
2645661;Russland;ZSKA Moskau;Roman Shirokov;34;1000000.0;Offensives Mittelfeld;Startaufstellung
2645661;Russland;FK Krasnodar;Fedor Smolov;26;8000000.0;Linksaußen;Startaufstellung
2645661;Russland;Zenit St. Petersburg;Aleksandr Kokorin;25;7000000.0;Rechtsaußen;Startaufstellung
2645661;Russland;Zenit St. Petersburg;Artem Dzyuba;27;10000000.0;Mittelstürmer;Startaufstellung
2645661;Wales;Crystal Palace;Wayne Hennessey;29;3500000.0;Torwart;Startaufstellung
2645661;Wales;West Bromwich Albion;James Chester;27;5000000.0;Innenverteidiger;Startaufstellung
2645661;Wales;Swansea City;Ashley Williams;31;6500000.0;Innenverteidiger;Startaufstellung
2645661;Wales;Tottenham Hotspur;Ben Davies;23;8000000.0;Innenverteidiger;Startaufstellung
2645661;Wales;Swansea City;Neil Taylor;27;5000000.0;Linker Verteidiger;Startaufstellung
2645661;Wales;FC Reading;Chris Gunter;26;2500000.0;Rechter Verteidiger;Startaufstellung
2645661;Wales;Crystal Palace;Joe Ledley;29;3500000.0;Defensives Mittelfeld;Startaufstellung
2645661;Wales;FC Liverpool;Joe Allen;26;8000000.0;Defensives Mittelfeld;Startaufstellung
2645661;Wales;FC Arsenal;Aaron Ramsey;25;30000000.0;Offensives Mittelfeld;Startaufstellung
2645661;Wales;Real Madrid;Gareth Bale;26;80000000.0;Hängende Spitze;Startaufstellung
2645661;Wales;FC Burnley;Sam Vokes;26;3500000.0;Mittelstürmer;Startaufstellung
2645661;Russland;Zenit St. Petersburg;Yuri Lodygin;26;8000000.0;Torwart;Reservebank
2645661;Russland;Lokomotiv Moskau;Guilherme;30;6000000.0;Torwart;Reservebank
2645661;Russland;ZSKA Moskau;Aleksey Berezutski;34;1000000.0;Innenverteidiger;Reservebank
2645661;Russland;FC Schalke 04;Roman Neustädter;28;7000000.0;Innenverteidiger;Reservebank
2645661;Russland;ZSKA Moskau;Georgi Schennikov;25;4000000.0;Linker Verteidiger;Reservebank
2645661;Russland;Lokomotiv Moskau;Roman Shishkin;29;3000000.0;Rechter Verteidiger;Reservebank
2645661;Russland;FK Krasnodar;Dmitri Torbinski;32;1000000.0;Zentrales Mittelfeld;Reservebank
2645661;Russland;Zenit St. Petersburg;Artur Yusupov;26;4000000.0;Zentrales Mittelfeld;Reservebank
2645661;Russland;ZSKA Moskau;Aleksandr Golovin;20;3000000.0;Defensives Mittelfeld;Reservebank
2645661;Russland;Zenit St. Petersburg;Oleg Shatov;25;14000000.0;Zentrales Mittelfeld;Reservebank
2645661;Russland;Lokomotiv Moskau;Aleksandr Samedov;31;4000000.0;Rechtsaußen;Reservebank
2645661;Russland;Terek Grozny;Oleg Ivanov;29;4000000.0;Offensives Mittelfeld;Reservebank
2645661;Wales;Inverness Caledonian Thistle FC;Owain Fôn Williams;29;250000.0;Torwart;Reservebank
2645661;Wales;FC Liverpool;Danny Ward;22;1500000.0;Torwart;Reservebank
2645661;Wales;West Ham United;James Collins;32;2000000.0;Innenverteidiger;Reservebank
2645661;Wales;FC Fulham;Jazz Richards;25;750000.0;Rechter Verteidiger;Reservebank
2645661;Wales;Nottingham Forest;David Vaughan;33;1250000.0;Defensives Mittelfeld;Reservebank
2645661;Wales;Leicester City;Andy King;27;3500000.0;Defensives Mittelfeld;Reservebank
2645661;Wales;Wolverhampton Wanderers;David Edwards;30;850000.0;Zentrales Mittelfeld;Reservebank
2645661;Wales;FC Fulham;George Williams;20;500000.0;Offensives Mittelfeld;Reservebank
2645661;Wales;Crystal Palace;Jonathan Williams;22;750000.0;Offensives Mittelfeld;Reservebank
2645661;Wales;FC Reading;Hal Robson-Kanu;27;2000000.0;Linksaußen;Reservebank
2645661;Wales;Birmingham City;David Cotterill;28;750000.0;Rechtsaußen;Reservebank
2645661;Wales;Milton Keynes Dons;Simon Church;27;500000.0;Mittelstürmer;Reservebank
