GameId;team;club;name;age;value;position;role
2645656;Island;FK Bodö/Glimt;Hannes Thór Halldórsson;32;400000.0;Torwart;Startaufstellung
2645656;Island;FK Krasnodar;Ragnar Sigurdsson;29;6000000.0;Innenverteidiger;Startaufstellung
2645656;Island;Malmö FF;Kári Arnason;33;500000.0;Innenverteidiger;Startaufstellung
2645656;Island;Odense Boldklub;Ari Freyr Skúlason;29;700000.0;Linker Verteidiger;Startaufstellung
2645656;Island;Hammarby IF;Birkir Már Saevarsson;31;500000.0;Rechter Verteidiger;Startaufstellung
2645656;Island;Cardiff City;Aron Gunnarsson;27;2500000.0;Zentrales Mittelfeld;Startaufstellung
2645656;Island;Swansea City;Gylfi Sigurdsson;26;13000000.0;Zentrales Mittelfeld;Startaufstellung
2645656;Island;FC Basel 1893;Birkir Bjarnason;28;2500000.0;Linkes Mittelfeld;Startaufstellung
2645656;Island;Charlton Athletic;Johann Berg Gudmundsson;25;2000000.0;Rechtsaußen;Startaufstellung
2645656;Island;FC Nantes;Kolbeinn Sigthórsson;26;2750000.0;Mittelstürmer;Startaufstellung
2645656;Island;1.FC Kaiserslautern;Jón Dadi Bödvarsson;24;800000.0;Mittelstürmer;Startaufstellung
2645656;Ungarn;Szombathelyi Haladás;Gábor Király;40;250000.0;Torwart;Startaufstellung
2645656;Ungarn;Wisla Krakau;Richárd Guzmics;29;750000.0;Innenverteidiger;Startaufstellung
2645656;Ungarn;Videoton FC;Roland Juhász;32;1000000.0;Innenverteidiger;Startaufstellung
2645656;Ungarn;Lech Posen;Tamás Kádár;26;750000.0;Linker Verteidiger;Startaufstellung
2645656;Ungarn;Videoton FC;Ádám Lang;23;800000.0;Rechter Verteidiger;Startaufstellung
2645656;Ungarn;Ferencváros Budapest;Ádám Nagy;21;1500000.0;Defensives Mittelfeld;Startaufstellung
2645656;Ungarn;Ferencváros Budapest;Zoltán Gera;37;500000.0;Zentrales Mittelfeld;Startaufstellung
2645656;Ungarn;SV Werder Bremen;László Kleinheisler;22;600000.0;Offensives Mittelfeld;Startaufstellung
2645656;Ungarn;1.FC Nürnberg;Zoltán Stieber;27;800000.0;Linksaußen;Startaufstellung
2645656;Ungarn;Bursaspor;Balázs Dzsudzsák;29;4250000.0;Rechtsaußen;Startaufstellung
2645656;Ungarn;Slovan Bratislava;Tamás Priskin;29;600000.0;Mittelstürmer;Startaufstellung
2645656;Island;Hammarby IF;Ögmundur Kristinsson;26;500000.0;Torwart;Reservebank
2645656;Island;Sandefjord Fotball;Ingvar Jónsson;26;200000.0;Torwart;Reservebank
2645656;Island;AC Cesena;Hördur Magnússon;23;600000.0;Innenverteidiger;Reservebank
2645656;Island;IFK Göteborg;Hjörtur Hermannsson;21;300000.0;Innenverteidiger;Reservebank
2645656;Island;KSC Lokeren;Sverrir Ingi Ingason;22;1000000.0;Innenverteidiger;Reservebank
2645656;Island;AIK Solna;Haukur Heidar Hauksson;24;700000.0;Rechter Verteidiger;Reservebank
2645656;Island;Udinese Calcio;Emil Hallfredsson;31;2000000.0;Zentrales Mittelfeld;Reservebank
2645656;Island;Aarhus GF;Elmar Bjarnason;29;600000.0;Zentrales Mittelfeld;Reservebank
2645656;Island;GIF Sundsvall;Rúnar Már Sigurjónsson;26;750000.0;Zentrales Mittelfeld;Reservebank
2645656;Island;IFK Norrköping;Arnór Ingvi Traustason;23;1250000.0;Linksaußen;Reservebank
2645656;Island;FC Augsburg;Alfred Finnbogason;27;5000000.0;Mittelstürmer;Reservebank
2645656;Island;Molde FK;Eidur Gudjohnsen;37;200000.0;Mittelstürmer;Reservebank
2645656;Ungarn;Ferencváros Budapest;Dénes Dibusz;25;1200000.0;Torwart;Reservebank
2645656;Ungarn;RasenBallsport Leipzig;Péter Gulácsi;26;700000.0;Torwart;Reservebank
2645656;Ungarn;Debreceni VSC;Mihály Korhut;27;650000.0;Linker Verteidiger;Reservebank
2645656;Ungarn;Puskás Akadémia FC;Attila Fiola;26;750000.0;Rechter Verteidiger;Reservebank
2645656;Ungarn;MTK Budapest;Barnabás Bese;22;600000.0;Rechter Verteidiger;Reservebank
2645656;Ungarn;Diósgyőri VTK;Ákos Elek;27;1000000.0;Defensives Mittelfeld;Reservebank
2645656;Ungarn;Ferencváros Budapest;Ádám Pintér;28;750000.0;Defensives Mittelfeld;Reservebank
2645656;Ungarn;Lech Posen;Gergő Lovrencsics;27;650000.0;Rechtsaußen;Reservebank
2645656;Ungarn;Legia Warschau;Nemanja Nikolics;28;3500000.0;Mittelstürmer;Reservebank
2645656;Ungarn;Hannover 96;Ádám Szalai;28;1500000.0;Mittelstürmer;Reservebank
2645656;Ungarn;Al Gharafa Sports Club;Krisztián Németh;27;1400000.0;Mittelstürmer;Reservebank
2645656;Ungarn;Ferencváros Budapest;Dániel Böde;29;800000.0;Mittelstürmer;Reservebank
