GameId;team;club;name;age;value;position;role
2645664;Kroatien;AS Monaco;Danijel Subasic;31;5000000.0;Torwart;Startaufstellung
2645664;Kroatien;Lokomotiv Moskau;Vedran Corluka;30;9000000.0;Innenverteidiger;Startaufstellung
2645664;Kroatien;Bayer 04 Leverkusen;Tin Jedvaj;20;8000000.0;Innenverteidiger;Startaufstellung
2645664;Kroatien;US Sassuolo;Sime Vrsaljko;24;13000000.0;Linker Verteidiger;Startaufstellung
2645664;Kroatien;Shakhtar Donetsk;Darijo Srna;34;4000000.0;Rechter Verteidiger;Startaufstellung
2645664;Kroatien;AC Florenz;Milan Badelj;27;8000000.0;Defensives Mittelfeld;Startaufstellung
2645664;Kroatien;GNK Dinamo Zagreb;Marko Rog;20;6000000.0;Zentrales Mittelfeld;Startaufstellung
2645664;Kroatien;FC Barcelona;Ivan Rakitic;28;50000000.0;Offensives Mittelfeld;Startaufstellung
2645664;Kroatien;Inter Mailand;Ivan Perisic;27;21000000.0;Linksaußen;Startaufstellung
2645664;Kroatien;GNK Dinamo Zagreb;Marko Pjaca;21;8000000.0;Rechtsaußen;Startaufstellung
2645664;Kroatien;AC Florenz;Nikola Kalinic;28;13500000.0;Mittelstürmer;Startaufstellung
2645664;Spanien;Manchester United;David de Gea;25;40000000.0;Torwart;Startaufstellung
2645664;Spanien;FC Barcelona;Gerard Piqué;29;40000000.0;Innenverteidiger;Startaufstellung
2645664;Spanien;Real Madrid;Sergio Ramos;30;40000000.0;Innenverteidiger;Startaufstellung
2645664;Spanien;FC Barcelona;Jordi Alba;27;35000000.0;Linker Verteidiger;Startaufstellung
2645664;Spanien;Atlético Madrid;Juanfran;31;16000000.0;Rechter Verteidiger;Startaufstellung
2645664;Spanien;FC Barcelona;Sergio Busquets;27;60000000.0;Defensives Mittelfeld;Startaufstellung
2645664;Spanien;FC Barcelona;Andrés Iniesta;32;35000000.0;Zentrales Mittelfeld;Startaufstellung
2645664;Spanien;FC Chelsea;Cesc Fàbregas;29;45000000.0;Zentrales Mittelfeld;Startaufstellung
2645664;Spanien;Celta Vigo;Nolito;29;15000000.0;Linksaußen;Startaufstellung
2645664;Spanien;Manchester City;David Silva;30;33000000.0;Rechtsaußen;Startaufstellung
2645664;Spanien;Juventus Turin;Álvaro Morata;23;30000000.0;Mittelstürmer;Startaufstellung
2645664;Kroatien;HNK Rijeka;Ivan Vargic;29;1750000.0;Torwart;Reservebank
2645664;Kroatien;HNK Hajduk Split;Lovre Kalinic;26;3000000.0;Torwart;Reservebank
2645664;Kroatien;GNK Dinamo Zagreb;Gordon Schildenfeld;31;1500000.0;Innenverteidiger;Reservebank
2645664;Kroatien;Dynamo Kiew;Domagoj Vida;27;7500000.0;Innenverteidiger;Reservebank
2645664;Kroatien;SSC Neapel;Ivan Strinic;28;4500000.0;Linker Verteidiger;Reservebank
2645664;Kroatien;Real Madrid;Luka Modric;30;50000000.0;Zentrales Mittelfeld;Reservebank
2645664;Kroatien;Inter Mailand;Marcelo Brozovic;23;18000000.0;Zentrales Mittelfeld;Reservebank
2645664;Kroatien;Real Madrid;Mateo Kovacic;22;20000000.0;Zentrales Mittelfeld;Reservebank
2645664;Kroatien;GNK Dinamo Zagreb;Ante Coric;19;7000000.0;Offensives Mittelfeld;Reservebank
2645664;Kroatien;TSG 1899 Hoffenheim;Andrej Kramaric;25;7500000.0;Mittelstürmer;Reservebank
2645664;Kroatien;Juventus Turin;Mario Mandzukic;30;19000000.0;Mittelstürmer;Reservebank
2645664;Kroatien;FC Málaga;Duje Cop;26;3000000.0;Mittelstürmer;Reservebank
2645664;Spanien;FC Porto;Iker Casillas;35;3000000.0;Torwart;Reservebank
2645664;Spanien;FC Sevilla;Sergio Rico;22;15000000.0;Torwart;Reservebank
2645664;Spanien;FC Barcelona;Marc Bartra;25;8000000.0;Innenverteidiger;Reservebank
2645664;Spanien;FC Chelsea;César Azpilicueta;26;20000000.0;Rechter Verteidiger;Reservebank
2645664;Spanien;FC Arsenal;Héctor Bellerín;21;18000000.0;Rechter Verteidiger;Reservebank
2645664;Spanien;FC Villarreal;Bruno Soriano;32;8000000.0;Defensives Mittelfeld;Reservebank
2645664;Spanien;Athletic Bilbao;Mikel San José;27;10000000.0;Defensives Mittelfeld;Reservebank
2645664;Spanien;Atlético Madrid;Koke;24;60000000.0;Zentrales Mittelfeld;Reservebank
2645664;Spanien;FC Bayern München;Thiago;25;25000000.0;Linkes Mittelfeld;Reservebank
2645664;Spanien;FC Chelsea;Pedro;28;23000000.0;Linksaußen;Reservebank
2645664;Spanien;Real Madrid;Lucas Vázquez;24;10000000.0;Rechtsaußen;Reservebank
2645664;Spanien;Athletic Bilbao;Aritz Aduriz;35;3000000.0;Mittelstürmer;Reservebank
