GameId;team;club;name;age;value;position;role
2645652;Spanien;Manchester United;David de Gea;25;40000000.0;Torwart;Startaufstellung
2645652;Spanien;FC Barcelona;Gerard Piqué;29;40000000.0;Innenverteidiger;Startaufstellung
2645652;Spanien;Real Madrid;Sergio Ramos;30;40000000.0;Innenverteidiger;Startaufstellung
2645652;Spanien;FC Barcelona;Jordi Alba;27;35000000.0;Linker Verteidiger;Startaufstellung
2645652;Spanien;Atlético Madrid;Juanfran;31;16000000.0;Rechter Verteidiger;Startaufstellung
2645652;Spanien;FC Barcelona;Sergio Busquets;27;60000000.0;Defensives Mittelfeld;Startaufstellung
2645652;Spanien;FC Barcelona;Andrés Iniesta;32;35000000.0;Zentrales Mittelfeld;Startaufstellung
2645652;Spanien;FC Chelsea;Cesc Fàbregas;29;45000000.0;Zentrales Mittelfeld;Startaufstellung
2645652;Spanien;Celta Vigo;Nolito;29;15000000.0;Linksaußen;Startaufstellung
2645652;Spanien;Manchester City;David Silva;30;33000000.0;Rechtsaußen;Startaufstellung
2645652;Spanien;Juventus Turin;Álvaro Morata;23;30000000.0;Mittelstürmer;Startaufstellung
2645652;Türkei;Basaksehir;Volkan Babacan;27;8000000.0;Torwart;Startaufstellung
2645652;Türkei;Galatasaray Istanbul;Hakan Balta;33;1000000.0;Innenverteidiger;Startaufstellung
2645652;Türkei;Fenerbahce Istanbul;Mehmet Topal;30;10000000.0;Innenverteidiger;Startaufstellung
2645652;Türkei;Fenerbahce Istanbul;Caner Erkin;27;9000000.0;Linker Verteidiger;Startaufstellung
2645652;Türkei;Fenerbahce Istanbul;Gökhan Gönül;31;6000000.0;Rechter Verteidiger;Startaufstellung
2645652;Türkei;Galatasaray Istanbul;Selcuk Inan;31;6000000.0;Defensives Mittelfeld;Startaufstellung
2645652;Türkei;Fenerbahce Istanbul;Ozan Tufan;21;7000000.0;Zentrales Mittelfeld;Startaufstellung
2645652;Türkei;Besiktas Istanbul;Oguzhan Özyakup;23;14000000.0;Offensives Mittelfeld;Startaufstellung
2645652;Türkei;FC Barcelona;Arda Turan;29;30000000.0;Linksaußen;Startaufstellung
2645652;Türkei;Bayer 04 Leverkusen;Hakan Calhanoglu;22;18000000.0;Rechtsaußen;Startaufstellung
2645652;Türkei;Beijing Guoan;Burak Yilmaz;30;5000000.0;Mittelstürmer;Startaufstellung
2645652;Spanien;FC Porto;Iker Casillas;35;3000000.0;Torwart;Reservebank
2645652;Spanien;FC Sevilla;Sergio Rico;22;15000000.0;Torwart;Reservebank
2645652;Spanien;FC Barcelona;Marc Bartra;25;8000000.0;Innenverteidiger;Reservebank
2645652;Spanien;FC Chelsea;César Azpilicueta;26;20000000.0;Linker Verteidiger;Reservebank
2645652;Spanien;FC Arsenal;Héctor Bellerín;21;18000000.0;Rechter Verteidiger;Reservebank
2645652;Spanien;FC Villarreal;Bruno Soriano;32;8000000.0;Zentrales Mittelfeld;Reservebank
2645652;Spanien;Athletic Bilbao;Mikel San José;27;10000000.0;Defensives Mittelfeld;Reservebank
2645652;Spanien;Atlético Madrid;Koke;24;60000000.0;Rechtsaußen;Reservebank
2645652;Spanien;FC Bayern München;Thiago;25;25000000.0;Zentrales Mittelfeld;Reservebank
2645652;Spanien;FC Chelsea;Pedro;28;23000000.0;Linksaußen;Reservebank
2645652;Spanien;Real Madrid;Lucas Vázquez;24;10000000.0;Rechtsaußen;Reservebank
2645652;Spanien;Athletic Bilbao;Aritz Aduriz;35;3000000.0;Mittelstürmer;Reservebank
2645652;Türkei;Trabzonspor;Onur Kivrak;28;6750000.0;Torwart;Reservebank
2645652;Türkei;Bursaspor;Harun Tekin;27;2500000.0;Torwart;Reservebank
2645652;Türkei;Galatasaray Istanbul;Semih Kaya;25;5750000.0;Innenverteidiger;Reservebank
2645652;Türkei;Genclerbirligi Ankara;Ahmet Calik;22;5000000.0;Innenverteidiger;Reservebank
2645652;Türkei;Besiktas Istanbul;Ismail Köybasi;26;5000000.0;Linker Verteidiger;Reservebank
2645652;Türkei;Fenerbahce Istanbul;Sener Özbayrakli;26;5000000.0;Rechter Verteidiger;Reservebank
2645652;Türkei;Borussia Dortmund;Nuri Sahin;27;6500000.0;Zentrales Mittelfeld;Reservebank
2645652;Türkei;1.FSV Mainz 05;Yunus Malli;24;10000000.0;Linksaußen;Reservebank
2645652;Türkei;Besiktas Istanbul;Olcay Sahan;29;5500000.0;Rechtsaußen;Reservebank
2645652;Türkei;FC Nordsjaelland;Emre Mor;18;1000000.0;Rechtsaußen;Reservebank
2645652;Türkei;Fenerbahce Istanbul;Volkan Sen;28;7500000.0;Rechtsaußen;Reservebank
2645652;Türkei;Besiktas Istanbul;Cenk Tosun;25;8000000.0;Mittelstürmer;Reservebank
