GameId;team;club;name;age;value;position;role
2645668;Ungarn;Szombathelyi Haladás;Gábor Király;40;250000.0;Torwart;Startaufstellung
2645668;Ungarn;Wisla Krakau;Richárd Guzmics;29;750000.0;Innenverteidiger;Startaufstellung
2645668;Ungarn;Videoton FC;Roland Juhász;32;1000000.0;Innenverteidiger;Startaufstellung
2645668;Ungarn;Debreceni VSC;Mihály Korhut;27;650000.0;Linker Verteidiger;Startaufstellung
2645668;Ungarn;Videoton FC;Ádám Lang;23;800000.0;Rechter Verteidiger;Startaufstellung
2645668;Ungarn;Ferencváros Budapest;Zoltán Gera;37;500000.0;Defensives Mittelfeld;Startaufstellung
2645668;Ungarn;Diósgyőri VTK;Ákos Elek;27;1000000.0;Zentrales Mittelfeld;Startaufstellung
2645668;Ungarn;Ferencváros Budapest;Ádám Pintér;28;750000.0;Offensives Mittelfeld;Startaufstellung
2645668;Ungarn;Bursaspor;Balázs Dzsudzsák;29;4250000.0;Linksaußen;Startaufstellung
2645668;Ungarn;Lech Posen;Gergő Lovrencsics;27;650000.0;Rechtsaußen;Startaufstellung
2645668;Ungarn;Hannover 96;Ádám Szalai;28;1500000.0;Mittelstürmer;Startaufstellung
2645668;Portugal;Sporting Lissabon;Rui Patrício;28;14000000.0;Torwart;Startaufstellung
2645668;Portugal;Real Madrid;Pepe;33;6000000.0;Innenverteidiger;Startaufstellung
2645668;Portugal;AS Monaco;Ricardo Carvalho;38;500000.0;Innenverteidiger;Startaufstellung
2645668;Portugal;Benfica Lissabon;Eliseu;32;2000000.0;Linker Verteidiger;Startaufstellung
2645668;Portugal;VfL Wolfsburg;Vieirinha;30;7000000.0;Rechter Verteidiger;Startaufstellung
2645668;Portugal;Sporting Lissabon;William Carvalho;24;26000000.0;Zentrales Mittelfeld;Startaufstellung
2645668;Portugal;AS Monaco;João Moutinho;29;18000000.0;Zentrales Mittelfeld;Startaufstellung
2645668;Portugal;Sporting Lissabon;João Mário;23;20000000.0;Rechtes Mittelfeld;Startaufstellung
2645668;Portugal;FC Valencia;André Gomes;22;20000000.0;Linkes Mittelfeld;Startaufstellung
2645668;Portugal;Fenerbahce Istanbul;Nani;29;14500000.0;Hängende Spitze;Startaufstellung
2645668;Portugal;Real Madrid;Cristiano Ronaldo;31;110000000.0;Mittelstürmer;Startaufstellung
2645668;Ungarn;Ferencváros Budapest;Dénes Dibusz;25;1200000.0;Torwart;Reservebank
2645668;Ungarn;RasenBallsport Leipzig;Péter Gulácsi;26;700000.0;Torwart;Reservebank
2645668;Ungarn;Lech Posen;Tamás Kádár;26;750000.0;Innenverteidiger;Reservebank
2645668;Ungarn;Puskás Akadémia FC;Attila Fiola;26;750000.0;Rechter Verteidiger;Reservebank
2645668;Ungarn;MTK Budapest;Barnabás Bese;22;600000.0;Rechtes Mittelfeld;Reservebank
2645668;Ungarn;Ferencváros Budapest;Ádám Nagy;21;1500000.0;Defensives Mittelfeld;Reservebank
2645668;Ungarn;SV Werder Bremen;László Kleinheisler;22;600000.0;Offensives Mittelfeld;Reservebank
2645668;Ungarn;1.FC Nürnberg;Zoltán Stieber;27;800000.0;Linksaußen;Reservebank
2645668;Ungarn;Legia Warschau;Nemanja Nikolics;28;3500000.0;Mittelstürmer;Reservebank
2645668;Ungarn;Al Gharafa Sports Club;Krisztián Németh;27;1400000.0;Mittelstürmer;Reservebank
2645668;Ungarn;Ferencváros Budapest;Dániel Böde;29;800000.0;Mittelstürmer;Reservebank
2645668;Ungarn;Slovan Bratislava;Tamás Priskin;29;600000.0;Mittelstürmer;Reservebank
2645668;Portugal;Olympique Lyon;Anthony Lopes;25;13000000.0;Torwart;Reservebank
2645668;Portugal;GNK Dinamo Zagreb;Eduardo;33;1500000.0;Torwart;Reservebank
2645668;Portugal;Fenerbahce Istanbul;Bruno Alves;34;2000000.0;Innenverteidiger;Reservebank
2645668;Portugal;FC Southampton;José Fonte;32;5000000.0;Innenverteidiger;Reservebank
2645668;Portugal;FC Lorient;Raphaël Guerreiro;22;9000000.0;Linker Verteidiger;Reservebank
2645668;Portugal;FC Southampton;Cédric Soares;24;11000000.0;Rechter Verteidiger;Reservebank
2645668;Portugal;FC Porto;Danilo Pereira;24;12000000.0;Defensives Mittelfeld;Reservebank
2645668;Portugal;Benfica Lissabon;Renato Sanches;18;20000000.0;Zentrales Mittelfeld;Reservebank
2645668;Portugal;Sporting Lissabon;Adrien Silva;27;18000000.0;Zentrales Mittelfeld;Reservebank
2645668;Portugal;SC Braga;Rafa Silva;23;15000000.0;Linksaußen;Reservebank
2645668;Portugal;Besiktas Istanbul;Ricardo Quaresma;32;4000000.0;Hängende Spitze;Reservebank
2645668;Portugal;LOSC Lille;Éder;28;5000000.0;Mittelstürmer;Reservebank
