GameId;team;club;name;age;value;position;role
2645648;Russland;ZSKA Moskau;Igor Akinfeev;30;14000000.0;Torwart;Startaufstellung
2645648;Russland;ZSKA Moskau;Sergey Ignashevich;36;200000.0;Innenverteidiger;Startaufstellung
2645648;Russland;ZSKA Moskau;Vasili Berezutski;33;3000000.0;Innenverteidiger;Startaufstellung
2645648;Russland;ZSKA Moskau;Georgi Schennikov;25;4000000.0;Linker Verteidiger;Startaufstellung
2645648;Russland;Zenit St. Petersburg;Igor Smolnikov;27;12000000.0;Rechter Verteidiger;Startaufstellung
2645648;Russland;FC Schalke 04;Roman Neustädter;28;7000000.0;Defensives Mittelfeld;Startaufstellung
2645648;Russland;ZSKA Moskau;Aleksandr Golovin;20;3000000.0;Zentrales Mittelfeld;Startaufstellung
2645648;Russland;Zenit St. Petersburg;Oleg Shatov;25;14000000.0;Offensives Mittelfeld;Startaufstellung
2645648;Russland;FK Krasnodar;Fedor Smolov;26;8000000.0;Linksaußen;Startaufstellung
2645648;Russland;Zenit St. Petersburg;Aleksandr Kokorin;25;7000000.0;Rechtsaußen;Startaufstellung
2645648;Russland;Zenit St. Petersburg;Artem Dzyuba;27;10000000.0;Mittelstürmer;Startaufstellung
2645648;Slowakei;FC Viktoria Pilsen;Matus Kozacik;32;1000000.0;Torwart;Startaufstellung
2645648;Slowakei;Lokomotiv Moskau;Jan Durica;34;250000.0;Innenverteidiger;Startaufstellung
2645648;Slowakei;FC Liverpool;Martin Skrtel;31;10000000.0;Innenverteidiger;Startaufstellung
2645648;Slowakei;Dinamo Moskau;Tomas Hubocan;30;4500000.0;Linker Verteidiger;Startaufstellung
2645648;Slowakei;Hertha BSC;Peter Pekarík;29;2500000.0;Rechter Verteidiger;Startaufstellung
2645648;Slowakei;MSK Zilina;Viktor Pecovsky;33;350000.0;Defensives Mittelfeld;Startaufstellung
2645648;Slowakei;SSC Neapel;Marek Hamsik;28;35000000.0;Zentrales Mittelfeld;Startaufstellung
2645648;Slowakei;AC Mailand;Juraj Kucka;29;8000000.0;Zentrales Mittelfeld;Startaufstellung
2645648;Slowakei;Al Gharafa Sports Club;Vladimír Weiss;26;2800000.0;Linksaußen;Startaufstellung
2645648;Slowakei;PAOK Thessaloniki;Róbert Mak;25;3000000.0;Rechtsaußen;Startaufstellung
2645648;Slowakei;Legia Warschau;Ondrej Duda;21;3200000.0;Mittelstürmer;Startaufstellung
2645648;Russland;Zenit St. Petersburg;Yuri Lodygin;26;8000000.0;Torwart;Reservebank
2645648;Russland;Lokomotiv Moskau;Guilherme;30;6000000.0;Torwart;Reservebank
2645648;Russland;ZSKA Moskau;Aleksey Berezutski;33;1000000.0;Innenverteidiger;Reservebank
2645648;Russland;Spartak Moskau;Dmitri Kombarov;29;5000000.0;Linker Verteidiger;Reservebank
2645648;Russland;Lokomotiv Moskau;Roman Shishkin;29;3000000.0;Rechter Verteidiger;Reservebank
2645648;Russland;FK Krasnodar;Dmitri Torbinski;32;1000000.0;Zentrales Mittelfeld;Reservebank
2645648;Russland;Spartak Moskau;Denis Glushakov;29;5000000.0;Defensives Mittelfeld;Reservebank
2645648;Russland;Zenit St. Petersburg;Artur Yusupov;26;4000000.0;Zentrales Mittelfeld;Reservebank
2645648;Russland;FK Krasnodar;Pavel Mamaev;27;12000000.0;Zentrales Mittelfeld;Reservebank
2645648;Russland;ZSKA Moskau;Roman Shirokov;34;1000000.0;Offensives Mittelfeld;Reservebank
2645648;Russland;Lokomotiv Moskau;Aleksandr Samedov;31;4000000.0;Rechtes Mittelfeld;Reservebank
2645648;Russland;Terek Grozny;Oleg Ivanov;29;4000000.0;Offensives Mittelfeld;Reservebank
2645648;Slowakei;Slovan Bratislava;Ján Mucha;33;500000.0;Torwart;Reservebank
2645648;Slowakei;SK Rapid Wien;Ján Novota;32;700000.0;Torwart;Reservebank
2645648;Slowakei;AS Rom;Norbert Gyömbér;23;700000.0;Innenverteidiger;Reservebank
2645648;Slowakei;Sampdoria Genua;Milan Skriniar;21;600000.0;Innenverteidiger;Reservebank
2645648;Slowakei;Slovan Bratislava;Kornel Salata;31;500000.0;Innenverteidiger;Reservebank
2645648;Slowakei;1.FC Köln;Dusan Svento;30;750000.0;Linkes Mittelfeld;Reservebank
2645648;Slowakei;FK Jablonec;Jan Gregus;25;750000.0;Zentrales Mittelfeld;Reservebank
2645648;Slowakei;FC Viktoria Pilsen;Patrik Hrosovsky;24;2000000.0;Zentrales Mittelfeld;Reservebank
2645648;Slowakei;Bursaspor;Miroslav Stoch;26;4500000.0;Linksaußen;Reservebank
2645648;Slowakei;Willem II Tilburg;Adam Nemec;30;300000.0;Mittelstürmer;Reservebank
2645648;Slowakei;Ferencváros Budapest;Stanislav Sestak;33;500000.0;Mittelstürmer;Reservebank
2645648;Slowakei;FC Viktoria Pilsen;Michal Duris;28;2000000.0;Rechtsaußen;Reservebank
