GameId;team;club;name;age;value;position;role
2645663;Nordirland;Hamilton Academical FC;Michael McGovern;31;500000.0;Torwart;Startaufstellung
2645663;Nordirland;West Bromwich Albion;Gareth McAuley;36;1000000.0;Innenverteidiger;Startaufstellung
2645663;Nordirland;FC Watford;Craig Cathcart;27;4000000.0;Innenverteidiger;Startaufstellung
2645663;Nordirland;West Bromwich Albion;Jonny Evans;28;6000000.0;Linker Verteidiger;Startaufstellung
2645663;Nordirland;Melbourne City FC;Aaron Hughes;36;350000.0;Rechter Verteidiger;Startaufstellung
2645663;Nordirland;FC Reading;Oliver Norwood;25;2000000.0;Defensives Mittelfeld;Startaufstellung
2645663;Nordirland;FC Southampton;Steven Davis;31;6000000.0;Zentrales Mittelfeld;Startaufstellung
2645663;Nordirland;Blackburn Rovers;Corry Evans;25;1250000.0;Zentrales Mittelfeld;Startaufstellung
2645663;Nordirland;Leeds United;Stuart Dallas;25;1500000.0;Linkes Mittelfeld;Startaufstellung
2645663;Nordirland;Nottingham Forest;Jamie Ward;30;1750000.0;Rechtsaußen;Startaufstellung
2645663;Nordirland;Queens Park Rangers;Conor Washington;24;2000000.0;Mittelstürmer;Startaufstellung
2645663;Deutschland;FC Bayern München;Manuel Neuer;30;45000000.0;Torwart;Startaufstellung
2645663;Deutschland;Borussia Dortmund;Mats Hummels;27;38000000.0;Innenverteidiger;Startaufstellung
2645663;Deutschland;FC Bayern München;Jérôme Boateng;27;40000000.0;Innenverteidiger;Startaufstellung
2645663;Deutschland;1.FC Köln;Jonas Hector;26;11000000.0;Linker Verteidiger;Startaufstellung
2645663;Deutschland;FC Bayern München;Joshua Kimmich;21;13000000.0;Rechter Verteidiger;Startaufstellung
2645663;Deutschland;Real Madrid;Toni Kroos;26;50000000.0;Defensives Mittelfeld;Startaufstellung
2645663;Deutschland;Juventus Turin;Sami Khedira;29;20000000.0;Defensives Mittelfeld;Startaufstellung
2645663;Deutschland;FC Arsenal;Mesut Özil;27;50000000.0;Offensives Mittelfeld;Startaufstellung
2645663;Deutschland;FC Bayern München;Mario Götze;24;35000000.0;Linksaußen;Startaufstellung
2645663;Deutschland;FC Bayern München;Thomas Müller;26;75000000.0;Rechtsaußen;Startaufstellung
2645663;Deutschland;Besiktas Istanbul;Mario Gómez;30;12000000.0;Mittelstürmer;Startaufstellung
2645663;Nordirland;Notts County;Roy Carroll;38;150000.0;Torwart;Reservebank
2645663;Nordirland;St. Johnstone FC;Alan Mannus;34;450000.0;Torwart;Reservebank
2645663;Nordirland;Manchester United;Paddy McNair;21;4500000.0;Innenverteidiger;Reservebank
2645663;Nordirland;Fleetwood Town;Conor McLaughlin;24;250000.0;Rechter Verteidiger;Reservebank
2645663;Nordirland;Milton Keynes Dons;Lee Hodson;24;350000.0;Rechter Verteidiger;Reservebank
2645663;Nordirland;Derby County;Chris Baird;34;500000.0;Defensives Mittelfeld;Reservebank
2645663;Nordirland;Doncaster Rovers;Luke McCullough;22;250000.0;Defensives Mittelfeld;Reservebank
2645663;Nordirland;FC Millwall;Shane Ferguson;24;750000.0;Linkes Mittelfeld;Reservebank
2645663;Nordirland;Aberdeen FC;Niall McGinn;28;750000.0;Linksaußen;Reservebank
2645663;Nordirland;Wigan Athletic;Will Grigg;24;1500000.0;Mittelstürmer;Reservebank
2645663;Nordirland;Norwich City;Kyle Lafferty;28;2000000.0;Mittelstürmer;Reservebank
2645663;Nordirland;Kilmarnock FC;Josh Magennis;25;300000.0;Rechtsaußen;Reservebank
2645663;Deutschland;Bayer 04 Leverkusen;Bernd Leno;24;16000000.0;Torwart;Reservebank
2645663;Deutschland;FC Barcelona;Marc-André ter Stegen;24;15000000.0;Torwart;Reservebank
2645663;Deutschland;FC Valencia;Shkodran Mustafi;24;20000000.0;Innenverteidiger;Reservebank
2645663;Deutschland;FC Schalke 04;Benedikt Höwedes;28;16000000.0;Innenverteidiger;Reservebank
2645663;Deutschland;Bayer 04 Leverkusen;Jonathan Tah;20;12000000.0;Innenverteidiger;Reservebank
2645663;Deutschland;FC Liverpool;Emre Can;22;18000000.0;Defensives Mittelfeld;Reservebank
2645663;Deutschland;Borussia Dortmund;Julian Weigl;20;14000000.0;Defensives Mittelfeld;Reservebank
2645663;Deutschland;Manchester United;Bastian Schweinsteiger;31;12000000.0;Zentrales Mittelfeld;Reservebank
2645663;Deutschland;FC Schalke 04;Leroy Sané;20;18000000.0;Linksaußen;Reservebank
2645663;Deutschland;VfL Wolfsburg;André Schürrle;25;18000000.0;Linksaußen;Reservebank
2645663;Deutschland;VfL Wolfsburg;Julian Draxler;22;24000000.0;Linksaußen;Reservebank
2645663;Deutschland;Galatasaray Istanbul;Lukas Podolski;31;8000000.0;Mittelstürmer;Reservebank
