GameId;team;club;name;age;value;position;role
2645653;Tschechien;FC Arsenal;Petr Cech;34;12000000.0;Torwart;Startaufstellung
2645653;Tschechien;FC Viktoria Pilsen;Roman Hubník;32;400000.0;Innenverteidiger;Startaufstellung
2645653;Tschechien;Bursaspor;Tomás Sivok;32;2000000.0;Innenverteidiger;Startaufstellung
2645653;Tschechien;FC Viktoria Pilsen;David Limbersky;32;1250000.0;Linker Verteidiger;Startaufstellung
2645653;Tschechien;TSG 1899 Hoffenheim;Pavel Kaderábek;24;3500000.0;Rechter Verteidiger;Startaufstellung
2645653;Tschechien;FC Girondins Bordeaux;Jaroslav Plasil;34;1000000.0;Defensives Mittelfeld;Startaufstellung
2645653;Tschechien;Hertha BSC;Vladimír Darida;25;10000000.0;Defensives Mittelfeld;Startaufstellung
2645653;Tschechien;FC Arsenal;Tomás Rosicky;35;1000000.0;Offensives Mittelfeld;Startaufstellung
2645653;Tschechien;AC Sparta Prag;Ladislav Krejcí;23;4000000.0;Linksaußen;Startaufstellung
2645653;Tschechien;Brighton & Hove Albion;Jirí Skalák;24;1500000.0;Rechtsaußen;Startaufstellung
2645653;Tschechien;AC Sparta Prag;David Lafata;34;1000000.0;Mittelstürmer;Startaufstellung
2645653;Kroatien;AS Monaco;Danijel Subasic;31;5000000.0;Torwart;Startaufstellung
2645653;Kroatien;Lokomotiv Moskau;Vedran Corluka;30;9000000.0;Innenverteidiger;Startaufstellung
2645653;Kroatien;Dynamo Kiew;Domagoj Vida;27;7500000.0;Innenverteidiger;Startaufstellung
2645653;Kroatien;SSC Neapel;Ivan Strinic;28;4500000.0;Linker Verteidiger;Startaufstellung
2645653;Kroatien;Shakhtar Donetsk;Darijo Srna;34;4000000.0;Rechter Verteidiger;Startaufstellung
2645653;Kroatien;AC Florenz;Milan Badelj;27;8000000.0;Defensives Mittelfeld;Startaufstellung
2645653;Kroatien;Real Madrid;Luka Modric;30;50000000.0;Zentrales Mittelfeld;Startaufstellung
2645653;Kroatien;Inter Mailand;Marcelo Brozovic;23;18000000.0;Rechtes Mittelfeld;Startaufstellung
2645653;Kroatien;FC Barcelona;Ivan Rakitic;28;50000000.0;Offensives Mittelfeld;Startaufstellung
2645653;Kroatien;Inter Mailand;Ivan Perisic;27;21000000.0;Linksaußen;Startaufstellung
2645653;Kroatien;Juventus Turin;Mario Mandzukic;30;19000000.0;Mittelstürmer;Startaufstellung
2645653;Tschechien;FC Basel 1893;Tomás Vaclík;27;4000000.0;Torwart;Reservebank
2645653;Tschechien;FC Slovan Liberec;Tomas Koubek;23;1000000.0;Torwart;Reservebank
2645653;Tschechien;Fenerbahce Istanbul;Michal Kadlec;31;1400000.0;Innenverteidiger;Reservebank
2645653;Tschechien;FC Basel 1893;Marek Suchy;28;4500000.0;Innenverteidiger;Reservebank
2645653;Tschechien;FC Watford;Daniel Pudil;30;1500000.0;Linker Verteidiger;Reservebank
2645653;Tschechien;SV Werder Bremen;Theodor Gebre Selassie;29;2750000.0;Rechter Verteidiger;Reservebank
2645653;Tschechien;Kasimpasa;David Pavelka;25;1500000.0;Zentrales Mittelfeld;Reservebank
2645653;Tschechien;AC Sparta Prag;Borek Dockal;27;3000000.0;Offensives Mittelfeld;Reservebank
2645653;Tschechien;FC Viktoria Pilsen;Daniel Kolar;30;1500000.0;Offensives Mittelfeld;Reservebank
2645653;Tschechien;AC Sparta Prag;Josef Sural;26;1750000.0;Rechtsaußen;Reservebank
2645653;Tschechien;Bursaspor;Tomas Necid;26;4500000.0;Mittelstürmer;Reservebank
2645653;Tschechien;SK Slavia Prag;Milan Skoda;30;900000.0;Mittelstürmer;Reservebank
2645653;Kroatien;HNK Rijeka;Ivan Vargic;29;1750000.0;Torwart;Reservebank
2645653;Kroatien;HNK Hajduk Split;Lovre Kalinic;26;3000000.0;Torwart;Reservebank
2645653;Kroatien;Bayer 04 Leverkusen;Tin Jedvaj;20;8000000.0;Innenverteidiger;Reservebank
2645653;Kroatien;GNK Dinamo Zagreb;Gordon Schildenfeld;31;1500000.0;Innenverteidiger;Reservebank
2645653;Kroatien;US Sassuolo;Sime Vrsaljko;24;13000000.0;Rechter Verteidiger;Reservebank
2645653;Kroatien;Real Madrid;Mateo Kovacic;22;20000000.0;Zentrales Mittelfeld;Reservebank
2645653;Kroatien;GNK Dinamo Zagreb;Marko Rog;20;6000000.0;Zentrales Mittelfeld;Reservebank
2645653;Kroatien;GNK Dinamo Zagreb;Ante Coric;19;7000000.0;Offensives Mittelfeld;Reservebank
2645653;Kroatien;GNK Dinamo Zagreb;Marko Pjaca;21;8000000.0;Linksaußen;Reservebank
2645653;Kroatien;AC Florenz;Nikola Kalinic;28;13500000.0;Mittelstürmer;Reservebank
2645653;Kroatien;TSG 1899 Hoffenheim;Andrej Kramaric;24;7500000.0;Mittelstürmer;Reservebank
2645653;Kroatien;FC Málaga;Duje Cop;26;3000000.0;Mittelstürmer;Reservebank
