GameId;team;club;name;age;value;position;role
2645644;Österreich;FK Austria Wien;Robert Almer;32;1000000.0;Torwart;Startaufstellung
2645644;Österreich;Borussia Mönchengladbach;Martin Hinteregger;23;6000000.0;Innenverteidiger;Startaufstellung
2645644;Österreich;Dynamo Kiew;Aleksandar Dragovic;25;15000000.0;Innenverteidiger;Startaufstellung
2645644;Österreich;Leicester City;Christian Fuchs;30;6000000.0;Linker Verteidiger;Startaufstellung
2645644;Österreich;VfB Stuttgart;Florian Klein;29;1500000.0;Rechter Verteidiger;Startaufstellung
2645644;Österreich;1.FSV Mainz 05;Julian Baumgartlinger;28;6000000.0;Defensives Mittelfeld;Startaufstellung
2645644;Österreich;FC Bayern München;David Alaba;23;45000000.0;Zentrales Mittelfeld;Startaufstellung
2645644;Österreich;SV Werder Bremen;Zlatko Junuzovic;28;7000000.0;Offensives Mittelfeld;Startaufstellung
2645644;Österreich;Stoke City;Marko Arnautovic;27;10000000.0;Linksaußen;Startaufstellung
2645644;Österreich;VfB Stuttgart;Martin Harnik;29;2500000.0;Rechtsaußen;Startaufstellung
2645644;Österreich;FC Basel 1893;Marc Janko;32;1750000.0;Mittelstürmer;Startaufstellung
2645644;Ungarn;Szombathelyi Haladás;Gábor Király;40;250000.0;Torwart;Startaufstellung
2645644;Ungarn;Videoton FC;Ádám Lang;23;800000.0;Innenverteidiger;Startaufstellung
2645644;Ungarn;Wisla Krakau;Richárd Guzmics;29;750000.0;Innenverteidiger;Startaufstellung
2645644;Ungarn;Lech Posen;Tamás Kádár;26;750000.0;Linker Verteidiger;Startaufstellung
2645644;Ungarn;Puskás Akadémia FC;Attila Fiola;26;750000.0;Rechter Verteidiger;Startaufstellung
2645644;Ungarn;Ferencváros Budapest;Zoltán Gera;37;500000.0;Defensives Mittelfeld;Startaufstellung
2645644;Ungarn;Ferencváros Budapest;Ádám Nagy;20;1500000.0;Zentrales Mittelfeld;Startaufstellung
2645644;Ungarn;SV Werder Bremen;László Kleinheisler;22;600000.0;Offensives Mittelfeld;Startaufstellung
2645644;Ungarn;Al Gharafa Sports Club;Krisztián Németh;27;1400000.0;Linksaußen;Startaufstellung
2645644;Ungarn;Bursaspor;Balázs Dzsudzsák;29;4250000.0;Rechtsaußen;Startaufstellung
2645644;Ungarn;Hannover 96;Ádám Szalai;28;1500000.0;Mittelstürmer;Startaufstellung
2645644;Österreich;FC Ingolstadt 04;Ramazan Özcan;31;1250000.0;Torwart;Reservebank
2645644;Österreich;Eintracht Frankfurt;Heinz Lindner;25;1000000.0;Torwart;Reservebank
2645644;Österreich;Tottenham Hotspur;Kevin Wimmer;23;7000000.0;Innenverteidiger;Reservebank
2645644;Österreich;FC Watford;Sebastian Prödl;28;4000000.0;Innenverteidiger;Reservebank
2645644;Österreich;FC Ingolstadt 04;Markus Suttner;29;1500000.0;Linker Verteidiger;Reservebank
2645644;Österreich;SV Darmstadt 98;György Garics;32;750000.0;Rechter Verteidiger;Reservebank
2645644;Österreich;RasenBallsport Leipzig;Stefan Ilsanker;27;2000000.0;Defensives Mittelfeld;Reservebank
2645644;Österreich;FC Schalke 04;Alessandro Schöpf;22;5000000.0;Offensives Mittelfeld;Reservebank
2645644;Österreich;FC Luzern;Jakob Jantscher;27;1500000.0;Linkes Mittelfeld;Reservebank
2645644;Österreich;RasenBallsport Leipzig;Marcel Sabitzer;22;4000000.0;Rechtsaußen;Reservebank
2645644;Österreich;TSV 1860 München;Rubin Okotie;29;1200000.0;Mittelstürmer;Reservebank
2645644;Österreich;FC Ingolstadt 04;Lukas Hinterseer;25;2000000.0;Mittelstürmer;Reservebank
2645644;Ungarn;Ferencváros Budapest;Dénes Dibusz;25;1200000.0;Torwart;Reservebank
2645644;Ungarn;RasenBallsport Leipzig;Péter Gulácsi;26;700000.0;Torwart;Reservebank
2645644;Ungarn;Videoton FC;Roland Juhász;32;1000000.0;Innenverteidiger;Reservebank
2645644;Ungarn;Debreceni VSC;Mihály Korhut;27;650000.0;Linker Verteidiger;Reservebank
2645644;Ungarn;MTK Budapest;Barnabás Bese;22;600000.0;Rechter Verteidiger;Reservebank
2645644;Ungarn;Diósgyőri VTK;Ákos Elek;27;1000000.0;Defensives Mittelfeld;Reservebank
2645644;Ungarn;Ferencváros Budapest;Ádám Pintér;28;750000.0;Defensives Mittelfeld;Reservebank
2645644;Ungarn;1.FC Nürnberg;Zoltán Stieber;27;800000.0;Offensives Mittelfeld;Reservebank
2645644;Ungarn;Lech Posen;Gergő Lovrencsics;27;650000.0;Rechtsaußen;Reservebank
2645644;Ungarn;Legia Warschau;Nemanja Nikolics;28;3500000.0;Mittelstürmer;Reservebank
2645644;Ungarn;Ferencváros Budapest;Dániel Böde;29;800000.0;Mittelstürmer;Reservebank
2645644;Ungarn;Slovan Bratislava;Tamás Priskin;29;600000.0;Mittelstürmer;Reservebank
