GameId;team;club;name;age;value;position;role
2645635;Frankreich;Tottenham Hotspur;Hugo Lloris;29;24000000.0;Torwart;Startaufstellung
2645635;Frankreich;FC Sevilla;Adil Rami;30;7000000.0;Innenverteidiger;Startaufstellung
2645635;Frankreich;FC Arsenal;Laurent Koscielny;30;22000000.0;Innenverteidiger;Startaufstellung
2645635;Frankreich;Juventus Turin;Patrice Evra;35;1000000.0;Linker Verteidiger;Startaufstellung
2645635;Frankreich;Manchester City;Bacary Sagna;33;7000000.0;Rechter Verteidiger;Startaufstellung
2645635;Frankreich;Leicester City;N'Golo Kanté;25;20000000.0;Defensives Mittelfeld;Startaufstellung
2645635;Frankreich;FC Paris Saint-Germain;Blaise Matuidi;29;30000000.0;Zentrales Mittelfeld;Startaufstellung
2645635;Frankreich;Juventus Turin;Paul Pogba;23;70000000.0;Zentrales Mittelfeld;Startaufstellung
2645635;Frankreich;West Ham United;Dimitri Payet;29;23000000.0;Linksaußen;Startaufstellung
2645635;Frankreich;Atlético Madrid;Antoine Griezmann;25;70000000.0;Rechtsaußen;Startaufstellung
2645635;Frankreich;FC Arsenal;Olivier Giroud;29;25000000.0;Mittelstürmer;Startaufstellung
2645635;Rumänien;AC Florenz;Ciprian Tatarusanu;30;5000000.0;Torwart;Startaufstellung
2645635;Rumänien;SSC Neapel;Vlad Chiriches;26;5500000.0;Innenverteidiger;Startaufstellung
2645635;Rumänien;Al Sailiya Sport Club;Dragos Grigore;29;1500000.0;Innenverteidiger;Startaufstellung
2645635;Rumänien;Rayo Vallecano;Razvan Rat;35;500000.0;Linker Verteidiger;Startaufstellung
2645635;Rumänien;Pandurii Targu Jiu ;Cristian Sapunaru;32;1000000.0;Rechter Verteidiger;Startaufstellung
2645635;Rumänien;Hapoel Beer Sheva;Ovidiu Hoban;33;800000.0;Defensives Mittelfeld;Startaufstellung
2645635;Rumänien;Steaua Bukarest;Mihai Pintilii;31;1000000.0;Defensives Mittelfeld;Startaufstellung
2645635;Rumänien;Steaua Bukarest;Nicolae Stanciu;23;3500000.0;Offensives Mittelfeld;Startaufstellung
2645635;Rumänien;Genclerbirligi Ankara;Bogdan Stancu;28;4000000.0;Linksaußen;Startaufstellung
2645635;Rumänien;Steaua Bukarest;Adrian Popa;27;2000000.0;Rechtsaußen;Startaufstellung
2645635;Rumänien;FC Córdoba;Florin Andone;23;2500000.0;Mittelstürmer;Startaufstellung
2645635;Frankreich;Olympique Marseille;Steve Mandanda;31;10000000.0;Torwart;Reservebank
2645635;Frankreich;FC Stade Rennes;Benoît Costil;28;8000000.0;Torwart;Reservebank
2645635;Frankreich;Manchester City;Eliaquim Mangala;25;23000000.0;Innenverteidiger;Reservebank
2645635;Frankreich;Olympique Lyon;Samuel Umtiti;22;15000000.0;Innenverteidiger;Reservebank
2645635;Frankreich;AS Rom;Lucas Digne;22;12000000.0;Linker Verteidiger;Reservebank
2645635;Frankreich;Olympique Lyon;Christophe Jallet;32;2000000.0;Rechter Verteidiger;Reservebank
2645635;Frankreich;Manchester United;Morgan Schneiderlin;26;30000000.0;Defensives Mittelfeld;Reservebank
2645635;Frankreich;Crystal Palace;Yohan Cabaye;30;18000000.0;Zentrales Mittelfeld;Reservebank
2645635;Frankreich;Newcastle United;Moussa Sissoko;26;13000000.0;Zentrales Mittelfeld;Reservebank
2645635;Frankreich;Manchester United;Anthony Martial;20;32000000.0;Linksaußen;Reservebank
2645635;Frankreich;FC Bayern München;Kingsley Coman;19;17000000.0;Rechtsaußen;Reservebank
2645635;Frankreich;Tigres UANL;André-Pierre Gignac;30;8000000.0;Mittelstürmer;Reservebank
2645635;Rumänien;FC Watford;Costel Pantilimon;29;4500000.0;Torwart;Reservebank
2645635;Rumänien;Astra Giurgiu;Silviu Lung Jr.;27;2500000.0;Torwart;Reservebank
2645635;Rumänien;PFK Ludogorets Razgrad;Cosmin Moti;31;1250000.0;Innenverteidiger;Reservebank
2645635;Rumänien;Astra Giurgiu;Valerica Gaman;27;2200000.0;Innenverteidiger;Reservebank
2645635;Rumänien;Dinamo Bukarest;Steliano Filip;22;1250000.0;Linker Verteidiger;Reservebank
2645635;Rumänien;GNK Dinamo Zagreb;Alexandru Matel;26;1000000.0;Rechter Verteidiger;Reservebank
2645635;Rumänien;PFK Ludogorets Razgrad;Andrei Prepelita;30;1900000.0;Zentrales Mittelfeld;Reservebank
2645635;Rumänien;Al-Ittihad Dschidda;Lucian Sanmartean;36;300000.0;Zentrales Mittelfeld;Reservebank
2645635;Rumänien;Osmanlispor FK;Gabriel Torje;26;4000000.0;Rechtsaußen;Reservebank
2645635;Rumänien;Steaua Bukarest;Alexandru Chipciu;27;2000000.0;Linksaußen;Reservebank
2645635;Rumänien;Astra Giurgiu;Denis Alibec;25;2500000.0;Mittelstürmer;Reservebank
2645635;Rumänien;PFK Ludogorets Razgrad;Claudiu Keseru;29;4000000.0;Mittelstürmer;Reservebank
