GameId;team;club;name;age;value;position;role
2645666;Italien;FC Paris Saint-Germain;Salvatore Sirigu;29;8000000.0;Torwart;Startaufstellung
2645666;Italien;West Ham United;Angelo Ogbonna;28;9000000.0;Innenverteidiger;Startaufstellung
2645666;Italien;Juventus Turin;Andrea Barzagli;35;2000000.0;Innenverteidiger;Startaufstellung
2645666;Italien;Juventus Turin;Leonardo Bonucci;29;30000000.0;Innenverteidiger;Startaufstellung
2645666;Italien;FC Paris Saint-Germain;Thiago Motta;33;3000000.0;Defensives Mittelfeld;Startaufstellung
2645666;Italien;AS Rom;Alessandro Florenzi;25;20000000.0;Zentrales Mittelfeld;Startaufstellung
2645666;Italien;Juventus Turin;Stefano Sturaro;23;11000000.0;Zentrales Mittelfeld;Startaufstellung
2645666;Italien;AC Florenz;Federico Bernardeschi;22;16000000.0;Rechtes Mittelfeld;Startaufstellung
2645666;Italien;AC Mailand;Mattia De Sciglio;23;5000000.0;Linkes Mittelfeld;Startaufstellung
2645666;Italien;Juventus Turin;Simone Zaza;24;12000000.0;Mittelstürmer;Startaufstellung
2645666;Italien;FC Turin;Ciro Immobile;26;10000000.0;Mittelstürmer;Startaufstellung
2645666;Irland;West Ham United;Darren Randolph;29;1000000.0;Torwart;Startaufstellung
2645666;Irland;Derby County;Richard Keogh;29;1800000.0;Innenverteidiger;Startaufstellung
2645666;Irland;Blackburn Rovers;Shane Duffy;24;1500000.0;Innenverteidiger;Startaufstellung
2645666;Irland;FC Burnley;Stephen Ward;30;1000000.0;Linker Verteidiger;Startaufstellung
2645666;Irland;FC Everton;Seamus Coleman;27;17000000.0;Rechter Verteidiger;Startaufstellung
2645666;Irland;FC Everton;James McCarthy;25;17000000.0;Defensives Mittelfeld;Startaufstellung
2645666;Irland;Derby County;Jeff Hendrick;24;1500000.0;Zentrales Mittelfeld;Startaufstellung
2645666;Irland;Norwich City;Robbie Brady;24;6000000.0;Zentrales Mittelfeld;Startaufstellung
2645666;Irland;West Bromwich Albion;James McClean;27;3000000.0;Linksaußen;Startaufstellung
2645666;Irland;FC Southampton;Shane Long;29;10000000.0;Rechtsaußen;Startaufstellung
2645666;Irland;Ipswich Town;Daryl Murphy;33;1000000.0;Mittelstürmer;Startaufstellung
2645666;Italien;Lazio Rom;Federico Marchetti;33;4000000.0;Torwart;Reservebank
2645666;Italien;Juventus Turin;Gianluigi Buffon;38;2000000.0;Torwart;Reservebank
2645666;Italien;Juventus Turin;Giorgio Chiellini;31;13000000.0;Innenverteidiger;Reservebank
2645666;Italien;Manchester United;Matteo Darmian;26;15000000.0;Rechtes Mittelfeld;Reservebank
2645666;Italien;AS Rom;Daniele De Rossi;32;5000000.0;Defensives Mittelfeld;Reservebank
2645666;Italien;Lazio Rom;Marco Parolo;31;6500000.0;Zentrales Mittelfeld;Reservebank
2645666;Italien;Inter Mailand;Éder;29;12000000.0;Linksaußen;Reservebank
2645666;Italien;SSC Neapel;Lorenzo Insigne;25;25000000.0;Hängende Spitze;Reservebank
2645666;Italien;AS Rom;Stephan El Shaarawy;23;17000000.0;Linksaußen;Reservebank
2645666;Italien;FC Bologna;Emanuele Giaccherini;31;4000000.0;Linksaußen;Reservebank
2645666;Italien;Lazio Rom;Antonio Candreva;29;23000000.0;Rechtsaußen;Reservebank
2645666;Italien;FC Southampton;Graziano Pellè;30;11000000.0;Mittelstürmer;Reservebank
2645666;Irland;Sheffield Wednesday;Keiren Westwood;31;1500000.0;Torwart;Reservebank
2645666;Irland;Stoke City;Shay Given;40;500000.0;Torwart;Reservebank
2645666;Irland;Aston Villa;Ciaran Clark;26;4500000.0;Innenverteidiger;Reservebank
2645666;Irland;AFC Sunderland;John O'Shea;35;1000000.0;Innenverteidiger;Reservebank
2645666;Irland;Derby County;Cyrus Christie;23;1000000.0;Rechter Verteidiger;Reservebank
2645666;Irland;Stoke City;Glenn Whelan;32;3000000.0;Defensives Mittelfeld;Reservebank
2645666;Irland;FC Reading;Stephen Quinn;30;1500000.0;Zentrales Mittelfeld;Reservebank
2645666;Irland;Hull City;David Meyler;27;2500000.0;Zentrales Mittelfeld;Reservebank
2645666;Irland;Norwich City;Wesley Hoolahan;34;2000000.0;Zentrales Mittelfeld;Reservebank
2645666;Irland;FC Everton;Aiden McGeady;30;4500000.0;Rechtsaußen;Reservebank
2645666;Irland;Stoke City;Jonathan Walters;32;3500000.0;Rechtsaußen;Reservebank
2645666;Irland;Los Angeles Galaxy;Robbie Keane;35;1000000.0;Mittelstürmer;Reservebank
