GameId;team;club;name;age;value;position;role
2645662;Ukraine;Shakhtar Donetsk;Andriy Pyatov;31;4000000.0;Torwart;Startaufstellung
2645662;Ukraine;Dynamo Kiew;Evgen Khacheridi;28;8500000.0;Innenverteidiger;Startaufstellung
2645662;Ukraine;Shakhtar Donetsk;Oleksandr Kucher;33;1200000.0;Innenverteidiger;Startaufstellung
2645662;Ukraine;Amkar Perm;Bogdan Butko;25;2000000.0;Linker Verteidiger;Startaufstellung
2645662;Ukraine;Dnipro Dnipropetrovsk;Artem Fedetsky;31;2500000.0;Rechter Verteidiger;Startaufstellung
2645662;Ukraine;Shakhtar Donetsk;Taras Stepanenko;26;8000000.0;Defensives Mittelfeld;Startaufstellung
2645662;Ukraine;Dnipro Dnipropetrovsk;Ruslan Rotan;34;1000000.0;Zentrales Mittelfeld;Startaufstellung
2645662;Ukraine;FK Ufa;Oleksandr Zinchenko;19;4000000.0;Offensives Mittelfeld;Startaufstellung
2645662;Ukraine;FC Sevilla;Yevhen Konoplyanka;26;25000000.0;Linksaußen;Startaufstellung
2645662;Ukraine;Dynamo Kiew;Andriy Yarmolenko;26;22000000.0;Rechtsaußen;Startaufstellung
2645662;Ukraine;Dnipro Dnipropetrovsk;Roman Zozulya;26;3500000.0;Mittelstürmer;Startaufstellung
2645662;Polen;Swansea City;Lukasz Fabianski;31;7000000.0;Torwart;Startaufstellung
2645662;Polen;Legia Warschau;Michal Pazdan;28;1700000.0;Innenverteidiger;Startaufstellung
2645662;Polen;FC Turin;Kamil Glik;28;10000000.0;Innenverteidiger;Startaufstellung
2645662;Polen;Legia Warschau;Artur Jedrzejczyk;28;2700000.0;Linker Verteidiger;Startaufstellung
2645662;Polen;US Palermo;Thiago Cionek;30;900000.0;Rechter Verteidiger;Startaufstellung
2645662;Polen;Legia Warschau;Tomasz Jodlowiec;30;1500000.0;Defensives Mittelfeld;Startaufstellung
2645662;Polen;FC Sevilla;Grzegorz Krychowiak;26;30000000.0;Defensives Mittelfeld;Startaufstellung
2645662;Polen;FC Empoli;Piotr Zielinski;22;12000000.0;Rechtes Mittelfeld;Startaufstellung
2645662;Polen;Cracovia Krakau;Bartosz Kapustka;19;2500000.0;Linkes Mittelfeld;Startaufstellung
2645662;Polen;Ajax Amsterdam;Arkadiusz Milik;22;10000000.0;Hängende Spitze;Startaufstellung
2645662;Polen;FC Bayern München;Robert Lewandowski;27;75000000.0;Mittelstürmer;Startaufstellung
2645662;Ukraine;Besiktas Istanbul;Denys Boyko;28;2500000.0;Torwart;Reservebank
2645662;Ukraine;Zorya Luhansk;Mykyta Shevchenko;23;2500000.0;Torwart;Reservebank
2645662;Ukraine;Shakhtar Donetsk;Yaroslav Rakitsky;26;10000000.0;Innenverteidiger;Reservebank
2645662;Ukraine;Shakhtar Donetsk;Vyacheslav Shevchuk;37;200000.0;Linker Verteidiger;Reservebank
2645662;Ukraine;Kairat Almaty;Anatoliy Tymoshchuk;37;200000.0;Defensives Mittelfeld;Reservebank
2645662;Ukraine;Dynamo Kiew;Sergiy Rybalka;26;4500000.0;Defensives Mittelfeld;Reservebank
2645662;Ukraine;Dynamo Kiew;Sergiy Sydorchuk;25;4500000.0;Zentrales Mittelfeld;Reservebank
2645662;Ukraine;Zorya Luhansk;Oleksandr Karavaev;24;2500000.0;Rechtes Mittelfeld;Reservebank
2645662;Ukraine;Shakhtar Donetsk;Viktor Kovalenko;20;4500000.0;Offensives Mittelfeld;Reservebank
2645662;Ukraine;Dynamo Kiew;Denys Garmash;26;5000000.0;Offensives Mittelfeld;Reservebank
2645662;Ukraine;Kuban Krasnodar;Evgen Seleznev;30;3000000.0;Mittelstürmer;Reservebank
2645662;Ukraine;Zorya Luhansk;Pylyp Budkivsky;24;2500000.0;Mittelstürmer;Reservebank
2645662;Polen;AS Rom;Wojciech Szczesny;26;12000000.0;Torwart;Reservebank
2645662;Polen;AFC Bournemouth;Artur Boruc;36;1000000.0;Torwart;Reservebank
2645662;Polen;Cagliari Calcio;Bartosz Salamon;25;2200000.0;Innenverteidiger;Reservebank
2645662;Polen;Lechia Gdansk;Jakub Wawrzyniak;32;350000.0;Linker Verteidiger;Reservebank
2645662;Polen;Borussia Dortmund;Lukasz Piszczek;31;6000000.0;Rechter Verteidiger;Reservebank
2645662;Polen;Wisla Krakau;Krzysztof Maczynski;29;1000000.0;Zentrales Mittelfeld;Reservebank
2645662;Polen;Lech Posen;Karol Linetty;21;3200000.0;Zentrales Mittelfeld;Reservebank
2645662;Polen;AC Florenz;Jakub Blaszczykowski;30;7000000.0;Rechtsaußen;Reservebank
2645662;Polen;Zaglebie Lubin;Filip Starzynski;25;1000000.0;Offensives Mittelfeld;Reservebank
2645662;Polen;Lechia Gdansk;Slawomir Peszko;31;400000.0;Linksaußen;Reservebank
2645662;Polen;FC Stade Rennes;Kamil Grosicki;28;4500000.0;Linksaußen;Reservebank
2645662;Polen;Ruch Chorzow;Mariusz Stepinski;21;1500000.0;Mittelstürmer;Reservebank
