GameId;team;club;name;age;value;position;role
2645670;Spanien;Manchester United;David de Gea;25;40000000.0;Torwart;Startaufstellung
2645670;Spanien;FC Barcelona;Gerard Piqué;29;40000000.0;Innenverteidiger;Startaufstellung
2645670;Spanien;Real Madrid;Sergio Ramos;30;40000000.0;Innenverteidiger;Startaufstellung
2645670;Spanien;FC Barcelona;Jordi Alba;27;35000000.0;Linker Verteidiger;Startaufstellung
2645670;Spanien;Atlético Madrid;Juanfran;31;16000000.0;Rechter Verteidiger;Startaufstellung
2645670;Spanien;FC Barcelona;Sergio Busquets;27;60000000.0;Defensives Mittelfeld;Startaufstellung
2645670;Spanien;FC Barcelona;Andrés Iniesta;32;35000000.0;Zentrales Mittelfeld;Startaufstellung
2645670;Spanien;FC Chelsea;Cesc Fàbregas;29;45000000.0;Zentrales Mittelfeld;Startaufstellung
2645670;Spanien;Celta Vigo;Nolito;29;15000000.0;Linksaußen;Startaufstellung
2645670;Spanien;Manchester City;David Silva;30;33000000.0;Rechtsaußen;Startaufstellung
2645670;Spanien;Juventus Turin;Álvaro Morata;23;30000000.0;Mittelstürmer;Startaufstellung
2645670;Tschechien;FC Arsenal;Petr Cech;34;12000000.0;Torwart;Startaufstellung
2645670;Tschechien;FC Viktoria Pilsen;Roman Hubník;32;400000.0;Innenverteidiger;Startaufstellung
2645670;Tschechien;Bursaspor;Tomás Sivok;32;2000000.0;Innenverteidiger;Startaufstellung
2645670;Tschechien;FC Viktoria Pilsen;David Limbersky;32;1250000.0;Linker Verteidiger;Startaufstellung
2645670;Tschechien;TSG 1899 Hoffenheim;Pavel Kaderábek;24;3500000.0;Rechter Verteidiger;Startaufstellung
2645670;Tschechien;FC Girondins Bordeaux;Jaroslav Plasil;34;1000000.0;Defensives Mittelfeld;Startaufstellung
2645670;Tschechien;Hertha BSC;Vladimír Darida;25;10000000.0;Defensives Mittelfeld;Startaufstellung
2645670;Tschechien;SV Werder Bremen;Theodor Gebre Selassie;29;2750000.0;Rechtes Mittelfeld;Startaufstellung
2645670;Tschechien;FC Arsenal;Tomás Rosicky;35;1000000.0;Offensives Mittelfeld;Startaufstellung
2645670;Tschechien;AC Sparta Prag;Ladislav Krejcí;23;4000000.0;Linksaußen;Startaufstellung
2645670;Tschechien;Bursaspor;Tomas Necid;26;4500000.0;Mittelstürmer;Startaufstellung
2645670;Spanien;FC Porto;Iker Casillas;35;3000000.0;Torwart;Reservebank
2645670;Spanien;FC Sevilla;Sergio Rico;22;15000000.0;Torwart;Reservebank
2645670;Spanien;FC Barcelona;Marc Bartra;25;8000000.0;Innenverteidiger;Reservebank
2645670;Spanien;FC Chelsea;César Azpilicueta;26;20000000.0;Rechter Verteidiger;Reservebank
2645670;Spanien;FC Arsenal;Héctor Bellerín;21;18000000.0;Rechter Verteidiger;Reservebank
2645670;Spanien;FC Villarreal;Bruno Soriano;32;8000000.0;Defensives Mittelfeld;Reservebank
2645670;Spanien;Athletic Bilbao;Mikel San José;27;10000000.0;Defensives Mittelfeld;Reservebank
2645670;Spanien;Atlético Madrid;Koke;24;60000000.0;Zentrales Mittelfeld;Reservebank
2645670;Spanien;FC Bayern München;Thiago;25;25000000.0;Zentrales Mittelfeld;Reservebank
2645670;Spanien;FC Chelsea;Pedro;28;23000000.0;Linksaußen;Reservebank
2645670;Spanien;Real Madrid;Lucas Vázquez;24;10000000.0;Rechtsaußen;Reservebank
2645670;Spanien;Athletic Bilbao;Aritz Aduriz;35;3000000.0;Mittelstürmer;Reservebank
2645670;Tschechien;FC Basel 1893;Tomás Vaclík;27;4000000.0;Torwart;Reservebank
2645670;Tschechien;FC Slovan Liberec;Tomas Koubek;23;1000000.0;Torwart;Reservebank
2645670;Tschechien;Fenerbahce Istanbul;Michal Kadlec;31;1400000.0;Innenverteidiger;Reservebank
2645670;Tschechien;FC Watford;Daniel Pudil;30;1500000.0;Linker Verteidiger;Reservebank
2645670;Tschechien;Kasimpasa;David Pavelka;25;1500000.0;Offensives Mittelfeld;Reservebank
2645670;Tschechien;AC Sparta Prag;Borek Dockal;27;3000000.0;Offensives Mittelfeld;Reservebank
2645670;Tschechien;FC Viktoria Pilsen;Daniel Kolar;30;1500000.0;Offensives Mittelfeld;Reservebank
2645670;Tschechien;Brighton & Hove Albion;Jirí Skalák;24;1500000.0;Linksaußen;Reservebank
2645670;Tschechien;AC Sparta Prag;Josef Sural;26;1750000.0;Rechtsaußen;Reservebank
2645670;Tschechien;SK Slavia Prag;Milan Skoda;30;900000.0;Mittelstürmer;Reservebank
2645670;Tschechien;AC Sparta Prag;David Lafata;34;1000000.0;Mittelstürmer;Reservebank
