GameId;team;club;name;age;value;position;role
2645650;Ukraine;Shakhtar Donetsk;Andriy Pyatov;31;4000000.0;Torwart;Startaufstellung
2645650;Ukraine;Shakhtar Donetsk;Yaroslav Rakitsky;26;10000000.0;Innenverteidiger;Startaufstellung
2645650;Ukraine;Dynamo Kiew;Evgen Khacheridi;28;8500000.0;Innenverteidiger;Startaufstellung
2645650;Ukraine;Shakhtar Donetsk;Vyacheslav Shevchuk;37;200000.0;Linker Verteidiger;Startaufstellung
2645650;Ukraine;Dnipro Dnipropetrovsk;Artem Fedetsky;31;2500000.0;Rechter Verteidiger;Startaufstellung
2645650;Ukraine;Shakhtar Donetsk;Taras Stepanenko;26;8000000.0;Defensives Mittelfeld;Startaufstellung
2645650;Ukraine;Dynamo Kiew;Sergiy Sydorchuk;25;4500000.0;Zentrales Mittelfeld;Startaufstellung
2645650;Ukraine;Shakhtar Donetsk;Viktor Kovalenko;20;4500000.0;Offensives Mittelfeld;Startaufstellung
2645650;Ukraine;FC Sevilla;Yevhen Konoplyanka;26;25000000.0;Linksaußen;Startaufstellung
2645650;Ukraine;Dynamo Kiew;Andriy Yarmolenko;26;22000000.0;Rechtsaußen;Startaufstellung
2645650;Ukraine;Kuban Krasnodar;Evgen Seleznev;30;3000000.0;Mittelstürmer;Startaufstellung
2645650;Nordirland;Hamilton Academical FC;Michael McGovern;31;500000.0;Torwart;Startaufstellung
2645650;Nordirland;West Bromwich Albion;Gareth McAuley;36;1000000.0;Innenverteidiger;Startaufstellung
2645650;Nordirland;FC Watford;Craig Cathcart;27;4000000.0;Innenverteidiger;Startaufstellung
2645650;Nordirland;West Bromwich Albion;Jonny Evans;28;6000000.0;Linker Verteidiger;Startaufstellung
2645650;Nordirland;Melbourne City FC;Aaron Hughes;36;350000.0;Rechter Verteidiger;Startaufstellung
2645650;Nordirland;FC Reading;Oliver Norwood;25;2000000.0;Defensives Mittelfeld;Startaufstellung
2645650;Nordirland;FC Southampton;Steven Davis;31;6000000.0;Zentrales Mittelfeld;Startaufstellung
2645650;Nordirland;Blackburn Rovers;Corry Evans;25;1250000.0;Zentrales Mittelfeld;Startaufstellung
2645650;Nordirland;Leeds United;Stuart Dallas;25;1500000.0;Linkes Mittelfeld;Startaufstellung
2645650;Nordirland;Nottingham Forest;Jamie Ward;30;1750000.0;Rechtsaußen;Startaufstellung
2645650;Nordirland;Queens Park Rangers;Conor Washington;24;2000000.0;Mittelstürmer;Startaufstellung
2645650;Ukraine;Besiktas Istanbul;Denys Boyko;28;2500000.0;Torwart;Reservebank
2645650;Ukraine;Zorya Luhansk;Mykyta Shevchenko;23;2500000.0;Torwart;Reservebank
2645650;Ukraine;Shakhtar Donetsk;Oleksandr Kucher;33;1200000.0;Innenverteidiger;Reservebank
2645650;Ukraine;Amkar Perm;Bogdan Butko;25;2000000.0;Rechter Verteidiger;Reservebank
2645650;Ukraine;Kairat Almaty;Anatoliy Tymoshchuk;37;200000.0;Defensives Mittelfeld;Reservebank
2645650;Ukraine;Dynamo Kiew;Sergiy Rybalka;26;4500000.0;Defensives Mittelfeld;Reservebank
2645650;Ukraine;FK Ufa;Oleksandr Zinchenko;19;4000000.0;Offensives Mittelfeld;Reservebank
2645650;Ukraine;Dnipro Dnipropetrovsk;Ruslan Rotan;34;1000000.0;Zentrales Mittelfeld;Reservebank
2645650;Ukraine;Zorya Luhansk;Oleksandr Karavaev;24;2500000.0;Rechtes Mittelfeld;Reservebank
2645650;Ukraine;Dynamo Kiew;Denys Garmash;26;5000000.0;Zentrales Mittelfeld;Reservebank
2645650;Ukraine;Dnipro Dnipropetrovsk;Roman Zozulya;26;3500000.0;Mittelstürmer;Reservebank
2645650;Ukraine;Zorya Luhansk;Pylyp Budkivsky;24;2500000.0;Mittelstürmer;Reservebank
2645650;Nordirland;Notts County;Roy Carroll;38;150000.0;Torwart;Reservebank
2645650;Nordirland;St. Johnstone FC;Alan Mannus;34;450000.0;Torwart;Reservebank
2645650;Nordirland;Manchester United;Paddy McNair;21;4500000.0;Innenverteidiger;Reservebank
2645650;Nordirland;Fleetwood Town;Conor McLaughlin;24;250000.0;Rechter Verteidiger;Reservebank
2645650;Nordirland;Milton Keynes Dons;Lee Hodson;24;350000.0;Rechter Verteidiger;Reservebank
2645650;Nordirland;Derby County;Chris Baird;34;500000.0;Defensives Mittelfeld;Reservebank
2645650;Nordirland;Doncaster Rovers;Luke McCullough;22;250000.0;Defensives Mittelfeld;Reservebank
2645650;Nordirland;FC Millwall;Shane Ferguson;24;750000.0;Linkes Mittelfeld;Reservebank
2645650;Nordirland;Aberdeen FC;Niall McGinn;28;750000.0;Rechtsaußen;Reservebank
2645650;Nordirland;Wigan Athletic;Will Grigg;24;1500000.0;Mittelstürmer;Reservebank
2645650;Nordirland;Norwich City;Kyle Lafferty;28;2000000.0;Mittelstürmer;Reservebank
2645650;Nordirland;Kilmarnock FC;Josh Magennis;25;300000.0;Mittelstürmer;Reservebank
