GameId;team;club;name;age;value;position;role
2645641;Türkei;Basaksehir;Volkan Babacan;27;8000000.0;Torwart;Startaufstellung
2645641;Türkei;Galatasaray Istanbul;Hakan Balta;33;1000000.0;Innenverteidiger;Startaufstellung
2645641;Türkei;Fenerbahce Istanbul;Mehmet Topal;30;10000000.0;Innenverteidiger;Startaufstellung
2645641;Türkei;Fenerbahce Istanbul;Caner Erkin;27;9000000.0;Linker Verteidiger;Startaufstellung
2645641;Türkei;Fenerbahce Istanbul;Gökhan Gönül;31;6000000.0;Rechter Verteidiger;Startaufstellung
2645641;Türkei;Galatasaray Istanbul;Selcuk Inan;31;6000000.0;Defensives Mittelfeld;Startaufstellung
2645641;Türkei;Fenerbahce Istanbul;Ozan Tufan;21;7000000.0;Zentrales Mittelfeld;Startaufstellung
2645641;Türkei;Besiktas Istanbul;Oguzhan Özyakup;23;14000000.0;Offensives Mittelfeld;Startaufstellung
2645641;Türkei;FC Barcelona;Arda Turan;29;30000000.0;Linksaußen;Startaufstellung
2645641;Türkei;Bayer 04 Leverkusen;Hakan Calhanoglu;22;18000000.0;Rechtsaußen;Startaufstellung
2645641;Türkei;Besiktas Istanbul;Cenk Tosun;25;8000000.0;Mittelstürmer;Startaufstellung
2645641;Kroatien;AS Monaco;Danijel Subasic;31;5000000.0;Torwart;Startaufstellung
2645641;Kroatien;Lokomotiv Moskau;Vedran Corluka;30;9000000.0;Innenverteidiger;Startaufstellung
2645641;Kroatien;Dynamo Kiew;Domagoj Vida;27;7500000.0;Innenverteidiger;Startaufstellung
2645641;Kroatien;SSC Neapel;Ivan Strinic;28;4500000.0;Linker Verteidiger;Startaufstellung
2645641;Kroatien;Shakhtar Donetsk;Darijo Srna;34;4000000.0;Rechter Verteidiger;Startaufstellung
2645641;Kroatien;AC Florenz;Milan Badelj;27;8000000.0;Defensives Mittelfeld;Startaufstellung
2645641;Kroatien;Real Madrid;Luka Modric;30;50000000.0;Zentrales Mittelfeld;Startaufstellung
2645641;Kroatien;Inter Mailand;Marcelo Brozovic;23;18000000.0;Rechtes Mittelfeld;Startaufstellung
2645641;Kroatien;FC Barcelona;Ivan Rakitic;28;50000000.0;Offensives Mittelfeld;Startaufstellung
2645641;Kroatien;Inter Mailand;Ivan Perisic;27;21000000.0;Linksaußen;Startaufstellung
2645641;Kroatien;Juventus Turin;Mario Mandzukic;30;19000000.0;Mittelstürmer;Startaufstellung
2645641;Türkei;Trabzonspor;Onur Kivrak;28;6750000.0;Torwart;Reservebank
2645641;Türkei;Bursaspor;Harun Tekin;26;2500000.0;Torwart;Reservebank
2645641;Türkei;Galatasaray Istanbul;Semih Kaya;25;5750000.0;Innenverteidiger;Reservebank
2645641;Türkei;Genclerbirligi Ankara;Ahmet Calik;22;5000000.0;Innenverteidiger;Reservebank
2645641;Türkei;Besiktas Istanbul;Ismail Köybasi;26;5000000.0;Linker Verteidiger;Reservebank
2645641;Türkei;Fenerbahce Istanbul;Sener Özbayrakli;26;5000000.0;Rechter Verteidiger;Reservebank
2645641;Türkei;Borussia Dortmund;Nuri Sahin;27;6500000.0;Defensives Mittelfeld;Reservebank
2645641;Türkei;1.FSV Mainz 05;Yunus Malli;24;10000000.0;Offensives Mittelfeld;Reservebank
2645641;Türkei;Besiktas Istanbul;Olcay Sahan;29;5500000.0;Linksaußen;Reservebank
2645641;Türkei;FC Nordsjaelland;Emre Mor;18;1000000.0;Hängende Spitze;Reservebank
2645641;Türkei;Fenerbahce Istanbul;Volkan Sen;28;7500000.0;Rechtsaußen;Reservebank
2645641;Türkei;Beijing Guoan;Burak Yilmaz;30;5000000.0;Mittelstürmer;Reservebank
2645641;Kroatien;HNK Rijeka;Ivan Vargic;29;1750000.0;Torwart;Reservebank
2645641;Kroatien;HNK Hajduk Split;Lovre Kalinic;26;3000000.0;Torwart;Reservebank
2645641;Kroatien;Bayer 04 Leverkusen;Tin Jedvaj;20;8000000.0;Innenverteidiger;Reservebank
2645641;Kroatien;GNK Dinamo Zagreb;Gordon Schildenfeld;31;1500000.0;Innenverteidiger;Reservebank
2645641;Kroatien;US Sassuolo;Sime Vrsaljko;24;13000000.0;Rechter Verteidiger;Reservebank
2645641;Kroatien;Real Madrid;Mateo Kovacic;22;20000000.0;Zentrales Mittelfeld;Reservebank
2645641;Kroatien;GNK Dinamo Zagreb;Marko Rog;20;6000000.0;Zentrales Mittelfeld;Reservebank
2645641;Kroatien;GNK Dinamo Zagreb;Ante Coric;19;7000000.0;Offensives Mittelfeld;Reservebank
2645641;Kroatien;GNK Dinamo Zagreb;Marko Pjaca;21;8000000.0;Linksaußen;Reservebank
2645641;Kroatien;AC Florenz;Nikola Kalinic;28;13500000.0;Mittelstürmer;Reservebank
2645641;Kroatien;TSG 1899 Hoffenheim;Andrej Kramaric;24;7500000.0;Mittelstürmer;Reservebank
