GameId;team;club;name;age;value;position;role
2701331;Deutschland;FC Bayern München;Manuel Neuer;30;45000000.0;Torwart;Startaufstellung
2701331;Deutschland;Borussia Dortmund;Mats Hummels;27;38000000.0;Innenverteidiger;Startaufstellung
2701331;Deutschland;FC Bayern München;Jérôme Boateng;27;40000000.0;Innenverteidiger;Startaufstellung
2701331;Deutschland;1.FC Köln;Jonas Hector;26;11000000.0;Linker Verteidiger;Startaufstellung
2701331;Deutschland;FC Bayern München;Joshua Kimmich;21;13000000.0;Rechter Verteidiger;Startaufstellung
2701331;Deutschland;Real Madrid;Toni Kroos;26;50000000.0;Defensives Mittelfeld;Startaufstellung
2701331;Deutschland;Juventus Turin;Sami Khedira;29;20000000.0;Zentrales Mittelfeld;Startaufstellung
2701331;Deutschland;FC Arsenal;Mesut Özil;27;50000000.0;Offensives Mittelfeld;Startaufstellung
2701331;Deutschland;VfL Wolfsburg;Julian Draxler;22;24000000.0;Linksaußen;Startaufstellung
2701331;Deutschland;FC Bayern München;Thomas Müller;26;75000000.0;Rechtsaußen;Startaufstellung
2701331;Deutschland;Besiktas Istanbul;Mario Gómez;30;12000000.0;Mittelstürmer;Startaufstellung
2701331;Slowakei;FC Viktoria Pilsen;Matus Kozacik;32;1000000.0;Torwart;Startaufstellung
2701331;Slowakei;Lokomotiv Moskau;Jan Durica;34;250000.0;Innenverteidiger;Startaufstellung
2701331;Slowakei;FC Liverpool;Martin Skrtel;31;10000000.0;Innenverteidiger;Startaufstellung
2701331;Slowakei;AS Rom;Norbert Gyömbér;23;700000.0;Linker Verteidiger;Startaufstellung
2701331;Slowakei;Hertha BSC;Peter Pekarík;29;2500000.0;Rechter Verteidiger;Startaufstellung
2701331;Slowakei;Sampdoria Genua;Milan Skriniar;21;600000.0;Defensives Mittelfeld;Startaufstellung
2701331;Slowakei;SSC Neapel;Marek Hamsik;28;35000000.0;Zentrales Mittelfeld;Startaufstellung
2701331;Slowakei;FC Viktoria Pilsen;Patrik Hrosovsky;24;2000000.0;Zentrales Mittelfeld;Startaufstellung
2701331;Slowakei;AC Mailand;Juraj Kucka;29;8000000.0;Rechtes Mittelfeld;Startaufstellung
2701331;Slowakei;Al Gharafa Sports Club;Vladimír Weiss;26;2800000.0;Linksaußen;Startaufstellung
2701331;Slowakei;FC Viktoria Pilsen;Michal Duris;28;2000000.0;Mittelstürmer;Startaufstellung
2701331;Deutschland;Bayer 04 Leverkusen;Bernd Leno;24;16000000.0;Torwart;Reservebank
2701331;Deutschland;FC Barcelona;Marc-André ter Stegen;24;15000000.0;Torwart;Reservebank
2701331;Deutschland;FC Valencia;Shkodran Mustafi;24;20000000.0;Innenverteidiger;Reservebank
2701331;Deutschland;FC Schalke 04;Benedikt Höwedes;28;16000000.0;Innenverteidiger;Reservebank
2701331;Deutschland;Bayer 04 Leverkusen;Jonathan Tah;20;12000000.0;Innenverteidiger;Reservebank
2701331;Deutschland;FC Liverpool;Emre Can;22;18000000.0;Defensives Mittelfeld;Reservebank
2701331;Deutschland;Borussia Dortmund;Julian Weigl;20;14000000.0;Defensives Mittelfeld;Reservebank
2701331;Deutschland;Manchester United;Bastian Schweinsteiger;31;12000000.0;Zentrales Mittelfeld;Reservebank
2701331;Deutschland;FC Bayern München;Mario Götze;24;35000000.0;Offensives Mittelfeld;Reservebank
2701331;Deutschland;FC Schalke 04;Leroy Sané;20;18000000.0;Linksaußen;Reservebank
2701331;Deutschland;VfL Wolfsburg;André Schürrle;25;18000000.0;Linksaußen;Reservebank
2701331;Deutschland;Galatasaray Istanbul;Lukas Podolski;31;8000000.0;Linksaußen;Reservebank
2701331;Slowakei;Slovan Bratislava;Ján Mucha;33;500000.0;Torwart;Reservebank
2701331;Slowakei;SK Rapid Wien;Ján Novota;32;700000.0;Torwart;Reservebank
2701331;Slowakei;Dinamo Moskau;Tomas Hubocan;30;4500000.0;Innenverteidiger;Reservebank
2701331;Slowakei;Slovan Bratislava;Kornel Salata;31;500000.0;Linker Verteidiger;Reservebank
2701331;Slowakei;1.FC Köln;Dusan Svento;30;750000.0;Linker Verteidiger;Reservebank
2701331;Slowakei;MSK Zilina;Viktor Pecovsky;33;350000.0;Defensives Mittelfeld;Reservebank
2701331;Slowakei;FK Jablonec;Jan Gregus;25;750000.0;Zentrales Mittelfeld;Reservebank
2701331;Slowakei;Legia Warschau;Ondrej Duda;21;3200000.0;Offensives Mittelfeld;Reservebank
2701331;Slowakei;Bursaspor;Miroslav Stoch;26;4500000.0;Linksaußen;Reservebank
2701331;Slowakei;PAOK Thessaloniki;Róbert Mak;25;3000000.0;Linksaußen;Reservebank
2701331;Slowakei;Willem II Tilburg;Adam Nemec;30;300000.0;Mittelstürmer;Reservebank
2701331;Slowakei;Ferencváros Budapest;Stanislav Sestak;33;500000.0;Mittelstürmer;Reservebank
