GameId;team;club;name;age;value;position;role
2701329;Schweiz;Borussia Mönchengladbach;Yann Sommer;27;10000000.0;Torwart;Startaufstellung
2701329;Schweiz;Hamburger SV;Johan Djourou;29;3500000.0;Innenverteidiger;Startaufstellung
2701329;Schweiz;TSG 1899 Hoffenheim;Fabian Schär;24;4000000.0;Innenverteidiger;Startaufstellung
2701329;Schweiz;VfL Wolfsburg;Ricardo Rodríguez;23;25000000.0;Linker Verteidiger;Startaufstellung
2701329;Schweiz;Juventus Turin;Stephan Lichtsteiner;32;6000000.0;Rechter Verteidiger;Startaufstellung
2701329;Schweiz;Borussia Mönchengladbach;Granit Xhaka;23;35000000.0;Defensives Mittelfeld;Startaufstellung
2701329;Schweiz;FC Watford;Valon Behrami;31;2500000.0;Defensives Mittelfeld;Startaufstellung
2701329;Schweiz;FC Genua 1893;Blerim Dzemaili;30;3500000.0;Offensives Mittelfeld;Startaufstellung
2701329;Schweiz;Bayer 04 Leverkusen;Admir Mehmedi;25;5000000.0;Linksaußen;Startaufstellung
2701329;Schweiz;Stoke City;Xherdan Shaqiri;24;15000000.0;Rechtsaußen;Startaufstellung
2701329;Schweiz;Eintracht Frankfurt;Haris Seferovic;24;5500000.0;Mittelstürmer;Startaufstellung
2701329;Polen;Swansea City;Lukasz Fabianski;31;7000000.0;Torwart;Startaufstellung
2701329;Polen;Legia Warschau;Michal Pazdan;28;1700000.0;Innenverteidiger;Startaufstellung
2701329;Polen;FC Turin;Kamil Glik;28;10000000.0;Innenverteidiger;Startaufstellung
2701329;Polen;Legia Warschau;Artur Jedrzejczyk;28;2700000.0;Linker Verteidiger;Startaufstellung
2701329;Polen;Borussia Dortmund;Lukasz Piszczek;31;6000000.0;Rechter Verteidiger;Startaufstellung
2701329;Polen;FC Sevilla;Grzegorz Krychowiak;26;30000000.0;Defensives Mittelfeld;Startaufstellung
2701329;Polen;Wisla Krakau;Krzysztof Maczynski;29;1000000.0;Zentrales Mittelfeld;Startaufstellung
2701329;Polen;FC Stade Rennes;Kamil Grosicki;28;4500000.0;Linksaußen;Startaufstellung
2701329;Polen;AC Florenz;Jakub Blaszczykowski;30;7000000.0;Rechtsaußen;Startaufstellung
2701329;Polen;Ajax Amsterdam;Arkadiusz Milik;22;10000000.0;Hängende Spitze;Startaufstellung
2701329;Polen;FC Bayern München;Robert Lewandowski;27;75000000.0;Mittelstürmer;Startaufstellung
2701329;Schweiz;FC Augsburg;Marwin Hitz;28;4500000.0;Torwart;Reservebank
2701329;Schweiz;Borussia Dortmund;Roman Bürki;25;6000000.0;Torwart;Reservebank
2701329;Schweiz;BSC Young Boys;Steve von Bergen;33;1000000.0;Innenverteidiger;Reservebank
2701329;Schweiz;FC Toulouse;François Moubandje;26;1500000.0;Linker Verteidiger;Reservebank
2701329;Schweiz;Borussia Mönchengladbach;Nico Elvedi;19;4000000.0;Rechter Verteidiger;Reservebank
2701329;Schweiz;FC Basel 1893;Michael Lang;25;4250000.0;Rechter Verteidiger;Reservebank
2701329;Schweiz;BSC Young Boys;Denis Zakaria;19;4000000.0;Defensives Mittelfeld;Reservebank
2701329;Schweiz;FC Stade Rennes;Gelson Fernandes;29;3000000.0;Defensives Mittelfeld;Reservebank
2701329;Schweiz;1.FSV Mainz 05;Fabian Frei;27;3000000.0;Zentrales Mittelfeld;Reservebank
2701329;Schweiz;Grasshopper Club Zürich;Shani Tarashaj;21;4000000.0;Hängende Spitze;Reservebank
2701329;Schweiz;FC Basel 1893;Breel Embolo;19;20000000.0;Mittelstürmer;Reservebank
2701329;Schweiz;Kasimpasa;Eren Derdiyok;28;4600000.0;Mittelstürmer;Reservebank
2701329;Polen;AS Rom;Wojciech Szczesny;26;12000000.0;Torwart;Reservebank
2701329;Polen;AFC Bournemouth;Artur Boruc;36;1000000.0;Torwart;Reservebank
2701329;Polen;US Palermo;Thiago Cionek;30;900000.0;Innenverteidiger;Reservebank
2701329;Polen;Cagliari Calcio;Bartosz Salamon;25;2200000.0;Innenverteidiger;Reservebank
2701329;Polen;Lechia Gdansk;Jakub Wawrzyniak;32;350000.0;Linker Verteidiger;Reservebank
2701329;Polen;Legia Warschau;Tomasz Jodlowiec;30;1500000.0;Defensives Mittelfeld;Reservebank
2701329;Polen;FC Empoli;Piotr Zielinski;22;12000000.0;Zentrales Mittelfeld;Reservebank
2701329;Polen;Lech Posen;Karol Linetty;21;3200000.0;Zentrales Mittelfeld;Reservebank
2701329;Polen;Zaglebie Lubin;Filip Starzynski;25;1000000.0;Offensives Mittelfeld;Reservebank
2701329;Polen;Lechia Gdansk;Slawomir Peszko;31;400000.0;Linksaußen;Reservebank
2701329;Polen;Ruch Chorzow;Mariusz Stepinski;21;1500000.0;Mittelstürmer;Reservebank
