GameId;team;club;name;age;value;position;role
2701345;England;Manchester City;Joe Hart;29;17000000.0;Torwart;Startaufstellung
2701345;England;FC Chelsea;Gary Cahill;30;16000000.0;Innenverteidiger;Startaufstellung
2701345;England;Manchester United;Chris Smalling;26;20000000.0;Innenverteidiger;Startaufstellung
2701345;England;Tottenham Hotspur;Danny Rose;25;14000000.0;Linker Verteidiger;Startaufstellung
2701345;England;Tottenham Hotspur;Kyle Walker;26;15000000.0;Rechter Verteidiger;Startaufstellung
2701345;England;Tottenham Hotspur;Eric Dier;22;18000000.0;Defensives Mittelfeld;Startaufstellung
2701345;England;Tottenham Hotspur;Dele Alli;20;20000000.0;Zentrales Mittelfeld;Startaufstellung
2701345;England;Manchester United;Wayne Rooney;30;35000000.0;Offensives Mittelfeld;Startaufstellung
2701345;England;Manchester City;Raheem Sterling;21;45000000.0;Linksaußen;Startaufstellung
2701345;England;FC Liverpool;Daniel Sturridge;26;25000000.0;Rechtsaußen;Startaufstellung
2701345;England;Tottenham Hotspur;Harry Kane;22;40000000.0;Mittelstürmer;Startaufstellung
2701345;Island;FK Bodö/Glimt;Hannes Thór Halldórsson;32;400000.0;Torwart;Startaufstellung
2701345;Island;FK Krasnodar;Ragnar Sigurdsson;30;6000000.0;Innenverteidiger;Startaufstellung
2701345;Island;Malmö FF;Kári Arnason;33;500000.0;Innenverteidiger;Startaufstellung
2701345;Island;Odense Boldklub;Ari Freyr Skúlason;29;700000.0;Linker Verteidiger;Startaufstellung
2701345;Island;Hammarby IF;Birkir Már Saevarsson;31;500000.0;Rechter Verteidiger;Startaufstellung
2701345;Island;Cardiff City;Aron Gunnarsson;27;2500000.0;Zentrales Mittelfeld;Startaufstellung
2701345;Island;Swansea City;Gylfi Sigurdsson;26;13000000.0;Zentrales Mittelfeld;Startaufstellung
2701345;Island;FC Basel 1893;Birkir Bjarnason;28;2500000.0;Linkes Mittelfeld;Startaufstellung
2701345;Island;Charlton Athletic;Johann Berg Gudmundsson;25;2000000.0;Rechtsaußen;Startaufstellung
2701345;Island;FC Nantes;Kolbeinn Sigthórsson;26;2750000.0;Mittelstürmer;Startaufstellung
2701345;Island;1.FC Kaiserslautern;Jón Dadi Bödvarsson;24;800000.0;Mittelstürmer;Startaufstellung
2701345;England;FC Southampton;Fraser Forster;28;15000000.0;Torwart;Reservebank
2701345;England;FC Burnley;Tom Heaton;30;3000000.0;Torwart;Reservebank
2701345;England;FC Everton;John Stones;22;28000000.0;Innenverteidiger;Reservebank
2701345;England;FC Southampton;Ryan Bertrand;26;14000000.0;Linker Verteidiger;Reservebank
2701345;England;FC Liverpool;Nathaniel Clyne;25;21000000.0;Rechter Verteidiger;Reservebank
2701345;England;FC Arsenal;Jack Wilshere;24;23000000.0;Defensives Mittelfeld;Reservebank
2701345;England;FC Liverpool;James Milner;30;15000000.0;Zentrales Mittelfeld;Reservebank
2701345;England;FC Liverpool;Jordan Henderson;26;28000000.0;Zentrales Mittelfeld;Reservebank
2701345;England;FC Liverpool;Adam Lallana;28;19000000.0;Offensives Mittelfeld;Reservebank
2701345;England;FC Everton;Ross Barkley;22;22000000.0;Offensives Mittelfeld;Reservebank
2701345;England;Leicester City;Jamie Vardy;29;18000000.0;Mittelstürmer;Reservebank
2701345;England;Manchester United;Marcus Rashford;18;6000000.0;Linksaußen;Reservebank
2701345;Island;Hammarby IF;Ögmundur Kristinsson;27;500000.0;Torwart;Reservebank
2701345;Island;Sandefjord Fotball;Ingvar Jónsson;26;200000.0;Torwart;Reservebank
2701345;Island;AC Cesena;Hördur Magnússon;23;600000.0;Innenverteidiger;Reservebank
2701345;Island;IFK Göteborg;Hjörtur Hermannsson;21;300000.0;Innenverteidiger;Reservebank
2701345;Island;KSC Lokeren;Sverrir Ingi Ingason;22;1000000.0;Innenverteidiger;Reservebank
2701345;Island;AIK Solna;Haukur Heidar Hauksson;24;700000.0;Rechter Verteidiger;Reservebank
2701345;Island;Udinese Calcio;Emil Hallfredsson;31;2000000.0;Zentrales Mittelfeld;Reservebank
2701345;Island;Aarhus GF;Elmar Bjarnason;29;600000.0;Linkes Mittelfeld;Reservebank
2701345;Island;GIF Sundsvall;Rúnar Már Sigurjónsson;26;750000.0;Zentrales Mittelfeld;Reservebank
2701345;Island;IFK Norrköping;Arnór Ingvi Traustason;23;1250000.0;Linksaußen;Reservebank
2701345;Island;FC Augsburg;Alfred Finnbogason;27;5000000.0;Mittelstürmer;Reservebank
2701345;Island;Molde FK;Eidur Gudjohnsen;37;200000.0;Mittelstürmer;Reservebank
