GameId;team;club;name;age;value;position;role
2701332;Italien;Juventus Turin;Gianluigi Buffon;38;2000000.0;Torwart;Startaufstellung
2701332;Italien;Juventus Turin;Giorgio Chiellini;31;13000000.0;Innenverteidiger;Startaufstellung
2701332;Italien;Juventus Turin;Andrea Barzagli;35;2000000.0;Innenverteidiger;Startaufstellung
2701332;Italien;Juventus Turin;Leonardo Bonucci;29;30000000.0;Innenverteidiger;Startaufstellung
2701332;Italien;AS Rom;Daniele De Rossi;32;5000000.0;Defensives Mittelfeld;Startaufstellung
2701332;Italien;Lazio Rom;Marco Parolo;31;6500000.0;Zentrales Mittelfeld;Startaufstellung
2701332;Italien;FC Bologna;Emanuele Giaccherini;31;4000000.0;Zentrales Mittelfeld;Startaufstellung
2701332;Italien;AS Rom;Alessandro Florenzi;25;20000000.0;Rechtes Mittelfeld;Startaufstellung
2701332;Italien;AC Mailand;Mattia De Sciglio;23;5000000.0;Linkes Mittelfeld;Startaufstellung
2701332;Italien;Inter Mailand;Éder;29;12000000.0;Mittelstürmer;Startaufstellung
2701332;Italien;FC Southampton;Graziano Pellè;30;11000000.0;Mittelstürmer;Startaufstellung
2701332;Spanien;Manchester United;David de Gea;25;40000000.0;Torwart;Startaufstellung
2701332;Spanien;FC Barcelona;Gerard Piqué;29;40000000.0;Innenverteidiger;Startaufstellung
2701332;Spanien;Real Madrid;Sergio Ramos;30;40000000.0;Innenverteidiger;Startaufstellung
2701332;Spanien;FC Barcelona;Jordi Alba;27;35000000.0;Linker Verteidiger;Startaufstellung
2701332;Spanien;Atlético Madrid;Juanfran;31;16000000.0;Rechter Verteidiger;Startaufstellung
2701332;Spanien;FC Barcelona;Sergio Busquets;27;60000000.0;Defensives Mittelfeld;Startaufstellung
2701332;Spanien;FC Barcelona;Andrés Iniesta;32;35000000.0;Zentrales Mittelfeld;Startaufstellung
2701332;Spanien;FC Chelsea;Cesc Fàbregas;29;45000000.0;Zentrales Mittelfeld;Startaufstellung
2701332;Spanien;Celta Vigo;Nolito;29;15000000.0;Linksaußen;Startaufstellung
2701332;Spanien;Manchester City;David Silva;30;33000000.0;Rechtsaußen;Startaufstellung
2701332;Spanien;Juventus Turin;Álvaro Morata;23;30000000.0;Mittelstürmer;Startaufstellung
2701332;Italien;Lazio Rom;Federico Marchetti;33;4000000.0;Torwart;Reservebank
2701332;Italien;FC Paris Saint-Germain;Salvatore Sirigu;29;8000000.0;Torwart;Reservebank
2701332;Italien;West Ham United;Angelo Ogbonna;28;9000000.0;Innenverteidiger;Reservebank
2701332;Italien;Manchester United;Matteo Darmian;26;15000000.0;Rechtes Mittelfeld;Reservebank
2701332;Italien;FC Paris Saint-Germain;Thiago Motta;33;3000000.0;Defensives Mittelfeld;Reservebank
2701332;Italien;Juventus Turin;Stefano Sturaro;23;11000000.0;Zentrales Mittelfeld;Reservebank
2701332;Italien;SSC Neapel;Lorenzo Insigne;25;25000000.0;Hängende Spitze;Reservebank
2701332;Italien;AS Rom;Stephan El Shaarawy;23;17000000.0;Linksaußen;Reservebank
2701332;Italien;AC Florenz;Federico Bernardeschi;22;16000000.0;Rechtsaußen;Reservebank
2701332;Italien;Lazio Rom;Antonio Candreva;29;23000000.0;Rechtsaußen;Reservebank
2701332;Italien;Juventus Turin;Simone Zaza;25;12000000.0;Mittelstürmer;Reservebank
2701332;Italien;FC Turin;Ciro Immobile;26;10000000.0;Mittelstürmer;Reservebank
2701332;Spanien;FC Porto;Iker Casillas;35;3000000.0;Torwart;Reservebank
2701332;Spanien;FC Sevilla;Sergio Rico;22;15000000.0;Torwart;Reservebank
2701332;Spanien;FC Barcelona;Marc Bartra;25;8000000.0;Innenverteidiger;Reservebank
2701332;Spanien;FC Chelsea;César Azpilicueta;26;20000000.0;Rechter Verteidiger;Reservebank
2701332;Spanien;FC Arsenal;Héctor Bellerín;21;18000000.0;Rechter Verteidiger;Reservebank
2701332;Spanien;FC Villarreal;Bruno Soriano;32;8000000.0;Defensives Mittelfeld;Reservebank
2701332;Spanien;Athletic Bilbao;Mikel San José;27;10000000.0;Defensives Mittelfeld;Reservebank
2701332;Spanien;Atlético Madrid;Koke;24;60000000.0;Zentrales Mittelfeld;Reservebank
2701332;Spanien;FC Bayern München;Thiago;25;25000000.0;Zentrales Mittelfeld;Reservebank
2701332;Spanien;FC Chelsea;Pedro;28;23000000.0;Linksaußen;Reservebank
2701332;Spanien;Real Madrid;Lucas Vázquez;24;10000000.0;Rechtsaußen;Reservebank
2701332;Spanien;Athletic Bilbao;Aritz Aduriz;35;3000000.0;Mittelstürmer;Reservebank
