GameId;team;club;name;age;value;position;role
2701344;Ungarn;Szombathelyi Haladás;Gábor Király;40;250000.0;Torwart;Startaufstellung
2701344;Ungarn;Wisla Krakau;Richárd Guzmics;29;750000.0;Innenverteidiger;Startaufstellung
2701344;Ungarn;Videoton FC;Roland Juhász;32;1000000.0;Innenverteidiger;Startaufstellung
2701344;Ungarn;Lech Posen;Tamás Kádár;26;750000.0;Linker Verteidiger;Startaufstellung
2701344;Ungarn;Videoton FC;Ádám Lang;23;800000.0;Rechter Verteidiger;Startaufstellung
2701344;Ungarn;Ferencváros Budapest;Ádám Nagy;21;1500000.0;Defensives Mittelfeld;Startaufstellung
2701344;Ungarn;Ferencváros Budapest;Ádám Pintér;28;750000.0;Zentrales Mittelfeld;Startaufstellung
2701344;Ungarn;Ferencváros Budapest;Zoltán Gera;37;500000.0;Zentrales Mittelfeld;Startaufstellung
2701344;Ungarn;Lech Posen;Gergő Lovrencsics;27;650000.0;Linksaußen;Startaufstellung
2701344;Ungarn;Bursaspor;Balázs Dzsudzsák;29;4250000.0;Rechtsaußen;Startaufstellung
2701344;Ungarn;Hannover 96;Ádám Szalai;28;1500000.0;Mittelstürmer;Startaufstellung
2701344;Belgien;FC Chelsea;Thibaut Courtois;24;35000000.0;Torwart;Startaufstellung
2701344;Belgien;FC Barcelona;Thomas Vermaelen;30;3000000.0;Innenverteidiger;Startaufstellung
2701344;Belgien;Tottenham Hotspur;Toby Alderweireld;27;27000000.0;Innenverteidiger;Startaufstellung
2701344;Belgien;Tottenham Hotspur;Jan Vertonghen;29;23000000.0;Linker Verteidiger;Startaufstellung
2701344;Belgien;FC Brügge;Thomas Meunier;24;6000000.0;Rechter Verteidiger;Startaufstellung
2701344;Belgien;AS Rom;Radja Nainggolan;28;30000000.0;Defensives Mittelfeld;Startaufstellung
2701344;Belgien;Zenit St. Petersburg;Axel Witsel;27;23000000.0;Defensives Mittelfeld;Startaufstellung
2701344;Belgien;Manchester City;Kevin De Bruyne;24;60000000.0;Offensives Mittelfeld;Startaufstellung
2701344;Belgien;FC Chelsea;Eden Hazard;25;65000000.0;Linksaußen;Startaufstellung
2701344;Belgien;SSC Neapel;Dries Mertens;29;16000000.0;Rechtsaußen;Startaufstellung
2701344;Belgien;FC Everton;Romelu Lukaku;23;40000000.0;Mittelstürmer;Startaufstellung
2701344;Ungarn;Ferencváros Budapest;Dénes Dibusz;25;1200000.0;Torwart;Reservebank
2701344;Ungarn;RasenBallsport Leipzig;Péter Gulácsi;26;700000.0;Torwart;Reservebank
2701344;Ungarn;Debreceni VSC;Mihály Korhut;27;650000.0;Linker Verteidiger;Reservebank
2701344;Ungarn;Puskás Akadémia FC;Attila Fiola;26;750000.0;Rechter Verteidiger;Reservebank
2701344;Ungarn;MTK Budapest;Barnabás Bese;22;600000.0;Rechter Verteidiger;Reservebank
2701344;Ungarn;Diósgyőri VTK;Ákos Elek;27;1000000.0;Zentrales Mittelfeld;Reservebank
2701344;Ungarn;SV Werder Bremen;László Kleinheisler;22;600000.0;Offensives Mittelfeld;Reservebank
2701344;Ungarn;1.FC Nürnberg;Zoltán Stieber;27;800000.0;Linksaußen;Reservebank
2701344;Ungarn;Legia Warschau;Nemanja Nikolics;28;3500000.0;Mittelstürmer;Reservebank
2701344;Ungarn;Al Gharafa Sports Club;Krisztián Németh;27;1400000.0;Mittelstürmer;Reservebank
2701344;Ungarn;Ferencváros Budapest;Dániel Böde;29;800000.0;Offensives Mittelfeld;Reservebank
2701344;Ungarn;Slovan Bratislava;Tamás Priskin;29;600000.0;Mittelstürmer;Reservebank
2701344;Belgien;FC Liverpool;Simon Mignolet;28;12000000.0;Torwart;Reservebank
2701344;Belgien;KV Mechelen;Jean-François Gillet;37;500000.0;Torwart;Reservebank
2701344;Belgien;Galatasaray Istanbul;Jason Denayer;20;4000000.0;Innenverteidiger;Reservebank
2701344;Belgien;KRC Genk;Christian Kabasele;25;6000000.0;Innenverteidiger;Reservebank
2701344;Belgien;Montreal Impact;Laurent Ciman;30;2500000.0;Innenverteidiger;Reservebank
2701344;Belgien;KV Oostende;Jordan Lukaku;21;4000000.0;Linker Verteidiger;Reservebank
2701344;Belgien;Tottenham Hotspur;Mousa Dembélé;28;18000000.0;Zentrales Mittelfeld;Reservebank
2701344;Belgien;Manchester United;Marouane Fellaini;28;15000000.0;Zentrales Mittelfeld;Reservebank
2701344;Belgien;Atlético Madrid;Yannick Carrasco;22;25000000.0;Rechtsaußen;Reservebank
2701344;Belgien;FC Liverpool;Divock Origi;21;11000000.0;Mittelstürmer;Reservebank
2701344;Belgien;FC Liverpool;Christian Benteke;25;27000000.0;Mittelstürmer;Reservebank
2701344;Belgien;Olympique Marseille;Michy Batshuayi;22;15000000.0;Mittelstürmer;Reservebank
