GameId;team;club;name;age;value;position;role
2701342;Wales;Crystal Palace;Wayne Hennessey;29;3500000.0;Torwart;Startaufstellung
2701342;Wales;West Bromwich Albion;James Chester;27;5000000.0;Innenverteidiger;Startaufstellung
2701342;Wales;Swansea City;Ashley Williams;31;6500000.0;Innenverteidiger;Startaufstellung
2701342;Wales;Tottenham Hotspur;Ben Davies;23;8000000.0;Innenverteidiger;Startaufstellung
2701342;Wales;Swansea City;Neil Taylor;27;5000000.0;Linker Verteidiger;Startaufstellung
2701342;Wales;FC Reading;Chris Gunter;26;2500000.0;Rechter Verteidiger;Startaufstellung
2701342;Wales;Crystal Palace;Joe Ledley;29;3500000.0;Defensives Mittelfeld;Startaufstellung
2701342;Wales;FC Liverpool;Joe Allen;26;8000000.0;Rechtes Mittelfeld;Startaufstellung
2701342;Wales;FC Arsenal;Aaron Ramsey;25;30000000.0;Linkes Mittelfeld;Startaufstellung
2701342;Wales;Real Madrid;Gareth Bale;26;80000000.0;Offensives Mittelfeld;Startaufstellung
2701342;Wales;FC Burnley;Sam Vokes;26;3500000.0;Mittelstürmer;Startaufstellung
2701342;Nordirland;Hamilton Academical FC;Michael McGovern;31;500000.0;Torwart;Startaufstellung
2701342;Nordirland;West Bromwich Albion;Jonny Evans;28;6000000.0;Innenverteidiger;Startaufstellung
2701342;Nordirland;West Bromwich Albion;Gareth McAuley;36;1000000.0;Innenverteidiger;Startaufstellung
2701342;Nordirland;FC Watford;Craig Cathcart;27;4000000.0;Innenverteidiger;Startaufstellung
2701342;Nordirland;Leeds United;Stuart Dallas;25;1500000.0;Linker Verteidiger;Startaufstellung
2701342;Nordirland;Melbourne City FC;Aaron Hughes;36;350000.0;Rechter Verteidiger;Startaufstellung
2701342;Nordirland;FC Reading;Oliver Norwood;25;2000000.0;Defensives Mittelfeld;Startaufstellung
2701342;Nordirland;Blackburn Rovers;Corry Evans;25;1250000.0;Rechtes Mittelfeld;Startaufstellung
2701342;Nordirland;FC Southampton;Steven Davis;31;6000000.0;Linkes Mittelfeld;Startaufstellung
2701342;Nordirland;Nottingham Forest;Jamie Ward;30;1750000.0;Offensives Mittelfeld;Startaufstellung
2701342;Nordirland;Norwich City;Kyle Lafferty;28;2000000.0;Mittelstürmer;Startaufstellung
2701342;Wales;Inverness Caledonian Thistle FC;Owain Fôn Williams;29;250000.0;Torwart;Reservebank
2701342;Wales;FC Liverpool;Danny Ward;23;1500000.0;Torwart;Reservebank
2701342;Wales;West Ham United;James Collins;32;2000000.0;Innenverteidiger;Reservebank
2701342;Wales;FC Fulham;Jazz Richards;25;750000.0;Rechter Verteidiger;Reservebank
2701342;Wales;Nottingham Forest;David Vaughan;33;1250000.0;Defensives Mittelfeld;Reservebank
2701342;Wales;Leicester City;Andy King;27;3500000.0;Zentrales Mittelfeld;Reservebank
2701342;Wales;Wolverhampton Wanderers;David Edwards;30;850000.0;Zentrales Mittelfeld;Reservebank
2701342;Wales;FC Fulham;George Williams;20;500000.0;Offensives Mittelfeld;Reservebank
2701342;Wales;Crystal Palace;Jonathan Williams;22;750000.0;Rechtes Mittelfeld;Reservebank
2701342;Wales;FC Reading;Hal Robson-Kanu;27;2000000.0;Mittelstürmer;Reservebank
2701342;Wales;Birmingham City;David Cotterill;28;750000.0;Rechtsaußen;Reservebank
2701342;Wales;Milton Keynes Dons;Simon Church;27;500000.0;Mittelstürmer;Reservebank
2701342;Nordirland;Notts County;Roy Carroll;38;150000.0;Torwart;Reservebank
2701342;Nordirland;St. Johnstone FC;Alan Mannus;34;450000.0;Torwart;Reservebank
2701342;Nordirland;Manchester United;Paddy McNair;21;4500000.0;Innenverteidiger;Reservebank
2701342;Nordirland;Fleetwood Town;Conor McLaughlin;24;250000.0;Rechter Verteidiger;Reservebank
2701342;Nordirland;Milton Keynes Dons;Lee Hodson;24;350000.0;Rechter Verteidiger;Reservebank
2701342;Nordirland;Derby County;Chris Baird;34;500000.0;Defensives Mittelfeld;Reservebank
2701342;Nordirland;Doncaster Rovers;Luke McCullough;22;250000.0;Defensives Mittelfeld;Reservebank
2701342;Nordirland;FC Millwall;Shane Ferguson;24;750000.0;Linkes Mittelfeld;Reservebank
2701342;Nordirland;Aberdeen FC;Niall McGinn;28;750000.0;Linksaußen;Reservebank
2701342;Nordirland;Queens Park Rangers;Conor Washington;24;2000000.0;Mittelstürmer;Reservebank
2701342;Nordirland;Wigan Athletic;Will Grigg;24;1500000.0;Mittelstürmer;Reservebank
2701342;Nordirland;Kilmarnock FC;Josh Magennis;25;300000.0;Rechtsaußen;Reservebank
