GameId;team;club;name;age;value;position;role
2701330;Kroatien;AS Monaco;Danijel Subasic;31;5000000.0;Torwart;Startaufstellung
2701330;Kroatien;Lokomotiv Moskau;Vedran Corluka;30;9000000.0;Innenverteidiger;Startaufstellung
2701330;Kroatien;Dynamo Kiew;Domagoj Vida;27;7500000.0;Innenverteidiger;Startaufstellung
2701330;Kroatien;SSC Neapel;Ivan Strinic;28;4500000.0;Linker Verteidiger;Startaufstellung
2701330;Kroatien;Shakhtar Donetsk;Darijo Srna;34;4000000.0;Rechter Verteidiger;Startaufstellung
2701330;Kroatien;AC Florenz;Milan Badelj;27;8000000.0;Defensives Mittelfeld;Startaufstellung
2701330;Kroatien;Real Madrid;Luka Modric;30;50000000.0;Zentrales Mittelfeld;Startaufstellung
2701330;Kroatien;Inter Mailand;Marcelo Brozovic;23;18000000.0;Rechtes Mittelfeld;Startaufstellung
2701330;Kroatien;FC Barcelona;Ivan Rakitic;28;50000000.0;Offensives Mittelfeld;Startaufstellung
2701330;Kroatien;Inter Mailand;Ivan Perisic;27;21000000.0;Linksaußen;Startaufstellung
2701330;Kroatien;Juventus Turin;Mario Mandzukic;30;19000000.0;Mittelstürmer;Startaufstellung
2701330;Portugal;Sporting Lissabon;Rui Patrício;28;14000000.0;Torwart;Startaufstellung
2701330;Portugal;Real Madrid;Pepe;33;6000000.0;Innenverteidiger;Startaufstellung
2701330;Portugal;FC Southampton;José Fonte;32;5000000.0;Innenverteidiger;Startaufstellung
2701330;Portugal;FC Lorient;Raphaël Guerreiro;22;9000000.0;Linker Verteidiger;Startaufstellung
2701330;Portugal;FC Southampton;Cédric Soares;24;11000000.0;Rechter Verteidiger;Startaufstellung
2701330;Portugal;Sporting Lissabon;William Carvalho;24;26000000.0;Defensives Mittelfeld;Startaufstellung
2701330;Portugal;Sporting Lissabon;Adrien Silva;27;18000000.0;Zentrales Mittelfeld;Startaufstellung
2701330;Portugal;Sporting Lissabon;João Mário;23;20000000.0;Rechtes Mittelfeld;Startaufstellung
2701330;Portugal;FC Valencia;André Gomes;22;20000000.0;Linkes Mittelfeld;Startaufstellung
2701330;Portugal;Fenerbahce Istanbul;Nani;29;14500000.0;Hängende Spitze;Startaufstellung
2701330;Portugal;Real Madrid;Cristiano Ronaldo;31;110000000.0;Mittelstürmer;Startaufstellung
2701330;Kroatien;HNK Rijeka;Ivan Vargic;29;1750000.0;Torwart;Reservebank
2701330;Kroatien;HNK Hajduk Split;Lovre Kalinic;26;3000000.0;Torwart;Reservebank
2701330;Kroatien;Bayer 04 Leverkusen;Tin Jedvaj;20;8000000.0;Innenverteidiger;Reservebank
2701330;Kroatien;GNK Dinamo Zagreb;Gordon Schildenfeld;31;1500000.0;Innenverteidiger;Reservebank
2701330;Kroatien;US Sassuolo;Sime Vrsaljko;24;13000000.0;Rechter Verteidiger;Reservebank
2701330;Kroatien;Real Madrid;Mateo Kovacic;22;20000000.0;Zentrales Mittelfeld;Reservebank
2701330;Kroatien;GNK Dinamo Zagreb;Marko Rog;20;6000000.0;Zentrales Mittelfeld;Reservebank
2701330;Kroatien;GNK Dinamo Zagreb;Ante Coric;19;7000000.0;Offensives Mittelfeld;Reservebank
2701330;Kroatien;GNK Dinamo Zagreb;Marko Pjaca;21;8000000.0;Rechtsaußen;Reservebank
2701330;Kroatien;AC Florenz;Nikola Kalinic;28;13500000.0;Mittelstürmer;Reservebank
2701330;Kroatien;TSG 1899 Hoffenheim;Andrej Kramaric;25;7500000.0;Mittelstürmer;Reservebank
2701330;Kroatien;FC Málaga;Duje Cop;26;3000000.0;Mittelstürmer;Reservebank
2701330;Portugal;Olympique Lyon;Anthony Lopes;25;13000000.0;Torwart;Reservebank
2701330;Portugal;GNK Dinamo Zagreb;Eduardo;33;1500000.0;Torwart;Reservebank
2701330;Portugal;Fenerbahce Istanbul;Bruno Alves;34;2000000.0;Innenverteidiger;Reservebank
2701330;Portugal;AS Monaco;Ricardo Carvalho;38;500000.0;Innenverteidiger;Reservebank
2701330;Portugal;Benfica Lissabon;Eliseu;32;2000000.0;Linker Verteidiger;Reservebank
2701330;Portugal;FC Porto;Danilo Pereira;24;12000000.0;Zentrales Mittelfeld;Reservebank
2701330;Portugal;AS Monaco;João Moutinho;29;18000000.0;Zentrales Mittelfeld;Reservebank
2701330;Portugal;Benfica Lissabon;Renato Sanches;18;20000000.0;Zentrales Mittelfeld;Reservebank
2701330;Portugal;VfL Wolfsburg;Vieirinha;30;7000000.0;Rechtes Mittelfeld;Reservebank
2701330;Portugal;SC Braga;Rafa Silva;23;15000000.0;Linksaußen;Reservebank
2701330;Portugal;Besiktas Istanbul;Ricardo Quaresma;32;4000000.0;Rechtsaußen;Reservebank
2701330;Portugal;LOSC Lille;Éder;28;5000000.0;Mittelstürmer;Reservebank
