GameId;team;club;name;age;value;position;role
2701343;Frankreich;Tottenham Hotspur;Hugo Lloris;29;24000000.0;Torwart;Startaufstellung
2701343;Frankreich;FC Sevilla;Adil Rami;30;7000000.0;Innenverteidiger;Startaufstellung
2701343;Frankreich;FC Arsenal;Laurent Koscielny;30;22000000.0;Innenverteidiger;Startaufstellung
2701343;Frankreich;Juventus Turin;Patrice Evra;35;1000000.0;Linker Verteidiger;Startaufstellung
2701343;Frankreich;Manchester City;Bacary Sagna;33;7000000.0;Rechter Verteidiger;Startaufstellung
2701343;Frankreich;Leicester City;N'Golo Kanté;25;20000000.0;Defensives Mittelfeld;Startaufstellung
2701343;Frankreich;FC Paris Saint-Germain;Blaise Matuidi;29;30000000.0;Zentrales Mittelfeld;Startaufstellung
2701343;Frankreich;Juventus Turin;Paul Pogba;23;70000000.0;Zentrales Mittelfeld;Startaufstellung
2701343;Frankreich;West Ham United;Dimitri Payet;29;23000000.0;Linksaußen;Startaufstellung
2701343;Frankreich;Atlético Madrid;Antoine Griezmann;25;70000000.0;Rechtsaußen;Startaufstellung
2701343;Frankreich;FC Arsenal;Olivier Giroud;29;25000000.0;Mittelstürmer;Startaufstellung
2701343;Irland;West Ham United;Darren Randolph;29;1000000.0;Torwart;Startaufstellung
2701343;Irland;Derby County;Richard Keogh;29;1800000.0;Innenverteidiger;Startaufstellung
2701343;Irland;Blackburn Rovers;Shane Duffy;24;1500000.0;Innenverteidiger;Startaufstellung
2701343;Irland;FC Burnley;Stephen Ward;30;1000000.0;Linker Verteidiger;Startaufstellung
2701343;Irland;FC Everton;Seamus Coleman;27;17000000.0;Rechter Verteidiger;Startaufstellung
2701343;Irland;FC Everton;James McCarthy;25;17000000.0;Defensives Mittelfeld;Startaufstellung
2701343;Irland;Derby County;Jeff Hendrick;24;1500000.0;Zentrales Mittelfeld;Startaufstellung
2701343;Irland;Norwich City;Robbie Brady;24;6000000.0;Zentrales Mittelfeld;Startaufstellung
2701343;Irland;West Bromwich Albion;James McClean;27;3000000.0;Linksaußen;Startaufstellung
2701343;Irland;FC Southampton;Shane Long;29;10000000.0;Rechtsaußen;Startaufstellung
2701343;Irland;Ipswich Town;Daryl Murphy;33;1000000.0;Mittelstürmer;Startaufstellung
2701343;Frankreich;Olympique Marseille;Steve Mandanda;31;10000000.0;Torwart;Reservebank
2701343;Frankreich;FC Stade Rennes;Benoît Costil;28;8000000.0;Torwart;Reservebank
2701343;Frankreich;Manchester City;Eliaquim Mangala;25;23000000.0;Innenverteidiger;Reservebank
2701343;Frankreich;Olympique Lyon;Samuel Umtiti;22;15000000.0;Innenverteidiger;Reservebank
2701343;Frankreich;AS Rom;Lucas Digne;22;12000000.0;Linker Verteidiger;Reservebank
2701343;Frankreich;Olympique Lyon;Christophe Jallet;32;2000000.0;Rechter Verteidiger;Reservebank
2701343;Frankreich;Manchester United;Morgan Schneiderlin;26;30000000.0;Defensives Mittelfeld;Reservebank
2701343;Frankreich;Crystal Palace;Yohan Cabaye;30;18000000.0;Zentrales Mittelfeld;Reservebank
2701343;Frankreich;Newcastle United;Moussa Sissoko;26;13000000.0;Zentrales Mittelfeld;Reservebank
2701343;Frankreich;Manchester United;Anthony Martial;20;32000000.0;Linksaußen;Reservebank
2701343;Frankreich;FC Bayern München;Kingsley Coman;20;17000000.0;Rechtsaußen;Reservebank
2701343;Frankreich;Tigres UANL;André-Pierre Gignac;30;8000000.0;Mittelstürmer;Reservebank
2701343;Irland;Sheffield Wednesday;Keiren Westwood;31;1500000.0;Torwart;Reservebank
2701343;Irland;Stoke City;Shay Given;40;500000.0;Torwart;Reservebank
2701343;Irland;Aston Villa;Ciaran Clark;26;4500000.0;Innenverteidiger;Reservebank
2701343;Irland;AFC Sunderland;John O'Shea;35;1000000.0;Innenverteidiger;Reservebank
2701343;Irland;Derby County;Cyrus Christie;23;1000000.0;Rechter Verteidiger;Reservebank
2701343;Irland;Stoke City;Glenn Whelan;32;3000000.0;Defensives Mittelfeld;Reservebank
2701343;Irland;FC Reading;Stephen Quinn;30;1500000.0;Zentrales Mittelfeld;Reservebank
2701343;Irland;Hull City;David Meyler;27;2500000.0;Zentrales Mittelfeld;Reservebank
2701343;Irland;Norwich City;Wesley Hoolahan;34;2000000.0;Zentrales Mittelfeld;Reservebank
2701343;Irland;FC Everton;Aiden McGeady;30;4500000.0;Rechtsaußen;Reservebank
2701343;Irland;Stoke City;Jonathan Walters;32;3500000.0;Rechtsaußen;Reservebank
2701343;Irland;Los Angeles Galaxy;Robbie Keane;35;1000000.0;Mittelstürmer;Reservebank
