GameId;team;club;name;age;value;position;role
2702908;Deutschland;FC Bayern München;Manuel Neuer;30;45000000.0;Torwart;Startaufstellung
2702908;Deutschland;FC Schalke 04;Benedikt Höwedes;28;16000000.0;Innenverteidiger;Startaufstellung
2702908;Deutschland;FC Bayern München;Mats Hummels;27;38000000.0;Innenverteidiger;Startaufstellung
2702908;Deutschland;FC Bayern München;Jérôme Boateng;27;40000000.0;Innenverteidiger;Startaufstellung
2702908;Deutschland;Real Madrid;Toni Kroos;26;50000000.0;Defensives Mittelfeld;Startaufstellung
2702908;Deutschland;Juventus Turin;Sami Khedira;29;20000000.0;Zentrales Mittelfeld;Startaufstellung
2702908;Deutschland;FC Bayern München;Joshua Kimmich;21;13000000.0;Rechtes Mittelfeld;Startaufstellung
2702908;Deutschland;1.FC Köln;Jonas Hector;26;11000000.0;Linkes Mittelfeld;Startaufstellung
2702908;Deutschland;FC Arsenal;Mesut Özil;27;50000000.0;Offensives Mittelfeld;Startaufstellung
2702908;Deutschland;FC Bayern München;Thomas Müller;26;75000000.0;Hängende Spitze;Startaufstellung
2702908;Deutschland;AC Florenz;Mario Gómez;30;12000000.0;Mittelstürmer;Startaufstellung
2702908;Italien;Juventus Turin;Gianluigi Buffon;38;2000000.0;Torwart;Startaufstellung
2702908;Italien;Juventus Turin;Giorgio Chiellini;31;13000000.0;Innenverteidiger;Startaufstellung
2702908;Italien;Juventus Turin;Andrea Barzagli;35;2000000.0;Innenverteidiger;Startaufstellung
2702908;Italien;Juventus Turin;Leonardo Bonucci;29;30000000.0;Innenverteidiger;Startaufstellung
2702908;Italien;Juventus Turin;Stefano Sturaro;23;11000000.0;Zentrales Mittelfeld;Startaufstellung
2702908;Italien;Lazio Rom;Marco Parolo;31;6500000.0;Zentrales Mittelfeld;Startaufstellung
2702908;Italien;AFC Sunderland;Emanuele Giaccherini;31;4000000.0;Zentrales Mittelfeld;Startaufstellung
2702908;Italien;AS Rom;Alessandro Florenzi;25;20000000.0;Rechtes Mittelfeld;Startaufstellung
2702908;Italien;AC Mailand;Mattia De Sciglio;23;5000000.0;Linkes Mittelfeld;Startaufstellung
2702908;Italien;Inter Mailand;Éder;29;12000000.0;Hängende Spitze;Startaufstellung
2702908;Italien;FC Southampton;Graziano Pellè;30;11000000.0;Mittelstürmer;Startaufstellung
2702908;Deutschland;Bayer 04 Leverkusen;Bernd Leno;24;16000000.0;Torwart;Reservebank
2702908;Deutschland;FC Barcelona;Marc-André ter Stegen;24;15000000.0;Torwart;Reservebank
2702908;Deutschland;FC Valencia;Shkodran Mustafi;24;20000000.0;Innenverteidiger;Reservebank
2702908;Deutschland;Bayer 04 Leverkusen;Jonathan Tah;20;12000000.0;Innenverteidiger;Reservebank
2702908;Deutschland;FC Liverpool;Emre Can;22;18000000.0;Defensives Mittelfeld;Reservebank
2702908;Deutschland;Borussia Dortmund;Julian Weigl;20;14000000.0;Defensives Mittelfeld;Reservebank
2702908;Deutschland;Manchester United;Bastian Schweinsteiger;31;12000000.0;Zentrales Mittelfeld;Reservebank
2702908;Deutschland;FC Bayern München;Mario Götze;24;35000000.0;Offensives Mittelfeld;Reservebank
2702908;Deutschland;FC Schalke 04;Leroy Sané;20;18000000.0;Linksaußen;Reservebank
2702908;Deutschland;VfL Wolfsburg;André Schürrle;25;18000000.0;Linksaußen;Reservebank
2702908;Deutschland;VfL Wolfsburg;Julian Draxler;22;24000000.0;Hängende Spitze;Reservebank
2702908;Deutschland;Galatasaray Istanbul;Lukas Podolski;31;8000000.0;Mittelstürmer;Reservebank
2702908;Italien;Lazio Rom;Federico Marchetti;33;4000000.0;Torwart;Reservebank
2702908;Italien;FC Paris Saint-Germain;Salvatore Sirigu;29;8000000.0;Torwart;Reservebank
2702908;Italien;West Ham United;Angelo Ogbonna;28;9000000.0;Innenverteidiger;Reservebank
2702908;Italien;Manchester United;Matteo Darmian;26;15000000.0;Rechtes Mittelfeld;Reservebank
2702908;Italien;AS Rom;Daniele De Rossi;32;5000000.0;Defensives Mittelfeld;Reservebank
2702908;Italien;SSC Neapel;Lorenzo Insigne;25;25000000.0;Hängende Spitze;Reservebank
2702908;Italien;AS Rom;Stephan El Shaarawy;23;17000000.0;Linksaußen;Reservebank
2702908;Italien;AC Florenz;Federico Bernardeschi;22;16000000.0;Rechtsaußen;Reservebank
2702908;Italien;Lazio Rom;Antonio Candreva;29;23000000.0;Rechtsaußen;Reservebank
2702908;Italien;Juventus Turin;Simone Zaza;25;12000000.0;Mittelstürmer;Reservebank
2702908;Italien;FC Sevilla;Ciro Immobile;26;10000000.0;Mittelstürmer;Reservebank
