GameId;team;club;name;age;value;position;role
2702906;Polen;Swansea City;Lukasz Fabianski;31;7000000.0;Torwart;Startaufstellung
2702906;Polen;Legia Warschau;Michal Pazdan;28;1700000.0;Innenverteidiger;Startaufstellung
2702906;Polen;FC Turin;Kamil Glik;28;10000000.0;Innenverteidiger;Startaufstellung
2702906;Polen;FK Krasnodar;Artur Jedrzejczyk;28;2700000.0;Linker Verteidiger;Startaufstellung
2702906;Polen;Borussia Dortmund;Lukasz Piszczek;31;6000000.0;Rechter Verteidiger;Startaufstellung
2702906;Polen;FC Sevilla;Grzegorz Krychowiak;26;30000000.0;Defensives Mittelfeld;Startaufstellung
2702906;Polen;Wisla Krakau;Krzysztof Maczynski;29;1000000.0;Zentrales Mittelfeld;Startaufstellung
2702906;Polen;FC Stade Rennes;Kamil Grosicki;28;4500000.0;Linksaußen;Startaufstellung
2702906;Polen;Borussia Dortmund;Jakub Blaszczykowski;30;7000000.0;Rechtsaußen;Startaufstellung
2702906;Polen;Ajax Amsterdam;Arkadiusz Milik;22;10000000.0;Hängende Spitze;Startaufstellung
2702906;Polen;FC Bayern München;Robert Lewandowski;27;75000000.0;Mittelstürmer;Startaufstellung
2702906;Portugal;Sporting Lissabon;Rui Patrício;28;14000000.0;Torwart;Startaufstellung
2702906;Portugal;Real Madrid;Pepe;33;6000000.0;Innenverteidiger;Startaufstellung
2702906;Portugal;FC Southampton;José Fonte;32;5000000.0;Innenverteidiger;Startaufstellung
2702906;Portugal;Benfica Lissabon;Eliseu;32;2000000.0;Linker Verteidiger;Startaufstellung
2702906;Portugal;FC Southampton;Cédric Soares;24;11000000.0;Rechter Verteidiger;Startaufstellung
2702906;Portugal;Sporting Lissabon;William Carvalho;24;26000000.0;Defensives Mittelfeld;Startaufstellung
2702906;Portugal;Sporting Lissabon;Adrien Silva;27;18000000.0;Zentrales Mittelfeld;Startaufstellung
2702906;Portugal;Benfica Lissabon;Renato Sanches;18;20000000.0;Rechtes Mittelfeld;Startaufstellung
2702906;Portugal;Sporting Lissabon;João Mário;23;20000000.0;Linkes Mittelfeld;Startaufstellung
2702906;Portugal;Fenerbahce Istanbul;Nani;29;14500000.0;Hängende Spitze;Startaufstellung
2702906;Portugal;Real Madrid;Cristiano Ronaldo;31;110000000.0;Mittelstürmer;Startaufstellung
2702906;Polen;AS Rom;Wojciech Szczesny;26;12000000.0;Torwart;Reservebank
2702906;Polen;AFC Bournemouth;Artur Boruc;36;1000000.0;Torwart;Reservebank
2702906;Polen;US Palermo;Thiago Cionek;30;900000.0;Innenverteidiger;Reservebank
2702906;Polen;Cagliari Calcio;Bartosz Salamon;25;2200000.0;Innenverteidiger;Reservebank
2702906;Polen;Lechia Gdansk;Jakub Wawrzyniak;32;350000.0;Linker Verteidiger;Reservebank
2702906;Polen;Legia Warschau;Tomasz Jodlowiec;30;1500000.0;Defensives Mittelfeld;Reservebank
2702906;Polen;Udinese Calcio;Piotr Zielinski;22;12000000.0;Zentrales Mittelfeld;Reservebank
2702906;Polen;Lech Posen;Karol Linetty;21;3200000.0;Zentrales Mittelfeld;Reservebank
2702906;Polen;Cracovia Krakau;Bartosz Kapustka;19;2500000.0;Linksaußen;Reservebank
2702906;Polen;KSC Lokeren;Filip Starzynski;25;1000000.0;Offensives Mittelfeld;Reservebank
2702906;Polen;Lechia Gdansk;Slawomir Peszko;31;400000.0;Linksaußen;Reservebank
2702906;Polen;Ruch Chorzow;Mariusz Stepinski;21;1500000.0;Mittelstürmer;Reservebank
2702906;Portugal;Olympique Lyon;Anthony Lopes;25;13000000.0;Torwart;Reservebank
2702906;Portugal;GNK Dinamo Zagreb;Eduardo;33;1500000.0;Torwart;Reservebank
2702906;Portugal;Fenerbahce Istanbul;Bruno Alves;34;2000000.0;Innenverteidiger;Reservebank
2702906;Portugal;AS Monaco;Ricardo Carvalho;38;500000.0;Innenverteidiger;Reservebank
2702906;Portugal;FC Porto;Danilo Pereira;24;12000000.0;Defensives Mittelfeld;Reservebank
2702906;Portugal;AS Monaco;João Moutinho;29;18000000.0;Zentrales Mittelfeld;Reservebank
2702906;Portugal;VfL Wolfsburg;Vieirinha;30;7000000.0;Rechtes Mittelfeld;Reservebank
2702906;Portugal;SC Braga;Rafa Silva;23;15000000.0;Linksaußen;Reservebank
2702906;Portugal;Besiktas Istanbul;Ricardo Quaresma;32;4000000.0;Rechtsaußen;Reservebank
2702906;Portugal;Swansea City;Éder;28;5000000.0;Mittelstürmer;Reservebank
