GameId;team;club;name;age;value;position;role
2702907;Wales;Crystal Palace;Wayne Hennessey;29;3500000.0;Torwart;Startaufstellung
2702907;Wales;West Bromwich Albion;James Chester;27;5000000.0;Innenverteidiger;Startaufstellung
2702907;Wales;Swansea City;Ashley Williams;31;6500000.0;Innenverteidiger;Startaufstellung
2702907;Wales;Tottenham Hotspur;Ben Davies;23;8000000.0;Innenverteidiger;Startaufstellung
2702907;Wales;Swansea City;Neil Taylor;27;5000000.0;Linker Verteidiger;Startaufstellung
2702907;Wales;FC Reading;Chris Gunter;26;2500000.0;Rechter Verteidiger;Startaufstellung
2702907;Wales;Crystal Palace;Joe Ledley;29;3500000.0;Defensives Mittelfeld;Startaufstellung
2702907;Wales;FC Liverpool;Joe Allen;26;8000000.0;Defensives Mittelfeld;Startaufstellung
2702907;Wales;FC Arsenal;Aaron Ramsey;25;30000000.0;Zentrales Mittelfeld;Startaufstellung
2702907;Wales;Real Madrid;Gareth Bale;26;80000000.0;Hängende Spitze;Startaufstellung
2702907;Wales;FC Reading;Hal Robson-Kanu;27;2000000.0;Mittelstürmer;Startaufstellung
2702907;Belgien;FC Chelsea;Thibaut Courtois;24;35000000.0;Torwart;Startaufstellung
2702907;Belgien;Tottenham Hotspur;Toby Alderweireld;27;27000000.0;Innenverteidiger;Startaufstellung
2702907;Belgien;Manchester City;Jason Denayer;21;4000000.0;Innenverteidiger;Startaufstellung
2702907;Belgien;KV Oostende;Jordan Lukaku;21;4000000.0;Linker Verteidiger;Startaufstellung
2702907;Belgien;FC Brügge;Thomas Meunier;24;6000000.0;Rechter Verteidiger;Startaufstellung
2702907;Belgien;AS Rom;Radja Nainggolan;28;30000000.0;Zentrales Mittelfeld;Startaufstellung
2702907;Belgien;Zenit St. Petersburg;Axel Witsel;27;23000000.0;Zentrales Mittelfeld;Startaufstellung
2702907;Belgien;Manchester City;Kevin De Bruyne;25;60000000.0;Offensives Mittelfeld;Startaufstellung
2702907;Belgien;FC Chelsea;Eden Hazard;25;65000000.0;Linksaußen;Startaufstellung
2702907;Belgien;Atlético Madrid;Yannick Carrasco;22;25000000.0;Rechtsaußen;Startaufstellung
2702907;Belgien;FC Everton;Romelu Lukaku;23;40000000.0;Mittelstürmer;Startaufstellung
2702907;Wales;Inverness Caledonian Thistle FC;Owain Fôn Williams;29;250000.0;Torwart;Reservebank
2702907;Wales;FC Liverpool;Danny Ward;23;1500000.0;Torwart;Reservebank
2702907;Wales;West Ham United;James Collins;32;2000000.0;Innenverteidiger;Reservebank
2702907;Wales;FC Fulham;Jazz Richards;25;750000.0;Rechter Verteidiger;Reservebank
2702907;Wales;Nottingham Forest;David Vaughan;33;1250000.0;Defensives Mittelfeld;Reservebank
2702907;Wales;Leicester City;Andy King;27;3500000.0;Zentrales Mittelfeld;Reservebank
2702907;Wales;Wolverhampton Wanderers;David Edwards;30;850000.0;Zentrales Mittelfeld;Reservebank
2702907;Wales;FC Fulham;George Williams;20;500000.0;Offensives Mittelfeld;Reservebank
2702907;Wales;Crystal Palace;Jonathan Williams;22;750000.0;Offensives Mittelfeld;Reservebank
2702907;Wales;Birmingham City;David Cotterill;28;750000.0;Rechtsaußen;Reservebank
2702907;Wales;FC Burnley;Sam Vokes;26;3500000.0;Mittelstürmer;Reservebank
2702907;Wales;Milton Keynes Dons;Simon Church;27;500000.0;Mittelstürmer;Reservebank
2702907;Belgien;FC Liverpool;Simon Mignolet;28;12000000.0;Torwart;Reservebank
2702907;Belgien;Catania Calcio;Jean-François Gillet;37;500000.0;Torwart;Reservebank
2702907;Belgien;FC Watford;Christian Kabasele;25;6000000.0;Innenverteidiger;Reservebank
2702907;Belgien;Montreal Impact;Laurent Ciman;30;2500000.0;Innenverteidiger;Reservebank
2702907;Belgien;Tottenham Hotspur;Mousa Dembélé;28;18000000.0;Zentrales Mittelfeld;Reservebank
2702907;Belgien;Manchester United;Marouane Fellaini;28;15000000.0;Offensives Mittelfeld;Reservebank
2702907;Belgien;SSC Neapel;Dries Mertens;29;16000000.0;Linksaußen;Reservebank
2702907;Belgien;FC Liverpool;Divock Origi;21;11000000.0;Mittelstürmer;Reservebank
2702907;Belgien;FC Liverpool;Christian Benteke;25;27000000.0;Mittelstürmer;Reservebank
2702907;Belgien;Olympique Marseille;Michy Batshuayi;22;15000000.0;Mittelstürmer;Reservebank
