GameId;team;club;name;age;value;position;role
2703265;Frankreich;Tottenham Hotspur;Hugo Lloris;29;24000000.0;Torwart;Startaufstellung
2703265;Frankreich;Olympique Lyon;Samuel Umtiti;22;15000000.0;Innenverteidiger;Startaufstellung
2703265;Frankreich;FC Arsenal;Laurent Koscielny;30;22000000.0;Innenverteidiger;Startaufstellung
2703265;Frankreich;Juventus Turin;Patrice Evra;35;1000000.0;Linker Verteidiger;Startaufstellung
2703265;Frankreich;Manchester City;Bacary Sagna;33;7000000.0;Rechter Verteidiger;Startaufstellung
2703265;Frankreich;FC Paris Saint-Germain;Blaise Matuidi;29;30000000.0;Defensives Mittelfeld;Startaufstellung
2703265;Frankreich;Juventus Turin;Paul Pogba;23;70000000.0;Defensives Mittelfeld;Startaufstellung
2703265;Frankreich;Newcastle United;Moussa Sissoko;26;13000000.0;Rechtes Mittelfeld;Startaufstellung
2703265;Frankreich;West Ham United;Dimitri Payet;29;23000000.0;Linksaußen;Startaufstellung
2703265;Frankreich;Atlético Madrid;Antoine Griezmann;25;70000000.0;Hängende Spitze;Startaufstellung
2703265;Frankreich;FC Arsenal;Olivier Giroud;29;25000000.0;Mittelstürmer;Startaufstellung
2703265;Island;FK Bodö/Glimt;Hannes Thór Halldórsson;32;400000.0;Torwart;Startaufstellung
2703265;Island;FK Krasnodar;Ragnar Sigurdsson;30;6000000.0;Innenverteidiger;Startaufstellung
2703265;Island;Malmö FF;Kári Arnason;33;500000.0;Innenverteidiger;Startaufstellung
2703265;Island;Odense Boldklub;Ari Freyr Skúlason;29;700000.0;Linker Verteidiger;Startaufstellung
2703265;Island;Hammarby IF;Birkir Már Saevarsson;31;500000.0;Rechter Verteidiger;Startaufstellung
2703265;Island;Cardiff City;Aron Gunnarsson;27;2500000.0;Zentrales Mittelfeld;Startaufstellung
2703265;Island;Swansea City;Gylfi Sigurdsson;26;13000000.0;Zentrales Mittelfeld;Startaufstellung
2703265;Island;FC Basel 1893;Birkir Bjarnason;28;2500000.0;Linkes Mittelfeld;Startaufstellung
2703265;Island;Charlton Athletic;Johann Berg Gudmundsson;25;2000000.0;Rechtsaußen;Startaufstellung
2703265;Island;1.FC Kaiserslautern;Jón Dadi Bödvarsson;24;800000.0;Hängende Spitze;Startaufstellung
2703265;Island;FC Nantes;Kolbeinn Sigthórsson;26;2750000.0;Mittelstürmer;Startaufstellung
2703265;Frankreich;Crystal Palace;Steve Mandanda;31;10000000.0;Torwart;Reservebank
2703265;Frankreich;FC Stade Rennes;Benoît Costil;29;8000000.0;Torwart;Reservebank
2703265;Frankreich;Manchester City;Eliaquim Mangala;25;23000000.0;Innenverteidiger;Reservebank
2703265;Frankreich;FC Paris Saint-Germain;Lucas Digne;22;12000000.0;Linker Verteidiger;Reservebank
2703265;Frankreich;Olympique Lyon;Christophe Jallet;32;2000000.0;Rechter Verteidiger;Reservebank
2703265;Frankreich;Manchester United;Morgan Schneiderlin;26;30000000.0;Defensives Mittelfeld;Reservebank
2703265;Frankreich;Crystal Palace;Yohan Cabaye;30;18000000.0;Zentrales Mittelfeld;Reservebank
2703265;Frankreich;Manchester United;Anthony Martial;20;32000000.0;Linksaußen;Reservebank
2703265;Frankreich;FC Bayern München;Kingsley Coman;20;17000000.0;Linksaußen;Reservebank
2703265;Frankreich;Tigres UANL;André-Pierre Gignac;30;8000000.0;Mittelstürmer;Reservebank
2703265;Island;Hammarby IF;Ögmundur Kristinsson;27;500000.0;Torwart;Reservebank
2703265;Island;Sandefjord Fotball;Ingvar Jónsson;26;200000.0;Torwart;Reservebank
2703265;Island;Juventus Turin;Hördur Magnússon;23;600000.0;Innenverteidiger;Reservebank
2703265;Island;PSV Eindhoven II;Hjörtur Hermannsson;21;300000.0;Innenverteidiger;Reservebank
2703265;Island;KSC Lokeren;Sverrir Ingi Ingason;22;1000000.0;Innenverteidiger;Reservebank
2703265;Island;AIK Solna;Haukur Heidar Hauksson;24;700000.0;Rechter Verteidiger;Reservebank
2703265;Island;Udinese Calcio;Emil Hallfredsson;32;2000000.0;Zentrales Mittelfeld;Reservebank
2703265;Island;Aarhus GF;Elmar Bjarnason;29;600000.0;Zentrales Mittelfeld;Reservebank
2703265;Island;GIF Sundsvall;Rúnar Már Sigurjónsson;26;750000.0;Zentrales Mittelfeld;Reservebank
2703265;Island;SK Rapid Wien;Arnór Ingvi Traustason;23;1250000.0;Linksaußen;Reservebank
2703265;Island;FC Augsburg;Alfred Finnbogason;27;5000000.0;Mittelstürmer;Reservebank
2703265;Island;Molde FK;Eidur Gudjohnsen;37;200000.0;Mittelstürmer;Reservebank
