GameId;team;club;name;age;value;position;role
2707818;Portugal;Sporting Lissabon;Rui Patrício;28;14000000.0;Torwart;Startaufstellung
2707818;Portugal;Cagliari Calcio;Bruno Alves;34;2000000.0;Innenverteidiger;Startaufstellung
2707818;Portugal;FC Southampton;José Fonte;32;5000000.0;Innenverteidiger;Startaufstellung
2707818;Portugal;Borussia Dortmund;Raphaël Guerreiro;22;9000000.0;Linker Verteidiger;Startaufstellung
2707818;Portugal;FC Southampton;Cédric Soares;24;11000000.0;Rechter Verteidiger;Startaufstellung
2707818;Portugal;FC Porto;Danilo Pereira;24;12000000.0;Defensives Mittelfeld;Startaufstellung
2707818;Portugal;Sporting Lissabon;Adrien Silva;27;18000000.0;Defensives Mittelfeld;Startaufstellung
2707818;Portugal;Sporting Lissabon;João Mário;23;20000000.0;Rechtes Mittelfeld;Startaufstellung
2707818;Portugal;FC Bayern München;Renato Sanches;18;20000000.0;Linkes Mittelfeld;Startaufstellung
2707818;Portugal;Real Madrid;Cristiano Ronaldo;31;110000000.0;Mittelstürmer;Startaufstellung
2707818;Portugal;FC Valencia;Nani;29;14500000.0;Mittelstürmer;Startaufstellung
2707818;Wales;Crystal Palace;Wayne Hennessey;29;3500000.0;Torwart;Startaufstellung
2707818;Wales;West Bromwich Albion;James Chester;27;5000000.0;Innenverteidiger;Startaufstellung
2707818;Wales;Swansea City;Ashley Williams;31;6500000.0;Innenverteidiger;Startaufstellung
2707818;Wales;West Ham United;James Collins;32;2000000.0;Innenverteidiger;Startaufstellung
2707818;Wales;Swansea City;Neil Taylor;27;5000000.0;Linker Verteidiger;Startaufstellung
2707818;Wales;FC Reading;Chris Gunter;26;2500000.0;Rechter Verteidiger;Startaufstellung
2707818;Wales;Crystal Palace;Joe Ledley;29;3500000.0;Zentrales Mittelfeld;Startaufstellung
2707818;Wales;FC Liverpool;Joe Allen;26;8000000.0;Rechtes Mittelfeld;Startaufstellung
2707818;Wales;Leicester City;Andy King;27;3500000.0;Linkes Mittelfeld;Startaufstellung
2707818;Wales;Real Madrid;Gareth Bale;26;80000000.0;Hängende Spitze;Startaufstellung
2707818;Wales;FC Reading;Hal Robson-Kanu;27;2000000.0;Mittelstürmer;Startaufstellung
2707818;Portugal;Olympique Lyon;Anthony Lopes;25;13000000.0;Torwart;Reservebank
2707818;Portugal;GNK Dinamo Zagreb;Eduardo;33;1500000.0;Torwart;Reservebank
2707818;Portugal;AS Monaco;Ricardo Carvalho;38;500000.0;Innenverteidiger;Reservebank
2707818;Portugal;Benfica Lissabon;Eliseu;32;2000000.0;Linker Verteidiger;Reservebank
2707818;Portugal;AS Monaco;João Moutinho;29;18000000.0;Zentrales Mittelfeld;Reservebank
2707818;Portugal;FC Valencia;André Gomes;22;20000000.0;Linkes Mittelfeld;Reservebank
2707818;Portugal;VfL Wolfsburg;Vieirinha;30;7000000.0;Rechtes Mittelfeld;Reservebank
2707818;Portugal;SC Braga;Rafa Silva;23;15000000.0;Linksaußen;Reservebank
2707818;Portugal;Besiktas Istanbul;Ricardo Quaresma;32;4000000.0;Hängende Spitze;Reservebank
2707818;Portugal;LOSC Lille;Éder;28;5000000.0;Mittelstürmer;Reservebank
2707818;Wales;Inverness Caledonian Thistle FC;Owain Fôn Williams;29;250000.0;Torwart;Reservebank
2707818;Wales;FC Liverpool;Danny Ward;23;1500000.0;Torwart;Reservebank
2707818;Wales;FC Fulham;Jazz Richards;25;750000.0;Rechter Verteidiger;Reservebank
2707818;Wales;Nottingham Forest;David Vaughan;33;1250000.0;Defensives Mittelfeld;Reservebank
2707818;Wales;Wolverhampton Wanderers;David Edwards;30;850000.0;Zentrales Mittelfeld;Reservebank
2707818;Wales;FC Fulham;George Williams;20;500000.0;Offensives Mittelfeld;Reservebank
2707818;Wales;Crystal Palace;Jonathan Williams;22;750000.0;Zentrales Mittelfeld;Reservebank
2707818;Wales;Birmingham City;David Cotterill;28;750000.0;Rechtsaußen;Reservebank
2707818;Wales;FC Burnley;Sam Vokes;26;3500000.0;Mittelstürmer;Reservebank
2707818;Wales;Milton Keynes Dons;Simon Church;27;500000.0;Linksaußen;Reservebank
