GameId;team;club;name;age;value;position;role
2707829;Deutschland;FC Bayern München;Manuel Neuer;30;45000000.0;Torwart;Startaufstellung
2707829;Deutschland;FC Schalke 04;Benedikt Höwedes;28;16000000.0;Innenverteidiger;Startaufstellung
2707829;Deutschland;FC Bayern München;Jérôme Boateng;27;40000000.0;Innenverteidiger;Startaufstellung
2707829;Deutschland;1.FC Köln;Jonas Hector;26;11000000.0;Linker Verteidiger;Startaufstellung
2707829;Deutschland;FC Bayern München;Joshua Kimmich;21;13000000.0;Rechter Verteidiger;Startaufstellung
2707829;Deutschland;Manchester United;Bastian Schweinsteiger;31;12000000.0;Defensives Mittelfeld;Startaufstellung
2707829;Deutschland;FC Liverpool;Emre Can;22;18000000.0;Zentrales Mittelfeld;Startaufstellung
2707829;Deutschland;Real Madrid;Toni Kroos;26;50000000.0;Zentrales Mittelfeld;Startaufstellung
2707829;Deutschland;VfL Wolfsburg;Julian Draxler;22;24000000.0;Linksaußen;Startaufstellung
2707829;Deutschland;FC Arsenal;Mesut Özil;27;50000000.0;Rechtsaußen;Startaufstellung
2707829;Deutschland;FC Bayern München;Thomas Müller;26;75000000.0;Mittelstürmer;Startaufstellung
2707829;Frankreich;Tottenham Hotspur;Hugo Lloris;29;24000000.0;Torwart;Startaufstellung
2707829;Frankreich;Olympique Lyon;Samuel Umtiti;22;15000000.0;Innenverteidiger;Startaufstellung
2707829;Frankreich;FC Arsenal;Laurent Koscielny;30;22000000.0;Innenverteidiger;Startaufstellung
2707829;Frankreich;Juventus Turin;Patrice Evra;35;1000000.0;Linker Verteidiger;Startaufstellung
2707829;Frankreich;Manchester City;Bacary Sagna;33;7000000.0;Rechter Verteidiger;Startaufstellung
2707829;Frankreich;FC Paris Saint-Germain;Blaise Matuidi;29;30000000.0;Defensives Mittelfeld;Startaufstellung
2707829;Frankreich;Juventus Turin;Paul Pogba;23;70000000.0;Defensives Mittelfeld;Startaufstellung
2707829;Frankreich;Newcastle United;Moussa Sissoko;26;13000000.0;Rechtes Mittelfeld;Startaufstellung
2707829;Frankreich;West Ham United;Dimitri Payet;29;23000000.0;Linksaußen;Startaufstellung
2707829;Frankreich;Atlético Madrid;Antoine Griezmann;25;70000000.0;Hängende Spitze;Startaufstellung
2707829;Frankreich;FC Arsenal;Olivier Giroud;29;25000000.0;Mittelstürmer;Startaufstellung
2707829;Deutschland;Bayer 04 Leverkusen;Bernd Leno;24;16000000.0;Torwart;Reservebank
2707829;Deutschland;FC Barcelona;Marc-André ter Stegen;24;15000000.0;Torwart;Reservebank
2707829;Deutschland;FC Valencia;Shkodran Mustafi;24;20000000.0;Innenverteidiger;Reservebank
2707829;Deutschland;Bayer 04 Leverkusen;Jonathan Tah;20;12000000.0;Innenverteidiger;Reservebank
2707829;Deutschland;Borussia Dortmund;Julian Weigl;20;14000000.0;Defensives Mittelfeld;Reservebank
2707829;Deutschland;Juventus Turin;Sami Khedira;29;20000000.0;Zentrales Mittelfeld;Reservebank
2707829;Deutschland;FC Bayern München;Mario Götze;24;35000000.0;Mittelstürmer;Reservebank
2707829;Deutschland;FC Schalke 04;Leroy Sané;20;18000000.0;Rechtsaußen;Reservebank
2707829;Deutschland;VfL Wolfsburg;André Schürrle;25;18000000.0;Linksaußen;Reservebank
2707829;Deutschland;Galatasaray Istanbul;Lukas Podolski;31;8000000.0;Mittelstürmer;Reservebank
2707829;Deutschland;AC Florenz;Mario Gómez;30;12000000.0;Mittelstürmer;Reservebank
2707829;Frankreich;Crystal Palace;Steve Mandanda;31;10000000.0;Torwart;Reservebank
2707829;Frankreich;FC Stade Rennes;Benoît Costil;29;8000000.0;Torwart;Reservebank
2707829;Frankreich;Manchester City;Eliaquim Mangala;25;23000000.0;Innenverteidiger;Reservebank
2707829;Frankreich;FC Sevilla;Adil Rami;30;7000000.0;Innenverteidiger;Reservebank
2707829;Frankreich;FC Paris Saint-Germain;Lucas Digne;22;12000000.0;Linker Verteidiger;Reservebank
2707829;Frankreich;Olympique Lyon;Christophe Jallet;32;2000000.0;Rechter Verteidiger;Reservebank
2707829;Frankreich;Leicester City;N'Golo Kanté;25;20000000.0;Defensives Mittelfeld;Reservebank
2707829;Frankreich;Manchester United;Morgan Schneiderlin;26;30000000.0;Defensives Mittelfeld;Reservebank
2707829;Frankreich;Crystal Palace;Yohan Cabaye;30;18000000.0;Zentrales Mittelfeld;Reservebank
2707829;Frankreich;Manchester United;Anthony Martial;20;32000000.0;Linksaußen;Reservebank
2707829;Frankreich;FC Bayern München;Kingsley Coman;20;17000000.0;Linksaußen;Reservebank
2707829;Frankreich;Tigres UANL;André-Pierre Gignac;30;8000000.0;Mittelstürmer;Reservebank
