GameId;team;club;name;age;value;position;role
2711570;Portugal;Sporting Lissabon;Rui Patrício;28;14000000.0;Torwart;Startaufstellung
2711570;Portugal;Real Madrid;Pepe;33;6000000.0;Innenverteidiger;Startaufstellung
2711570;Portugal;FC Southampton;José Fonte;32;5000000.0;Innenverteidiger;Startaufstellung
2711570;Portugal;Borussia Dortmund;Raphaël Guerreiro;22;9000000.0;Linker Verteidiger;Startaufstellung
2711570;Portugal;FC Southampton;Cédric Soares;24;11000000.0;Rechter Verteidiger;Startaufstellung
2711570;Portugal;Sporting Lissabon;William Carvalho;24;26000000.0;Defensives Mittelfeld;Startaufstellung
2711570;Portugal;Sporting Lissabon;Adrien Silva;27;18000000.0;Zentrales Mittelfeld;Startaufstellung
2711570;Portugal;FC Bayern München;Renato Sanches;18;20000000.0;Rechtes Mittelfeld;Startaufstellung
2711570;Portugal;Sporting Lissabon;João Mário;23;20000000.0;Linkes Mittelfeld;Startaufstellung
2711570;Portugal;FC Valencia;Nani;29;14500000.0;Hängende Spitze;Startaufstellung
2711570;Portugal;Real Madrid;Cristiano Ronaldo;31;110000000.0;Mittelstürmer;Startaufstellung
2711570;Frankreich;Tottenham Hotspur;Hugo Lloris;29;24000000.0;Torwart;Startaufstellung
2711570;Frankreich;Olympique Lyon;Samuel Umtiti;22;15000000.0;Innenverteidiger;Startaufstellung
2711570;Frankreich;FC Arsenal;Laurent Koscielny;30;22000000.0;Innenverteidiger;Startaufstellung
2711570;Frankreich;Juventus Turin;Patrice Evra;35;1000000.0;Linker Verteidiger;Startaufstellung
2711570;Frankreich;Manchester City;Bacary Sagna;33;7000000.0;Rechter Verteidiger;Startaufstellung
2711570;Frankreich;FC Paris Saint-Germain;Blaise Matuidi;29;30000000.0;Defensives Mittelfeld;Startaufstellung
2711570;Frankreich;Juventus Turin;Paul Pogba;23;70000000.0;Defensives Mittelfeld;Startaufstellung
2711570;Frankreich;Newcastle United;Moussa Sissoko;26;13000000.0;Rechtes Mittelfeld;Startaufstellung
2711570;Frankreich;West Ham United;Dimitri Payet;29;23000000.0;Linksaußen;Startaufstellung
2711570;Frankreich;Atlético Madrid;Antoine Griezmann;25;70000000.0;Hängende Spitze;Startaufstellung
2711570;Frankreich;FC Arsenal;Olivier Giroud;29;25000000.0;Mittelstürmer;Startaufstellung
2711570;Portugal;Olympique Lyon;Anthony Lopes;25;13000000.0;Torwart;Reservebank
2711570;Portugal;GNK Dinamo Zagreb;Eduardo;33;1500000.0;Torwart;Reservebank
2711570;Portugal;Cagliari Calcio;Bruno Alves;34;2000000.0;Innenverteidiger;Reservebank
2711570;Portugal;AS Monaco;Ricardo Carvalho;38;500000.0;Innenverteidiger;Reservebank
2711570;Portugal;Benfica Lissabon;Eliseu;32;2000000.0;Linker Verteidiger;Reservebank
2711570;Portugal;FC Porto;Danilo Pereira;24;12000000.0;Defensives Mittelfeld;Reservebank
2711570;Portugal;AS Monaco;João Moutinho;29;18000000.0;Zentrales Mittelfeld;Reservebank
2711570;Portugal;FC Valencia;André Gomes;22;20000000.0;Zentrales Mittelfeld;Reservebank
2711570;Portugal;VfL Wolfsburg;Vieirinha;30;7000000.0;Rechtes Mittelfeld;Reservebank
2711570;Portugal;SC Braga;Rafa Silva;23;15000000.0;Linksaußen;Reservebank
2711570;Portugal;Besiktas Istanbul;Ricardo Quaresma;32;4000000.0;Rechtsaußen;Reservebank
2711570;Portugal;LOSC Lille;Éder;28;5000000.0;Mittelstürmer;Reservebank
2711570;Frankreich;Crystal Palace;Steve Mandanda;31;10000000.0;Torwart;Reservebank
2711570;Frankreich;FC Stade Rennes;Benoît Costil;29;8000000.0;Torwart;Reservebank
2711570;Frankreich;Manchester City;Eliaquim Mangala;25;23000000.0;Innenverteidiger;Reservebank
2711570;Frankreich;FC Sevilla;Adil Rami;30;7000000.0;Innenverteidiger;Reservebank
2711570;Frankreich;FC Paris Saint-Germain;Lucas Digne;22;12000000.0;Linker Verteidiger;Reservebank
2711570;Frankreich;Olympique Lyon;Christophe Jallet;32;2000000.0;Rechter Verteidiger;Reservebank
2711570;Frankreich;Leicester City;N'Golo Kanté;25;20000000.0;Defensives Mittelfeld;Reservebank
2711570;Frankreich;Manchester United;Morgan Schneiderlin;26;30000000.0;Defensives Mittelfeld;Reservebank
2711570;Frankreich;Crystal Palace;Yohan Cabaye;30;18000000.0;Zentrales Mittelfeld;Reservebank
2711570;Frankreich;Manchester United;Anthony Martial;20;32000000.0;Linksaußen;Reservebank
2711570;Frankreich;FC Bayern München;Kingsley Coman;20;17000000.0;Linksaußen;Reservebank
2711570;Frankreich;Tigres UANL;André-Pierre Gignac;30;8000000.0;Mittelstürmer;Reservebank
