GameId;team;club;name;age;value;position;role
2768220;Togo;FC Marmande 47;Baba Tchagouni;26;300000.0;Torwart;Startaufstellung
2768220;Togo;Trabzonspor;Serge Akakpo;29;750000.0;Innenverteidiger;Startaufstellung
2768220;Togo;Vereinslos;Sadat Ouro-Akoriko;28;250000.0;Innenverteidiger;Startaufstellung
2768220;Togo;VV St. Truiden;Djené;25;800000.0;Linker Verteidiger;Startaufstellung
2768220;Togo;FC Genua 1893;Serge Gakpé;29;1500000.0;Rechter Verteidiger;Startaufstellung
2768220;Togo;Vereinslos;Lalawélé Atakora;26;500000.0;Zentrales Mittelfeld;Startaufstellung
2768220;Togo;FC Fulham;Floyd Ayité;28;2500000.0;Offensives Mittelfeld;Startaufstellung
2768220;Togo;Fortuna Düsseldorf;Ihlas Bebou;22;1000000.0;Linksaußen;Startaufstellung
2768220;Togo;Standard Lüttich;Mathieu Dossevi;28;4000000.0;Rechtsaußen;Startaufstellung
2768220;Togo;LB Châteauroux;Razak Boukari;29;500000.0;Hängende Spitze;Startaufstellung
2768220;Togo;Vereinslos;Emmanuel Adebayor;32;2500000.0;Mittelstürmer;Startaufstellung
2768220;Demokratische Republik Kongo;TP Mazembe;Ley Matampi;27;50000.0;Torwart;Startaufstellung
2768220;Demokratische Republik Kongo;FC Ingolstadt 04;Marcel Tisserand;24;3000000.0;Innenverteidiger;Startaufstellung
2768220;Demokratische Republik Kongo;TP Mazembe;Merveille Bokadi;24;50000.0;Innenverteidiger;Startaufstellung
2768220;Demokratische Republik Kongo;AS Vita Club Kinshasa;Lomalisa Mutambala;23;50000.0;Linker Verteidiger;Startaufstellung
2768220;Demokratische Republik Kongo;TP Mazembe;Issama Mpeko;30;150000.0;Rechter Verteidiger;Startaufstellung
2768220;Demokratische Republik Kongo;Newcastle United;Chancel Mbemba;22;10000000.0;Defensives Mittelfeld;Startaufstellung
2768220;Demokratische Republik Kongo;Norwich City;Youssouf Mulumbu;29;2500000.0;Defensives Mittelfeld;Startaufstellung
2768220;Demokratische Republik Kongo;FC Fulham;Neeskens Kebano;24;4500000.0;Offensives Mittelfeld;Startaufstellung
2768220;Demokratische Republik Kongo;Al Ahli Sports Club;Firmin Mubele;22;1300000.0;Linksaußen;Startaufstellung
2768220;Demokratische Republik Kongo;FC Astana;Junior Kabananga;27;1200000.0;Rechtsaußen;Startaufstellung
2768220;Demokratische Republik Kongo;TP Mazembe;Jonathan Bolingi;22;150000.0;Mittelstürmer;Startaufstellung
2768220;Togo;FC Le Mans;Cédric Mensah;27;150000.0;Torwart;Reservebank
2768220;Togo;US Granville;Kossi Agassa;38;250000.0;Torwart;Reservebank
2768220;Togo;;Hakim Ouro-Sama;19;150000.0;Abwehr;Reservebank
2768220;Togo;Young Africans;Vincent Bossou;30;150000.0;Innenverteidiger;Reservebank
2768220;Togo;Dacia Chisinau;Abdoul Gafar Mamah;31;500000.0;Rechter Verteidiger;Reservebank
2768220;Togo;West African Football Academy;Komlan Agbegniadan;25;150000.0;Mittelfeld;Reservebank
2768220;Togo;Dynamic Togolais Lomé;Maklibè Kouloum;29;150000.0;Defensives Mittelfeld;Reservebank
2768220;Togo;Olympiakos Piräus;Alaixys Romao;33;800000.0;Defensives Mittelfeld;Reservebank
2768220;Togo;Doxa Katokopias;Henri Eninful;24;400000.0;Defensives Mittelfeld;Reservebank
2768220;Togo;Göztepe;Prince Segbefia;25;1000000.0;Zentrales Mittelfeld;Reservebank
2768220;Togo;Stade Malien;Franco Atchou;21;150000.0;Offensives Mittelfeld;Reservebank
2768220;Togo;Renaissance de Berkane;Kodjo Fo Doh Laba;24;150000.0;Mittelstürmer;Reservebank
2768220;Demokratische Republik Kongo;Royal Antwerpen FC;Nicaise Kudimbana;30;400000.0;Torwart;Reservebank
2768220;Demokratische Republik Kongo;FC Wohlen;Joël Kiassumbua;24;400000.0;Torwart;Reservebank
2768220;Demokratische Republik Kongo;Aytemiz Alanyaspor;Fabrice N'Sakala;26;1200000.0;Linker Verteidiger;Reservebank
2768220;Demokratische Republik Kongo;GFC Ajaccio;Rémi Mulumba;24;600000.0;Defensives Mittelfeld;Reservebank
2768220;Demokratische Republik Kongo;Panathinaikos Athen;Paul-José Mpoku;24;3000000.0;Linksaußen;Reservebank
2768220;Demokratische Republik Kongo;Charlton Athletic;Jordan Botaka;23;750000.0;Rechtsaußen;Reservebank
2768220;Demokratische Republik Kongo;Guangzhou R&F;Jeremy Bokila;28;400000.0;Mittelstürmer;Reservebank
2768220;Demokratische Republik Kongo;Hull City;Dieumerci Mbokani;31;7000000.0;Mittelstürmer;Reservebank
2768220;Demokratische Republik Kongo;FC Villarreal;Cédric Bakambu;25;16000000.0;Mittelstürmer;Reservebank
