GameId;team;club;name;age;value;position;role
2768218;Simbabwe;Dynamos Harare;Tatenda Mkuruva;21;150000.0;Torwart;Startaufstellung
2768218;Simbabwe;;Elisha Muroiwa;27;150000.0;Innenverteidiger;Startaufstellung
2768218;Simbabwe;AC Sparta Prag;Costa Nhamoinesu;31;750000.0;Innenverteidiger;Startaufstellung
2768218;Simbabwe;SuperSport United;Onismor Bhasera;30;300000.0;Linker Verteidiger;Startaufstellung
2768218;Simbabwe;CAPS United FC;Hardlife Zvirekwi;29;150000.0;Rechter Verteidiger;Startaufstellung
2768218;Simbabwe;Lamontville Golden Arrows;Danny Phiri;27;350000.0;Defensives Mittelfeld;Startaufstellung
2768218;Simbabwe;Kaizer Chiefs;Willard Katsande;31;650000.0;Defensives Mittelfeld;Startaufstellung
2768218;Simbabwe;Vitesse Arnheim;Marvelous Nakamba;23;2000000.0;Offensives Mittelfeld;Startaufstellung
2768218;Simbabwe;KV Oostende;Knowledge Musona;26;2500000.0;Linksaußen;Startaufstellung
2768218;Simbabwe;Mamelodi Sundowns FC;Khama Billiat;26;1750000.0;Rechtsaußen;Startaufstellung
2768218;Simbabwe;Dalian Yifang;Nyasha Mushekwi;29;900000.0;Mittelstürmer;Startaufstellung
2768218;Tunesien;Club Sportif Sfaxien;Rami Jeridi;32;650000.0;Torwart;Startaufstellung
2768218;Tunesien;FC Valencia;Aymen Abdennour;27;10000000.0;Innenverteidiger;Startaufstellung
2768218;Tunesien;SM Caen;Syam Ben Youssef;27;1500000.0;Innenverteidiger;Startaufstellung
2768218;Tunesien;El Ahly Kairo;Ali Maâloul;27;1000000.0;Linker Verteidiger;Startaufstellung
2768218;Tunesien;Etoile Sportive du Sahel;Hamdi Nagguez;24;1000000.0;Rechter Verteidiger;Startaufstellung
2768218;Tunesien;Etoile Sportive du Sahel;Mohamed Amine Ben Amor;24;650000.0;Defensives Mittelfeld;Startaufstellung
2768218;Tunesien;Esperance Tunis;Ferjani Sassi;24;1100000.0;Defensives Mittelfeld;Startaufstellung
2768218;Tunesien;Lekhwiya Sports Club;Youssef Msakni;26;3200000.0;Offensives Mittelfeld;Startaufstellung
2768218;Tunesien;LOSC Lille;Naïm Sliti;24;1500000.0;Linksaußen;Startaufstellung
2768218;Tunesien;AFC Sunderland;Wahbi Khazri;25;9000000.0;Rechtsaußen;Startaufstellung
2768218;Tunesien;Esperance Tunis;Taha Yassine Khenissi;25;600000.0;Mittelstürmer;Startaufstellung
2768218;Simbabwe;How Mine FC;Bernard Donovan;21;150000.0;Torwart;Reservebank
2768218;Simbabwe;;Takabva Mawaya;23;150000.0;Torwart;Reservebank
2768218;Simbabwe;;Lawrence Mhlanga;23;150000.0;Abwehr;Reservebank
2768218;Simbabwe;Chicken Inn FC;Teenage Hadebe;21;150000.0;Innenverteidiger;Reservebank
2768218;Simbabwe;Azam FC;Bruce Kangwa;28;150000.0;Linker Verteidiger;Reservebank
2768218;Simbabwe;AS Vita Club Kinshasa;Oscar Machapa;29;150000.0;Rechtes Mittelfeld;Reservebank
2768218;Simbabwe;Lamontville Golden Arrows;Kudakwashe Mahachi;23;250000.0;Linksaußen;Reservebank
2768218;Simbabwe;Maritzburg United FC;Evans Rusike;26;250000.0;Mittelstürmer;Reservebank
2768218;Simbabwe;Djurgardens IF;Tino Kadewere;21;400000.0;Mittelstürmer;Reservebank
2768218;Simbabwe;Club Africain Tunis;Matthew Rusike;26;300000.0;Mittelstürmer;Reservebank
2768218;Simbabwe;Orlando Pirates;Tendai Ndoro;28;700000.0;Mittelstürmer;Reservebank
2768218;Simbabwe;Bidvest Wits FC;Cuthbert Malajila;31;400000.0;Mittelstürmer;Reservebank
2768218;Tunesien;Esperance Tunis;Moez Ben Cherifia;25;600000.0;Torwart;Reservebank
2768218;Tunesien;Etoile Sportive du Sahel;Zied Boughattas;26;600000.0;Innenverteidiger;Reservebank
2768218;Tunesien;Esperance Tunis;Chamseddine Dhaouadi;30;550000.0;Innenverteidiger;Reservebank
2768218;Tunesien;Caykur Rizespor;Mohamed Ali Yaakoubi;26;550000.0;Innenverteidiger;Reservebank
2768218;Tunesien;Club Africain Tunis;Sliman Kchouk;22;450000.0;Linker Verteidiger;Reservebank
2768218;Tunesien;Club Sportif Sfaxien;Hamza Mathlouthi;24;600000.0;Rechter Verteidiger;Reservebank
2768218;Tunesien;Etoile Sportive du Sahel;Hamza Lahmar;26;900000.0;Offensives Mittelfeld;Reservebank
2768218;Tunesien;Nîmes Olympique;Larry Azouni;22;800000.0;Defensives Mittelfeld;Reservebank
2768218;Tunesien;Club Africain Tunis;Ahmed Khalil;22;350000.0;Zentrales Mittelfeld;Reservebank
2768218;Tunesien;Al-Ittihad Dschidda;Ahmed Akaichi;27;1100000.0;Mittelstürmer;Reservebank
2768218;Tunesien;Club Africain Tunis;Saber Khalifa;30;1100000.0;Mittelstürmer;Reservebank
