GameId;team;club;name;age;value;position;role
2768211;Elfenbeinküste;TP Mazembe;Sylvain Gbohouo;28;200000.0;Torwart;Startaufstellung
2768211;Elfenbeinküste;ADO Den Haag;Wilfried Kanon;23;1500000.0;Innenverteidiger;Startaufstellung
2768211;Elfenbeinküste;Manchester United;Eric Bailly;22;25000000.0;Innenverteidiger;Startaufstellung
2768211;Elfenbeinküste;FC Basel 1893;Adama Traoré;26;750000.0;Linker Verteidiger;Startaufstellung
2768211;Elfenbeinküste;FC Paris Saint-Germain;Serge Aurier;24;15000000.0;Rechter Verteidiger;Startaufstellung
2768211;Elfenbeinküste;FC Basel 1893;Geoffroy Serey Dié;32;1500000.0;Defensives Mittelfeld;Startaufstellung
2768211;Elfenbeinküste;FC Metz;Cheick Doukouré;24;1250000.0;Zentrales Mittelfeld;Startaufstellung
2768211;Elfenbeinküste;Atalanta Bergamo;Franck Kessié;20;12000000.0;Zentrales Mittelfeld;Startaufstellung
2768211;Elfenbeinküste;AFC Bournemouth;Max Gradel;29;9000000.0;Linksaußen;Startaufstellung
2768211;Elfenbeinküste;Crystal Palace;Wilfried Zaha;24;9000000.0;Rechtsaußen;Startaufstellung
2768211;Elfenbeinküste;Stoke City;Wilfried Bony;28;20000000.0;Mittelstürmer;Startaufstellung
2768211;Demokratische Republik Kongo;TP Mazembe;Ley Matampi;27;50000.0;Torwart;Startaufstellung
2768211;Demokratische Republik Kongo;FC Ingolstadt 04;Marcel Tisserand;24;3000000.0;Innenverteidiger;Startaufstellung
2768211;Demokratische Republik Kongo;TP Mazembe;Merveille Bokadi;24;50000.0;Innenverteidiger;Startaufstellung
2768211;Demokratische Republik Kongo;TP Mazembe;Issama Mpeko;30;150000.0;Linker Verteidiger;Startaufstellung
2768211;Demokratische Republik Kongo;EA Guingamp;Jordan Ikoko;22;1250000.0;Rechter Verteidiger;Startaufstellung
2768211;Demokratische Republik Kongo;Newcastle United;Chancel Mbemba;22;10000000.0;Defensives Mittelfeld;Startaufstellung
2768211;Demokratische Republik Kongo;Birmingham City;Jacques Maghoma;29;500000.0;Zentrales Mittelfeld;Startaufstellung
2768211;Demokratische Republik Kongo;FC Fulham;Neeskens Kebano;24;4500000.0;Offensives Mittelfeld;Startaufstellung
2768211;Demokratische Republik Kongo;Al Ahli Sports Club;Firmin Mubele;22;1300000.0;Linksaußen;Startaufstellung
2768211;Demokratische Republik Kongo;FC Astana;Junior Kabananga;27;1200000.0;Rechtsaußen;Startaufstellung
2768211;Demokratische Republik Kongo;Hull City;Dieumerci Mbokani;31;7000000.0;Mittelstürmer;Startaufstellung
2768211;Elfenbeinküste;Stabaek IF;Mandé Sayouba;23;600000.0;Torwart;Reservebank
2768211;Elfenbeinküste;AS Tanda;Badra Ali Sangaré;30;200000.0;Torwart;Reservebank
2768211;Elfenbeinküste;SK Slavia Prag;Simon Deli;25;1500000.0;Innenverteidiger;Reservebank
2768211;Elfenbeinküste;AFC Sunderland;Lamine Koné;27;6000000.0;Innenverteidiger;Reservebank
2768211;Elfenbeinküste;VV St. Truiden;Mamadou Bagayoko;27;500000.0;Rechter Verteidiger;Reservebank
2768211;Elfenbeinküste;FC Granada;Victorien Angban;20;1000000.0;Defensives Mittelfeld;Reservebank
2768211;Elfenbeinküste;AS Nancy-Lorraine;Serge N'Guessan;22;600000.0;Zentrales Mittelfeld;Reservebank
2768211;Elfenbeinküste;OGC Nizza;Jean Michaël Seri;25;12000000.0;Zentrales Mittelfeld;Reservebank
2768211;Elfenbeinküste;Hertha BSC;Salomon Kalou;31;5000000.0;Linksaußen;Reservebank
2768211;Elfenbeinküste;SCO Angers;Nicolas Pepe;21;750000.0;Rechtsaußen;Reservebank
2768211;Elfenbeinküste;FC Stade Rennes;Giovanni Sio;27;5000000.0;Mittelstürmer;Reservebank
2768211;Elfenbeinküste;Aston Villa;Jonathan Kodjia;27;10000000.0;Mittelstürmer;Reservebank
2768211;Demokratische Republik Kongo;Royal Antwerpen FC;Nicaise Kudimbana;29;400000.0;Torwart;Reservebank
2768211;Demokratische Republik Kongo;FC Wohlen;Joël Kiassumbua;24;400000.0;Torwart;Reservebank
2768211;Demokratische Republik Kongo;Northampton Town;Gabriel Zakuani;30;350000.0;Innenverteidiger;Reservebank
2768211;Demokratische Republik Kongo;Aytemiz Alanyaspor;Fabrice N'Sakala;26;1200000.0;Linker Verteidiger;Reservebank
2768211;Demokratische Republik Kongo;Norwich City;Youssouf Mulumbu;29;2500000.0;Defensives Mittelfeld;Reservebank
2768211;Demokratische Republik Kongo;GFC Ajaccio;Rémi Mulumba;24;600000.0;Zentrales Mittelfeld;Reservebank
2768211;Demokratische Republik Kongo;Panathinaikos Athen;Paul-José Mpoku;24;3000000.0;Linksaußen;Reservebank
2768211;Demokratische Republik Kongo;Charlton Athletic;Jordan Botaka;23;750000.0;Rechtsaußen;Reservebank
2768211;Demokratische Republik Kongo;Guangzhou R&F;Jeremy Bokila;28;400000.0;Mittelstürmer;Reservebank
2768211;Demokratische Republik Kongo;TP Mazembe;Jonathan Bolingi;22;150000.0;Mittelstürmer;Reservebank
2768211;Demokratische Republik Kongo;FC Villarreal;Cédric Bakambu;25;20000000.0;Mittelstürmer;Reservebank
