GameId;team;club;name;age;value;position;role
2768200;Burkina Faso;ASEC Mimosas;Hervé Kouakou Koffi;20;100000.0;Torwart;Startaufstellung
2768200;Burkina Faso;Renaissance de Berkane;Issoufou Dayo;25;25000.0;Innenverteidiger;Startaufstellung
2768200;Burkina Faso;FC Málaga;Bakary Koné;28;1500000.0;Innenverteidiger;Startaufstellung
2768200;Burkina Faso;Smouha SC;Patrick Malo;24;300000.0;Linker Verteidiger;Startaufstellung
2768200;Burkina Faso;;Yacouba Coulibaly;22;25000.0;Rechter Verteidiger;Startaufstellung
2768200;Burkina Faso;FK Krasnodar;Charles Kaboré;28;7000000.0;Defensives Mittelfeld;Startaufstellung
2768200;Burkina Faso;Kayserispor;Alain Traoré;28;1000000.0;Offensives Mittelfeld;Startaufstellung
2768200;Burkina Faso;Kardemir Karabükspor;Abdou Traoré;28;4250000.0;Offensives Mittelfeld;Startaufstellung
2768200;Burkina Faso;Vereinslos;Prejuce Nakoulma;29;1500000.0;Linksaußen;Startaufstellung
2768200;Burkina Faso;Al-Nasr (Dubai);Jonathan Pitroipa;30;2500000.0;Rechtsaußen;Startaufstellung
2768200;Burkina Faso;Ajax Amsterdam;Bertrand Traoré;21;4000000.0;Mittelstürmer;Startaufstellung
2768200;Kamerun;FC Sevilla B (Atlético) ;Fabrice Ondoa;21;300000.0;Torwart;Startaufstellung
2768200;Kamerun;FC Sochaux-Montbéliard;Adolphe Teikeu;26;400000.0;Innenverteidiger;Startaufstellung
2768200;Kamerun;SK Slavia Prag;Michael Ngadeu Ngadjui;26;900000.0;Innenverteidiger;Startaufstellung
2768200;Kamerun;Montreal Impact;Ambroise Oyongo;25;750000.0;Linker Verteidiger;Startaufstellung
2768200;Kamerun;MSK Zilina;Ernest Mabouka;28;450000.0;Rechter Verteidiger;Startaufstellung
2768200;Kamerun;FC Metz;Georges Mandjeck;28;1250000.0;Defensives Mittelfeld;Startaufstellung
2768200;Kamerun;KV Oostende;Sébastien Siani;30;2000000.0;Defensives Mittelfeld;Startaufstellung
2768200;Kamerun;Olympique Marseille;Clinton N'Jie;23;7000000.0;Linksaußen;Startaufstellung
2768200;Kamerun;Aalborg BK;Christian Bassogog;21;350000.0;Rechtsaußen;Startaufstellung
2768200;Kamerun;FC Lorient;Benjamin Moukandjo;28;4500000.0;Mittelstürmer;Startaufstellung
2768200;Kamerun;1.FC Kaiserslautern;Jacques Zoua;25;1000000.0;Mittelstürmer;Startaufstellung
2768200;Burkina Faso;;Aboubacar Sawadogo;27;25000.0;Torwart;Reservebank
2768200;Burkina Faso;AS Beauvais Oise;Germain Sanou;24;25000.0;Torwart;Reservebank
2768200;Burkina Faso;ASEC Mimosas;Souleymane Kouanda;24;25000.0;Abwehr;Reservebank
2768200;Burkina Faso;FC Toulouse;Steeve Yago;24;1250000.0;Innenverteidiger;Reservebank
2768200;Burkina Faso;Santos FC Cape Town;Issouf Paro;22;25000.0;Innenverteidiger;Reservebank
2768200;Burkina Faso;Moreirense FC;Bouba;26;1000000.0;Defensives Mittelfeld;Reservebank
2768200;Burkina Faso;RC Lens;Adama Guira;28;500000.0;Zentrales Mittelfeld;Reservebank
2768200;Burkina Faso;Omonia Nikosia;Blati Toure;22;400000.0;Zentrales Mittelfeld;Reservebank
2768200;Burkina Faso;UD Almería;Jonathan Zongo;27;500000.0;Rechtsaußen;Reservebank
2768200;Burkina Faso;Sheriff Tiraspol;Cyrille Bayala;20;300000.0;Rechtsaußen;Reservebank
2768200;Burkina Faso;Smouha SC;Banou Diawara;24;500000.0;Mittelstürmer;Reservebank
2768200;Burkina Faso;ASEC Mimosas;Aristide Bancé;32;175000.0;Mittelstürmer;Reservebank
2768200;Kamerun;;Georges Bokwé;27;200000.0;Torwart;Reservebank
2768200;Kamerun;AC Ajaccio;Jules Goda;27;300000.0;Torwart;Reservebank
2768200;Kamerun;Gimnàstic de Tarragona ;Mohamed Djetei;22;200000.0;Innenverteidiger;Reservebank
2768200;Kamerun;Olympique Lyon;Nicolas N'Koulou;26;10000000.0;Innenverteidiger;Reservebank
2768200;Kamerun;Progresso do Sambizanga;Joseph Ngwem;25;200000.0;Linker Verteidiger;Reservebank
2768200;Kamerun;Standard Lüttich;Collins Fai;24;1000000.0;Rechter Verteidiger;Reservebank
2768200;Kamerun;;Frank Boya;20;200000.0;Zentrales Mittelfeld;Reservebank
2768200;Kamerun;Heart of Midlothian FC;Arnaud Djoum;27;500000.0;Zentrales Mittelfeld;Reservebank
2768200;Kamerun;1.FC Nürnberg;Edgar Salli;24;800000.0;Rechtsaußen;Reservebank
2768200;Kamerun;Spartak Trnava;Robert Ndip Tambe;22;225000.0;Mittelstürmer;Reservebank
2768200;Kamerun;Besiktas Istanbul;Vincent Aboubakar;24;10000000.0;Mittelstürmer;Reservebank
2768200;Kamerun;SCO Angers;Karl Toko Ekambi;24;1500000.0;Mittelstürmer;Reservebank
