GameId;team;club;name;age;value;position;role
2768203;Elfenbeinküste;TP Mazembe;Sylvain Gbohouo;28;200000.0;Torwart;Startaufstellung
2768203;Elfenbeinküste;ADO Den Haag;Wilfried Kanon;23;1500000.0;Innenverteidiger;Startaufstellung
2768203;Elfenbeinküste;Manchester United;Eric Bailly;22;25000000.0;Innenverteidiger;Startaufstellung
2768203;Elfenbeinküste;FC Basel 1893;Adama Traoré;26;750000.0;Linker Verteidiger;Startaufstellung
2768203;Elfenbeinküste;FC Paris Saint-Germain;Serge Aurier;24;15000000.0;Rechter Verteidiger;Startaufstellung
2768203;Elfenbeinküste;FC Basel 1893;Geoffroy Serey Dié;32;1500000.0;Defensives Mittelfeld;Startaufstellung
2768203;Elfenbeinküste;Atalanta Bergamo;Franck Kessié;20;12000000.0;Defensives Mittelfeld;Startaufstellung
2768203;Elfenbeinküste;OGC Nizza;Jean Michaël Seri;25;12000000.0;Offensives Mittelfeld;Startaufstellung
2768203;Elfenbeinküste;Hertha BSC;Salomon Kalou;31;5000000.0;Linksaußen;Startaufstellung
2768203;Elfenbeinküste;Crystal Palace;Wilfried Zaha;24;9000000.0;Rechtsaußen;Startaufstellung
2768203;Elfenbeinküste;Aston Villa;Jonathan Kodjia;27;10000000.0;Mittelstürmer;Startaufstellung
2768203;Togo;US Granville;Kossi Agassa;38;250000.0;Torwart;Startaufstellung
2768203;Togo;VV St. Truiden;Djené;25;800000.0;Innenverteidiger;Startaufstellung
2768203;Togo;Vereinslos;Sadat Ouro-Akoriko;28;250000.0;Innenverteidiger;Startaufstellung
2768203;Togo;Olympiakos Piräus;Alaixys Romao;32;800000.0;Innenverteidiger;Startaufstellung
2768203;Togo;Vereinslos;Lalawélé Atakora;26;500000.0;Defensives Mittelfeld;Startaufstellung
2768203;Togo;FC Genua 1893;Serge Gakpé;29;1500000.0;Rechtes Mittelfeld;Startaufstellung
2768203;Togo;Fortuna Düsseldorf;Ihlas Bebou;22;800000.0;Linkes Mittelfeld;Startaufstellung
2768203;Togo;FC Fulham;Floyd Ayité;28;2500000.0;Offensives Mittelfeld;Startaufstellung
2768203;Togo;Standard Lüttich;Mathieu Dossevi;28;4500000.0;Offensives Mittelfeld;Startaufstellung
2768203;Togo;Renaissance de Berkane;Kodjo Fo Doh Laba;24;150000.0;Mittelstürmer;Startaufstellung
2768203;Togo;Vereinslos;Emmanuel Adebayor;32;2500000.0;Mittelstürmer;Startaufstellung
2768203;Elfenbeinküste;Stabaek IF;Mandé Sayouba;23;600000.0;Torwart;Reservebank
2768203;Elfenbeinküste;AS Tanda;Badra Ali Sangaré;30;200000.0;Torwart;Reservebank
2768203;Elfenbeinküste;SK Slavia Prag;Simon Deli;25;1500000.0;Innenverteidiger;Reservebank
2768203;Elfenbeinküste;AFC Sunderland;Lamine Koné;27;6000000.0;Innenverteidiger;Reservebank
2768203;Elfenbeinküste;VV St. Truiden;Mamadou Bagayoko;27;500000.0;Rechter Verteidiger;Reservebank
2768203;Elfenbeinküste;FC Granada;Victorien Angban;20;1000000.0;Defensives Mittelfeld;Reservebank
2768203;Elfenbeinküste;FC Metz;Cheick Doukouré;24;1250000.0;Zentrales Mittelfeld;Reservebank
2768203;Elfenbeinküste;AS Nancy-Lorraine;Serge N'Guessan;22;600000.0;Zentrales Mittelfeld;Reservebank
2768203;Elfenbeinküste;AFC Bournemouth;Max Gradel;29;9000000.0;Linksaußen;Reservebank
2768203;Elfenbeinküste;SCO Angers;Nicolas Pepe;21;750000.0;Rechtsaußen;Reservebank
2768203;Elfenbeinküste;FC Stade Rennes;Giovanni Sio;27;5000000.0;Mittelstürmer;Reservebank
2768203;Elfenbeinküste;Stoke City;Wilfried Bony;28;20000000.0;Mittelstürmer;Reservebank
2768203;Togo;FC Le Mans;Cédric Mensah;27;150000.0;Torwart;Reservebank
2768203;Togo;FC Marmande 47;Baba Tchagouni;26;300000.0;Torwart;Reservebank
2768203;Togo;;Hakim Ouro-Sama;19;150000.0;Abwehr;Reservebank
2768203;Togo;Young Africans;Vincent Bossou;30;150000.0;Innenverteidiger;Reservebank
2768203;Togo;Trabzonspor;Serge Akakpo;29;750000.0;Innenverteidiger;Reservebank
2768203;Togo;Dacia Chisinau;Abdoul Gafar Mamah;31;500000.0;Rechter Verteidiger;Reservebank
2768203;Togo;West African Football Academy;Komlan Agbegniadan;25;150000.0;Mittelfeld;Reservebank
2768203;Togo;Dynamic Togolais Lomé;Maklibè Kouloum;29;150000.0;Defensives Mittelfeld;Reservebank
2768203;Togo;Doxa Katokopias;Henri Eninful;24;400000.0;Defensives Mittelfeld;Reservebank
2768203;Togo;Göztepe;Prince Segbefia;25;1000000.0;Zentrales Mittelfeld;Reservebank
2768203;Togo;Stade Malien;Franco Atchou;21;150000.0;Offensives Mittelfeld;Reservebank
2768203;Togo;LB Châteauroux;Razak Boukari;29;500000.0;Rechtes Mittelfeld;Reservebank
