GameId;team;club;name;age;value;position;role
2768206;Mali;US Orléans;Oumar Sissoko;29;400000.0;Torwart;Startaufstellung
2768206;Mali;TP Mazembe;Salif Coulibaly;28;250000.0;Innenverteidiger;Startaufstellung
2768206;Mali;Udinese Calcio;Molla Wagué;25;1800000.0;Innenverteidiger;Startaufstellung
2768206;Mali;Stade Reims;Hamari Traoré;24;2000000.0;Linker Verteidiger;Startaufstellung
2768206;Mali;Panathinaikos Athen;Ousmane Coulibaly;27;800000.0;Rechter Verteidiger;Startaufstellung
2768206;Mali;HSC Montpellier;Yacouba Sylla;26;2000000.0;Defensives Mittelfeld;Startaufstellung
2768206;Mali;Royal Antwerpen FC;Mamoutou N'Diaye;26;600000.0;Defensives Mittelfeld;Startaufstellung
2768206;Mali;SV Werder Bremen;Sambou Yatabaré;27;2500000.0;Rechtes Mittelfeld;Startaufstellung
2768206;Mali;SC Bastia;Lassana Coulibaly;20;1500000.0;Offensives Mittelfeld;Startaufstellung
2768206;Mali;Crystal Palace;Bakary Sako;28;8000000.0;Linksaußen;Startaufstellung
2768206;Mali;Vitória Guimarães SC;Moussa Marega;25;3000000.0;Mittelstürmer;Startaufstellung
2768206;Ägypten;Zamalek SC;Ahmed El Shenawy;25;1800000.0;Torwart;Startaufstellung
2768206;Ägypten;Zamalek SC;Ali Gabr;28;600000.0;Innenverteidiger;Startaufstellung
2768206;Ägypten;El Ahly Kairo;Ahmed Hegazy;25;1000000.0;Innenverteidiger;Startaufstellung
2768206;Ägypten;Al-Ahli Dschidda;Mohamed Abdelshafi;31;1400000.0;Linker Verteidiger;Startaufstellung
2768206;Ägypten;El Ahly Kairo;Ahmed Fathi;32;1000000.0;Rechter Verteidiger;Startaufstellung
2768206;Ägypten;Zamalek SC;Tarek Hamed;28;800000.0;Defensives Mittelfeld;Startaufstellung
2768206;Ägypten;FC Arsenal;Mohamed Elneny;24;8500000.0;Defensives Mittelfeld;Startaufstellung
2768206;Ägypten;El Ahly Kairo;Abdallah Said;31;1000000.0;Offensives Mittelfeld;Startaufstellung
2768206;Ägypten;Royal Excel Mouscron ;Trezeguet;22;1500000.0;Linksaußen;Startaufstellung
2768206;Ägypten;AS Rom;Mohamed Salah;24;30000000.0;Rechtsaußen;Startaufstellung
2768206;Ägypten;El Ahly Kairo;Marwan Mohsen;27;600000.0;Mittelstürmer;Startaufstellung
2768206;Mali;;Djigui Diarra;21;75000.0;Torwart;Reservebank
2768206;Mali;Stade Malien;Soumbeyla Diakite;32;150000.0;Torwart;Reservebank
2768206;Mali;ES Troyes AC;Mahamadou N'Diaye;26;500000.0;Innenverteidiger;Reservebank
2768206;Mali;Renaissance de Berkane;Mohamed Konate;24;75000.0;Innenverteidiger;Reservebank
2768206;Mali;LOSC Lille;Youssouf Koné;21;150000.0;Linker Verteidiger;Reservebank
2768206;Mali;ES Troyes AC;Charles Traoré;25;150000.0;Linker Verteidiger;Reservebank
2768206;Mali;Kayserispor;Samba Sow;27;1000000.0;Defensives Mittelfeld;Reservebank
2768206;Mali;AS Monaco;Adama Traoré;21;5000000.0;Zentrales Mittelfeld;Reservebank
2768206;Mali;LOSC Lille;Yves Bissouma;20;250000.0;Zentrales Mittelfeld;Reservebank
2768206;Mali;FK Rostov;Moussa Doumbia;22;800000.0;Linkes Mittelfeld;Reservebank
2768206;Mali;Kardemir Karabükspor;Mustapha Yatabaré;30;1800000.0;Mittelstürmer;Reservebank
2768206;Mali;KAA Gent;Kalifa Coulibaly;25;2000000.0;Mittelstürmer;Reservebank
2768206;Ägypten;El Ahly Kairo;Sherif Ekramy;33;1000000.0;Torwart;Reservebank
2768206;Ägypten;Wadi Degla FC;Essam El Hadary;44;200000.0;Torwart;Reservebank
2768206;Ägypten;Zamalek SC;Ahmed Dowidar;29;400000.0;Innenverteidiger;Reservebank
2768206;Ägypten;El Ahly Kairo;Saad Samir;27;600000.0;Innenverteidiger;Reservebank
2768206;Ägypten;RC Lens;Karim Hafez;20;900000.0;Linker Verteidiger;Reservebank
2768206;Ägypten;FC Basel 1893;Omar Gaber;24;1500000.0;Rechter Verteidiger;Reservebank
2768206;Ägypten;Zamalek SC;Ibrahim Salah;29;600000.0;Defensives Mittelfeld;Reservebank
2768206;Ägypten;Hull City;Ahmed Elmohamady;29;4000000.0;Rechtes Mittelfeld;Reservebank
2768206;Ägypten;Al-Ittihad Dschidda;Kahraba;22;1700000.0;Linksaußen;Reservebank
2768206;Ägypten;Stoke City;Ramadan Sobhi;19;2500000.0;Linksaußen;Reservebank
2768206;Ägypten;Panetolikos Agrinio;Amr Warda;23;900000.0;Linksaußen;Reservebank
2768206;Ägypten;SC Braga;Ahmed Hassan;23;4500000.0;Mittelstürmer;Reservebank
