GameId;team;club;name;age;value;position;role
2768207;Gabun;KV Oostende;Didier Ovono;33;500000.0;Torwart;Startaufstellung
2768207;Gabun;Stade Laval;Aaron Appindangoyé;24;600000.0;Innenverteidiger;Startaufstellung
2768207;Gabun;Cardiff City;Bruno Ecuele Manga;28;4000000.0;Innenverteidiger;Startaufstellung
2768207;Gabun;ES Troyes AC;Johann Obiang;23;400000.0;Linker Verteidiger;Startaufstellung
2768207;Gabun;Red Star FC;Lloyd Palun;28;1000000.0;Rechter Verteidiger;Startaufstellung
2768207;Gabun;Meizhou Hakka;Merlin Tandjigora;26;300000.0;Defensives Mittelfeld;Startaufstellung
2768207;Gabun;AFC Sunderland;Didier Ndong;22;10000000.0;Defensives Mittelfeld;Startaufstellung
2768207;Gabun;Kardemir Karabükspor;André Poko;24;2000000.0;Zentrales Mittelfeld;Startaufstellung
2768207;Gabun;FC Tours;Denis Bouanga;22;400000.0;Linksaußen;Startaufstellung
2768207;Gabun;Tianjin Teda;Malick Evouna;24;1500000.0;Rechtsaußen;Startaufstellung
2768207;Gabun;Borussia Dortmund;Pierre-Emerick Aubameyang;27;45000000.0;Mittelstürmer;Startaufstellung
2768207;Burkina Faso;ASEC Mimosas;Hervé Kouakou Koffi;20;100000.0;Torwart;Startaufstellung
2768207;Burkina Faso;Renaissance de Berkane;Issoufou Dayo;25;25000.0;Innenverteidiger;Startaufstellung
2768207;Burkina Faso;FC Málaga;Bakary Koné;28;1500000.0;Innenverteidiger;Startaufstellung
2768207;Burkina Faso;;Yacouba Coulibaly;22;25000.0;Linker Verteidiger;Startaufstellung
2768207;Burkina Faso;Smouha SC;Patrick Malo;24;300000.0;Rechter Verteidiger;Startaufstellung
2768207;Burkina Faso;FK Krasnodar;Charles Kaboré;28;7000000.0;Defensives Mittelfeld;Startaufstellung
2768207;Burkina Faso;Kayserispor;Alain Traoré;28;1000000.0;Offensives Mittelfeld;Startaufstellung
2768207;Burkina Faso;Kardemir Karabükspor;Abdou Traoré;28;4250000.0;Offensives Mittelfeld;Startaufstellung
2768207;Burkina Faso;Al-Nasr (Dubai);Jonathan Pitroipa;30;2500000.0;Linksaußen;Startaufstellung
2768207;Burkina Faso;UD Almería;Jonathan Zongo;27;500000.0;Rechtsaußen;Startaufstellung
2768207;Burkina Faso;Smouha SC;Banou Diawara;24;500000.0;Mittelstürmer;Startaufstellung
2768207;Gabun;CF Mounana;Yves Bitseki;33;150000.0;Torwart;Reservebank
2768207;Gabun;Vereinslos;Anthony Mfa Mezui;25;500000.0;Torwart;Reservebank
2768207;Gabun;Stade Mandji Port-Gentil;Franck Obambou;21;150000.0;Innenverteidiger;Reservebank
2768207;Gabun;CS Sedan-Ardennes;Yohann Wachter;24;300000.0;Innenverteidiger;Reservebank
2768207;Gabun;Mosta FC;Benjamin Zé Ondo;29;150000.0;Linker Verteidiger;Reservebank
2768207;Gabun;Juventus Turin;Mario Lemina;23;8000000.0;Defensives Mittelfeld;Reservebank
2768207;Gabun;IF Brommapojkarna;Serge-Junior Martinsson Ngouali;24;150000.0;Defensives Mittelfeld;Reservebank
2768207;Gabun;Gimnàstic de Tarragona ;Levy Madinda;24;1000000.0;Zentrales Mittelfeld;Reservebank
2768207;Gabun;;Cedric Ondo Biyoghe;22;150000.0;Offensives Mittelfeld;Reservebank
2768207;Gabun;Raja Casablanca;Samson Mbingui;24;200000.0;Offensives Mittelfeld;Reservebank
2768207;Gabun;Roter Stern Belgrad;Guélor Kanga;26;2500000.0;Offensives Mittelfeld;Reservebank
2768207;Gabun;União Leiria;Serge Kevyn;22;150000.0;Mittelstürmer;Reservebank
2768207;Burkina Faso;;Aboubacar Sawadogo;27;25000.0;Torwart;Reservebank
2768207;Burkina Faso;AS Beauvais Oise;Germain Sanou;24;25000.0;Torwart;Reservebank
2768207;Burkina Faso;ASEC Mimosas;Souleymane Kouanda;24;25000.0;Abwehr;Reservebank
2768207;Burkina Faso;FC Toulouse;Steeve Yago;24;2000000.0;Innenverteidiger;Reservebank
2768207;Burkina Faso;Santos FC Cape Town;Issouf Paro;22;25000.0;Innenverteidiger;Reservebank
2768207;Burkina Faso;Moreirense FC;Bouba;26;1000000.0;Defensives Mittelfeld;Reservebank
2768207;Burkina Faso;RC Lens;Adama Guira;28;500000.0;Zentrales Mittelfeld;Reservebank
2768207;Burkina Faso;Omonia Nikosia;Blati Toure;22;400000.0;Zentrales Mittelfeld;Reservebank
2768207;Burkina Faso;Ajax Amsterdam;Bertrand Traoré;21;5000000.0;Rechtsaußen;Reservebank
2768207;Burkina Faso;Sheriff Tiraspol;Cyrille Bayala;20;300000.0;Rechtsaußen;Reservebank
2768207;Burkina Faso;Vereinslos;Prejuce Nakoulma;29;1500000.0;Linksaußen;Reservebank
2768207;Burkina Faso;ASEC Mimosas;Aristide Bancé;32;175000.0;Mittelstürmer;Reservebank
