GameId;team;club;name;age;value;position;role
2768222;Uganda;Saint George SA;Robert Odongkara;27;150000.0;Torwart;Startaufstellung
2768222;Uganda;Simba SC;Murshid Jjuko;22;150000.0;Innenverteidiger;Startaufstellung
2768222;Uganda;Al-Nejmeh;Hassan Wasswa;28;300000.0;Innenverteidiger;Startaufstellung
2768222;Uganda;Gor Mahia Nairobi;Godfrey Walusimbi;27;100000.0;Linker Verteidiger;Startaufstellung
2768222;Uganda;Al-Ahed;Denis Iguma;22;50000.0;Rechter Verteidiger;Startaufstellung
2768222;Uganda;Baroka FC;Khalid Aucho;23;175000.0;Zentrales Mittelfeld;Startaufstellung
2768222;Uganda;Than Quang Ninh FC;Geoffrey Kizito;23;50000.0;Zentrales Mittelfeld;Startaufstellung
2768222;Uganda;Hanoi FC;Moses Oloya;24;200000.0;Rechtes Mittelfeld;Startaufstellung
2768222;Uganda;Kampala City Council;Joseph Ochaya;23;150000.0;Linkes Mittelfeld;Startaufstellung
2768222;Uganda;Standard Lüttich;Farouk Miya;19;600000.0;Offensives Mittelfeld;Startaufstellung
2768222;Uganda;Rio Ave FC;Kizito;23;600000.0;Mittelstürmer;Startaufstellung
2768222;Mali;US Orléans;Oumar Sissoko;29;400000.0;Torwart;Startaufstellung
2768222;Mali;ES Troyes AC;Mahamadou N'Diaye;26;500000.0;Innenverteidiger;Startaufstellung
2768222;Mali;Udinese Calcio;Molla Wagué;25;1800000.0;Innenverteidiger;Startaufstellung
2768222;Mali;Stade Reims;Hamari Traoré;24;2000000.0;Linker Verteidiger;Startaufstellung
2768222;Mali;Panathinaikos Athen;Ousmane Coulibaly;27;800000.0;Rechter Verteidiger;Startaufstellung
2768222;Mali;HSC Montpellier;Yacouba Sylla;26;2000000.0;Defensives Mittelfeld;Startaufstellung
2768222;Mali;Royal Antwerpen FC;Mamoutou N'Diaye;26;500000.0;Defensives Mittelfeld;Startaufstellung
2768222;Mali;LOSC Lille;Yves Bissouma;20;250000.0;Rechtes Mittelfeld;Startaufstellung
2768222;Mali;FK Rostov;Moussa Doumbia;22;800000.0;Linkes Mittelfeld;Startaufstellung
2768222;Mali;SC Bastia;Lassana Coulibaly;20;1500000.0;Offensives Mittelfeld;Startaufstellung
2768222;Mali;Vitória Guimarães SC;Moussa Marega;25;3000000.0;Mittelstürmer;Startaufstellung
2768222;Uganda;Al Merreikh Omdurman;Jamal Salim;21;200000.0;Torwart;Reservebank
2768222;Uganda;Mamelodi Sundowns FC;Denis Onyango;31;600000.0;Torwart;Reservebank
2768222;Uganda;;Timothy Dennis Awany;20;100000.0;Innenverteidiger;Reservebank
2768222;Uganda;Tusker FC;Shafik Batambuze;22;50000.0;Innenverteidiger;Reservebank
2768222;Uganda;Saint George SA;Isaac Isinde;25;200000.0;Innenverteidiger;Reservebank
2768222;Uganda;;Nicholas Wadada;22;100000.0;Rechter Verteidiger;Reservebank
2768222;Uganda;Colorado Rapids;Mike Azira;29;500000.0;Defensives Mittelfeld;Reservebank
2768222;Uganda;Vereinslos;Tony Mawejje;30;50000.0;Defensives Mittelfeld;Reservebank
2768222;Uganda;Baroka FC;Geofrey Massa;30;175000.0;Mittelstürmer;Reservebank
2768222;Uganda;Onduparaka FC;Muhammad Shaban;20;50000.0;Mittelstürmer;Reservebank
2768222;Uganda;Kampala City Council;Geoffrey Sserunkuma;33;175000.0;Mittelstürmer;Reservebank
2768222;Uganda;Vereinslos;Yunus Sentamu;22;100000.0;Mittelstürmer;Reservebank
2768222;Mali;;Djigui Diarra;21;75000.0;Torwart;Reservebank
2768222;Mali;Stade Malien;Soumbeyla Diakite;32;150000.0;Torwart;Reservebank
2768222;Mali;TP Mazembe;Salif Coulibaly;28;250000.0;Innenverteidiger;Reservebank
2768222;Mali;Renaissance de Berkane;Mohamed Konate;24;75000.0;Innenverteidiger;Reservebank
2768222;Mali;LOSC Lille;Youssouf Koné;21;150000.0;Linker Verteidiger;Reservebank
2768222;Mali;ES Troyes AC;Charles Traoré;25;150000.0;Linker Verteidiger;Reservebank
2768222;Mali;Kayserispor;Samba Sow;27;1000000.0;Defensives Mittelfeld;Reservebank
2768222;Mali;AS Monaco;Adama Traoré;21;5000000.0;Zentrales Mittelfeld;Reservebank
2768222;Mali;SV Werder Bremen;Sambou Yatabaré;27;2500000.0;Zentrales Mittelfeld;Reservebank
2768222;Mali;Crystal Palace;Bakary Sako;28;8000000.0;Linksaußen;Reservebank
2768222;Mali;Kardemir Karabükspor;Mustapha Yatabaré;30;1800000.0;Mittelstürmer;Reservebank
2768222;Mali;KAA Gent;Kalifa Coulibaly;25;3000000.0;Mittelstürmer;Reservebank
