GameId;team;club;name;age;value;position;role
2768205;Ghana;FC Córdoba;Brimah Razak;29;600000.0;Torwart;Startaufstellung
2768205;Ghana;Sivasspor;John Boye;29;1000000.0;Innenverteidiger;Startaufstellung
2768205;Ghana;Leicester City;Daniel Amartey;22;5000000.0;Innenverteidiger;Startaufstellung
2768205;Ghana;FC Schalke 04;Abdul Rahman Baba;22;12000000.0;Linker Verteidiger;Startaufstellung
2768205;Ghana;Columbus Crew SC;Harrison Afful;30;850000.0;Rechter Verteidiger;Startaufstellung
2768205;Ghana;Atlético Madrid;Thomas;23;5000000.0;Defensives Mittelfeld;Startaufstellung
2768205;Ghana;Panathinaikos Athen;Mubarak Wakaso;26;2000000.0;Zentrales Mittelfeld;Startaufstellung
2768205;Ghana;West Ham United;André Ayew;27;18000000.0;Linksaußen;Startaufstellung
2768205;Ghana;Newcastle United;Christian Atsu;25;3000000.0;Rechtsaußen;Startaufstellung
2768205;Ghana;Al-Ahli Dubai Club;Asamoah Gyan;31;4500000.0;Mittelstürmer;Startaufstellung
2768205;Ghana;Aston Villa;Jordan Ayew;25;7500000.0;Mittelstürmer;Startaufstellung
2768205;Uganda;Mamelodi Sundowns FC;Denis Onyango;31;600000.0;Torwart;Startaufstellung
2768205;Uganda;Saint George SA;Isaac Isinde;25;200000.0;Innenverteidiger;Startaufstellung
2768205;Uganda;Al-Nejmeh;Hassan Wasswa;28;300000.0;Innenverteidiger;Startaufstellung
2768205;Uganda;Kampala City Council;Joseph Ochaya;23;150000.0;Linker Verteidiger;Startaufstellung
2768205;Uganda;Al-Ahed;Denis Iguma;22;50000.0;Rechter Verteidiger;Startaufstellung
2768205;Uganda;Vereinslos;Tony Mawejje;30;50000.0;Zentrales Mittelfeld;Startaufstellung
2768205;Uganda;Than Quang Ninh FC;Geoffrey Kizito;23;50000.0;Zentrales Mittelfeld;Startaufstellung
2768205;Uganda;Colorado Rapids;Mike Azira;29;500000.0;Linkes Mittelfeld;Startaufstellung
2768205;Uganda;Standard Lüttich;Farouk Miya;19;600000.0;Offensives Mittelfeld;Startaufstellung
2768205;Uganda;Rio Ave FC;Kizito;23;600000.0;Rechtsaußen;Startaufstellung
2768205;Uganda;Baroka FC;Geofrey Massa;30;175000.0;Mittelstürmer;Startaufstellung
2768205;Ghana;Wa All Stars FC;Richard Ofori;23;100000.0;Torwart;Reservebank
2768205;Ghana;Enyimba Aba;Fatau Dauda;31;250000.0;Torwart;Reservebank
2768205;Ghana;Columbus Crew SC;Jonathan Mensah;26;400000.0;Innenverteidiger;Reservebank
2768205;Ghana;FC Barnsley;Andy Yiadom;25;100000.0;Rechter Verteidiger;Reservebank
2768205;Ghana;AIK Solna;Ebenezer Ofori;21;1200000.0;Defensives Mittelfeld;Reservebank
2768205;Ghana;Orlando Pirates;Edwin Gyimah;25;550000.0;Defensives Mittelfeld;Reservebank
2768205;Ghana;FC Turin;Afriyie Acquah;25;2800000.0;Defensives Mittelfeld;Reservebank
2768205;Ghana;Udinese Calcio;Emmanuel Badu;26;5500000.0;Defensives Mittelfeld;Reservebank
2768205;Ghana;RSC Anderlecht;Frank Acheampong;23;5000000.0;Linker Verteidiger;Reservebank
2768205;Ghana;FC Sion;Ebenezer Assifuah;23;2500000.0;Linksaußen;Reservebank
2768205;Ghana;FC Schalke 04;Bernard Tekpetey;19;100000.0;Rechtsaußen;Reservebank
2768205;Ghana;FC Liefering;Samuel Tetteh;20;500000.0;Mittelstürmer;Reservebank
2768205;Uganda;Saint George SA;Robert Odongkara;27;150000.0;Torwart;Reservebank
2768205;Uganda;Al Merreikh Omdurman;Jamal Salim;21;200000.0;Torwart;Reservebank
2768205;Uganda;;Timothy Dennis Awany;20;100000.0;Innenverteidiger;Reservebank
2768205;Uganda;Tusker FC;Shafik Batambuze;22;50000.0;Innenverteidiger;Reservebank
2768205;Uganda;Gor Mahia Nairobi;Godfrey Walusimbi;27;100000.0;Linker Verteidiger;Reservebank
2768205;Uganda;;Nicholas Wadada;22;100000.0;Rechter Verteidiger;Reservebank
2768205;Uganda;Kuban Krasnodar;Moses Oloya;24;200000.0;Zentrales Mittelfeld;Reservebank
2768205;Uganda;Onduparaka FC;Muhammad Shaban;20;50000.0;Mittelstürmer;Reservebank
2768205;Uganda;Kampala City Council;Geoffrey Sserunkuma;33;175000.0;Mittelstürmer;Reservebank
2768205;Uganda;Vereinslos;Yunus Sentamu;22;100000.0;Mittelstürmer;Reservebank
