GameId;team;club;name;age;value;position;role
2768213;Ghana;FC Córdoba;Brimah Razak;29;600000.0;Torwart;Startaufstellung
2768213;Ghana;Sivasspor;John Boye;29;1000000.0;Innenverteidiger;Startaufstellung
2768213;Ghana;Leicester City;Daniel Amartey;22;5000000.0;Innenverteidiger;Startaufstellung
2768213;Ghana;RSC Anderlecht;Frank Acheampong;23;4500000.0;Linker Verteidiger;Startaufstellung
2768213;Ghana;Columbus Crew SC;Harrison Afful;30;850000.0;Rechter Verteidiger;Startaufstellung
2768213;Ghana;Atlético Madrid;Thomas;23;5000000.0;Defensives Mittelfeld;Startaufstellung
2768213;Ghana;Panathinaikos Athen;Mubarak Wakaso;26;2000000.0;Zentrales Mittelfeld;Startaufstellung
2768213;Ghana;West Ham United;André Ayew;27;18000000.0;Linksaußen;Startaufstellung
2768213;Ghana;Newcastle United;Christian Atsu;25;3000000.0;Rechtsaußen;Startaufstellung
2768213;Ghana;Al-Ahli Dubai Club;Asamoah Gyan;31;4500000.0;Mittelstürmer;Startaufstellung
2768213;Ghana;Aston Villa;Jordan Ayew;25;7500000.0;Mittelstürmer;Startaufstellung
2768213;Mali;US Orléans;Oumar Sissoko;29;400000.0;Torwart;Startaufstellung
2768213;Mali;TP Mazembe;Salif Coulibaly;28;250000.0;Innenverteidiger;Startaufstellung
2768213;Mali;Udinese Calcio;Molla Wagué;25;1800000.0;Innenverteidiger;Startaufstellung
2768213;Mali;Stade Reims;Hamari Traoré;24;2000000.0;Linker Verteidiger;Startaufstellung
2768213;Mali;Panathinaikos Athen;Ousmane Coulibaly;27;800000.0;Rechter Verteidiger;Startaufstellung
2768213;Mali;HSC Montpellier;Yacouba Sylla;26;2000000.0;Defensives Mittelfeld;Startaufstellung
2768213;Mali;Royal Antwerpen FC;Mamoutou N'Diaye;26;500000.0;Defensives Mittelfeld;Startaufstellung
2768213;Mali;SV Werder Bremen;Sambou Yatabaré;27;2500000.0;Rechtes Mittelfeld;Startaufstellung
2768213;Mali;Crystal Palace;Bakary Sako;28;8000000.0;Linksaußen;Startaufstellung
2768213;Mali;Vitória Guimarães SC;Moussa Marega;25;3000000.0;Mittelstürmer;Startaufstellung
2768213;Mali;Kardemir Karabükspor;Mustapha Yatabaré;30;1800000.0;Mittelstürmer;Startaufstellung
2768213;Ghana;Wa All Stars FC;Richard Ofori;23;100000.0;Torwart;Reservebank
2768213;Ghana;Enyimba Aba;Fatau Dauda;31;250000.0;Torwart;Reservebank
2768213;Ghana;Columbus Crew SC;Jonathan Mensah;26;400000.0;Innenverteidiger;Reservebank
2768213;Ghana;FC Barnsley;Andy Yiadom;25;100000.0;Rechter Verteidiger;Reservebank
2768213;Ghana;AIK Solna;Ebenezer Ofori;21;1200000.0;Defensives Mittelfeld;Reservebank
2768213;Ghana;Orlando Pirates;Edwin Gyimah;25;550000.0;Defensives Mittelfeld;Reservebank
2768213;Ghana;FC Turin;Afriyie Acquah;25;2800000.0;Zentrales Mittelfeld;Reservebank
2768213;Ghana;Udinese Calcio;Emmanuel Badu;26;5500000.0;Zentrales Mittelfeld;Reservebank
2768213;Ghana;AC Le Havre;Ebenezer Assifuah;23;2500000.0;Linksaußen;Reservebank
2768213;Ghana;FC Schalke 04;Bernard Tekpetey;19;100000.0;Rechtsaußen;Reservebank
2768213;Ghana;FC Liefering;Samuel Tetteh;20;500000.0;Mittelstürmer;Reservebank
2768213;Mali;;Djigui Diarra;21;75000.0;Torwart;Reservebank
2768213;Mali;Stade Malien;Soumbeyla Diakite;32;150000.0;Torwart;Reservebank
2768213;Mali;ES Troyes AC;Mahamadou N'Diaye;26;500000.0;Innenverteidiger;Reservebank
2768213;Mali;Renaissance de Berkane;Mohamed Konate;24;75000.0;Innenverteidiger;Reservebank
2768213;Mali;LOSC Lille;Youssouf Koné;21;150000.0;Linker Verteidiger;Reservebank
2768213;Mali;ES Troyes AC;Charles Traoré;25;150000.0;Linker Verteidiger;Reservebank
2768213;Mali;Kayserispor;Samba Sow;27;1000000.0;Defensives Mittelfeld;Reservebank
2768213;Mali;AS Monaco;Adama Traoré;21;5000000.0;Zentrales Mittelfeld;Reservebank
2768213;Mali;SC Bastia;Lassana Coulibaly;20;1500000.0;Zentrales Mittelfeld;Reservebank
2768213;Mali;LOSC Lille;Yves Bissouma;20;250000.0;Zentrales Mittelfeld;Reservebank
2768213;Mali;FK Rostov;Moussa Doumbia;22;800000.0;Linkes Mittelfeld;Reservebank
2768213;Mali;KAA Gent;Kalifa Coulibaly;25;3000000.0;Mittelstürmer;Reservebank
