GameId;team;club;name;age;value;position;role
2768201;Algerien;Antalyaspor;Raïs M'Bolhi;30;400000.0;Torwart;Startaufstellung
2768201;Algerien;FC Stade Rennes;Ramy Bensebaini;21;2000000.0;Innenverteidiger;Startaufstellung
2768201;Algerien;Real Betis Sevilla;Aïssa Mandi;25;4500000.0;Innenverteidiger;Startaufstellung
2768201;Algerien;SSC Neapel;Faouzi Ghoulam;25;15000000.0;Linker Verteidiger;Startaufstellung
2768201;Algerien;Club Africain Tunis;Mokhtar Belkhiter;25;450000.0;Rechter Verteidiger;Startaufstellung
2768201;Algerien;FC Schalke 04;Nabil Bentaleb;22;9000000.0;Defensives Mittelfeld;Startaufstellung
2768201;Algerien;FC Watford;Adlène Guédioura;31;1000000.0;Defensives Mittelfeld;Startaufstellung
2768201;Algerien;FC Porto;Yacine Brahimi;26;20000000.0;Offensives Mittelfeld;Startaufstellung
2768201;Algerien;GNK Dinamo Zagreb;El Arbi Hillel Soudani;29;4500000.0;Linksaußen;Startaufstellung
2768201;Algerien;Leicester City;Riyad Mahrez;25;30000000.0;Rechtsaußen;Startaufstellung
2768201;Algerien;Leicester City;Islam Slimani;28;25000000.0;Mittelstürmer;Startaufstellung
2768201;Simbabwe;Dynamos Harare;Tatenda Mkuruva;21;150000.0;Torwart;Startaufstellung
2768201;Simbabwe;;Elisha Muroiwa;27;150000.0;Innenverteidiger;Startaufstellung
2768201;Simbabwe;AC Sparta Prag;Costa Nhamoinesu;31;750000.0;Innenverteidiger;Startaufstellung
2768201;Simbabwe;SuperSport United;Onismor Bhasera;30;300000.0;Linker Verteidiger;Startaufstellung
2768201;Simbabwe;CAPS United FC;Hardlife Zvirekwi;29;150000.0;Rechter Verteidiger;Startaufstellung
2768201;Simbabwe;Lamontville Golden Arrows;Danny Phiri;27;350000.0;Defensives Mittelfeld;Startaufstellung
2768201;Simbabwe;Kaizer Chiefs;Willard Katsande;31;650000.0;Defensives Mittelfeld;Startaufstellung
2768201;Simbabwe;Mamelodi Sundowns FC;Khama Billiat;26;1750000.0;Linksaußen;Startaufstellung
2768201;Simbabwe;Lamontville Golden Arrows;Kudakwashe Mahachi;23;250000.0;Rechtsaußen;Startaufstellung
2768201;Simbabwe;KV Oostende;Knowledge Musona;26;2200000.0;Hängende Spitze;Startaufstellung
2768201;Simbabwe;Dalian Yifang;Nyasha Mushekwi;29;900000.0;Mittelstürmer;Startaufstellung
2768201;Algerien;MO Béjaïa;Chamseddine Rahmani;26;500000.0;Torwart;Reservebank
2768201;Algerien;JS Kabylie;Malik Asselah;30;400000.0;Torwart;Reservebank
2768201;Algerien;Servette FC;Liassine Cadamuro;28;300000.0;Innenverteidiger;Reservebank
2768201;Algerien;Esperance Tunis;Hicham Belkaroui;26;500000.0;Innenverteidiger;Reservebank
2768201;Algerien;USM Algier;Mohamed Benyahia;24;700000.0;Innenverteidiger;Reservebank
2768201;Algerien;FC Crotone;Djamel Mesbah;32;400000.0;Linker Verteidiger;Reservebank
2768201;Algerien;USM Algier;Mohamed Rabie Meftah;31;600000.0;Rechter Verteidiger;Reservebank
2768201;Algerien;FC Arsenal U23;Ismaël Bennacer;19;100000.0;Zentrales Mittelfeld;Reservebank
2768201;Algerien;FCO Dijon;Mehdi Abeid;24;1750000.0;Zentrales Mittelfeld;Reservebank
2768201;Algerien;RSC Anderlecht;Sofiane Hanni;26;7000000.0;Offensives Mittelfeld;Reservebank
2768201;Algerien;Olympique Lyon;Rachid Ghezzal;24;5500000.0;Linksaußen;Reservebank
2768201;Algerien;Al Sadd Sports Club;Baghdad Bounedjah;25;3500000.0;Mittelstürmer;Reservebank
2768201;Simbabwe;How Mine FC;Bernard Donovan;21;150000.0;Torwart;Reservebank
2768201;Simbabwe;;Takabva Mawaya;23;150000.0;Torwart;Reservebank
2768201;Simbabwe;;Lawrence Mhlanga;23;150000.0;Abwehr;Reservebank
2768201;Simbabwe;Chicken Inn FC;Teenage Hadebe;21;150000.0;Innenverteidiger;Reservebank
2768201;Simbabwe;Azam FC;Bruce Kangwa;28;150000.0;Linker Verteidiger;Reservebank
2768201;Simbabwe;Vitesse Arnheim;Marvelous Nakamba;22;2000000.0;Defensives Mittelfeld;Reservebank
2768201;Simbabwe;AS Vita Club Kinshasa;Oscar Machapa;29;150000.0;Rechtes Mittelfeld;Reservebank
2768201;Simbabwe;Maritzburg United FC;Evans Rusike;26;250000.0;Mittelstürmer;Reservebank
2768201;Simbabwe;Djurgardens IF;Tino Kadewere;21;400000.0;Mittelstürmer;Reservebank
2768201;Simbabwe;Club Africain Tunis;Matthew Rusike;26;300000.0;Mittelstürmer;Reservebank
2768201;Simbabwe;Orlando Pirates;Tendai Ndoro;28;700000.0;Mittelstürmer;Reservebank
2768201;Simbabwe;Bidvest Wits FC;Cuthbert Malajila;31;400000.0;Mittelstürmer;Reservebank
