GameId;team;club;name;age;value;position;role
2768216;Guinea-Bissau;SC Salgueiros;Jonas Mendes;27;500000.0;Torwart;Startaufstellung
2768216;Guinea-Bissau;Vereinslos;Rudinilson;22;100000.0;Innenverteidiger;Startaufstellung
2768216;Guinea-Bissau;CD Mafra;Juary Soares;24;25000.0;Innenverteidiger;Startaufstellung
2768216;Guinea-Bissau;Vereinslos;Mamadu Candé;26;500000.0;Linker Verteidiger;Startaufstellung
2768216;Guinea-Bissau;Vereinslos;Tomás Dabó;23;500000.0;Rechter Verteidiger;Startaufstellung
2768216;Guinea-Bissau;FC Felgueiras 1932;Nanissio Soares;25;100000.0;Zentrales Mittelfeld;Startaufstellung
2768216;Guinea-Bissau;Strömsgodset IF;Francisco Júnior;25;300000.0;Zentrales Mittelfeld;Startaufstellung
2768216;Guinea-Bissau;APO Levadiakos;Zezinho;24;500000.0;Offensives Mittelfeld;Startaufstellung
2768216;Guinea-Bissau;SC Braga B;Piqueti;23;300000.0;Linksaußen;Startaufstellung
2768216;Guinea-Bissau;APO Levadiakos;Toni Silva;23;750000.0;Rechtsaußen;Startaufstellung
2768216;Guinea-Bissau;Jeju United FC;Frédéric Mendy;28;500000.0;Mittelstürmer;Startaufstellung
2768216;Burkina Faso;ASEC Mimosas;Hervé Kouakou Koffi;20;100000.0;Torwart;Startaufstellung
2768216;Burkina Faso;Renaissance de Berkane;Issoufou Dayo;25;25000.0;Innenverteidiger;Startaufstellung
2768216;Burkina Faso;FC Málaga;Bakary Koné;28;1500000.0;Innenverteidiger;Startaufstellung
2768216;Burkina Faso;;Yacouba Coulibaly;22;25000.0;Linker Verteidiger;Startaufstellung
2768216;Burkina Faso;FC Toulouse;Steeve Yago;24;2000000.0;Rechter Verteidiger;Startaufstellung
2768216;Burkina Faso;FK Krasnodar;Charles Kaboré;28;7000000.0;Defensives Mittelfeld;Startaufstellung
2768216;Burkina Faso;Kayserispor;Alain Traoré;28;1000000.0;Zentrales Mittelfeld;Startaufstellung
2768216;Burkina Faso;Vereinslos;Prejuce Nakoulma;29;1500000.0;Linksaußen;Startaufstellung
2768216;Burkina Faso;Ajax Amsterdam;Bertrand Traoré;21;5000000.0;Rechtsaußen;Startaufstellung
2768216;Burkina Faso;Kardemir Karabükspor;Abdou Traoré;28;4250000.0;Hängende Spitze;Startaufstellung
2768216;Burkina Faso;ASEC Mimosas;Aristide Bancé;32;175000.0;Mittelstürmer;Startaufstellung
2768216;Guinea-Bissau;pausiert;Papa Fall;31;25000.0;Torwart;Reservebank
2768216;Guinea-Bissau;CD Cova Piedade;Rui Dabó;22;25000.0;Torwart;Reservebank
2768216;Guinea-Bissau;SC Freamunde;Eridson;26;150000.0;Innenverteidiger;Reservebank
2768216;Guinea-Bissau;SC Covilha;Agostinho Soares;26;300000.0;Linker Verteidiger;Reservebank
2768216;Guinea-Bissau;CA Pulpileño;Emmanuel Mendy;26;50000.0;Rechter Verteidiger;Reservebank
2768216;Guinea-Bissau;Vereinslos;Bocundji Ca;30;500000.0;Defensives Mittelfeld;Reservebank
2768216;Guinea-Bissau;Académico Viseu FC;Saná Camará;25;125000.0;Zentrales Mittelfeld;Reservebank
2768216;Guinea-Bissau;GD Chaves;João Mário;23;350000.0;Linksaußen;Reservebank
2768216;Guinea-Bissau;FC Porto;Sami;28;2500000.0;Linksaußen;Reservebank
2768216;Guinea-Bissau;SC Olhanense;Aldair;24;400000.0;Rechtsaußen;Reservebank
2768216;Guinea-Bissau;US Avellino;Idrissa Camará;23;100000.0;Rechtsaußen;Reservebank
2768216;Guinea-Bissau;CF Belenenses Lissabon;Abel Camará;27;750000.0;Mittelstürmer;Reservebank
2768216;Burkina Faso;;Aboubacar Sawadogo;27;25000.0;Torwart;Reservebank
2768216;Burkina Faso;AS Beauvais Oise;Germain Sanou;24;25000.0;Torwart;Reservebank
2768216;Burkina Faso;ASEC Mimosas;Souleymane Kouanda;24;25000.0;Abwehr;Reservebank
2768216;Burkina Faso;Smouha SC;Patrick Malo;24;300000.0;Innenverteidiger;Reservebank
2768216;Burkina Faso;Santos FC Cape Town;Issouf Paro;22;25000.0;Innenverteidiger;Reservebank
2768216;Burkina Faso;Moreirense FC;Bouba;26;1000000.0;Defensives Mittelfeld;Reservebank
2768216;Burkina Faso;RC Lens;Adama Guira;28;500000.0;Zentrales Mittelfeld;Reservebank
2768216;Burkina Faso;Omonia Nikosia;Blati Toure;22;400000.0;Zentrales Mittelfeld;Reservebank
2768216;Burkina Faso;Sheriff Tiraspol;Cyrille Bayala;20;300000.0;Rechtsaußen;Reservebank
2768216;Burkina Faso;Smouha SC;Banou Diawara;24;500000.0;Mittelstürmer;Reservebank
