GameId;team;club;name;age;value;position;role
2768214;Ägypten;Wadi Degla FC;Essam El Hadary;44;200000.0;Torwart;Startaufstellung
2768214;Ägypten;Zamalek SC;Ali Gabr;28;600000.0;Innenverteidiger;Startaufstellung
2768214;Ägypten;El Ahly Kairo;Ahmed Hegazy;25;1000000.0;Innenverteidiger;Startaufstellung
2768214;Ägypten;Al-Ahli Dschidda;Mohamed Abdelshafi;31;1400000.0;Linker Verteidiger;Startaufstellung
2768214;Ägypten;El Ahly Kairo;Ahmed Fathi;32;1000000.0;Rechter Verteidiger;Startaufstellung
2768214;Ägypten;Zamalek SC;Tarek Hamed;28;800000.0;Defensives Mittelfeld;Startaufstellung
2768214;Ägypten;FC Arsenal;Mohamed Elneny;24;8500000.0;Defensives Mittelfeld;Startaufstellung
2768214;Ägypten;Stoke City;Ramadan Sobhi;19;2500000.0;Linksaußen;Startaufstellung
2768214;Ägypten;Royal Excel Mouscron ;Trezeguet;22;1500000.0;Rechtsaußen;Startaufstellung
2768214;Ägypten;AS Rom;Mohamed Salah;24;30000000.0;Hängende Spitze;Startaufstellung
2768214;Ägypten;El Ahly Kairo;Marwan Mohsen;27;600000.0;Mittelstürmer;Startaufstellung
2768214;Uganda;Mamelodi Sundowns FC;Denis Onyango;31;600000.0;Torwart;Startaufstellung
2768214;Uganda;Simba SC;Murshid Jjuko;22;150000.0;Innenverteidiger;Startaufstellung
2768214;Uganda;Al-Nejmeh;Hassan Wasswa;28;300000.0;Innenverteidiger;Startaufstellung
2768214;Uganda;Gor Mahia Nairobi;Godfrey Walusimbi;27;100000.0;Linker Verteidiger;Startaufstellung
2768214;Uganda;Al-Ahed;Denis Iguma;22;50000.0;Rechter Verteidiger;Startaufstellung
2768214;Uganda;Baroka FC;Khalid Aucho;23;175000.0;Zentrales Mittelfeld;Startaufstellung
2768214;Uganda;Than Quang Ninh FC;Geoffrey Kizito;23;50000.0;Zentrales Mittelfeld;Startaufstellung
2768214;Uganda;Vereinslos;Tony Mawejje;30;50000.0;Rechtes Mittelfeld;Startaufstellung
2768214;Uganda;Kampala City Council;Joseph Ochaya;23;150000.0;Linkes Mittelfeld;Startaufstellung
2768214;Uganda;Standard Lüttich;Farouk Miya;19;600000.0;Offensives Mittelfeld;Startaufstellung
2768214;Uganda;Baroka FC;Geofrey Massa;30;175000.0;Mittelstürmer;Startaufstellung
2768214;Ägypten;El Ahly Kairo;Sherif Ekramy;33;1000000.0;Torwart;Reservebank
2768214;Ägypten;Zamalek SC;Ahmed Dowidar;29;400000.0;Innenverteidiger;Reservebank
2768214;Ägypten;El Ahly Kairo;Saad Samir;27;600000.0;Innenverteidiger;Reservebank
2768214;Ägypten;RC Lens;Karim Hafez;20;900000.0;Linker Verteidiger;Reservebank
2768214;Ägypten;FC Basel 1893;Omar Gaber;24;1500000.0;Rechter Verteidiger;Reservebank
2768214;Ägypten;Zamalek SC;Ibrahim Salah;29;600000.0;Defensives Mittelfeld;Reservebank
2768214;Ägypten;Hull City;Ahmed Elmohamady;29;4000000.0;Rechtes Mittelfeld;Reservebank
2768214;Ägypten;El Ahly Kairo;Abdallah Said;31;1000000.0;Offensives Mittelfeld;Reservebank
2768214;Ägypten;Al-Ittihad Dschidda;Kahraba;22;1700000.0;Linksaußen;Reservebank
2768214;Ägypten;Panetolikos Agrinio;Amr Warda;23;900000.0;Linksaußen;Reservebank
2768214;Ägypten;SC Braga;Ahmed Hassan;23;4500000.0;Mittelstürmer;Reservebank
2768214;Uganda;Saint George SA;Robert Odongkara;27;150000.0;Torwart;Reservebank
2768214;Uganda;Al Merreikh Omdurman;Jamal Salim;21;200000.0;Torwart;Reservebank
2768214;Uganda;;Timothy Dennis Awany;20;100000.0;Innenverteidiger;Reservebank
2768214;Uganda;Tusker FC;Shafik Batambuze;22;50000.0;Innenverteidiger;Reservebank
2768214;Uganda;Saint George SA;Isaac Isinde;25;200000.0;Innenverteidiger;Reservebank
2768214;Uganda;;Nicholas Wadada;22;100000.0;Rechter Verteidiger;Reservebank
2768214;Uganda;Colorado Rapids;Mike Azira;29;500000.0;Defensives Mittelfeld;Reservebank
2768214;Uganda;Kuban Krasnodar;Moses Oloya;24;200000.0;Zentrales Mittelfeld;Reservebank
2768214;Uganda;Rio Ave FC;Kizito;23;600000.0;Rechtsaußen;Reservebank
2768214;Uganda;Onduparaka FC;Muhammad Shaban;20;50000.0;Mittelstürmer;Reservebank
2768214;Uganda;Kampala City Council;Geoffrey Sserunkuma;33;175000.0;Mittelstürmer;Reservebank
2768214;Uganda;Vereinslos;Yunus Sentamu;22;100000.0;Mittelstürmer;Reservebank
