GameId;team;club;name;age;value;position;role
2768199;Gabun;KV Oostende;Didier Ovono;33;500000.0;Torwart;Startaufstellung
2768199;Gabun;Stade Laval;Aaron Appindangoyé;24;600000.0;Innenverteidiger;Startaufstellung
2768199;Gabun;Cardiff City;Bruno Ecuele Manga;28;4000000.0;Innenverteidiger;Startaufstellung
2768199;Gabun;ES Troyes AC;Johann Obiang;23;400000.0;Linker Verteidiger;Startaufstellung
2768199;Gabun;Red Star FC;Lloyd Palun;28;1000000.0;Rechter Verteidiger;Startaufstellung
2768199;Gabun;Meizhou Hakka;Merlin Tandjigora;26;300000.0;Defensives Mittelfeld;Startaufstellung
2768199;Gabun;Juventus Turin;Mario Lemina;23;8000000.0;Zentrales Mittelfeld;Startaufstellung
2768199;Gabun;AFC Sunderland;Didier Ndong;22;10000000.0;Zentrales Mittelfeld;Startaufstellung
2768199;Gabun;FC Tours;Denis Bouanga;22;400000.0;Linksaußen;Startaufstellung
2768199;Gabun;Tianjin Teda;Malick Evouna;24;1500000.0;Rechtsaußen;Startaufstellung
2768199;Gabun;Borussia Dortmund;Pierre-Emerick Aubameyang;27;45000000.0;Mittelstürmer;Startaufstellung
2768199;Guinea-Bissau;SC Salgueiros;Jonas Mendes;27;500000.0;Torwart;Startaufstellung
2768199;Guinea-Bissau;Vereinslos;Rudinilson;22;100000.0;Innenverteidiger;Startaufstellung
2768199;Guinea-Bissau;CD Mafra;Juary Soares;24;25000.0;Innenverteidiger;Startaufstellung
2768199;Guinea-Bissau;SC Covilha;Agostinho Soares;26;300000.0;Linker Verteidiger;Startaufstellung
2768199;Guinea-Bissau;Vereinslos;Tomás Dabó;23;500000.0;Rechter Verteidiger;Startaufstellung
2768199;Guinea-Bissau;Strömsgodset IF;Francisco Júnior;24;300000.0;Defensives Mittelfeld;Startaufstellung
2768199;Guinea-Bissau;FC Felgueiras 1932;Nanissio Soares;25;100000.0;Zentrales Mittelfeld;Startaufstellung
2768199;Guinea-Bissau;APO Levadiakos;Zezinho;24;500000.0;Offensives Mittelfeld;Startaufstellung
2768199;Guinea-Bissau;GD Chaves;João Mário;23;350000.0;Linksaußen;Startaufstellung
2768199;Guinea-Bissau;APO Levadiakos;Toni Silva;23;750000.0;Rechtsaußen;Startaufstellung
2768199;Guinea-Bissau;CF Belenenses Lissabon;Abel Camará;27;750000.0;Mittelstürmer;Startaufstellung
2768199;Gabun;CF Mounana;Yves Bitseki;33;150000.0;Torwart;Reservebank
2768199;Gabun;Vereinslos;Anthony Mfa Mezui;25;500000.0;Torwart;Reservebank
2768199;Gabun;Stade Mandji Port-Gentil;Franck Obambou;21;150000.0;Innenverteidiger;Reservebank
2768199;Gabun;CS Sedan-Ardennes;Yohann Wachter;24;300000.0;Innenverteidiger;Reservebank
2768199;Gabun;Mosta FC;Benjamin Zé Ondo;29;150000.0;Linker Verteidiger;Reservebank
2768199;Gabun;Kardemir Karabükspor;André Poko;24;2000000.0;Defensives Mittelfeld;Reservebank
2768199;Gabun;IF Brommapojkarna;Serge-Junior Martinsson Ngouali;24;150000.0;Defensives Mittelfeld;Reservebank
2768199;Gabun;Gimnàstic de Tarragona ;Levy Madinda;24;1000000.0;Zentrales Mittelfeld;Reservebank
2768199;Gabun;;Cedric Ondo Biyoghe;22;150000.0;Offensives Mittelfeld;Reservebank
2768199;Gabun;Raja Casablanca;Samson Mbingui;24;200000.0;Offensives Mittelfeld;Reservebank
2768199;Gabun;Roter Stern Belgrad;Guélor Kanga;26;2500000.0;Offensives Mittelfeld;Reservebank
2768199;Gabun;União Leiria;Serge Kevyn;22;150000.0;Mittelstürmer;Reservebank
2768199;Guinea-Bissau;pausiert;Papa Fall;31;25000.0;Torwart;Reservebank
2768199;Guinea-Bissau;CD Cova Piedade;Rui Dabó;22;25000.0;Torwart;Reservebank
2768199;Guinea-Bissau;SC Freamunde;Eridson;26;150000.0;Innenverteidiger;Reservebank
2768199;Guinea-Bissau;Vereinslos;Mamadu Candé;26;500000.0;Linker Verteidiger;Reservebank
2768199;Guinea-Bissau;CA Pulpileño;Emmanuel Mendy;26;50000.0;Rechter Verteidiger;Reservebank
2768199;Guinea-Bissau;Vereinslos;Bocundji Ca;30;500000.0;Defensives Mittelfeld;Reservebank
2768199;Guinea-Bissau;Académico Viseu FC;Saná Camará;25;125000.0;Zentrales Mittelfeld;Reservebank
2768199;Guinea-Bissau;FC Porto;Sami;28;2500000.0;Linksaußen;Reservebank
2768199;Guinea-Bissau;SC Braga B;Piqueti;23;300000.0;Rechtsaußen;Reservebank
2768199;Guinea-Bissau;SC Olhanense;Aldair;24;400000.0;Rechtsaußen;Reservebank
2768199;Guinea-Bissau;US Avellino;Idrissa Camará;23;100000.0;Rechtsaußen;Reservebank
2768199;Guinea-Bissau;Jeju United FC;Frédéric Mendy;28;500000.0;Mittelstürmer;Reservebank
