GameId;team;club;name;age;value;position;role
2768221;Ägypten;Wadi Degla FC;Essam El Hadary;44;200000.0;Torwart;Startaufstellung
2768221;Ägypten;Zamalek SC;Ali Gabr;28;600000.0;Innenverteidiger;Startaufstellung
2768221;Ägypten;El Ahly Kairo;Ahmed Hegazy;26;1000000.0;Innenverteidiger;Startaufstellung
2768221;Ägypten;El Ahly Kairo;Ahmed Fathi;32;1000000.0;Linker Verteidiger;Startaufstellung
2768221;Ägypten;Hull City;Ahmed Elmohamady;29;4000000.0;Rechter Verteidiger;Startaufstellung
2768221;Ägypten;Zamalek SC;Tarek Hamed;28;800000.0;Defensives Mittelfeld;Startaufstellung
2768221;Ägypten;FC Arsenal;Mohamed Elneny;24;8500000.0;Defensives Mittelfeld;Startaufstellung
2768221;Ägypten;El Ahly Kairo;Abdallah Said;31;1000000.0;Offensives Mittelfeld;Startaufstellung
2768221;Ägypten;Royal Excel Mouscron ;Trezeguet;22;1500000.0;Linksaußen;Startaufstellung
2768221;Ägypten;AS Rom;Mohamed Salah;24;30000000.0;Rechtsaußen;Startaufstellung
2768221;Ägypten;El Ahly Kairo;Marwan Mohsen;27;600000.0;Mittelstürmer;Startaufstellung
2768221;Ghana;FC Córdoba;Brimah Razak;29;600000.0;Torwart;Startaufstellung
2768221;Ghana;Columbus Crew SC;Jonathan Mensah;26;400000.0;Innenverteidiger;Startaufstellung
2768221;Ghana;Sivasspor;John Boye;29;1000000.0;Innenverteidiger;Startaufstellung
2768221;Ghana;Columbus Crew SC;Harrison Afful;30;850000.0;Linker Verteidiger;Startaufstellung
2768221;Ghana;FC Barnsley;Andy Yiadom;25;100000.0;Rechter Verteidiger;Startaufstellung
2768221;Ghana;Leicester City;Daniel Amartey;22;5000000.0;Defensives Mittelfeld;Startaufstellung
2768221;Ghana;Udinese Calcio;Emmanuel Badu;26;5500000.0;Zentrales Mittelfeld;Startaufstellung
2768221;Ghana;West Ham United;André Ayew;27;18000000.0;Linksaußen;Startaufstellung
2768221;Ghana;Newcastle United;Christian Atsu;25;3000000.0;Rechtsaußen;Startaufstellung
2768221;Ghana;FC Liefering;Samuel Tetteh;20;500000.0;Mittelstürmer;Startaufstellung
2768221;Ghana;Al-Ahli Dubai Club;Asamoah Gyan;31;4500000.0;Mittelstürmer;Startaufstellung
2768221;Ägypten;El Ahly Kairo;Sherif Ekramy;33;1000000.0;Torwart;Reservebank
2768221;Ägypten;Smouha SC;Ahmed Dowidar;29;400000.0;Innenverteidiger;Reservebank
2768221;Ägypten;El Ahly Kairo;Saad Samir;27;600000.0;Innenverteidiger;Reservebank
2768221;Ägypten;RC Lens;Karim Hafez;20;900000.0;Linker Verteidiger;Reservebank
2768221;Ägypten;FC Basel 1893;Omar Gaber;24;1500000.0;Rechter Verteidiger;Reservebank
2768221;Ägypten;Zamalek SC;Ibrahim Salah;29;600000.0;Defensives Mittelfeld;Reservebank
2768221;Ägypten;Al-Ittihad Dschidda;Kahraba;22;1700000.0;Linksaußen;Reservebank
2768221;Ägypten;Stoke City;Ramadan Sobhi;20;2500000.0;Linksaußen;Reservebank
2768221;Ägypten;PAOK Thessaloniki;Amr Warda;23;900000.0;Linksaußen;Reservebank
2768221;Ägypten;SC Braga;Ahmed Hassan;23;4500000.0;Mittelstürmer;Reservebank
2768221;Ghana;Wa All Stars FC;Richard Ofori;23;100000.0;Torwart;Reservebank
2768221;Ghana;Enyimba Aba;Fatau Dauda;31;250000.0;Torwart;Reservebank
2768221;Ghana;AIK Solna;Ebenezer Ofori;21;1200000.0;Defensives Mittelfeld;Reservebank
2768221;Ghana;Atlético Madrid;Thomas;23;4500000.0;Defensives Mittelfeld;Reservebank
2768221;Ghana;Orlando Pirates;Edwin Gyimah;25;550000.0;Defensives Mittelfeld;Reservebank
2768221;Ghana;Panathinaikos Athen;Mubarak Wakaso;26;2000000.0;Zentrales Mittelfeld;Reservebank
2768221;Ghana;FC Turin;Afriyie Acquah;25;2800000.0;Zentrales Mittelfeld;Reservebank
2768221;Ghana;RSC Anderlecht;Frank Acheampong;23;4500000.0;Linksaußen;Reservebank
2768221;Ghana;AC Le Havre;Ebenezer Assifuah;23;2500000.0;Linksaußen;Reservebank
2768221;Ghana;FC Schalke 04;Bernard Tekpetey;19;100000.0;Rechtsaußen;Reservebank
2768221;Ghana;Aston Villa;Jordan Ayew;25;7500000.0;Mittelstürmer;Reservebank
