GameId;team;club;name;age;value;position;role
2768204;Demokratische Republik Kongo;TP Mazembe;Ley Matampi;27;50000.0;Torwart;Startaufstellung
2768204;Demokratische Republik Kongo;FC Ingolstadt 04;Marcel Tisserand;24;3000000.0;Innenverteidiger;Startaufstellung
2768204;Demokratische Republik Kongo;Northampton Town;Gabriel Zakuani;30;350000.0;Innenverteidiger;Startaufstellung
2768204;Demokratische Republik Kongo;Aytemiz Alanyaspor;Fabrice N'Sakala;26;1200000.0;Linker Verteidiger;Startaufstellung
2768204;Demokratische Republik Kongo;TP Mazembe;Issama Mpeko;30;150000.0;Rechter Verteidiger;Startaufstellung
2768204;Demokratische Republik Kongo;Newcastle United;Chancel Mbemba;22;10000000.0;Defensives Mittelfeld;Startaufstellung
2768204;Demokratische Republik Kongo;TP Mazembe;Merveille Bokadi;24;50000.0;Defensives Mittelfeld;Startaufstellung
2768204;Demokratische Republik Kongo;GFC Ajaccio;Rémi Mulumba;24;600000.0;Defensives Mittelfeld;Startaufstellung
2768204;Demokratische Republik Kongo;Al Ahli Sports Club;Firmin Mubele;22;1300000.0;Linksaußen;Startaufstellung
2768204;Demokratische Republik Kongo;FC Astana;Junior Kabananga;27;1200000.0;Rechtsaußen;Startaufstellung
2768204;Demokratische Republik Kongo;FC Villarreal;Cédric Bakambu;25;20000000.0;Mittelstürmer;Startaufstellung
2768204;Marokko;CD Numancia ;Munir;27;700000.0;Torwart;Startaufstellung
2768204;Marokko;Olympiakos Piräus;Manuel da Costa;30;1500000.0;Innenverteidiger;Startaufstellung
2768204;Marokko;Juventus Turin;Medhi Benatia;29;15000000.0;Innenverteidiger;Startaufstellung
2768204;Marokko;Wolverhampton Wanderers;Romain Saïss;26;4000000.0;Innenverteidiger;Startaufstellung
2768204;Marokko;Feyenoord Rotterdam;Karim El Ahmadi;31;2500000.0;Defensives Mittelfeld;Startaufstellung
2768204;Marokko;AS Monaco;Nabil Dirar;30;2000000.0;Rechtes Mittelfeld;Startaufstellung
2768204;Marokko;LOSC Lille B;Hamza Mendyl;19;250000.0;Linkes Mittelfeld;Startaufstellung
2768204;Marokko;Al-Jazira (Abu Dhabi);Moubarak Boussoufa;32;2000000.0;Offensives Mittelfeld;Startaufstellung
2768204;Marokko;SSC Neapel;Omar El Kaddouri;26;4500000.0;Linksaußen;Startaufstellung
2768204;Marokko;FC Granada;Mehdi Carcela-González;27;5000000.0;Rechtsaußen;Startaufstellung
2768204;Marokko;FC St. Pauli;Aziz Bouhaddouz;29;800000.0;Mittelstürmer;Startaufstellung
2768204;Demokratische Republik Kongo;Royal Antwerpen FC;Nicaise Kudimbana;29;400000.0;Torwart;Reservebank
2768204;Demokratische Republik Kongo;FC Wohlen;Joël Kiassumbua;24;400000.0;Torwart;Reservebank
2768204;Demokratische Republik Kongo;AS Vita Club Kinshasa;Lomalisa Mutambala;23;50000.0;Linker Verteidiger;Reservebank
2768204;Demokratische Republik Kongo;EA Guingamp;Jordan Ikoko;22;1250000.0;Rechter Verteidiger;Reservebank
2768204;Demokratische Republik Kongo;Norwich City;Youssouf Mulumbu;29;2500000.0;Defensives Mittelfeld;Reservebank
2768204;Demokratische Republik Kongo;Birmingham City;Jacques Maghoma;29;500000.0;Linkes Mittelfeld;Reservebank
2768204;Demokratische Republik Kongo;FC Fulham;Neeskens Kebano;24;4500000.0;Offensives Mittelfeld;Reservebank
2768204;Demokratische Republik Kongo;Panathinaikos Athen;Paul-José Mpoku;24;3000000.0;Linksaußen;Reservebank
2768204;Demokratische Republik Kongo;Charlton Athletic;Jordan Botaka;23;750000.0;Rechtsaußen;Reservebank
2768204;Demokratische Republik Kongo;Guangzhou R&F;Jeremy Bokila;28;400000.0;Mittelstürmer;Reservebank
2768204;Demokratische Republik Kongo;Hull City;Dieumerci Mbokani;31;7000000.0;Mittelstürmer;Reservebank
2768204;Demokratische Republik Kongo;TP Mazembe;Jonathan Bolingi;22;150000.0;Mittelstürmer;Reservebank
2768204;Marokko;FC Girona;Bono;25;800000.0;Torwart;Reservebank
2768204;Marokko;Lokomotiv Plovdiv;Yassine El Kharroubi;26;600000.0;Torwart;Reservebank
2768204;Marokko;;Amine Attouchi;24;100000.0;Innenverteidiger;Reservebank
2768204;Marokko;FCO Dijon;Fouad Chafik;30;800000.0;Rechter Verteidiger;Reservebank
2768204;Marokko;Heart of Midlothian FC;Faycal Rherras;23;500000.0;Rechter Verteidiger;Reservebank
2768204;Marokko;AS Nancy-Lorraine;Youssef Aït Bennasser;20;2500000.0;Zentrales Mittelfeld;Reservebank
2768204;Marokko;LOSC Lille;Mounir Obbadi;33;1000000.0;Zentrales Mittelfeld;Reservebank
2768204;Marokko;Deportivo La Coruna ;Fayçal Fajr;28;4000000.0;Offensives Mittelfeld;Reservebank
2768204;Marokko;FC Málaga;Youssef En-Nesyri;19;1000000.0;Mittelstürmer;Reservebank
2768204;Marokko;Lekhwiya Sports Club;Youssef El Arabi;29;7000000.0;Mittelstürmer;Reservebank
2768204;Marokko;RC Straßburg Alsace;Khalid Boutaïb;29;1000000.0;Mittelstürmer;Reservebank
2768204;Marokko;Nîmes Olympique;Rachid Alioui;24;700000.0;Mittelstürmer;Reservebank
