GameId;team;club;name;age;value;position;role
2768210;Senegal;Caykur Rizespor;Abdoulaye Diallo;24;1200000.0;Torwart;Startaufstellung
2768210;Senegal;RSC Anderlecht;Kara;27;4500000.0;Innenverteidiger;Startaufstellung
2768210;Senegal;SSC Neapel;Kalidou Koulibaly;25;30000000.0;Innenverteidiger;Startaufstellung
2768210;Senegal;AS Saint-Étienne;Cheikh M'Bengue;28;2000000.0;Linker Verteidiger;Startaufstellung
2768210;Senegal;Aytemiz Alanyaspor;Lamine Gassama;27;1500000.0;Rechter Verteidiger;Startaufstellung
2768210;Senegal;West Ham United;Cheikhou Kouyaté;27;12000000.0;Defensives Mittelfeld;Startaufstellung
2768210;Senegal;FC Everton;Idrissa Gueye;27;11000000.0;Defensives Mittelfeld;Startaufstellung
2768210;Senegal;AS Saint-Étienne;Henri Saivet;26;5000000.0;Offensives Mittelfeld;Startaufstellung
2768210;Senegal;FC Liverpool;Sadio Mané;24;30000000.0;Linksaußen;Startaufstellung
2768210;Senegal;Lazio Rom;Keita Baldé;21;17000000.0;Rechtsaußen;Startaufstellung
2768210;Senegal;Stoke City;Mame Diouf;29;8000000.0;Mittelstürmer;Startaufstellung
2768210;Simbabwe;;Takabva Mawaya;23;150000.0;Torwart;Startaufstellung
2768210;Simbabwe;;Elisha Muroiwa;27;150000.0;Innenverteidiger;Startaufstellung
2768210;Simbabwe;AC Sparta Prag;Costa Nhamoinesu;31;750000.0;Innenverteidiger;Startaufstellung
2768210;Simbabwe;SuperSport United;Onismor Bhasera;30;300000.0;Linker Verteidiger;Startaufstellung
2768210;Simbabwe;CAPS United FC;Hardlife Zvirekwi;29;150000.0;Rechter Verteidiger;Startaufstellung
2768210;Simbabwe;Vitesse Arnheim;Marvelous Nakamba;23;2000000.0;Defensives Mittelfeld;Startaufstellung
2768210;Simbabwe;Kaizer Chiefs;Willard Katsande;31;650000.0;Defensives Mittelfeld;Startaufstellung
2768210;Simbabwe;Club Africain Tunis;Matthew Rusike;26;300000.0;Linksaußen;Startaufstellung
2768210;Simbabwe;Lamontville Golden Arrows;Kudakwashe Mahachi;23;250000.0;Rechtsaußen;Startaufstellung
2768210;Simbabwe;Mamelodi Sundowns FC;Khama Billiat;26;1750000.0;Hängende Spitze;Startaufstellung
2768210;Simbabwe;Dalian Yifang;Nyasha Mushekwi;29;900000.0;Mittelstürmer;Startaufstellung
2768210;Senegal;Horoya AC;Khadim N'Diaye;31;150000.0;Torwart;Reservebank
2768210;Senegal;;Pape Seydou Ndiaye;23;150000.0;Torwart;Reservebank
2768210;Senegal;FC Lorient;Zargo Touré;27;2000000.0;Innenverteidiger;Reservebank
2768210;Senegal;Valenciennes FC ;Saliou Ciss;27;700000.0;Linker Verteidiger;Reservebank
2768210;Senegal;Espanyol Barcelona;Pape Diop;30;3000000.0;Defensives Mittelfeld;Reservebank
2768210;Senegal;SCO Angers;Cheikh N'Doye;30;4000000.0;Zentrales Mittelfeld;Reservebank
2768210;Senegal;Newcastle United;Mohamed Diamé;29;6000000.0;Zentrales Mittelfeld;Reservebank
2768210;Senegal;SCO Angers;Famara Diédhiou;24;2500000.0;Mittelstürmer;Reservebank
2768210;Senegal;Fenerbahce Istanbul;Moussa Sow;31;11000000.0;Mittelstürmer;Reservebank
2768210;Senegal;FC Sion;Moussa Konaté;23;4750000.0;Mittelstürmer;Reservebank
2768210;Senegal;FC Metz;Ismaïla Sarr;18;1500000.0;Mittelstürmer;Reservebank
2768210;Simbabwe;How Mine FC;Bernard Donovan;21;150000.0;Torwart;Reservebank
2768210;Simbabwe;Dynamos Harare;Tatenda Mkuruva;21;150000.0;Torwart;Reservebank
2768210;Simbabwe;;Lawrence Mhlanga;23;150000.0;Abwehr;Reservebank
2768210;Simbabwe;Chicken Inn FC;Teenage Hadebe;21;150000.0;Innenverteidiger;Reservebank
2768210;Simbabwe;Azam FC;Bruce Kangwa;28;150000.0;Linker Verteidiger;Reservebank
2768210;Simbabwe;Lamontville Golden Arrows;Danny Phiri;27;350000.0;Defensives Mittelfeld;Reservebank
2768210;Simbabwe;AS Vita Club Kinshasa;Oscar Machapa;29;150000.0;Rechtes Mittelfeld;Reservebank
2768210;Simbabwe;Maritzburg United FC;Evans Rusike;26;250000.0;Mittelstürmer;Reservebank
2768210;Simbabwe;Djurgardens IF;Tino Kadewere;21;400000.0;Mittelstürmer;Reservebank
2768210;Simbabwe;Orlando Pirates;Tendai Ndoro;28;700000.0;Mittelstürmer;Reservebank
2768210;Simbabwe;Bidvest Wits FC;Cuthbert Malajila;31;400000.0;Mittelstürmer;Reservebank
