GameId;team;club;name;age;value;position;role
2768215;Kamerun;FC Sevilla B (Atlético) ;Fabrice Ondoa;21;300000.0;Torwart;Startaufstellung
2768215;Kamerun;FC Sochaux-Montbéliard;Adolphe Teikeu;26;400000.0;Innenverteidiger;Startaufstellung
2768215;Kamerun;Olympique Lyon;Nicolas N'Koulou;26;8000000.0;Innenverteidiger;Startaufstellung
2768215;Kamerun;Montreal Impact;Ambroise Oyongo;25;750000.0;Linker Verteidiger;Startaufstellung
2768215;Kamerun;Standard Lüttich;Collins Fai;24;1300000.0;Rechter Verteidiger;Startaufstellung
2768215;Kamerun;SK Slavia Prag;Michael Ngadeu Ngadjui;26;900000.0;Defensives Mittelfeld;Startaufstellung
2768215;Kamerun;KV Oostende;Sébastien Siani;30;1800000.0;Defensives Mittelfeld;Startaufstellung
2768215;Kamerun;FC Lorient;Benjamin Moukandjo;28;5750000.0;Offensives Mittelfeld;Startaufstellung
2768215;Kamerun;1.FC Nürnberg;Edgar Salli;24;800000.0;Linksaußen;Startaufstellung
2768215;Kamerun;Aalborg BK;Christian Bassogog;21;350000.0;Rechtsaußen;Startaufstellung
2768215;Kamerun;Spartak Trnava;Robert Ndip Tambe;22;225000.0;Mittelstürmer;Startaufstellung
2768215;Gabun;KV Oostende;Didier Ovono;33;500000.0;Torwart;Startaufstellung
2768215;Gabun;Stade Laval;Aaron Appindangoyé;24;600000.0;Innenverteidiger;Startaufstellung
2768215;Gabun;Cardiff City;Bruno Ecuele Manga;28;4000000.0;Innenverteidiger;Startaufstellung
2768215;Gabun;Mosta FC;Benjamin Zé Ondo;29;150000.0;Linker Verteidiger;Startaufstellung
2768215;Gabun;Red Star FC;Lloyd Palun;28;1000000.0;Rechter Verteidiger;Startaufstellung
2768215;Gabun;IF Brommapojkarna;Serge-Junior Martinsson Ngouali;24;150000.0;Defensives Mittelfeld;Startaufstellung
2768215;Gabun;AFC Sunderland;Didier Ndong;22;10000000.0;Zentrales Mittelfeld;Startaufstellung
2768215;Gabun;FC Tours;Denis Bouanga;22;400000.0;Linksaußen;Startaufstellung
2768215;Gabun;Kardemir Karabükspor;André Poko;24;2000000.0;Rechtsaußen;Startaufstellung
2768215;Gabun;Tianjin Teda;Malick Evouna;24;1500000.0;Mittelstürmer;Startaufstellung
2768215;Gabun;Borussia Dortmund;Pierre-Emerick Aubameyang;27;45000000.0;Mittelstürmer;Startaufstellung
2768215;Kamerun;;Georges Bokwé;27;200000.0;Torwart;Reservebank
2768215;Kamerun;AC Ajaccio;Jules Goda;27;300000.0;Torwart;Reservebank
2768215;Kamerun;Gimnàstic de Tarragona ;Mohamed Djetei;22;200000.0;Innenverteidiger;Reservebank
2768215;Kamerun;Progresso do Sambizanga;Joseph Ngwem;25;200000.0;Linker Verteidiger;Reservebank
2768215;Kamerun;MSK Zilina;Ernest Mabouka;28;450000.0;Rechter Verteidiger;Reservebank
2768215;Kamerun;;Frank Boya;20;200000.0;Zentrales Mittelfeld;Reservebank
2768215;Kamerun;Heart of Midlothian FC;Arnaud Djoum;27;500000.0;Zentrales Mittelfeld;Reservebank
2768215;Kamerun;Olympique Marseille;Clinton N'Jie;23;7000000.0;Mittelstürmer;Reservebank
2768215;Kamerun;1.FC Kaiserslautern;Jacques Zoua;25;1000000.0;Mittelstürmer;Reservebank
2768215;Kamerun;Besiktas Istanbul;Vincent Aboubakar;25;10000000.0;Mittelstürmer;Reservebank
2768215;Kamerun;SCO Angers;Karl Toko Ekambi;24;1750000.0;Mittelstürmer;Reservebank
2768215;Gabun;CF Mounana;Yves Bitseki;33;150000.0;Torwart;Reservebank
2768215;Gabun;Vereinslos;Anthony Mfa Mezui;25;500000.0;Torwart;Reservebank
2768215;Gabun;Stade Mandji Port-Gentil;Franck Obambou;21;150000.0;Innenverteidiger;Reservebank
2768215;Gabun;CS Sedan-Ardennes;Yohann Wachter;24;300000.0;Innenverteidiger;Reservebank
2768215;Gabun;Gimnàstic de Tarragona ;Levy Madinda;24;1000000.0;Zentrales Mittelfeld;Reservebank
2768215;Gabun;;Cedric Ondo Biyoghe;22;150000.0;Offensives Mittelfeld;Reservebank
2768215;Gabun;Raja Casablanca;Samson Mbingui;24;200000.0;Offensives Mittelfeld;Reservebank
2768215;Gabun;Roter Stern Belgrad;Guélor Kanga;26;2500000.0;Offensives Mittelfeld;Reservebank
2768215;Gabun;União Leiria;Serge Kevyn;22;150000.0;Mittelstürmer;Reservebank
