GameId;team;club;name;age;value;position;role
2768212;Marokko;CD Numancia ;Munir;27;700000.0;Torwart;Startaufstellung
2768212;Marokko;Olympiakos Piräus;Manuel da Costa;30;1500000.0;Innenverteidiger;Startaufstellung
2768212;Marokko;Juventus Turin;Medhi Benatia;29;15000000.0;Innenverteidiger;Startaufstellung
2768212;Marokko;Wolverhampton Wanderers;Romain Saïss;26;4000000.0;Innenverteidiger;Startaufstellung
2768212;Marokko;Feyenoord Rotterdam;Karim El Ahmadi;31;3500000.0;Defensives Mittelfeld;Startaufstellung
2768212;Marokko;AS Monaco;Nabil Dirar;30;2000000.0;Rechtes Mittelfeld;Startaufstellung
2768212;Marokko;LOSC Lille B;Hamza Mendyl;19;250000.0;Linkes Mittelfeld;Startaufstellung
2768212;Marokko;Al-Jazira (Abu Dhabi);Moubarak Boussoufa;32;2000000.0;Offensives Mittelfeld;Startaufstellung
2768212;Marokko;SSC Neapel;Omar El Kaddouri;26;4500000.0;Linksaußen;Startaufstellung
2768212;Marokko;Deportivo La Coruna ;Fayçal Fajr;28;4000000.0;Rechtsaußen;Startaufstellung
2768212;Marokko;FC St. Pauli;Aziz Bouhaddouz;29;800000.0;Mittelstürmer;Startaufstellung
2768212;Togo;US Granville;Kossi Agassa;38;250000.0;Torwart;Startaufstellung
2768212;Togo;Vereinslos;Sadat Ouro-Akoriko;28;250000.0;Innenverteidiger;Startaufstellung
2768212;Togo;Olympiakos Piräus;Alaixys Romao;33;800000.0;Innenverteidiger;Startaufstellung
2768212;Togo;VV St. Truiden;Djené;25;800000.0;Linker Verteidiger;Startaufstellung
2768212;Togo;FC Genua 1893;Serge Gakpé;29;1500000.0;Rechter Verteidiger;Startaufstellung
2768212;Togo;Vereinslos;Lalawélé Atakora;26;500000.0;Zentrales Mittelfeld;Startaufstellung
2768212;Togo;FC Fulham;Floyd Ayité;28;2500000.0;Zentrales Mittelfeld;Startaufstellung
2768212;Togo;Standard Lüttich;Mathieu Dossevi;28;4500000.0;Rechtes Mittelfeld;Startaufstellung
2768212;Togo;Fortuna Düsseldorf;Ihlas Bebou;22;800000.0;Linkes Mittelfeld;Startaufstellung
2768212;Togo;Renaissance de Berkane;Kodjo Fo Doh Laba;24;150000.0;Mittelstürmer;Startaufstellung
2768212;Togo;Vereinslos;Emmanuel Adebayor;32;2500000.0;Mittelstürmer;Startaufstellung
2768212;Marokko;FC Girona;Bono;25;800000.0;Torwart;Reservebank
2768212;Marokko;Lokomotiv Plovdiv;Yassine El Kharroubi;26;600000.0;Torwart;Reservebank
2768212;Marokko;;Amine Attouchi;24;100000.0;Innenverteidiger;Reservebank
2768212;Marokko;FCO Dijon;Fouad Chafik;30;800000.0;Rechter Verteidiger;Reservebank
2768212;Marokko;Heart of Midlothian FC;Faycal Rherras;23;500000.0;Rechter Verteidiger;Reservebank
2768212;Marokko;AS Nancy-Lorraine;Youssef Aït Bennasser;20;2500000.0;Zentrales Mittelfeld;Reservebank
2768212;Marokko;LOSC Lille;Mounir Obbadi;33;1000000.0;Zentrales Mittelfeld;Reservebank
2768212;Marokko;FC Granada;Mehdi Carcela-González;27;5000000.0;Rechtsaußen;Reservebank
2768212;Marokko;FC Málaga;Youssef En-Nesyri;19;1000000.0;Mittelstürmer;Reservebank
2768212;Marokko;Lekhwiya Sports Club;Youssef El Arabi;29;7000000.0;Mittelstürmer;Reservebank
2768212;Marokko;RC Straßburg Alsace;Khalid Boutaïb;29;1000000.0;Mittelstürmer;Reservebank
2768212;Marokko;Nîmes Olympique;Rachid Alioui;24;700000.0;Mittelstürmer;Reservebank
2768212;Togo;FC Le Mans;Cédric Mensah;27;150000.0;Torwart;Reservebank
2768212;Togo;FC Marmande 47;Baba Tchagouni;26;300000.0;Torwart;Reservebank
2768212;Togo;;Hakim Ouro-Sama;19;150000.0;Abwehr;Reservebank
2768212;Togo;Young Africans;Vincent Bossou;30;150000.0;Innenverteidiger;Reservebank
2768212;Togo;Trabzonspor;Serge Akakpo;29;750000.0;Innenverteidiger;Reservebank
2768212;Togo;Dacia Chisinau;Abdoul Gafar Mamah;31;500000.0;Rechter Verteidiger;Reservebank
2768212;Togo;West African Football Academy;Komlan Agbegniadan;25;150000.0;Mittelfeld;Reservebank
2768212;Togo;Dynamic Togolais Lomé;Maklibè Kouloum;29;150000.0;Defensives Mittelfeld;Reservebank
2768212;Togo;Doxa Katokopias;Henri Eninful;24;400000.0;Defensives Mittelfeld;Reservebank
2768212;Togo;Göztepe;Prince Segbefia;25;1000000.0;Zentrales Mittelfeld;Reservebank
2768212;Togo;Stade Malien;Franco Atchou;21;150000.0;Offensives Mittelfeld;Reservebank
2768212;Togo;LB Châteauroux;Razak Boukari;29;500000.0;Rechtsaußen;Reservebank
