GameId;team;club;name;age;value;position;role
2768219;Marokko;CD Numancia ;Munir;27;700000.0;Torwart;Startaufstellung
2768219;Marokko;Olympiakos Piräus;Manuel da Costa;30;1500000.0;Innenverteidiger;Startaufstellung
2768219;Marokko;Juventus Turin;Medhi Benatia;29;15000000.0;Innenverteidiger;Startaufstellung
2768219;Marokko;Wolverhampton Wanderers;Romain Saïss;26;4000000.0;Innenverteidiger;Startaufstellung
2768219;Marokko;Feyenoord Rotterdam;Karim El Ahmadi;31;3500000.0;Defensives Mittelfeld;Startaufstellung
2768219;Marokko;Deportivo La Coruna ;Fayçal Fajr;28;2500000.0;Zentrales Mittelfeld;Startaufstellung
2768219;Marokko;AS Monaco;Nabil Dirar;30;2000000.0;Rechtes Mittelfeld;Startaufstellung
2768219;Marokko;LOSC Lille B;Hamza Mendyl;19;250000.0;Linkes Mittelfeld;Startaufstellung
2768219;Marokko;Al-Jazira (Abu Dhabi);Moubarak Boussoufa;32;2000000.0;Offensives Mittelfeld;Startaufstellung
2768219;Marokko;FC Málaga;Youssef En-Nesyri;19;1000000.0;Mittelstürmer;Startaufstellung
2768219;Marokko;FC St. Pauli;Aziz Bouhaddouz;29;800000.0;Mittelstürmer;Startaufstellung
2768219;Elfenbeinküste;TP Mazembe;Sylvain Gbohouo;28;200000.0;Torwart;Startaufstellung
2768219;Elfenbeinküste;SK Slavia Prag;Simon Deli;25;1500000.0;Innenverteidiger;Startaufstellung
2768219;Elfenbeinküste;Manchester United;Eric Bailly;22;25000000.0;Innenverteidiger;Startaufstellung
2768219;Elfenbeinküste;ADO Den Haag;Wilfried Kanon;23;1500000.0;Linker Verteidiger;Startaufstellung
2768219;Elfenbeinküste;FC Paris Saint-Germain;Serge Aurier;24;15000000.0;Rechter Verteidiger;Startaufstellung
2768219;Elfenbeinküste;FC Basel 1893;Geoffroy Serey Dié;32;1500000.0;Defensives Mittelfeld;Startaufstellung
2768219;Elfenbeinküste;Atalanta Bergamo;Franck Kessié;20;12000000.0;Defensives Mittelfeld;Startaufstellung
2768219;Elfenbeinküste;FC Metz;Cheick Doukouré;24;1250000.0;Zentrales Mittelfeld;Startaufstellung
2768219;Elfenbeinküste;Hertha BSC;Salomon Kalou;31;5000000.0;Linksaußen;Startaufstellung
2768219;Elfenbeinküste;Crystal Palace;Wilfried Zaha;24;9000000.0;Rechtsaußen;Startaufstellung
2768219;Elfenbeinküste;Stoke City;Wilfried Bony;28;20000000.0;Mittelstürmer;Startaufstellung
2768219;Marokko;FC Girona;Bono;25;600000.0;Torwart;Reservebank
2768219;Marokko;Lokomotiv Plovdiv;Yassine El Kharroubi;26;600000.0;Torwart;Reservebank
2768219;Marokko;FCO Dijon;Fouad Chafik;30;800000.0;Rechter Verteidiger;Reservebank
2768219;Marokko;Heart of Midlothian FC;Faycal Rherras;23;500000.0;Rechter Verteidiger;Reservebank
2768219;Marokko;AS Nancy-Lorraine;Youssef Aït Bennasser;20;2500000.0;Zentrales Mittelfeld;Reservebank
2768219;Marokko;LOSC Lille;Mounir Obbadi;33;1000000.0;Zentrales Mittelfeld;Reservebank
2768219;Marokko;SSC Neapel;Omar El Kaddouri;26;4500000.0;Offensives Mittelfeld;Reservebank
2768219;Marokko;FC Granada;Mehdi Carcela-González;27;4000000.0;Rechtsaußen;Reservebank
2768219;Marokko;Lekhwiya Sports Club;Youssef El Arabi;29;7000000.0;Mittelstürmer;Reservebank
2768219;Marokko;RC Straßburg Alsace;Khalid Boutaïb;29;1000000.0;Mittelstürmer;Reservebank
2768219;Marokko;Nîmes Olympique;Rachid Alioui;24;700000.0;Mittelstürmer;Reservebank
2768219;Elfenbeinküste;Stabaek IF;Mandé Sayouba;23;600000.0;Torwart;Reservebank
2768219;Elfenbeinküste;AS Tanda;Badra Ali Sangaré;30;200000.0;Torwart;Reservebank
2768219;Elfenbeinküste;AFC Sunderland;Lamine Koné;27;6000000.0;Innenverteidiger;Reservebank
2768219;Elfenbeinküste;FC Basel 1893;Adama Traoré;26;750000.0;Linker Verteidiger;Reservebank
2768219;Elfenbeinküste;VV St. Truiden;Mamadou Bagayoko;27;600000.0;Rechter Verteidiger;Reservebank
2768219;Elfenbeinküste;FC Granada;Victorien Angban;20;1000000.0;Defensives Mittelfeld;Reservebank
2768219;Elfenbeinküste;AS Nancy-Lorraine;Serge N'Guessan;22;600000.0;Zentrales Mittelfeld;Reservebank
2768219;Elfenbeinküste;OGC Nizza;Jean Michaël Seri;25;12000000.0;Offensives Mittelfeld;Reservebank
2768219;Elfenbeinküste;AFC Bournemouth;Max Gradel;29;9000000.0;Linksaußen;Reservebank
2768219;Elfenbeinküste;SCO Angers;Nicolas Pepe;21;750000.0;Rechtsaußen;Reservebank
2768219;Elfenbeinküste;FC Stade Rennes;Giovanni Sio;27;5000000.0;Mittelstürmer;Reservebank
2768219;Elfenbeinküste;Aston Villa;Jonathan Kodjia;27;10000000.0;Mittelstürmer;Reservebank
