GameId;team;club;name;age;value;position;role
2768209;Algerien;JS Kabylie;Malik Asselah;30;400000.0;Torwart;Startaufstellung
2768209;Algerien;FC Stade Rennes;Ramy Bensebaini;21;2000000.0;Innenverteidiger;Startaufstellung
2768209;Algerien;Real Betis Sevilla;Aïssa Mandi;25;4500000.0;Innenverteidiger;Startaufstellung
2768209;Algerien;SSC Neapel;Faouzi Ghoulam;25;15000000.0;Linker Verteidiger;Startaufstellung
2768209;Algerien;USM Algier;Mohamed Rabie Meftah;31;600000.0;Rechter Verteidiger;Startaufstellung
2768209;Algerien;FC Schalke 04;Nabil Bentaleb;22;9000000.0;Zentrales Mittelfeld;Startaufstellung
2768209;Algerien;FC Watford;Adlène Guédioura;31;1000000.0;Zentrales Mittelfeld;Startaufstellung
2768209;Algerien;FC Porto;Yacine Brahimi;26;20000000.0;Offensives Mittelfeld;Startaufstellung
2768209;Algerien;Olympique Lyon;Rachid Ghezzal;24;7000000.0;Linksaußen;Startaufstellung
2768209;Algerien;Leicester City;Riyad Mahrez;25;30000000.0;Rechtsaußen;Startaufstellung
2768209;Algerien;Leicester City;Islam Slimani;28;25000000.0;Mittelstürmer;Startaufstellung
2768209;Tunesien;Etoile Sportive du Sahel;Balbouli;32;600000.0;Torwart;Startaufstellung
2768209;Tunesien;FC Valencia;Aymen Abdennour;27;10000000.0;Innenverteidiger;Startaufstellung
2768209;Tunesien;SM Caen;Syam Ben Youssef;27;1500000.0;Innenverteidiger;Startaufstellung
2768209;Tunesien;El Ahly Kairo;Ali Maâloul;27;1000000.0;Linker Verteidiger;Startaufstellung
2768209;Tunesien;Etoile Sportive du Sahel;Hamdi Nagguez;24;1000000.0;Rechter Verteidiger;Startaufstellung
2768209;Tunesien;Etoile Sportive du Sahel;Mohamed Amine Ben Amor;24;650000.0;Defensives Mittelfeld;Startaufstellung
2768209;Tunesien;Esperance Tunis;Ferjani Sassi;24;1100000.0;Defensives Mittelfeld;Startaufstellung
2768209;Tunesien;LOSC Lille;Naïm Sliti;24;1500000.0;Offensives Mittelfeld;Startaufstellung
2768209;Tunesien;Lekhwiya Sports Club;Youssef Msakni;26;3200000.0;Linksaußen;Startaufstellung
2768209;Tunesien;AFC Sunderland;Wahbi Khazri;25;9000000.0;Rechtsaußen;Startaufstellung
2768209;Tunesien;Al-Ittihad Dschidda;Ahmed Akaichi;27;1100000.0;Mittelstürmer;Startaufstellung
2768209;Algerien;MO Béjaïa;Chamseddine Rahmani;26;500000.0;Torwart;Reservebank
2768209;Algerien;Servette FC;Liassine Cadamuro;28;300000.0;Innenverteidiger;Reservebank
2768209;Algerien;Esperance Tunis;Hicham Belkaroui;26;500000.0;Innenverteidiger;Reservebank
2768209;Algerien;USM Algier;Mohamed Benyahia;24;700000.0;Innenverteidiger;Reservebank
2768209;Algerien;FC Crotone;Djamel Mesbah;32;400000.0;Linker Verteidiger;Reservebank
2768209;Algerien;Club Africain Tunis;Mokhtar Belkhiter;25;450000.0;Rechter Verteidiger;Reservebank
2768209;Algerien;FC Arsenal U23;Ismaël Bennacer;19;100000.0;Zentrales Mittelfeld;Reservebank
2768209;Algerien;FCO Dijon;Mehdi Abeid;24;1000000.0;Zentrales Mittelfeld;Reservebank
2768209;Algerien;RSC Anderlecht;Sofiane Hanni;26;7000000.0;Linksaußen;Reservebank
2768209;Algerien;Al Sadd Sports Club;Baghdad Bounedjah;25;3500000.0;Mittelstürmer;Reservebank
2768209;Tunesien;Club Sportif Sfaxien;Rami Jeridi;32;650000.0;Torwart;Reservebank
2768209;Tunesien;Esperance Tunis;Moez Ben Cherifia;25;600000.0;Torwart;Reservebank
2768209;Tunesien;Etoile Sportive du Sahel;Zied Boughattas;26;600000.0;Innenverteidiger;Reservebank
2768209;Tunesien;Esperance Tunis;Chamseddine Dhaouadi;30;550000.0;Innenverteidiger;Reservebank
2768209;Tunesien;Caykur Rizespor;Mohamed Ali Yaakoubi;26;550000.0;Innenverteidiger;Reservebank
2768209;Tunesien;Club Africain Tunis;Sliman Kchouk;22;450000.0;Linker Verteidiger;Reservebank
2768209;Tunesien;Club Sportif Sfaxien;Hamza Mathlouthi;24;600000.0;Rechter Verteidiger;Reservebank
2768209;Tunesien;Etoile Sportive du Sahel;Hamza Lahmar;26;900000.0;Zentrales Mittelfeld;Reservebank
2768209;Tunesien;Nîmes Olympique;Larry Azouni;22;800000.0;Zentrales Mittelfeld;Reservebank
2768209;Tunesien;Club Africain Tunis;Ahmed Khalil;22;350000.0;Zentrales Mittelfeld;Reservebank
2768209;Tunesien;Esperance Tunis;Taha Yassine Khenissi;25;600000.0;Mittelstürmer;Reservebank
2768209;Tunesien;Club Africain Tunis;Saber Khalifa;30;1100000.0;Mittelstürmer;Reservebank
