GameId;team;club;name;age;value;position;role
2768202;Tunesien;Etoile Sportive du Sahel;Balbouli;32;600000.0;Torwart;Startaufstellung
2768202;Tunesien;FC Valencia;Aymen Abdennour;27;10000000.0;Innenverteidiger;Startaufstellung
2768202;Tunesien;SM Caen;Syam Ben Youssef;27;1750000.0;Innenverteidiger;Startaufstellung
2768202;Tunesien;El Ahly Kairo;Ali Maâloul;27;1000000.0;Linker Verteidiger;Startaufstellung
2768202;Tunesien;Etoile Sportive du Sahel;Hamdi Nagguez;24;1000000.0;Rechter Verteidiger;Startaufstellung
2768202;Tunesien;Esperance Tunis;Ferjani Sassi;24;1100000.0;Defensives Mittelfeld;Startaufstellung
2768202;Tunesien;Etoile Sportive du Sahel;Hamza Lahmar;26;900000.0;Zentrales Mittelfeld;Startaufstellung
2768202;Tunesien;Nîmes Olympique;Larry Azouni;22;800000.0;Zentrales Mittelfeld;Startaufstellung
2768202;Tunesien;Lekhwiya Sports Club;Youssef Msakni;26;3200000.0;Linksaußen;Startaufstellung
2768202;Tunesien;LOSC Lille;Naïm Sliti;24;1500000.0;Rechtsaußen;Startaufstellung
2768202;Tunesien;Al-Ittihad Dschidda;Ahmed Akaichi;27;1100000.0;Mittelstürmer;Startaufstellung
2768202;Senegal;Caykur Rizespor;Abdoulaye Diallo;24;1200000.0;Torwart;Startaufstellung
2768202;Senegal;RSC Anderlecht;Kara;27;4500000.0;Innenverteidiger;Startaufstellung
2768202;Senegal;SSC Neapel;Kalidou Koulibaly;25;30000000.0;Innenverteidiger;Startaufstellung
2768202;Senegal;AS Saint-Étienne;Cheikh M'Bengue;28;2000000.0;Linker Verteidiger;Startaufstellung
2768202;Senegal;Aytemiz Alanyaspor;Lamine Gassama;27;1500000.0;Rechter Verteidiger;Startaufstellung
2768202;Senegal;West Ham United;Cheikhou Kouyaté;27;12000000.0;Defensives Mittelfeld;Startaufstellung
2768202;Senegal;FC Everton;Idrissa Gueye;27;11000000.0;Zentrales Mittelfeld;Startaufstellung
2768202;Senegal;Osmanlispor FK;Badou Ndiaye;26;6000000.0;Offensives Mittelfeld;Startaufstellung
2768202;Senegal;Lazio Rom;Keita Baldé;21;17000000.0;Linksaußen;Startaufstellung
2768202;Senegal;FC Liverpool;Sadio Mané;24;30000000.0;Rechtsaußen;Startaufstellung
2768202;Senegal;Stoke City;Mame Diouf;29;8000000.0;Mittelstürmer;Startaufstellung
2768202;Tunesien;Club Sportif Sfaxien;Rami Jeridi;32;650000.0;Torwart;Reservebank
2768202;Tunesien;Esperance Tunis;Moez Ben Cherifia;25;600000.0;Torwart;Reservebank
2768202;Tunesien;Etoile Sportive du Sahel;Zied Boughattas;26;600000.0;Innenverteidiger;Reservebank
2768202;Tunesien;Esperance Tunis;Chamseddine Dhaouadi;29;550000.0;Innenverteidiger;Reservebank
2768202;Tunesien;Caykur Rizespor;Mohamed Ali Yaakoubi;26;550000.0;Innenverteidiger;Reservebank
2768202;Tunesien;Club Africain Tunis;Sliman Kchouk;22;450000.0;Linker Verteidiger;Reservebank
2768202;Tunesien;Club Sportif Sfaxien;Hamza Mathlouthi;24;600000.0;Rechter Verteidiger;Reservebank
2768202;Tunesien;Etoile Sportive du Sahel;Mohamed Amine Ben Amor;24;650000.0;Defensives Mittelfeld;Reservebank
2768202;Tunesien;Club Africain Tunis;Ahmed Khalil;22;350000.0;Zentrales Mittelfeld;Reservebank
2768202;Tunesien;AFC Sunderland;Wahbi Khazri;25;9000000.0;Offensives Mittelfeld;Reservebank
2768202;Tunesien;Esperance Tunis;Taha Yassine Khenissi;25;600000.0;Mittelstürmer;Reservebank
2768202;Tunesien;Club Africain Tunis;Saber Khalifa;30;1100000.0;Mittelstürmer;Reservebank
2768202;Senegal;Horoya AC;Khadim N'Diaye;31;150000.0;Torwart;Reservebank
2768202;Senegal;;Pape Seydou Ndiaye;23;150000.0;Torwart;Reservebank
2768202;Senegal;FC Lorient;Zargo Touré;27;2000000.0;Innenverteidiger;Reservebank
2768202;Senegal;Valenciennes FC ;Saliou Ciss;27;700000.0;Linker Verteidiger;Reservebank
2768202;Senegal;Espanyol Barcelona;Pape Diop;30;3000000.0;Defensives Mittelfeld;Reservebank
2768202;Senegal;SCO Angers;Cheikh N'Doye;30;4000000.0;Zentrales Mittelfeld;Reservebank
2768202;Senegal;Newcastle United;Mohamed Diamé;29;6000000.0;Zentrales Mittelfeld;Reservebank
2768202;Senegal;AS Saint-Étienne;Henri Saivet;26;5000000.0;Offensives Mittelfeld;Reservebank
2768202;Senegal;SCO Angers;Famara Diédhiou;24;1750000.0;Mittelstürmer;Reservebank
2768202;Senegal;Fenerbahce Istanbul;Moussa Sow;30;11000000.0;Mittelstürmer;Reservebank
2768202;Senegal;FC Sion;Moussa Konaté;23;4750000.0;Mittelstürmer;Reservebank
2768202;Senegal;FC Metz;Ismaïla Sarr;18;600000.0;Rechtsaußen;Reservebank
