GameId;team;club;name;age;value;position;role
2768208;Kamerun;FC Sevilla B (Atlético) ;Fabrice Ondoa;21;300000.0;Torwart;Startaufstellung
2768208;Kamerun;FC Sochaux-Montbéliard;Adolphe Teikeu;26;400000.0;Innenverteidiger;Startaufstellung
2768208;Kamerun;SK Slavia Prag;Michael Ngadeu Ngadjui;26;900000.0;Innenverteidiger;Startaufstellung
2768208;Kamerun;Montreal Impact;Ambroise Oyongo;25;750000.0;Linker Verteidiger;Startaufstellung
2768208;Kamerun;Standard Lüttich;Collins Fai;24;1000000.0;Rechter Verteidiger;Startaufstellung
2768208;Kamerun;FC Metz;Georges Mandjeck;28;1250000.0;Defensives Mittelfeld;Startaufstellung
2768208;Kamerun;KV Oostende;Sébastien Siani;30;2000000.0;Defensives Mittelfeld;Startaufstellung
2768208;Kamerun;Olympique Marseille;Clinton N'Jie;23;7000000.0;Linksaußen;Startaufstellung
2768208;Kamerun;Aalborg BK;Christian Bassogog;21;350000.0;Rechtsaußen;Startaufstellung
2768208;Kamerun;FC Lorient;Benjamin Moukandjo;28;5750000.0;Mittelstürmer;Startaufstellung
2768208;Kamerun;Besiktas Istanbul;Vincent Aboubakar;24;10000000.0;Mittelstürmer;Startaufstellung
2768208;Guinea-Bissau;SC Salgueiros;Jonas Mendes;27;500000.0;Torwart;Startaufstellung
2768208;Guinea-Bissau;Vereinslos;Rudinilson;22;100000.0;Innenverteidiger;Startaufstellung
2768208;Guinea-Bissau;CD Mafra;Juary Soares;24;25000.0;Innenverteidiger;Startaufstellung
2768208;Guinea-Bissau;Vereinslos;Mamadu Candé;26;500000.0;Linker Verteidiger;Startaufstellung
2768208;Guinea-Bissau;Vereinslos;Tomás Dabó;23;500000.0;Rechter Verteidiger;Startaufstellung
2768208;Guinea-Bissau;FC Felgueiras 1932;Nanissio Soares;25;100000.0;Defensives Mittelfeld;Startaufstellung
2768208;Guinea-Bissau;Strömsgodset IF;Francisco Júnior;25;300000.0;Zentrales Mittelfeld;Startaufstellung
2768208;Guinea-Bissau;APO Levadiakos;Zezinho;24;500000.0;Offensives Mittelfeld;Startaufstellung
2768208;Guinea-Bissau;SC Braga B;Piqueti;23;300000.0;Linksaußen;Startaufstellung
2768208;Guinea-Bissau;APO Levadiakos;Toni Silva;23;750000.0;Rechtsaußen;Startaufstellung
2768208;Guinea-Bissau;Jeju United FC;Frédéric Mendy;28;500000.0;Mittelstürmer;Startaufstellung
2768208;Kamerun;;Georges Bokwé;27;200000.0;Torwart;Reservebank
2768208;Kamerun;AC Ajaccio;Jules Goda;27;300000.0;Torwart;Reservebank
2768208;Kamerun;Gimnàstic de Tarragona ;Mohamed Djetei;22;200000.0;Innenverteidiger;Reservebank
2768208;Kamerun;Olympique Lyon;Nicolas N'Koulou;26;8000000.0;Innenverteidiger;Reservebank
2768208;Kamerun;Progresso do Sambizanga;Joseph Ngwem;25;200000.0;Linker Verteidiger;Reservebank
2768208;Kamerun;MSK Zilina;Ernest Mabouka;28;450000.0;Rechter Verteidiger;Reservebank
2768208;Kamerun;;Frank Boya;20;200000.0;Zentrales Mittelfeld;Reservebank
2768208;Kamerun;Heart of Midlothian FC;Arnaud Djoum;27;500000.0;Zentrales Mittelfeld;Reservebank
2768208;Kamerun;1.FC Nürnberg;Edgar Salli;24;800000.0;Rechtsaußen;Reservebank
2768208;Kamerun;Spartak Trnava;Robert Ndip Tambe;22;225000.0;Mittelstürmer;Reservebank
2768208;Kamerun;1.FC Kaiserslautern;Jacques Zoua;25;1000000.0;Mittelstürmer;Reservebank
2768208;Kamerun;SCO Angers;Karl Toko Ekambi;24;1750000.0;Mittelstürmer;Reservebank
2768208;Guinea-Bissau;pausiert;Papa Fall;31;25000.0;Torwart;Reservebank
2768208;Guinea-Bissau;CD Cova Piedade;Rui Dabó;22;25000.0;Torwart;Reservebank
2768208;Guinea-Bissau;SC Freamunde;Eridson;26;150000.0;Innenverteidiger;Reservebank
2768208;Guinea-Bissau;SC Covilha;Agostinho Soares;26;300000.0;Linker Verteidiger;Reservebank
2768208;Guinea-Bissau;CA Pulpileño;Emmanuel Mendy;26;50000.0;Rechter Verteidiger;Reservebank
2768208;Guinea-Bissau;Vereinslos;Bocundji Ca;30;500000.0;Defensives Mittelfeld;Reservebank
2768208;Guinea-Bissau;Académico Viseu FC;Saná Camará;25;125000.0;Zentrales Mittelfeld;Reservebank
2768208;Guinea-Bissau;GD Chaves;João Mário;23;350000.0;Linksaußen;Reservebank
2768208;Guinea-Bissau;FC Porto;Sami;28;2500000.0;Linksaußen;Reservebank
2768208;Guinea-Bissau;SC Olhanense;Aldair;24;400000.0;Rechtsaußen;Reservebank
2768208;Guinea-Bissau;US Avellino;Idrissa Camará;23;100000.0;Rechtsaußen;Reservebank
2768208;Guinea-Bissau;CF Belenenses Lissabon;Abel Camará;27;750000.0;Mittelstürmer;Reservebank
