GameId;team;club;name;age;value;position;role
2768217;Senegal;Horoya AC;Khadim N'Diaye;31;150000.0;Torwart;Startaufstellung
2768217;Senegal;RSC Anderlecht;Kara;27;5000000.0;Innenverteidiger;Startaufstellung
2768217;Senegal;SCO Angers;Cheikh N'Doye;30;4000000.0;Innenverteidiger;Startaufstellung
2768217;Senegal;FC Lorient;Zargo Touré;27;2000000.0;Linker Verteidiger;Startaufstellung
2768217;Senegal;Valenciennes FC ;Saliou Ciss;27;700000.0;Rechter Verteidiger;Startaufstellung
2768217;Senegal;Espanyol Barcelona;Pape Diop;30;3000000.0;Defensives Mittelfeld;Startaufstellung
2768217;Senegal;Newcastle United;Mohamed Diamé;29;6000000.0;Zentrales Mittelfeld;Startaufstellung
2768217;Senegal;Osmanlispor FK;Badou Ndiaye;26;6000000.0;Zentrales Mittelfeld;Startaufstellung
2768217;Senegal;FC Metz;Ismaïla Sarr;18;1500000.0;Linksaußen;Startaufstellung
2768217;Senegal;FC Sion;Moussa Konaté;23;4750000.0;Rechtsaußen;Startaufstellung
2768217;Senegal;Fenerbahce Istanbul;Moussa Sow;31;11000000.0;Mittelstürmer;Startaufstellung
2768217;Algerien;JS Kabylie;Malik Asselah;30;400000.0;Torwart;Startaufstellung
2768217;Algerien;Servette FC;Liassine Cadamuro;28;300000.0;Innenverteidiger;Startaufstellung
2768217;Algerien;Real Betis Sevilla;Aïssa Mandi;25;4500000.0;Innenverteidiger;Startaufstellung
2768217;Algerien;SSC Neapel;Faouzi Ghoulam;25;15000000.0;Linker Verteidiger;Startaufstellung
2768217;Algerien;USM Algier;Mohamed Rabie Meftah;31;600000.0;Rechter Verteidiger;Startaufstellung
2768217;Algerien;FC Watford;Adlène Guédioura;31;1000000.0;Defensives Mittelfeld;Startaufstellung
2768217;Algerien;FC Schalke 04;Nabil Bentaleb;22;9000000.0;Zentrales Mittelfeld;Startaufstellung
2768217;Algerien;FC Porto;Yacine Brahimi;26;20000000.0;Offensives Mittelfeld;Startaufstellung
2768217;Algerien;RSC Anderlecht;Sofiane Hanni;26;6000000.0;Linksaußen;Startaufstellung
2768217;Algerien;Leicester City;Riyad Mahrez;25;30000000.0;Rechtsaußen;Startaufstellung
2768217;Algerien;Leicester City;Islam Slimani;28;25000000.0;Mittelstürmer;Startaufstellung
2768217;Senegal;;Pape Seydou Ndiaye;23;150000.0;Torwart;Reservebank
2768217;Senegal;Caykur Rizespor;Abdoulaye Diallo;24;1200000.0;Torwart;Reservebank
2768217;Senegal;SSC Neapel;Kalidou Koulibaly;25;30000000.0;Innenverteidiger;Reservebank
2768217;Senegal;AS Saint-Étienne;Cheikh M'Bengue;28;2000000.0;Linker Verteidiger;Reservebank
2768217;Senegal;Aytemiz Alanyaspor;Lamine Gassama;27;1500000.0;Rechter Verteidiger;Reservebank
2768217;Senegal;West Ham United;Cheikhou Kouyaté;27;12000000.0;Defensives Mittelfeld;Reservebank
2768217;Senegal;FC Everton;Idrissa Gueye;27;11000000.0;Zentrales Mittelfeld;Reservebank
2768217;Senegal;AS Saint-Étienne;Henri Saivet;26;5000000.0;Offensives Mittelfeld;Reservebank
2768217;Senegal;Lazio Rom;Keita Baldé;21;17000000.0;Linksaußen;Reservebank
2768217;Senegal;SCO Angers;Famara Diédhiou;24;2500000.0;Mittelstürmer;Reservebank
2768217;Senegal;Stoke City;Mame Diouf;29;8000000.0;Mittelstürmer;Reservebank
2768217;Algerien;MO Béjaïa;Chamseddine Rahmani;26;500000.0;Torwart;Reservebank
2768217;Algerien;Esperance Tunis;Hicham Belkaroui;26;500000.0;Innenverteidiger;Reservebank
2768217;Algerien;USM Algier;Mohamed Benyahia;24;700000.0;Innenverteidiger;Reservebank
2768217;Algerien;FC Crotone;Djamel Mesbah;32;400000.0;Linker Verteidiger;Reservebank
2768217;Algerien;Club Africain Tunis;Mokhtar Belkhiter;25;450000.0;Rechter Verteidiger;Reservebank
2768217;Algerien;FC Arsenal U23;Ismaël Bennacer;19;100000.0;Zentrales Mittelfeld;Reservebank
2768217;Algerien;FCO Dijon;Mehdi Abeid;24;1000000.0;Zentrales Mittelfeld;Reservebank
2768217;Algerien;Olympique Lyon;Rachid Ghezzal;24;7000000.0;Linksaußen;Reservebank
2768217;Algerien;Al Sadd Sports Club;Baghdad Bounedjah;25;3500000.0;Mittelstürmer;Reservebank
