GameId;team;club;name;age;value;position;role
2817763;Ägypten;Wadi Degla FC;Essam El Hadary;44;200000.0;Torwart;Startaufstellung
2817763;Ägypten;Zamalek SC;Ali Gabr;28;600000.0;Innenverteidiger;Startaufstellung
2817763;Ägypten;El Ahly Kairo;Ahmed Hegazy;26;1000000.0;Innenverteidiger;Startaufstellung
2817763;Ägypten;RC Lens;Karim Hafez;20;900000.0;Linker Verteidiger;Startaufstellung
2817763;Ägypten;Hull City;Ahmed Elmohamady;29;4000000.0;Rechter Verteidiger;Startaufstellung
2817763;Ägypten;El Ahly Kairo;Ahmed Fathi;32;1000000.0;Defensives Mittelfeld;Startaufstellung
2817763;Ägypten;Zamalek SC;Tarek Hamed;28;800000.0;Defensives Mittelfeld;Startaufstellung
2817763;Ägypten;El Ahly Kairo;Abdallah Said;31;1000000.0;Offensives Mittelfeld;Startaufstellung
2817763;Ägypten;Royal Excel Mouscron ;Trezeguet;22;1500000.0;Linksaußen;Startaufstellung
2817763;Ägypten;AS Rom;Mohamed Salah;24;30000000.0;Rechtsaußen;Startaufstellung
2817763;Ägypten;El Ahly Kairo;Marwan Mohsen;27;600000.0;Mittelstürmer;Startaufstellung
2817763;Marokko;CD Numancia ;Munir;27;700000.0;Torwart;Startaufstellung
2817763;Marokko;Olympiakos Piräus;Manuel da Costa;30;1500000.0;Innenverteidiger;Startaufstellung
2817763;Marokko;Juventus Turin;Medhi Benatia;29;15000000.0;Innenverteidiger;Startaufstellung
2817763;Marokko;Wolverhampton Wanderers;Romain Saïss;26;4000000.0;Innenverteidiger;Startaufstellung
2817763;Marokko;Feyenoord Rotterdam;Karim El Ahmadi;32;3500000.0;Zentrales Mittelfeld;Startaufstellung
2817763;Marokko;Al-Jazira (Abu Dhabi);Moubarak Boussoufa;32;2000000.0;Zentrales Mittelfeld;Startaufstellung
2817763;Marokko;Deportivo La Coruna ;Fayçal Fajr;28;2500000.0;Rechtes Mittelfeld;Startaufstellung
2817763;Marokko;LOSC Lille B;Hamza Mendyl;19;250000.0;Linkes Mittelfeld;Startaufstellung
2817763;Marokko;FC Málaga;Youssef En-Nesyri;19;1000000.0;Linksaußen;Startaufstellung
2817763;Marokko;AS Monaco;Nabil Dirar;30;2000000.0;Rechtsaußen;Startaufstellung
2817763;Marokko;FC St. Pauli;Aziz Bouhaddouz;29;800000.0;Mittelstürmer;Startaufstellung
2817763;Ägypten;El Ahly Kairo;Sherif Ekramy;33;1000000.0;Torwart;Reservebank
2817763;Ägypten;Smouha SC;Ahmed Dowidar;29;400000.0;Innenverteidiger;Reservebank
2817763;Ägypten;El Ahly Kairo;Saad Samir;27;600000.0;Innenverteidiger;Reservebank
2817763;Ägypten;Al-Ahli Dschidda;Mohamed Abdelshafi;31;1400000.0;Linker Verteidiger;Reservebank
2817763;Ägypten;FC Basel 1893;Omar Gaber;24;1500000.0;Rechter Verteidiger;Reservebank
2817763;Ägypten;Zamalek SC;Ibrahim Salah;29;600000.0;Defensives Mittelfeld;Reservebank
2817763;Ägypten;Al-Ittihad Dschidda;Kahraba;22;1700000.0;Linksaußen;Reservebank
2817763;Ägypten;Stoke City;Ramadan Sobhi;20;2500000.0;Linksaußen;Reservebank
2817763;Ägypten;PAOK Thessaloniki;Amr Warda;23;900000.0;Linksaußen;Reservebank
2817763;Ägypten;SC Braga;Ahmed Hassan;23;4500000.0;Mittelstürmer;Reservebank
2817763;Marokko;FC Girona;Bono;25;600000.0;Torwart;Reservebank
2817763;Marokko;Lokomotiv Plovdiv;Yassine El Kharroubi;26;600000.0;Torwart;Reservebank
2817763;Marokko;;Amine Attouchi;24;100000.0;Innenverteidiger;Reservebank
2817763;Marokko;FCO Dijon;Fouad Chafik;30;800000.0;Rechter Verteidiger;Reservebank
2817763;Marokko;Heart of Midlothian FC;Faycal Rherras;23;500000.0;Rechter Verteidiger;Reservebank
2817763;Marokko;AS Nancy-Lorraine;Youssef Aït Bennasser;20;2500000.0;Zentrales Mittelfeld;Reservebank
2817763;Marokko;LOSC Lille;Mounir Obbadi;33;1000000.0;Zentrales Mittelfeld;Reservebank
2817763;Marokko;SSC Neapel;Omar El Kaddouri;26;4500000.0;Offensives Mittelfeld;Reservebank
2817763;Marokko;FC Granada;Mehdi Carcela-González;27;4000000.0;Rechtsaußen;Reservebank
2817763;Marokko;Lekhwiya Sports Club;Youssef El Arabi;29;7000000.0;Mittelstürmer;Reservebank
2817763;Marokko;RC Straßburg Alsace;Khalid Boutaïb;29;1000000.0;Mittelstürmer;Reservebank
2817763;Marokko;Nîmes Olympique;Rachid Alioui;24;700000.0;Mittelstürmer;Reservebank
