GameId;team;club;name;age;value;position;role
2817762;Demokratische Republik Kongo;TP Mazembe;Ley Matampi;27;50000.0;Torwart;Startaufstellung
2817762;Demokratische Republik Kongo;FC Ingolstadt 04;Marcel Tisserand;24;3000000.0;Innenverteidiger;Startaufstellung
2817762;Demokratische Republik Kongo;TP Mazembe;Merveille Bokadi;24;50000.0;Innenverteidiger;Startaufstellung
2817762;Demokratische Republik Kongo;AS Vita Club Kinshasa;Lomalisa Mutambala;23;50000.0;Linker Verteidiger;Startaufstellung
2817762;Demokratische Republik Kongo;TP Mazembe;Issama Mpeko;30;150000.0;Rechter Verteidiger;Startaufstellung
2817762;Demokratische Republik Kongo;Newcastle United;Chancel Mbemba;22;10000000.0;Defensives Mittelfeld;Startaufstellung
2817762;Demokratische Republik Kongo;GFC Ajaccio;Rémi Mulumba;24;600000.0;Zentrales Mittelfeld;Startaufstellung
2817762;Demokratische Republik Kongo;Panathinaikos Athen;Paul-José Mpoku;24;3000000.0;Offensives Mittelfeld;Startaufstellung
2817762;Demokratische Republik Kongo;FC Astana;Junior Kabananga;27;1200000.0;Linksaußen;Startaufstellung
2817762;Demokratische Republik Kongo;Al Ahli Sports Club;Firmin Mubele;22;1300000.0;Rechtsaußen;Startaufstellung
2817762;Demokratische Republik Kongo;Hull City;Dieumerci Mbokani;31;7000000.0;Mittelstürmer;Startaufstellung
2817762;Ghana;FC Córdoba;Brimah Razak;29;600000.0;Torwart;Startaufstellung
2817762;Ghana;Sivasspor;John Boye;29;1000000.0;Innenverteidiger;Startaufstellung
2817762;Ghana;Leicester City;Daniel Amartey;22;5000000.0;Innenverteidiger;Startaufstellung
2817762;Ghana;RSC Anderlecht;Frank Acheampong;23;4500000.0;Linker Verteidiger;Startaufstellung
2817762;Ghana;Columbus Crew SC;Harrison Afful;30;850000.0;Rechter Verteidiger;Startaufstellung
2817762;Ghana;FC Turin;Afriyie Acquah;25;2800000.0;Defensives Mittelfeld;Startaufstellung
2817762;Ghana;Atlético Madrid;Thomas;23;4500000.0;Zentrales Mittelfeld;Startaufstellung
2817762;Ghana;Panathinaikos Athen;Mubarak Wakaso;26;2000000.0;Zentrales Mittelfeld;Startaufstellung
2817762;Ghana;West Ham United;André Ayew;27;18000000.0;Linksaußen;Startaufstellung
2817762;Ghana;Newcastle United;Christian Atsu;25;3000000.0;Rechtsaußen;Startaufstellung
2817762;Ghana;Aston Villa;Jordan Ayew;25;7500000.0;Mittelstürmer;Startaufstellung
2817762;Demokratische Republik Kongo;Royal Antwerpen FC;Nicaise Kudimbana;30;400000.0;Torwart;Reservebank
2817762;Demokratische Republik Kongo;FC Wohlen;Joël Kiassumbua;24;400000.0;Torwart;Reservebank
2817762;Demokratische Republik Kongo;Aytemiz Alanyaspor;Fabrice N'Sakala;26;1200000.0;Linker Verteidiger;Reservebank
2817762;Demokratische Republik Kongo;Norwich City;Youssouf Mulumbu;30;2500000.0;Defensives Mittelfeld;Reservebank
2817762;Demokratische Republik Kongo;FC Fulham;Neeskens Kebano;24;4500000.0;Offensives Mittelfeld;Reservebank
2817762;Demokratische Republik Kongo;Charlton Athletic;Jordan Botaka;23;750000.0;Rechtsaußen;Reservebank
2817762;Demokratische Republik Kongo;Guangzhou R&F;Jeremy Bokila;28;400000.0;Mittelstürmer;Reservebank
2817762;Demokratische Republik Kongo;TP Mazembe;Jonathan Bolingi;22;150000.0;Mittelstürmer;Reservebank
2817762;Demokratische Republik Kongo;FC Villarreal;Cédric Bakambu;25;16000000.0;Mittelstürmer;Reservebank
2817762;Ghana;Wa All Stars FC;Richard Ofori;23;100000.0;Torwart;Reservebank
2817762;Ghana;Enyimba Aba;Fatau Dauda;31;250000.0;Torwart;Reservebank
2817762;Ghana;Columbus Crew SC;Jonathan Mensah;26;400000.0;Innenverteidiger;Reservebank
2817762;Ghana;FC Barnsley;Andy Yiadom;25;100000.0;Rechter Verteidiger;Reservebank
2817762;Ghana;AIK Solna;Ebenezer Ofori;21;1200000.0;Defensives Mittelfeld;Reservebank
2817762;Ghana;Orlando Pirates;Edwin Gyimah;25;550000.0;Defensives Mittelfeld;Reservebank
2817762;Ghana;Udinese Calcio;Emmanuel Badu;26;5500000.0;Zentrales Mittelfeld;Reservebank
2817762;Ghana;AC Le Havre;Ebenezer Assifuah;23;2500000.0;Linksaußen;Reservebank
2817762;Ghana;FC Schalke 04;Bernard Tekpetey;19;100000.0;Rechtsaußen;Reservebank
2817762;Ghana;FC Liefering;Samuel Tetteh;20;500000.0;Mittelstürmer;Reservebank
2817762;Ghana;Al-Ahli Dubai Club;Asamoah Gyan;31;4500000.0;Mittelstürmer;Reservebank
