GameId;team;club;name;age;value;position;role
2817760;Burkina Faso;ASEC Mimosas;Hervé Kouakou Koffi;20;100000.0;Torwart;Startaufstellung
2817760;Burkina Faso;Renaissance de Berkane;Issoufou Dayo;25;25000.0;Innenverteidiger;Startaufstellung
2817760;Burkina Faso;FC Málaga;Bakary Koné;28;1200000.0;Innenverteidiger;Startaufstellung
2817760;Burkina Faso;;Yacouba Coulibaly;22;25000.0;Linker Verteidiger;Startaufstellung
2817760;Burkina Faso;FC Toulouse;Steeve Yago;24;2000000.0;Rechter Verteidiger;Startaufstellung
2817760;Burkina Faso;FK Krasnodar;Charles Kaboré;28;7000000.0;Defensives Mittelfeld;Startaufstellung
2817760;Burkina Faso;Omonia Nikosia;Blati Toure;22;400000.0;Zentrales Mittelfeld;Startaufstellung
2817760;Burkina Faso;Kardemir Karabükspor;Abdou Traoré;28;4250000.0;Linksaußen;Startaufstellung
2817760;Burkina Faso;Ajax Amsterdam;Bertrand Traoré;21;5000000.0;Rechtsaußen;Startaufstellung
2817760;Burkina Faso;Sheriff Tiraspol;Cyrille Bayala;20;300000.0;Hängende Spitze;Startaufstellung
2817760;Burkina Faso;Vereinslos;Prejuce Nakoulma;29;1500000.0;Mittelstürmer;Startaufstellung
2817760;Tunesien;Etoile Sportive du Sahel;Balbouli;32;600000.0;Torwart;Startaufstellung
2817760;Tunesien;SM Caen;Syam Ben Youssef;27;1500000.0;Innenverteidiger;Startaufstellung
2817760;Tunesien;Caykur Rizespor;Mohamed Ali Yaakoubi;26;550000.0;Innenverteidiger;Startaufstellung
2817760;Tunesien;FC Valencia;Aymen Abdennour;27;6000000.0;Linker Verteidiger;Startaufstellung
2817760;Tunesien;Etoile Sportive du Sahel;Hamdi Nagguez;24;1000000.0;Rechter Verteidiger;Startaufstellung
2817760;Tunesien;Etoile Sportive du Sahel;Mohamed Amine Ben Amor;24;650000.0;Defensives Mittelfeld;Startaufstellung
2817760;Tunesien;Esperance Tunis;Ferjani Sassi;24;1100000.0;Defensives Mittelfeld;Startaufstellung
2817760;Tunesien;Lekhwiya Sports Club;Youssef Msakni;26;3200000.0;Offensives Mittelfeld;Startaufstellung
2817760;Tunesien;LOSC Lille;Naïm Sliti;24;1500000.0;Linksaußen;Startaufstellung
2817760;Tunesien;AFC Sunderland;Wahbi Khazri;25;9000000.0;Rechtsaußen;Startaufstellung
2817760;Tunesien;Esperance Tunis;Taha Yassine Khenissi;25;600000.0;Mittelstürmer;Startaufstellung
2817760;Burkina Faso;;Aboubacar Sawadogo;27;25000.0;Torwart;Reservebank
2817760;Burkina Faso;AS Beauvais Oise;Germain Sanou;24;25000.0;Torwart;Reservebank
2817760;Burkina Faso;ASEC Mimosas;Souleymane Kouanda;24;25000.0;Abwehr;Reservebank
2817760;Burkina Faso;Smouha SC;Patrick Malo;24;300000.0;Innenverteidiger;Reservebank
2817760;Burkina Faso;Santos FC Cape Town;Issouf Paro;22;25000.0;Innenverteidiger;Reservebank
2817760;Burkina Faso;Moreirense FC;Bouba;26;1000000.0;Defensives Mittelfeld;Reservebank
2817760;Burkina Faso;RC Lens;Adama Guira;28;500000.0;Zentrales Mittelfeld;Reservebank
2817760;Burkina Faso;Kayserispor;Alain Traoré;28;1000000.0;Offensives Mittelfeld;Reservebank
2817760;Burkina Faso;Smouha SC;Banou Diawara;24;500000.0;Mittelstürmer;Reservebank
2817760;Burkina Faso;ASEC Mimosas;Aristide Bancé;32;175000.0;Mittelstürmer;Reservebank
2817760;Tunesien;Club Sportif Sfaxien;Rami Jeridi;32;650000.0;Torwart;Reservebank
2817760;Tunesien;Esperance Tunis;Moez Ben Cherifia;25;600000.0;Torwart;Reservebank
2817760;Tunesien;Etoile Sportive du Sahel;Zied Boughattas;26;600000.0;Innenverteidiger;Reservebank
2817760;Tunesien;Esperance Tunis;Chamseddine Dhaouadi;30;550000.0;Innenverteidiger;Reservebank
2817760;Tunesien;Club Africain Tunis;Sliman Kchouk;22;450000.0;Linker Verteidiger;Reservebank
2817760;Tunesien;El Ahly Kairo;Ali Maâloul;27;1000000.0;Linker Verteidiger;Reservebank
2817760;Tunesien;Club Sportif Sfaxien;Hamza Mathlouthi;24;600000.0;Rechter Verteidiger;Reservebank
2817760;Tunesien;Etoile Sportive du Sahel;Hamza Lahmar;26;900000.0;Zentrales Mittelfeld;Reservebank
2817760;Tunesien;Nîmes Olympique;Larry Azouni;22;800000.0;Zentrales Mittelfeld;Reservebank
2817760;Tunesien;Club Africain Tunis;Ahmed Khalil;22;350000.0;Zentrales Mittelfeld;Reservebank
2817760;Tunesien;Al-Ittihad Dschidda;Ahmed Akaichi;27;1100000.0;Mittelstürmer;Reservebank
2817760;Tunesien;Club Africain Tunis;Saber Khalifa;30;1100000.0;Mittelstürmer;Reservebank
