GameId;team;club;name;age;value;position;role
2817761;Senegal;Caykur Rizespor;Abdoulaye Diallo;24;1200000.0;Torwart;Startaufstellung
2817761;Senegal;RSC Anderlecht;Kara;27;5000000.0;Innenverteidiger;Startaufstellung
2817761;Senegal;SSC Neapel;Kalidou Koulibaly;25;30000000.0;Innenverteidiger;Startaufstellung
2817761;Senegal;AS Saint-Étienne;Cheikh M'Bengue;28;2000000.0;Linker Verteidiger;Startaufstellung
2817761;Senegal;Aytemiz Alanyaspor;Lamine Gassama;27;1500000.0;Rechter Verteidiger;Startaufstellung
2817761;Senegal;FC Everton;Idrissa Gueye;27;11000000.0;Defensives Mittelfeld;Startaufstellung
2817761;Senegal;West Ham United;Cheikhou Kouyaté;27;12000000.0;Zentrales Mittelfeld;Startaufstellung
2817761;Senegal;AS Saint-Étienne;Henri Saivet;26;5000000.0;Offensives Mittelfeld;Startaufstellung
2817761;Senegal;Lazio Rom;Keita Baldé;21;17000000.0;Linksaußen;Startaufstellung
2817761;Senegal;FC Liverpool;Sadio Mané;24;30000000.0;Rechtsaußen;Startaufstellung
2817761;Senegal;Stoke City;Mame Diouf;29;8000000.0;Mittelstürmer;Startaufstellung
2817761;Kamerun;FC Sevilla B (Atlético) ;Fabrice Ondoa;21;300000.0;Torwart;Startaufstellung
2817761;Kamerun;FC Sochaux-Montbéliard;Adolphe Teikeu;26;400000.0;Innenverteidiger;Startaufstellung
2817761;Kamerun;SK Slavia Prag;Michael Ngadeu Ngadjui;26;900000.0;Innenverteidiger;Startaufstellung
2817761;Kamerun;Montreal Impact;Ambroise Oyongo;25;750000.0;Linker Verteidiger;Startaufstellung
2817761;Kamerun;Standard Lüttich;Collins Fai;24;1300000.0;Rechter Verteidiger;Startaufstellung
2817761;Kamerun;KV Oostende;Sébastien Siani;30;1800000.0;Defensives Mittelfeld;Startaufstellung
2817761;Kamerun;Heart of Midlothian FC;Arnaud Djoum;27;500000.0;Defensives Mittelfeld;Startaufstellung
2817761;Kamerun;SCO Angers;Karl Toko Ekambi;24;1750000.0;Linksaußen;Startaufstellung
2817761;Kamerun;Aalborg BK;Christian Bassogog;21;350000.0;Rechtsaußen;Startaufstellung
2817761;Kamerun;Spartak Trnava;Robert Ndip Tambe;22;225000.0;Mittelstürmer;Startaufstellung
2817761;Kamerun;FC Lorient;Benjamin Moukandjo;28;5750000.0;Mittelstürmer;Startaufstellung
2817761;Senegal;Horoya AC;Khadim N'Diaye;31;150000.0;Torwart;Reservebank
2817761;Senegal;;Pape Seydou Ndiaye;23;150000.0;Torwart;Reservebank
2817761;Senegal;FC Lorient;Zargo Touré;27;2000000.0;Innenverteidiger;Reservebank
2817761;Senegal;Valenciennes FC ;Saliou Ciss;27;700000.0;Linker Verteidiger;Reservebank
2817761;Senegal;Espanyol Barcelona;Pape Diop;30;3000000.0;Defensives Mittelfeld;Reservebank
2817761;Senegal;SCO Angers;Cheikh N'Doye;30;4000000.0;Zentrales Mittelfeld;Reservebank
2817761;Senegal;Newcastle United;Mohamed Diamé;29;6000000.0;Zentrales Mittelfeld;Reservebank
2817761;Senegal;Osmanlispor FK;Badou Ndiaye;26;6000000.0;Offensives Mittelfeld;Reservebank
2817761;Senegal;SCO Angers;Famara Diédhiou;24;2500000.0;Mittelstürmer;Reservebank
2817761;Senegal;Fenerbahce Istanbul;Moussa Sow;31;11000000.0;Mittelstürmer;Reservebank
2817761;Senegal;FC Sion;Moussa Konaté;23;4750000.0;Mittelstürmer;Reservebank
2817761;Senegal;FC Metz;Ismaïla Sarr;18;1500000.0;Mittelstürmer;Reservebank
2817761;Kamerun;;Georges Bokwé;27;225000.0;Torwart;Reservebank
2817761;Kamerun;AC Ajaccio;Jules Goda;27;300000.0;Torwart;Reservebank
2817761;Kamerun;Gimnàstic de Tarragona ;Mohamed Djetei;22;300000.0;Innenverteidiger;Reservebank
2817761;Kamerun;Olympique Lyon;Nicolas N'Koulou;26;8000000.0;Innenverteidiger;Reservebank
2817761;Kamerun;Progresso do Sambizanga;Joseph Ngwem;25;225000.0;Linker Verteidiger;Reservebank
2817761;Kamerun;MSK Zilina;Ernest Mabouka;28;450000.0;Rechter Verteidiger;Reservebank
2817761;Kamerun;FC Metz;Georges Mandjeck;28;1250000.0;Defensives Mittelfeld;Reservebank
2817761;Kamerun;;Frank Boya;20;225000.0;Zentrales Mittelfeld;Reservebank
2817761;Kamerun;1.FC Nürnberg;Edgar Salli;24;700000.0;Rechtsaußen;Reservebank
2817761;Kamerun;Olympique Marseille;Clinton N'Jie;23;7000000.0;Mittelstürmer;Reservebank
2817761;Kamerun;1.FC Kaiserslautern;Jacques Zoua;25;750000.0;Mittelstürmer;Reservebank
2817761;Kamerun;Besiktas Istanbul;Vincent Aboubakar;25;10000000.0;Mittelstürmer;Reservebank
