GameId;team;club;name;age;value;position;role
2818968;Kamerun;FC Sevilla B (Atlético) ;Fabrice Ondoa;21;300000.0;Torwart;Startaufstellung
2818968;Kamerun;FC Sochaux-Montbéliard;Adolphe Teikeu;26;400000.0;Innenverteidiger;Startaufstellung
2818968;Kamerun;SK Slavia Prag;Michael Ngadeu Ngadjui;26;900000.0;Innenverteidiger;Startaufstellung
2818968;Kamerun;Montreal Impact;Ambroise Oyongo;25;750000.0;Linker Verteidiger;Startaufstellung
2818968;Kamerun;Standard Lüttich;Collins Fai;24;1300000.0;Rechter Verteidiger;Startaufstellung
2818968;Kamerun;KV Oostende;Sébastien Siani;30;1800000.0;Defensives Mittelfeld;Startaufstellung
2818968;Kamerun;Heart of Midlothian FC;Arnaud Djoum;27;500000.0;Zentrales Mittelfeld;Startaufstellung
2818968;Kamerun;FC Lorient;Benjamin Moukandjo;28;5750000.0;Linksaußen;Startaufstellung
2818968;Kamerun;Aalborg BK;Christian Bassogog;21;350000.0;Rechtsaußen;Startaufstellung
2818968;Kamerun;Spartak Trnava;Robert Ndip Tambe;22;225000.0;Mittelstürmer;Startaufstellung
2818968;Kamerun;1.FC Kaiserslautern;Jacques Zoua;25;750000.0;Mittelstürmer;Startaufstellung
2818968;Ghana;FC Córdoba;Brimah Razak;29;600000.0;Torwart;Startaufstellung
2818968;Ghana;Sivasspor;John Boye;29;1000000.0;Innenverteidiger;Startaufstellung
2818968;Ghana;Leicester City;Daniel Amartey;22;5000000.0;Innenverteidiger;Startaufstellung
2818968;Ghana;RSC Anderlecht;Frank Acheampong;23;4500000.0;Linker Verteidiger;Startaufstellung
2818968;Ghana;Columbus Crew SC;Harrison Afful;30;850000.0;Rechter Verteidiger;Startaufstellung
2818968;Ghana;FC Turin;Afriyie Acquah;25;2800000.0;Defensives Mittelfeld;Startaufstellung
2818968;Ghana;Atlético Madrid;Thomas;23;4500000.0;Zentrales Mittelfeld;Startaufstellung
2818968;Ghana;FC Granada;Mubarak Wakaso;26;2000000.0;Zentrales Mittelfeld;Startaufstellung
2818968;Ghana;West Ham United;André Ayew;27;18000000.0;Linksaußen;Startaufstellung
2818968;Ghana;Newcastle United;Christian Atsu;25;3000000.0;Rechtsaußen;Startaufstellung
2818968;Ghana;Swansea City;Jordan Ayew;25;7500000.0;Mittelstürmer;Startaufstellung
2818968;Kamerun;;Georges Bokwé;27;200000.0;Torwart;Reservebank
2818968;Kamerun;AC Ajaccio;Jules Goda;27;300000.0;Torwart;Reservebank
2818968;Kamerun;Gimnàstic de Tarragona ;Mohamed Djetei;22;300000.0;Innenverteidiger;Reservebank
2818968;Kamerun;Olympique Lyon;Nicolas N'Koulou;26;8000000.0;Innenverteidiger;Reservebank
2818968;Kamerun;Progresso do Sambizanga;Joseph Ngwem;25;200000.0;Linker Verteidiger;Reservebank
2818968;Kamerun;MSK Zilina;Ernest Mabouka;28;450000.0;Rechter Verteidiger;Reservebank
2818968;Kamerun;FC Metz;Georges Mandjeck;28;1250000.0;Defensives Mittelfeld;Reservebank
2818968;Kamerun;TSV 1860 München;Frank Boya;20;200000.0;Zentrales Mittelfeld;Reservebank
2818968;Kamerun;1.FC Nürnberg;Edgar Salli;24;700000.0;Rechtsaußen;Reservebank
2818968;Kamerun;Olympique Marseille;Clinton N'Jie;23;7000000.0;Mittelstürmer;Reservebank
2818968;Kamerun;Besiktas Istanbul;Vincent Aboubakar;25;10000000.0;Mittelstürmer;Reservebank
2818968;Kamerun;SCO Angers;Karl Toko Ekambi;24;1750000.0;Mittelstürmer;Reservebank
2818968;Ghana;Wa All Stars FC;Richard Ofori;23;100000.0;Torwart;Reservebank
2818968;Ghana;Enyimba Aba;Fatau Dauda;31;250000.0;Torwart;Reservebank
2818968;Ghana;Columbus Crew SC;Jonathan Mensah;26;400000.0;Innenverteidiger;Reservebank
2818968;Ghana;FC Barnsley;Andy Yiadom;25;100000.0;Rechter Verteidiger;Reservebank
2818968;Ghana;VfB Stuttgart;Ebenezer Ofori;21;1200000.0;Defensives Mittelfeld;Reservebank
2818968;Ghana;Orlando Pirates;Edwin Gyimah;25;550000.0;Defensives Mittelfeld;Reservebank
2818968;Ghana;Udinese Calcio;Emmanuel Badu;26;5500000.0;Zentrales Mittelfeld;Reservebank
2818968;Ghana;AC Le Havre;Ebenezer Assifuah;23;2500000.0;Linksaußen;Reservebank
2818968;Ghana;FC Schalke 04;Bernard Tekpetey;19;100000.0;Rechtsaußen;Reservebank
2818968;Ghana;Red Bull Salzburg;Samuel Tetteh;20;500000.0;Mittelstürmer;Reservebank
2818968;Ghana;Al-Ahli Dubai Club;Asamoah Gyan;31;4500000.0;Mittelstürmer;Reservebank
