GameId;team;club;name;age;value;position;role
2818967;Burkina Faso;ASEC Mimosas;Hervé Kouakou Koffi;20;100000.0;Torwart;Startaufstellung
2818967;Burkina Faso;Renaissance de Berkane;Issoufou Dayo;25;25000.0;Innenverteidiger;Startaufstellung
2818967;Burkina Faso;FC Málaga;Bakary Koné;28;1200000.0;Innenverteidiger;Startaufstellung
2818967;Burkina Faso;;Yacouba Coulibaly;22;25000.0;Linker Verteidiger;Startaufstellung
2818967;Burkina Faso;FC Toulouse;Steeve Yago;24;2000000.0;Rechter Verteidiger;Startaufstellung
2818967;Burkina Faso;FK Krasnodar;Charles Kaboré;28;7000000.0;Defensives Mittelfeld;Startaufstellung
2818967;Burkina Faso;Omonia Nikosia;Blati Toure;22;400000.0;Zentrales Mittelfeld;Startaufstellung
2818967;Burkina Faso;FC Nantes;Prejuce Nakoulma;29;1500000.0;Linksaußen;Startaufstellung
2818967;Burkina Faso;Ajax Amsterdam;Bertrand Traoré;21;5000000.0;Rechtsaußen;Startaufstellung
2818967;Burkina Faso;Kardemir Karabükspor;Abdou Traoré;28;4250000.0;Hängende Spitze;Startaufstellung
2818967;Burkina Faso;ASEC Mimosas;Aristide Bancé;32;175000.0;Mittelstürmer;Startaufstellung
2818967;Ägypten;Wadi Degla FC;Essam El Hadary;44;200000.0;Torwart;Startaufstellung
2818967;Ägypten;Zamalek SC;Ali Gabr;28;600000.0;Innenverteidiger;Startaufstellung
2818967;Ägypten;El Ahly Kairo;Ahmed Hegazy;26;1000000.0;Innenverteidiger;Startaufstellung
2818967;Ägypten;El Ahly Kairo;Ahmed Fathi;32;1000000.0;Linker Verteidiger;Startaufstellung
2818967;Ägypten;Hull City;Ahmed Elmohamady;29;4000000.0;Rechter Verteidiger;Startaufstellung
2818967;Ägypten;Zamalek SC;Ibrahim Salah;29;600000.0;Defensives Mittelfeld;Startaufstellung
2818967;Ägypten;Zamalek SC;Tarek Hamed;28;800000.0;Defensives Mittelfeld;Startaufstellung
2818967;Ägypten;El Ahly Kairo;Abdallah Said;31;1000000.0;Offensives Mittelfeld;Startaufstellung
2818967;Ägypten;Royal Excel Mouscron ;Trezeguet;22;1500000.0;Linksaußen;Startaufstellung
2818967;Ägypten;AS Rom;Mohamed Salah;24;30000000.0;Rechtsaußen;Startaufstellung
2818967;Ägypten;Al-Ittihad Dschidda;Kahraba;22;1700000.0;Mittelstürmer;Startaufstellung
2818967;Burkina Faso;;Aboubacar Sawadogo;27;25000.0;Torwart;Reservebank
2818967;Burkina Faso;AS Beauvais Oise;Germain Sanou;24;25000.0;Torwart;Reservebank
2818967;Burkina Faso;ASEC Mimosas;Souleymane Kouanda;24;25000.0;Abwehr;Reservebank
2818967;Burkina Faso;Smouha SC;Patrick Malo;24;300000.0;Innenverteidiger;Reservebank
2818967;Burkina Faso;Santos FC Cape Town;Issouf Paro;22;25000.0;Innenverteidiger;Reservebank
2818967;Burkina Faso;Moreirense FC;Bouba;26;1000000.0;Defensives Mittelfeld;Reservebank
2818967;Burkina Faso;RC Lens;Adama Guira;28;500000.0;Zentrales Mittelfeld;Reservebank
2818967;Burkina Faso;Kayserispor;Alain Traoré;28;1000000.0;Offensives Mittelfeld;Reservebank
2818967;Burkina Faso;UD Almería;Jonathan Zongo;27;400000.0;Rechtsaußen;Reservebank
2818967;Burkina Faso;Sheriff Tiraspol;Cyrille Bayala;20;300000.0;Rechtsaußen;Reservebank
2818967;Burkina Faso;Smouha SC;Banou Diawara;24;500000.0;Mittelstürmer;Reservebank
2818967;Ägypten;El Ahly Kairo;Sherif Ekramy;33;1000000.0;Torwart;Reservebank
2818967;Ägypten;Smouha SC;Ahmed Dowidar;29;400000.0;Innenverteidiger;Reservebank
2818967;Ägypten;El Ahly Kairo;Saad Samir;27;600000.0;Innenverteidiger;Reservebank
2818967;Ägypten;RC Lens;Karim Hafez;20;900000.0;Linker Verteidiger;Reservebank
2818967;Ägypten;FC Basel 1893;Omar Gaber;25;1500000.0;Rechter Verteidiger;Reservebank
2818967;Ägypten;Stoke City;Ramadan Sobhi;20;2500000.0;Linksaußen;Reservebank
2818967;Ägypten;PAOK Thessaloniki;Amr Warda;23;900000.0;Linksaußen;Reservebank
