GameId;team;club;name;age;value;position;role
2820283;Burkina Faso;ASEC Mimosas;Hervé Kouakou Koffi;20;100000.0;Torwart;Startaufstellung
2820283;Burkina Faso;Renaissance de Berkane;Issoufou Dayo;25;25000.0;Innenverteidiger;Startaufstellung
2820283;Burkina Faso;FC Málaga;Bakary Koné;28;1200000.0;Innenverteidiger;Startaufstellung
2820283;Burkina Faso;;Yacouba Coulibaly;22;25000.0;Linker Verteidiger;Startaufstellung
2820283;Burkina Faso;FC Toulouse;Steeve Yago;24;2000000.0;Rechter Verteidiger;Startaufstellung
2820283;Burkina Faso;FK Krasnodar;Charles Kaboré;28;7000000.0;Defensives Mittelfeld;Startaufstellung
2820283;Burkina Faso;Omonia Nikosia;Blati Toure;22;400000.0;Zentrales Mittelfeld;Startaufstellung
2820283;Burkina Faso;Kayserispor;Alain Traoré;28;1000000.0;Offensives Mittelfeld;Startaufstellung
2820283;Burkina Faso;FC Nantes;Prejuce Nakoulma;29;1500000.0;Linksaußen;Startaufstellung
2820283;Burkina Faso;Ajax Amsterdam;Bertrand Traoré;21;5000000.0;Rechtsaußen;Startaufstellung
2820283;Burkina Faso;ASEC Mimosas;Aristide Bancé;32;175000.0;Mittelstürmer;Startaufstellung
2820283;Ghana;Wa All Stars FC;Richard Ofori;23;100000.0;Torwart;Startaufstellung
2820283;Ghana;Columbus Crew SC;Jonathan Mensah;26;400000.0;Innenverteidiger;Startaufstellung
2820283;Ghana;Leicester City;Daniel Amartey;22;5000000.0;Innenverteidiger;Startaufstellung
2820283;Ghana;FC Barnsley;Andy Yiadom;25;100000.0;Linker Verteidiger;Startaufstellung
2820283;Ghana;Columbus Crew SC;Harrison Afful;30;850000.0;Rechter Verteidiger;Startaufstellung
2820283;Ghana;VfB Stuttgart;Ebenezer Ofori;21;1200000.0;Defensives Mittelfeld;Startaufstellung
2820283;Ghana;Atlético Madrid;Thomas;23;4500000.0;Defensives Mittelfeld;Startaufstellung
2820283;Ghana;Red Bull Salzburg;Samuel Tetteh;20;500000.0;Linksaußen;Startaufstellung
2820283;Ghana;Udinese Calcio;Emmanuel Badu;26;5500000.0;Rechtsaußen;Startaufstellung
2820283;Ghana;FC Schalke 04;Bernard Tekpetey;19;100000.0;Mittelstürmer;Startaufstellung
2820283;Ghana;Swansea City;Jordan Ayew;25;7500000.0;Mittelstürmer;Startaufstellung
2820283;Burkina Faso;;Aboubacar Sawadogo;27;25000.0;Torwart;Reservebank
2820283;Burkina Faso;AS Beauvais Oise;Germain Sanou;24;25000.0;Torwart;Reservebank
2820283;Burkina Faso;ASEC Mimosas;Souleymane Kouanda;24;25000.0;Abwehr;Reservebank
2820283;Burkina Faso;Smouha SC;Patrick Malo;24;300000.0;Linker Verteidiger;Reservebank
2820283;Burkina Faso;Santos FC Cape Town;Issouf Paro;22;25000.0;Innenverteidiger;Reservebank
2820283;Burkina Faso;Moreirense FC;Bouba;26;1000000.0;Defensives Mittelfeld;Reservebank
2820283;Burkina Faso;RC Lens;Adama Guira;28;500000.0;Defensives Mittelfeld;Reservebank
2820283;Burkina Faso;Sheriff Tiraspol;Cyrille Bayala;20;300000.0;Rechtsaußen;Reservebank
2820283;Burkina Faso;Kardemir Karabükspor;Abdou Traoré;28;4250000.0;Hängende Spitze;Reservebank
2820283;Burkina Faso;Smouha SC;Banou Diawara;24;500000.0;Mittelstürmer;Reservebank
2820283;Ghana;FC Córdoba;Brimah Razak;29;600000.0;Torwart;Reservebank
2820283;Ghana;Enyimba Aba;Fatau Dauda;31;250000.0;Torwart;Reservebank
2820283;Ghana;Sivasspor;John Boye;29;1000000.0;Innenverteidiger;Reservebank
2820283;Ghana;Orlando Pirates;Edwin Gyimah;25;550000.0;Defensives Mittelfeld;Reservebank
2820283;Ghana;FC Granada;Mubarak Wakaso;26;2000000.0;Zentrales Mittelfeld;Reservebank
2820283;Ghana;FC Turin;Afriyie Acquah;25;2800000.0;Zentrales Mittelfeld;Reservebank
2820283;Ghana;Newcastle United;Christian Atsu;25;3000000.0;Linksaußen;Reservebank
2820283;Ghana;West Ham United;André Ayew;27;18000000.0;Linksaußen;Reservebank
2820283;Ghana;RSC Anderlecht;Frank Acheampong;23;4500000.0;Linksaußen;Reservebank
2820283;Ghana;AC Le Havre;Ebenezer Assifuah;23;2500000.0;Linksaußen;Reservebank
2820283;Ghana;Al-Ahli Dubai Club;Asamoah Gyan;31;4500000.0;Mittelstürmer;Reservebank
