GameId;team;club;name;age;value;position;role
31198;Polen;Celtic Glasgow;Artur Boruc;26;4500000.0;Torwart;Startaufstellung
31198;Polen;FK Moskau;Mariusz Jop;27;3500000.0;Innenverteidiger;Startaufstellung
31198;Polen;Al Rayyan Sports Club;Jacek Bak;33;1750000.0;Innenverteidiger;Startaufstellung
31198;Polen;RSC Anderlecht;Michal Zewlakow;30;2000000.0;Linker Verteidiger;Startaufstellung
31198;Polen;Wisla Krakau;Marcin Baszczynski;29;3850000.0;Rechter Verteidiger;Startaufstellung
31198;Polen;Wisla Krakau;Radoslaw Sobolewski;29;3700000.0;Defensives Mittelfeld;Startaufstellung
31198;Polen;FK Austria Wien;Arkadiusz Radomski;28;1700000.0;Defensives Mittelfeld;Startaufstellung
31198;Polen;Bayer 04 Leverkusen;Jacek Krzynowek;30;3250000.0;Linkes Mittelfeld;Startaufstellung
31198;Polen;Trabzonspor;Miroslaw Szymkowiak;29;4700000.0;Offensives Mittelfeld;Startaufstellung
31198;Polen;Borussia Dortmund;Ebi Smolarek;25;4000000.0;Rechtsaußen;Startaufstellung
31198;Polen;Celtic Glasgow;Maciej Zurawski;29;8000000.0;Mittelstürmer;Startaufstellung
31198;Ecuador;LDU Quito;Christian Mora;26;300000.0;Torwart;Startaufstellung
31198;Ecuador;Al Arabi Sports Club;Iván Hurtado;31;750000.0;Innenverteidiger;Startaufstellung
31198;Ecuador;LDU Quito;Giovanny Espinoza;29;250000.0;Innenverteidiger;Startaufstellung
31198;Ecuador;LDU Quito;Néicer Reascos;28;250000.0;Linker Verteidiger;Startaufstellung
31198;Ecuador;Aston Villa;Ulises de la Cruz;32;1500000.0;Rechter Verteidiger;Startaufstellung
31198;Ecuador;Barcelona SC Guayaquil;Edwin Tenorio;29;450000.0;Defensives Mittelfeld;Startaufstellung
31198;Ecuador;CD El Nacional;Segundo Castillo;24;400000.0;Defensives Mittelfeld;Startaufstellung
31198;Ecuador;LDU Quito;Édison Méndez;27;2500000.0;Linkes Mittelfeld;Startaufstellung
31198;Ecuador;Recreativo Huelva;Antonio Valencia;20;2250000.0;Rechtsaußen;Startaufstellung
31198;Ecuador;LDU Quito;Agustín Delgado;31;1000000.0;Mittelstürmer;Startaufstellung
31198;Ecuador;Al Sadd Sports Club;Carlos Tenorio;27;250000.0;Mittelstürmer;Startaufstellung
31198;Polen;West Bromwich Albion;Tomasz Kuszczak;24;3500000.0;Torwart;Reservebank
31198;Polen;Legia Warschau;Lukasz Fabianski;21;2500000.0;Torwart;Reservebank
31198;Polen;Wisla Krakau;Dariusz Dudka;22;2200000.0;Innenverteidiger;Reservebank
31198;Polen;Lech Posen;Bartosz Bosacki;30;600000.0;Innenverteidiger;Reservebank
31198;Polen;Metalist Kharkiv;Seweryn Gancarczyk;24;700000.0;Linker Verteidiger;Reservebank
31198;Polen;Shakhtar Donetsk;Mariusz Lewandowski;27;4250000.0;Defensives Mittelfeld;Reservebank
31198;Polen;FC Southampton;Kamil Kosowski;28;2750000.0;Linkes Mittelfeld;Reservebank
31198;Polen;FK Austria Wien;Sebastian Mila;23;1200000.0;Offensives Mittelfeld;Reservebank
31198;Polen;Cracovia Krakau;Piotr Giza;26;900000.0;Offensives Mittelfeld;Reservebank
31198;Polen;FC Southampton;Grzegorz Rasiak;27;3500000.0;Mittelstürmer;Reservebank
31198;Polen;Wisla Plock;Ireneusz Jelen;25;2300000.0;Mittelstürmer;Reservebank
31198;Polen;Wisla Krakau;Pawel Brozek;23;3250000.0;Mittelstürmer;Reservebank
31198;Ecuador;Deportivo Quito;Edwin Villafuerte;27;600000.0;Torwart;Reservebank
31198;Ecuador;SD Aucas;Damián Lanza;24;500000.0;Torwart;Reservebank
31198;Ecuador;CD El Nacional;Jorge Guagua;24;500000.0;Innenverteidiger;Reservebank
31198;Ecuador;CD Olmedo;José Perlaza;24;500000.0;Innenverteidiger;Reservebank
31198;Ecuador;LDU Quito;Paúl Ambrosi;25;1200000.0;Linker Verteidiger;Reservebank
31198;Ecuador;Deportivo Quito;Marlon Ayoví;34;500000.0;Defensives Mittelfeld;Reservebank
31198;Ecuador;LDU Quito;Patricio Urrutia;28;1000000.0;Zentrales Mittelfeld;Reservebank
31198;Ecuador;CD El Nacional;Christian Lara;26;250000.0;Offensives Mittelfeld;Reservebank
31198;Ecuador;Deportivo Quito;Luis Saritama;22;800000.0;Offensives Mittelfeld;Reservebank
31198;Ecuador;CD El Nacional;Christian Benítez;20;400000.0;Mittelstürmer;Reservebank
31198;Ecuador;CD El Nacional;Félix Borja;23;2000000.0;Mittelstürmer;Reservebank
31198;Ecuador;CS Norte América;Iván Kaviedes;28;600000.0;Mittelstürmer;Reservebank
