GameId;team;club;name;age;value;position;role
31199;England;Tottenham Hotspur;Paul Robinson;26;7850000.0;Torwart;Startaufstellung
31199;England;Manchester United;Rio Ferdinand;27;26500000.0;Innenverteidiger;Startaufstellung
31199;England;FC Chelsea;John Terry;25;28000000.0;Innenverteidiger;Startaufstellung
31199;England;FC Arsenal;Ashley Cole;25;18750000.0;Linker Verteidiger;Startaufstellung
31199;England;Manchester United;Gary Neville;31;7250000.0;Rechter Verteidiger;Startaufstellung
31199;England;FC Liverpool;Steven Gerrard;26;30000000.0;Zentrales Mittelfeld;Startaufstellung
31199;England;Real Madrid;David Beckham;31;22000000.0;Rechtes Mittelfeld;Startaufstellung
31199;England;FC Chelsea;Joe Cole;24;13000000.0;Linkes Mittelfeld;Startaufstellung
31199;England;FC Chelsea;Frank Lampard;27;35000000.0;Offensives Mittelfeld;Startaufstellung
31199;England;Newcastle United;Michael Owen;26;22000000.0;Mittelstürmer;Startaufstellung
31199;England;FC Liverpool;Peter Crouch;25;9500000.0;Mittelstürmer;Startaufstellung
31199;Paraguay;Club Atlético Newell's Old Boys;Justo Villar;28;750000.0;Torwart;Startaufstellung
31199;Paraguay;SE Palmeiras São Paulo;Carlos Gamarra;35;2000000.0;Innenverteidiger;Startaufstellung
31199;Paraguay;Club Atlético River Plate;Julio Cáceres;26;1750000.0;Innenverteidiger;Startaufstellung
31199;Paraguay;Real Saragossa ;Delio Toledo;29;900000.0;Linker Verteidiger;Startaufstellung
31199;Paraguay;CD Cruz Azul;Denis Caniza;31;750000.0;Rechter Verteidiger;Startaufstellung
31199;Paraguay;Reggina Calcio;Carlos Paredes;29;1500000.0;Zentrales Mittelfeld;Startaufstellung
31199;Paraguay;Deportivo La Coruna ;Roberto Acuña;34;1250000.0;Zentrales Mittelfeld;Startaufstellung
31199;Paraguay;Club Libertad Asunción;Carlos Bonet;28;750000.0;Rechtes Mittelfeld;Startaufstellung
31199;Paraguay;Club Libertad Asunción;Cristian Riveros;23;750000.0;Linkes Mittelfeld;Startaufstellung
31199;Paraguay;FC Bayern München;Roque Santa Cruz;24;2500000.0;Mittelstürmer;Startaufstellung
31199;Paraguay;SV Werder Bremen;Nelson Valdez;22;5000000.0;Mittelstürmer;Startaufstellung
31199;England;Manchester City;David James;35;3600000.0;Torwart;Reservebank
31199;England;FC Liverpool;Scott Carson;20;1750000.0;Torwart;Reservebank
31199;England;FC Arsenal;Sol Campbell;31;15500000.0;Innenverteidiger;Reservebank
31199;England;FC Liverpool;Jamie Carragher;28;12000000.0;Innenverteidiger;Reservebank
31199;England;FC Chelsea;Wayne Bridge;25;7750000.0;Linker Verteidiger;Reservebank
31199;England;FC Bayern München;Owen Hargreaves;25;8000000.0;Defensives Mittelfeld;Reservebank
31199;England;Tottenham Hotspur;Michael Carrick;24;6500000.0;Defensives Mittelfeld;Reservebank
31199;England;Tottenham Hotspur;Jermaine Jenas;23;15000000.0;Zentrales Mittelfeld;Reservebank
31199;England;FC Middlesbrough;Stewart Downing;21;7000000.0;Linkes Mittelfeld;Reservebank
31199;England;FC Arsenal;Theo Walcott;17;7500000.0;Rechtsaußen;Reservebank
31199;England;Tottenham Hotspur;Aaron Lennon;19;1250000.0;Rechtsaußen;Reservebank
31199;England;Manchester United;Wayne Rooney;20;35750000.0;Hängende Spitze;Reservebank
31199;Paraguay;Sportivo Luqueño;Derlis Gómez;33;750000.0;Torwart;Reservebank
31199;Paraguay;Club Libertad Asunción;Aldo Bobadilla;30;750000.0;Torwart;Reservebank
31199;Paraguay;Deportivo Toluca;Paulo da Silva;26;750000.0;Innenverteidiger;Reservebank
31199;Paraguay;FC Santos;Julio Manzur;24;750000.0;Innenverteidiger;Reservebank
31199;Paraguay;Estudiantes de La Plata;Jorge Núñez;28;750000.0;Linker Verteidiger;Reservebank
31199;Paraguay;NEC Nijmegen;Édgar Barreto;21;2250000.0;Zentrales Mittelfeld;Reservebank
31199;Paraguay;Club Atlético Newell's Old Boys;Diego Gavilán;26;1500000.0;Zentrales Mittelfeld;Reservebank
31199;Paraguay;FC Bayern München;Julio dos Santos;23;2500000.0;Zentrales Mittelfeld;Reservebank
31199;Paraguay;Olimpia Asunción;José Montiel;18;750000.0;Offensives Mittelfeld;Reservebank
31199;Paraguay;CF Pachuca;Nelson Cuevas;26;1500000.0;Rechtsaußen;Reservebank
31199;Paraguay;Jaguares de Chiapas;Salvador Cabañas;25;750000.0;Mittelstürmer;Reservebank
31199;Paraguay;FC Genua 1893;Dante López;22;750000.0;Mittelstürmer;Reservebank
