GameId;team;club;name;age;value;position;role
46381;Italien;Juventus Turin;Gianluigi Buffon;28;30000000.0;Torwart;Startaufstellung
46381;Italien;Juventus Turin;Fabio Cannavaro;32;14000000.0;Innenverteidiger;Startaufstellung
46381;Italien;AC Mailand;Alessandro Nesta;30;29000000.0;Innenverteidiger;Startaufstellung
46381;Italien;US Palermo;Fabio Grosso;28;7000000.0;Linker Verteidiger;Startaufstellung
46381;Italien;US Palermo;Cristian Zaccardo;24;8000000.0;Rechter Verteidiger;Startaufstellung
46381;Italien;AC Mailand;Andrea Pirlo;27;25000000.0;Defensives Mittelfeld;Startaufstellung
46381;Italien;AS Rom;Daniele De Rossi;22;18000000.0;Zentrales Mittelfeld;Startaufstellung
46381;Italien;AS Rom;Simone Perrotta;28;13500000.0;Zentrales Mittelfeld;Startaufstellung
46381;Italien;AS Rom;Francesco Totti;29;37000000.0;Offensives Mittelfeld;Startaufstellung
46381;Italien;AC Florenz;Luca Toni;29;27000000.0;Mittelstürmer;Startaufstellung
46381;Italien;AC Mailand;Alberto Gilardino;23;27000000.0;Mittelstürmer;Startaufstellung
46381;Ghana;Ankaraspor;Richard Kingson;27;1000000.0;Torwart;Startaufstellung
46381;Ghana;AS Rom;Samuel Kuffour;29;2500000.0;Innenverteidiger;Startaufstellung
46381;Ghana;FC Stade Rennes;John Mensah;23;2000000.0;Innenverteidiger;Startaufstellung
46381;Ghana;Hapoel Kfar Saba;Emmanuel Pappoe;25;500000.0;Linker Verteidiger;Startaufstellung
46381;Ghana;Hapoel Tel Aviv;John Paintsil;24;750000.0;Rechter Verteidiger;Startaufstellung
46381;Ghana;FC Chelsea;Michael Essien;23;36500000.0;Zentrales Mittelfeld;Startaufstellung
46381;Ghana;Fenerbahce Istanbul;Stephen Appiah;25;7250000.0;Zentrales Mittelfeld;Startaufstellung
46381;Ghana;PSV Eindhoven;Eric Addo;27;750000.0;Rechtes Mittelfeld;Startaufstellung
46381;Ghana;Udinese Calcio;Sulley Muntari;21;5500000.0;Linkes Mittelfeld;Startaufstellung
46381;Ghana;Modena FC 1912;Asamoah Gyan;20;400000.0;Hängende Spitze;Startaufstellung
46381;Ghana;Borussia Dortmund;Matthew Amoah;25;2000000.0;Mittelstürmer;Startaufstellung
46381;Italien;Lazio Rom;Angelo Peruzzi;36;3000000.0;Torwart;Reservebank
46381;Italien;AS Livorno;Marco Amelia;24;11000000.0;Torwart;Reservebank
46381;Italien;FC Internazionale;Marco Materazzi;32;5000000.0;Innenverteidiger;Reservebank
46381;Italien;US Palermo;Andrea Barzagli;25;10000000.0;Innenverteidiger;Reservebank
46381;Italien;Juventus Turin;Gianluca Zambrotta;29;26000000.0;Rechter Verteidiger;Reservebank
46381;Italien;Lazio Rom;Massimo Oddo;29;10000000.0;Rechter Verteidiger;Reservebank
46381;Italien;AC Mailand;Gennaro Gattuso;28;17000000.0;Zentrales Mittelfeld;Reservebank
46381;Italien;US Palermo;Simone Barone;28;6000000.0;Zentrales Mittelfeld;Reservebank
46381;Italien;Juventus Turin;Mauro Germán Camoranesi;29;18000000.0;Rechtes Mittelfeld;Reservebank
46381;Italien;Juventus Turin;Alessandro Del Piero;31;16000000.0;Hängende Spitze;Reservebank
46381;Italien;Udinese Calcio;Vincenzo Iaquinta;26;11000000.0;Mittelstürmer;Reservebank
46381;Italien;AC Mailand;Filippo Inzaghi;32;9000000.0;Mittelstürmer;Reservebank
46381;Ghana;Ashanti Gold SC;George Owu;23;450000.0;Torwart;Reservebank
46381;Ghana;FC Ashdod;Sammy Adjei;25;850000.0;Torwart;Reservebank
46381;Ghana;Hearts of Oak;Daniel Quaye;25;250000.0;Abwehr;Reservebank
46381;Ghana;Asante Kotoko Kumasi;Illiasu Shilla;23;250000.0;Innenverteidiger;Reservebank
46381;Ghana;Randers FC;Issah Ahmed;24;250000.0;Innenverteidiger;Reservebank
46381;Ghana;King Faisal Babies FC Kumasi;Habib Mohamed;22;250000.0;Linker Verteidiger;Reservebank
46381;Ghana;VfL Wolfsburg;Hans Sarpei;29;1000000.0;Linker Verteidiger;Reservebank
46381;Ghana;AIK Solna;Derek Boateng;23;400000.0;Defensives Mittelfeld;Reservebank
46381;Ghana;FC Kopenhagen;Razak Pimpong;23;800000.0;Rechtes Mittelfeld;Reservebank
46381;Ghana;1.FSV Mainz 05;Otto Addo;31;1200000.0;Offensives Mittelfeld;Reservebank
46381;Ghana;Roter Stern Belgrad;Draman Haminu;20;350000.0;Linksaußen;Reservebank
46381;Ghana;FC St. Gallen 1879;Alex Tachie-Mensah;29;1000000.0;Mittelstürmer;Reservebank
