GameId;team;club;name;age;value;position;role
46382;Vereinigte Staaten;Borussia Mönchengladbach;Kasey Keller;36;3000000.0;Torwart;Startaufstellung
46382;Vereinigte Staaten;Standard Lüttich;Oguchi Onyewu;24;5000000.0;Innenverteidiger;Startaufstellung
46382;Vereinigte Staaten;Real Salt Lake City;Eddie Pope;32;500000.0;Innenverteidiger;Startaufstellung
46382;Vereinigte Staaten;Leeds United;Eddie Lewis;32;1250000.0;Linker Verteidiger;Startaufstellung
46382;Vereinigte Staaten;Hannover 96;Steven Cherundolo;27;3000000.0;Rechter Verteidiger;Startaufstellung
46382;Vereinigte Staaten;Colorado Rapids;Pablo Mastroeni;29;900000.0;Defensives Mittelfeld;Startaufstellung
46382;Vereinigte Staaten;Manchester City;Claudio Reyna;32;3600000.0;Zentrales Mittelfeld;Startaufstellung
46382;Vereinigte Staaten;PSV Eindhoven;DaMarcus Beasley;24;3500000.0;Linksaußen;Startaufstellung
46382;Vereinigte Staaten;FC Reading;Bobby Convey;23;1600000.0;Rechtsaußen;Startaufstellung
46382;Vereinigte Staaten;Los Angeles Galaxy;Landon Donovan;24;2500000.0;Hängende Spitze;Startaufstellung
46382;Vereinigte Staaten;FC Fulham;Brian McBride;33;1500000.0;Mittelstürmer;Startaufstellung
46382;Tschechien;FC Chelsea;Petr Cech;24;22000000.0;Torwart;Startaufstellung
46382;Tschechien;AC Florenz;Tomás Ujfalusi;28;8000000.0;Innenverteidiger;Startaufstellung
46382;Tschechien;FC Paris Saint-Germain;David Rozehnal;25;4000000.0;Innenverteidiger;Startaufstellung
46382;Tschechien;AC Mailand;Marek Jankulovski;29;10000000.0;Linker Verteidiger;Startaufstellung
46382;Tschechien;Ajax Amsterdam;Zdenek Grygera;26;3500000.0;Rechter Verteidiger;Startaufstellung
46382;Tschechien;Ajax Amsterdam;Tomás Galásek;33;2500000.0;Defensives Mittelfeld;Startaufstellung
46382;Tschechien;SK Dynamo Ceske Budejovice;Karel Poborsky;34;3000000.0;Rechtes Mittelfeld;Startaufstellung
46382;Tschechien;Juventus Turin;Pavel Nedved;33;15000000.0;Linkes Mittelfeld;Startaufstellung
46382;Tschechien;Borussia Dortmund;Tomás Rosicky;25;11000000.0;Offensives Mittelfeld;Startaufstellung
46382;Tschechien;AS Monaco;Jaroslav Plasil;24;3000000.0;Hängende Spitze;Startaufstellung
46382;Tschechien;Borussia Dortmund;Jan Koller;33;6500000.0;Mittelstürmer;Startaufstellung
46382;Vereinigte Staaten;Manchester United;Tim Howard;27;3000000.0;Torwart;Reservebank
46382;Vereinigte Staaten;FC Reading;Marcus Hahnemann;33;700000.0;Torwart;Reservebank
46382;Vereinigte Staaten;FC Fulham;Carlos Bocanegra;27;2500000.0;Innenverteidiger;Reservebank
46382;Vereinigte Staaten;FC Energie Cottbus;Gregg Berhalter;32;600000.0;Innenverteidiger;Reservebank
46382;Vereinigte Staaten;Kansas City Wizards;Jimmy Conrad;29;500000.0;Innenverteidiger;Reservebank
46382;Vereinigte Staaten;Los Angeles Galaxy;Chris Albright;27;500000.0;Rechter Verteidiger;Reservebank
46382;Vereinigte Staaten;CD Chivas USA;John O'Brien;28;2000000.0;Defensives Mittelfeld;Reservebank
46382;Vereinigte Staaten;D.C. United;Ben Olsen;29;1000000.0;Rechtes Mittelfeld;Reservebank
46382;Vereinigte Staaten;Kansas City Wizards;Josh Wolff;29;1500000.0;Rechtsaußen;Reservebank
46382;Vereinigte Staaten;New England Revolution;Clint Dempsey;23;1000000.0;Hängende Spitze;Reservebank
46382;Vereinigte Staaten;Kansas City Wizards;Eddie Johnson;22;1000000.0;Mittelstürmer;Reservebank
46382;Vereinigte Staaten;Houston Dynamo;Brian Ching;28;500000.0;Mittelstürmer;Reservebank
46382;Tschechien;AC Sparta Prag;Jaromír Blazek;33;800000.0;Torwart;Reservebank
46382;Tschechien;Saturn Ramenskoe;Antonín Kinský;31;600000.0;Torwart;Reservebank
46382;Tschechien;Spartak Moskau;Radoslav Kovac;26;4000000.0;Innenverteidiger;Reservebank
46382;Tschechien;Spartak Moskau;Martin Jiranek;27;3200000.0;Innenverteidiger;Reservebank
46382;Tschechien;Zenit St. Petersburg;Pavel Mares;30;2000000.0;Linker Verteidiger;Reservebank
46382;Tschechien;Hamburger SV;David Jarolím;27;6500000.0;Defensives Mittelfeld;Reservebank
46382;Tschechien;1.FC Nürnberg;Jan Polak;25;4500000.0;Defensives Mittelfeld;Reservebank
46382;Tschechien;FK Austria Wien;Libor Sionko;29;2250000.0;Rechtsaußen;Reservebank
46382;Tschechien;Hannover 96;Jiri Stajner;30;3800000.0;Hängende Spitze;Reservebank
46382;Tschechien;Galatasaray Istanbul;Marek Heinz;28;2000000.0;Mittelstürmer;Reservebank
46382;Tschechien;Red Bull Salzburg;Vratislav Lokvenc;32;2150000.0;Mittelstürmer;Reservebank
46382;Tschechien;Aston Villa;Milan Baros;24;9000000.0;Mittelstürmer;Reservebank
