GameId;team;club;name;age;value;position;role
49239;Spanien;Real Madrid;Iker Casillas;25;25000000.0;Torwart;Startaufstellung
49239;Spanien;FC Barcelona;Carles Puyol;28;27000000.0;Innenverteidiger;Startaufstellung
49239;Spanien;Atlético Madrid;Pablo Ibáñez;24;9500000.0;Innenverteidiger;Startaufstellung
49239;Spanien;FC Getafe;Mariano Pernía;29;2000000.0;Linker Verteidiger;Startaufstellung
49239;Spanien;Real Madrid;Sergio Ramos;20;17500000.0;Rechter Verteidiger;Startaufstellung
49239;Spanien;FC Villarreal;Marcos Senna;29;1750000.0;Defensives Mittelfeld;Startaufstellung
49239;Spanien;FC Liverpool;Xabi Alonso;24;21500000.0;Zentrales Mittelfeld;Startaufstellung
49239;Spanien;FC Barcelona;Xavi;26;28000000.0;Zentrales Mittelfeld;Startaufstellung
49239;Spanien;FC Liverpool;Luis García;27;10000000.0;Offensives Mittelfeld;Startaufstellung
49239;Spanien;FC Valencia;David Villa;24;22000000.0;Mittelstürmer;Startaufstellung
49239;Spanien;Atlético Madrid;Fernando Torres;22;25000000.0;Mittelstürmer;Startaufstellung
49239;Ukraine;Dynamo Kiew;Oleksandr Shovkovsky;31;2000000.0;Torwart;Startaufstellung
49239;Ukraine;Dnipro Dnipropetrovsk;Andriy Rusol;23;1500000.0;Innenverteidiger;Startaufstellung
49239;Ukraine;Dynamo Kiew;Vladyslav Vashchuk;31;400000.0;Innenverteidiger;Startaufstellung
49239;Ukraine;Dynamo Kiew;Andriy Nesmachny;27;4000000.0;Linker Verteidiger;Startaufstellung
49239;Ukraine;Dnipro Dnipropetrovsk;Volodymyr Yezersky;29;1000000.0;Rechter Verteidiger;Startaufstellung
49239;Ukraine;Krylya Sovetov Samara;Andriy Gusin †;33;1500000.0;Defensives Mittelfeld;Startaufstellung
49239;Ukraine;Shakhtar Donetsk;Anatoliy Tymoshchuk;27;6000000.0;Defensives Mittelfeld;Startaufstellung
49239;Ukraine;Dynamo Kiew;Ruslan Rotan;24;2500000.0;Linksaußen;Startaufstellung
49239;Ukraine;Dynamo Kiew;Oleg Gusev;23;1000000.0;Rechtsaußen;Startaufstellung
49239;Ukraine;Bayer 04 Leverkusen;Andriy Voronin;26;5500000.0;Hängende Spitze;Startaufstellung
49239;Ukraine;AC Mailand;Andriy Shevchenko;29;51000000.0;Mittelstürmer;Startaufstellung
49239;Spanien;FC Valencia;Santiago Cañizares;36;5500000.0;Torwart;Reservebank
49239;Spanien;FC Valencia;Carlos Marchena;26;13000000.0;Innenverteidiger;Reservebank
49239;Spanien;Real Betis Sevilla;Juanito;29;6000000.0;Innenverteidiger;Reservebank
49239;Spanien;Atlético Madrid;Antonio López;24;10500000.0;Linker Verteidiger;Reservebank
49239;Spanien;Real Madrid;Míchel Salgado;30;5000000.0;Rechter Verteidiger;Reservebank
49239;Spanien;FC Valencia;David Albelda;28;15000000.0;Defensives Mittelfeld;Reservebank
49239;Spanien;Deportivo Alavés;Juanito;26;1000000.0;Defensives Mittelfeld;Reservebank
49239;Spanien;FC Barcelona;Andrés Iniesta;22;12000000.0;Zentrales Mittelfeld;Reservebank
49239;Spanien;FC Arsenal;Cesc Fàbregas;19;13500000.0;Offensives Mittelfeld;Reservebank
49239;Spanien;FC Arsenal;José Antonio Reyes;22;17000000.0;Rechtsaußen;Reservebank
49239;Spanien;Real Betis Sevilla;Joaquín;24;22000000.0;Rechtsaußen;Reservebank
49239;Spanien;Real Madrid;Raúl;28;17500000.0;Hängende Spitze;Reservebank
49239;Ukraine;Vorskla Poltava;Andriy Pyatov;21;600000.0;Torwart;Reservebank
49239;Ukraine;Shakhtar Donetsk;Bogdan Shust;20;600000.0;Torwart;Reservebank
49239;Ukraine;FK Kharkiv;Oleksandr Yatsenko;21;450000.0;Innenverteidiger;Reservebank
49239;Ukraine;Shakhtar Donetsk;Dmytro Chygrynskiy;19;750000.0;Innenverteidiger;Reservebank
49239;Ukraine;Arsenal Kiew;Vyacheslav Svidersky;27;1000000.0;Innenverteidiger;Reservebank
49239;Ukraine;Dnipro Dnipropetrovsk;Oleg Shelayev;29;1200000.0;Defensives Mittelfeld;Reservebank
49239;Ukraine;Spartak Moskau;Maksym Kalinichenko;27;2200000.0;Linkes Mittelfeld;Reservebank
49239;Ukraine;Dnipro Dnipropetrovsk;Sergiy Nazarenko;26;1000000.0;Offensives Mittelfeld;Reservebank
49239;Ukraine;Dynamo Kiew;Sergiy Rebrov;32;1500000.0;Linksaußen;Reservebank
49239;Ukraine;Shakhtar Donetsk;Oleksiy Belik;25;2000000.0;Mittelstürmer;Reservebank
49239;Ukraine;Dynamo Kiew;Artem Milevsky;21;700000.0;Mittelstürmer;Reservebank
49239;Ukraine;Shakhtar Donetsk;Andriy Vorobey;27;2500000.0;Mittelstürmer;Reservebank
