GameId;team;club;name;age;value;position;role
49316;Deutschland;FC Arsenal;Jens Lehmann;36;5500000.0;Torwart;Startaufstellung
49316;Deutschland;Hannover 96;Per Mertesacker;21;7500000.0;Innenverteidiger;Startaufstellung
49316;Deutschland;Borussia Dortmund;Christoph Metzelder;25;4000000.0;Innenverteidiger;Startaufstellung
49316;Deutschland;FC Bayern München;Philipp Lahm;22;7500000.0;Linker Verteidiger;Startaufstellung
49316;Deutschland;Hertha BSC;Arne Friedrich;27;7500000.0;Rechter Verteidiger;Startaufstellung
49316;Deutschland;SV Werder Bremen;Torsten Frings;29;10000000.0;Defensives Mittelfeld;Startaufstellung
49316;Deutschland;FC Bayern München;Michael Ballack;29;35000000.0;Zentrales Mittelfeld;Startaufstellung
49316;Deutschland;Bayer 04 Leverkusen;Bernd Schneider;32;3200000.0;Rechtes Mittelfeld;Startaufstellung
49316;Deutschland;FC Bayern München;Bastian Schweinsteiger;21;8000000.0;Linkes Mittelfeld;Startaufstellung
49316;Deutschland;1.FC Köln;Lukas Podolski;21;12000000.0;Mittelstürmer;Startaufstellung
49316;Deutschland;SV Werder Bremen;Miroslav Klose;28;20000000.0;Mittelstürmer;Startaufstellung
49316;Polen;Celtic Glasgow;Artur Boruc;26;4500000.0;Torwart;Startaufstellung
49316;Polen;Al Rayyan Sports Club;Jacek Bak;33;1750000.0;Innenverteidiger;Startaufstellung
49316;Polen;Lech Posen;Bartosz Bosacki;30;600000.0;Innenverteidiger;Startaufstellung
49316;Polen;RSC Anderlecht;Michal Zewlakow;30;2000000.0;Linker Verteidiger;Startaufstellung
49316;Polen;Wisla Krakau;Marcin Baszczynski;29;3850000.0;Rechter Verteidiger;Startaufstellung
49316;Polen;Wisla Krakau;Radoslaw Sobolewski;29;3700000.0;Defensives Mittelfeld;Startaufstellung
49316;Polen;FK Austria Wien;Arkadiusz Radomski;28;1700000.0;Defensives Mittelfeld;Startaufstellung
49316;Polen;Wisla Plock;Ireneusz Jelen;25;2300000.0;Rechtes Mittelfeld;Startaufstellung
49316;Polen;Bayer 04 Leverkusen;Jacek Krzynowek;30;3250000.0;Linkes Mittelfeld;Startaufstellung
49316;Polen;Borussia Dortmund;Ebi Smolarek;25;4000000.0;Offensives Mittelfeld;Startaufstellung
49316;Polen;Celtic Glasgow;Maciej Zurawski;29;8000000.0;Mittelstürmer;Startaufstellung
49316;Deutschland;FC Bayern München;Oliver Kahn;36;4500000.0;Torwart;Reservebank
49316;Deutschland;VfB Stuttgart;Timo Hildebrand;27;7500000.0;Torwart;Reservebank
49316;Deutschland;Bayer 04 Leverkusen;Jens Nowotny;32;2000000.0;Libero;Reservebank
49316;Deutschland;FC Chelsea;Robert Huth;21;2750000.0;Innenverteidiger;Reservebank
49316;Deutschland;Borussia Mönchengladbach;Marcell Jansen;20;6000000.0;Linker Verteidiger;Reservebank
49316;Deutschland;Borussia Dortmund;Sebastian Kehl;26;8000000.0;Defensives Mittelfeld;Reservebank
49316;Deutschland;VfB Stuttgart;Thomas Hitzlsperger;24;2500000.0;Zentrales Mittelfeld;Reservebank
49316;Deutschland;SV Werder Bremen;Tim Borowski;26;11000000.0;Zentrales Mittelfeld;Reservebank
49316;Deutschland;Borussia Dortmund;David Odonkor;22;3500000.0;Rechtsaußen;Reservebank
49316;Deutschland;VfL Wolfsburg;Mike Hanke;22;3500000.0;Mittelstürmer;Reservebank
49316;Deutschland;Borussia Mönchengladbach;Oliver Neuville;33;3500000.0;Mittelstürmer;Reservebank
49316;Deutschland;FC Schalke 04;Gerald Asamoah;27;5000000.0;Mittelstürmer;Reservebank
49316;Polen;West Bromwich Albion;Tomasz Kuszczak;24;3500000.0;Torwart;Reservebank
49316;Polen;Legia Warschau;Lukasz Fabianski;21;2500000.0;Torwart;Reservebank
49316;Polen;FK Moskau;Mariusz Jop;27;3500000.0;Innenverteidiger;Reservebank
49316;Polen;Wisla Krakau;Dariusz Dudka;22;2200000.0;Innenverteidiger;Reservebank
49316;Polen;Metalist Kharkiv;Seweryn Gancarczyk;24;700000.0;Linker Verteidiger;Reservebank
49316;Polen;Shakhtar Donetsk;Mariusz Lewandowski;27;4250000.0;Defensives Mittelfeld;Reservebank
49316;Polen;Trabzonspor;Miroslaw Szymkowiak;29;4700000.0;Zentrales Mittelfeld;Reservebank
49316;Polen;FC Southampton;Kamil Kosowski;28;2750000.0;Linkes Mittelfeld;Reservebank
49316;Polen;FK Austria Wien;Sebastian Mila;23;1200000.0;Offensives Mittelfeld;Reservebank
49316;Polen;Cracovia Krakau;Piotr Giza;26;900000.0;Offensives Mittelfeld;Reservebank
49316;Polen;FC Southampton;Grzegorz Rasiak;27;3500000.0;Mittelstürmer;Reservebank
49316;Polen;Wisla Krakau;Pawel Brozek;23;3250000.0;Mittelstürmer;Reservebank
