GameId;team;club;name;age;value;position;role
49317;Ecuador;LDU Quito;Christian Mora;26;300000.0;Torwart;Startaufstellung
49317;Ecuador;Al Arabi Sports Club;Iván Hurtado;31;750000.0;Innenverteidiger;Startaufstellung
49317;Ecuador;LDU Quito;Giovanny Espinoza;29;250000.0;Innenverteidiger;Startaufstellung
49317;Ecuador;LDU Quito;Néicer Reascos;28;250000.0;Linker Verteidiger;Startaufstellung
49317;Ecuador;Aston Villa;Ulises de la Cruz;32;1500000.0;Rechter Verteidiger;Startaufstellung
49317;Ecuador;Barcelona SC Guayaquil;Edwin Tenorio;29;450000.0;Defensives Mittelfeld;Startaufstellung
49317;Ecuador;CD El Nacional;Segundo Castillo;24;400000.0;Defensives Mittelfeld;Startaufstellung
49317;Ecuador;LDU Quito;Édison Méndez;27;2500000.0;Rechtes Mittelfeld;Startaufstellung
49317;Ecuador;Recreativo Huelva;Antonio Valencia;20;2250000.0;Linkes Mittelfeld;Startaufstellung
49317;Ecuador;LDU Quito;Agustín Delgado;31;1000000.0;Mittelstürmer;Startaufstellung
49317;Ecuador;Al Sadd Sports Club;Carlos Tenorio;27;250000.0;Mittelstürmer;Startaufstellung
49317;Costa Rica;Deportivo Saprissa;Francisco Porras;35;300000.0;Torwart;Startaufstellung
49317;Costa Rica;LD Alajuelense;Luis Marín;31;400000.0;Innenverteidiger;Startaufstellung
49317;Costa Rica;Brujas FC;Michael Umaña;23;300000.0;Innenverteidiger;Startaufstellung
49317;Costa Rica;;Leonardo González;25;400000.0;Linker Verteidiger;Startaufstellung
49317;Costa Rica;LD Alajuelense;Hárold Wallace;30;300000.0;Rechter Verteidiger;Startaufstellung
49317;Costa Rica;Real Salt Lake City;Douglas Sequeira;28;400000.0;Defensives Mittelfeld;Startaufstellung
49317;Costa Rica;CS Cartaginés;Danny Fonseca;26;450000.0;Defensives Mittelfeld;Startaufstellung
49317;Costa Rica;Deportivo Saprissa;Wálter Centeno;31;2000000.0;Rechtes Mittelfeld;Startaufstellung
49317;Costa Rica;CSD Comunicaciones;Mauricio Solís;33;300000.0;Linkes Mittelfeld;Startaufstellung
49317;Costa Rica;Deportivo Saprissa;Rónald Gómez;31;1000000.0;Mittelstürmer;Startaufstellung
49317;Costa Rica;CS Herediano;Paulo Wanchope;29;1750000.0;Mittelstürmer;Startaufstellung
49317;Ecuador;Deportivo Quito;Edwin Villafuerte;27;600000.0;Torwart;Reservebank
49317;Ecuador;SD Aucas;Damián Lanza;24;500000.0;Torwart;Reservebank
49317;Ecuador;CD El Nacional;Jorge Guagua;24;500000.0;Innenverteidiger;Reservebank
49317;Ecuador;CD Olmedo;José Perlaza;24;500000.0;Innenverteidiger;Reservebank
49317;Ecuador;LDU Quito;Paúl Ambrosi;25;1200000.0;Linker Verteidiger;Reservebank
49317;Ecuador;Deportivo Quito;Marlon Ayoví;34;500000.0;Defensives Mittelfeld;Reservebank
49317;Ecuador;LDU Quito;Patricio Urrutia;28;1000000.0;Zentrales Mittelfeld;Reservebank
49317;Ecuador;CD El Nacional;Christian Lara;26;250000.0;Offensives Mittelfeld;Reservebank
49317;Ecuador;Deportivo Quito;Luis Saritama;22;800000.0;Offensives Mittelfeld;Reservebank
49317;Ecuador;CD El Nacional;Christian Benítez;20;400000.0;Mittelstürmer;Reservebank
49317;Ecuador;CD El Nacional;Félix Borja;23;2000000.0;Mittelstürmer;Reservebank
49317;Ecuador;CS Norte América;Iván Kaviedes;28;600000.0;Mittelstürmer;Reservebank
49317;Costa Rica;CS Herediano;Álvaro Mesén;33;750000.0;Torwart;Reservebank
49317;Costa Rica;LD Alajuelense;Wardy Alfaro;28;250000.0;Torwart;Reservebank
49317;Costa Rica;Brescia Calcio;Gilberto Martínez;26;3000000.0;Innenverteidiger;Reservebank
49317;Costa Rica;Deportivo Saprissa;Gabriel Badilla †;21;400000.0;Innenverteidiger;Reservebank
49317;Costa Rica;LD Alajuelense;Michael Rodríguez;24;300000.0;Innenverteidiger;Reservebank
49317;Costa Rica;Deportivo Saprissa;Jervis Drummond;29;700000.0;Rechter Verteidiger;Reservebank
49317;Costa Rica;Deportivo Saprissa;Randall Azofeifa;21;600000.0;Defensives Mittelfeld;Reservebank
49317;Costa Rica;;Carlos Hernández;24;550000.0;Offensives Mittelfeld;Reservebank
49317;Costa Rica;Deportivo Saprissa;Christian Bolaños;22;700000.0;Rechtsaußen;Reservebank
49317;Costa Rica;Puntarenas FC;Kurt Bernard;28;800000.0;Mittelstürmer;Reservebank
49317;Costa Rica;;Álvaro Saborío;24;450000.0;Mittelstürmer;Reservebank
49317;Costa Rica;CS Cartaginés;Víctor Núnez;26;300000.0;Mittelstürmer;Reservebank
