GameId;team;club;name;age;value;position;role
49326;Mexiko;Deportivo Guadalajara;Oswaldo Sánchez;32;2250000.0;Torwart;Startaufstellung
49326;Mexiko;Deportivo Guadalajara;Carlos Salcido;26;1000000.0;Innenverteidiger;Startaufstellung
49326;Mexiko;FC Barcelona;Rafael Márquez;27;16000000.0;Innenverteidiger;Startaufstellung
49326;Mexiko;CD Cruz Azul;Ricardo Osorio;26;1500000.0;Innenverteidiger;Startaufstellung
49326;Mexiko;CD Cruz Azul;Gerardo Torrado;27;2500000.0;Defensives Mittelfeld;Startaufstellung
49326;Mexiko;CF América;Pável Pardo;29;2000000.0;Defensives Mittelfeld;Startaufstellung
49326;Mexiko;CF Monterrey;Mario Méndez;27;1500000.0;Rechtes Mittelfeld;Startaufstellung
49326;Mexiko;Deportivo Guadalajara;Gonzalo Pineda;23;1000000.0;Linkes Mittelfeld;Startaufstellung
49326;Mexiko;Deportivo Toluca;Sinha;30;1250000.0;Offensives Mittelfeld;Startaufstellung
49326;Mexiko;FC Villarreal;Guillermo Franco;29;2500000.0;Mittelstürmer;Startaufstellung
49326;Mexiko;Deportivo Guadalajara;Omar Bravo;26;1750000.0;Mittelstürmer;Startaufstellung
49326;Angola;Moreirense FC;João Ricardo;36;250000.0;Torwart;Startaufstellung
49326;Angola;;Jamba;28;400000.0;Innenverteidiger;Startaufstellung
49326;Angola;FC Barreirense;Kali;27;400000.0;Innenverteidiger;Startaufstellung
49326;Angola;CA Petróleos Luanda;Luís Delgado;26;50000.0;Linker Verteidiger;Startaufstellung
49326;Angola;CD 1º de Agosto;Loco;21;300000.0;Rechter Verteidiger;Startaufstellung
49326;Angola;Al-Kuwait Sports Club;André Macanga;28;1200000.0;Defensives Mittelfeld;Startaufstellung
49326;Angola;Varzim SC;Mendonça;23;500000.0;Zentrales Mittelfeld;Startaufstellung
49326;Angola;Varzim SC;Figueiredo;33;350000.0;Zentrales Mittelfeld;Startaufstellung
49326;Angola;Gil Vicente FC;Mateus;21;800000.0;Linksaußen;Startaufstellung
49326;Angola;;Zé Kalanga;22;300000.0;Rechtsaußen;Startaufstellung
49326;Angola;Vereinslos;Akwá;29;2000000.0;Mittelstürmer;Startaufstellung
49326;Mexiko;Tecos de la Universidad Autónoma de Guadalajara;Jesús Corona;25;350000.0;Torwart;Reservebank
49326;Mexiko;CF América;Guillermo Ochoa;20;300000.0;Torwart;Reservebank
49326;Mexiko;CD Chivas USA;Claudio Suárez;37;200000.0;Innenverteidiger;Reservebank
49326;Mexiko;Deportivo Guadalajara;Maza;24;700000.0;Innenverteidiger;Reservebank
49326;Mexiko;CF América;José Antonio Castro;25;500000.0;Rechter Verteidiger;Reservebank
49326;Mexiko;Atlas Guadalajara;Andrés Guardado;19;600000.0;Defensives Mittelfeld;Reservebank
49326;Mexiko;Atlas Guadalajara;Rafael García;31;1000000.0;Defensives Mittelfeld;Reservebank
49326;Mexiko;CF Monterrey;Luis Ernesto Pérez;25;2000000.0;Zentrales Mittelfeld;Reservebank
49326;Mexiko;Deportivo Guadalajara;Ramón Morales;30;1650000.0;Linksaußen;Reservebank
49326;Mexiko;CF Monterrey;Jesús Arellano;33;2000000.0;Rechtsaußen;Reservebank
49326;Mexiko;Bolton Wanderers;Jared Borgetti;32;2500000.0;Mittelstürmer;Reservebank
49326;Mexiko;CD Cruz Azul;Francisco Fonseca;26;2500000.0;Mittelstürmer;Reservebank
49326;Angola;CA Petróleos Luanda;Lamá;25;100000.0;Torwart;Reservebank
49326;Angola;;Mario;21;50000.0;Torwart;Reservebank
49326;Angola;CA Petróleos Luanda;Lebo Lebo;29;200000.0;Innenverteidiger;Reservebank
49326;Angola;Leeds United;Rui Marques;28;500000.0;Innenverteidiger;Reservebank
49326;Angola;Portimonense SC;Marco Abreu;31;300000.0;Linker Verteidiger;Reservebank
49326;Angola;FC Barreirense;Marco Airosa;21;400000.0;Rechter Verteidiger;Reservebank
49326;Angola;;Miloy;25;300000.0;Defensives Mittelfeld;Reservebank
49326;Angola;FC Paços de Ferreira;Edson Nobre;26;600000.0;Rechtes Mittelfeld;Reservebank
49326;Angola;Benfica Lissabon;Mantorras;24;4250000.0;Mittelstürmer;Reservebank
49326;Angola;El Ahly Kairo;Flávio;26;500000.0;Mittelstürmer;Reservebank
49326;Angola;;Love;27;200000.0;Mittelstürmer;Reservebank
49326;Angola;Clermont Foot Auvergne 63;André Buengo;26;150000.0;Mittelstürmer;Reservebank
