GameId;team;club;name;age;value;position;role
49324;Brasilien;AC Mailand;Dida;32;11000000.0;Torwart;Startaufstellung
49324;Brasilien;FC Bayern München;Lúcio;28;21500000.0;Innenverteidiger;Startaufstellung
49324;Brasilien;Bayer 04 Leverkusen;Juan;27;7000000.0;Innenverteidiger;Startaufstellung
49324;Brasilien;Real Madrid;Roberto Carlos;33;6500000.0;Linker Verteidiger;Startaufstellung
49324;Brasilien;AC Mailand;Cafú;36;2000000.0;Rechter Verteidiger;Startaufstellung
49324;Brasilien;Juventus Turin;Émerson;30;26000000.0;Defensives Mittelfeld;Startaufstellung
49324;Brasilien;FC Bayern München;Zé Roberto;31;8500000.0;Zentrales Mittelfeld;Startaufstellung
49324;Brasilien;FC Barcelona;Ronaldinho;26;70000000.0;Linksaußen;Startaufstellung
49324;Brasilien;AC Mailand;Kaká;24;35000000.0;Rechtsaußen;Startaufstellung
49324;Brasilien;FC Internazionale;Adriano;24;32000000.0;Mittelstürmer;Startaufstellung
49324;Brasilien;Real Madrid;Ronaldo;29;27500000.0;Mittelstürmer;Startaufstellung
49324;Australien;FC Middlesbrough;Mark Schwarzer;33;3750000.0;Torwart;Startaufstellung
49324;Australien;Crystal Palace;Anthony Popovic;32;1000000.0;Innenverteidiger;Startaufstellung
49324;Australien;Blackburn Rovers;Lucas Neill;28;3000000.0;Innenverteidiger;Startaufstellung
49324;Australien;Newcastle United;Craig Moore;30;800000.0;Innenverteidiger;Startaufstellung
49324;Australien;Parma FC;Vince Grella;26;2500000.0;Zentrales Mittelfeld;Startaufstellung
49324;Australien;Blackburn Rovers;Brett Emerton;27;4500000.0;Rechtes Mittelfeld;Startaufstellung
49324;Australien;FC Basel 1893;Scott Chipperfield;30;2400000.0;Linkes Mittelfeld;Startaufstellung
49324;Australien;FC Everton;Tim Cahill;26;8500000.0;Offensives Mittelfeld;Startaufstellung
49324;Australien;FC Basel 1893;Mile Sterjovski;27;750000.0;Linksaußen;Startaufstellung
49324;Australien;PSV Eindhoven;Jason Culina;25;3000000.0;Rechtsaußen;Startaufstellung
49324;Australien;FC Middlesbrough;Mark Viduka;30;5500000.0;Mittelstürmer;Startaufstellung
49324;Brasilien;FC Internazionale;Júlio César;26;6000000.0;Torwart;Reservebank
49324;Brasilien;FC São Paulo;Rogério Ceni;33;2000000.0;Torwart;Reservebank
49324;Brasilien;Benfica Lissabon;Luisão;25;10000000.0;Innenverteidiger;Reservebank
49324;Brasilien;Olympique Lyon;Cris;29;15000000.0;Innenverteidiger;Reservebank
49324;Brasilien;Real Madrid;Cicinho;25;12500000.0;Rechter Verteidiger;Reservebank
49324;Brasilien;FC Arsenal;Gilberto Silva;29;7750000.0;Defensives Mittelfeld;Reservebank
49324;Brasilien;FC São Paulo;Mineiro;30;3000000.0;Defensives Mittelfeld;Reservebank
49324;Brasilien;Hertha BSC;Gilberto;30;4000000.0;Zentrales Mittelfeld;Reservebank
49324;Brasilien;Corinthians Sao Paulo;Ricardinho;30;3000000.0;Offensives Mittelfeld;Reservebank
49324;Brasilien;Olympique Lyon;Juninho Pernambucano;31;18000000.0;Offensives Mittelfeld;Reservebank
49324;Brasilien;Real Madrid;Robinho;22;25000000.0;Hängende Spitze;Reservebank
49324;Brasilien;Olympique Lyon;Fred;22;12000000.0;Mittelstürmer;Reservebank
49324;Australien;Hammarby IF;Ante Covic;31;300000.0;Torwart;Reservebank
49324;Australien;AC Mailand;Zeljko Kalac;33;600000.0;Torwart;Reservebank
49324;Australien;Central Coast Mariners;Michael Beauchamp;25;275000.0;Innenverteidiger;Reservebank
49324;Australien;Bristol City;Luke Wilkshire;24;500000.0;Rechter Verteidiger;Reservebank
49324;Australien;Sydney FC;Mark Milligan;20;300000.0;Defensives Mittelfeld;Reservebank
49324;Australien;Wigan Athletic;Josip Skoko;30;2600000.0;Zentrales Mittelfeld;Reservebank
49324;Australien;Parma FC;Mark Bresciano;26;4500000.0;Linksaußen;Reservebank
49324;Australien;Birmingham City;Stan Lazaridis;33;2750000.0;Linkes Mittelfeld;Reservebank
49324;Australien;FC Liverpool;Harry Kewell;27;7400000.0;Hängende Spitze;Reservebank
49324;Australien;Deportivo Alavés;John Aloisi;30;2250000.0;Mittelstürmer;Reservebank
49324;Australien;PSV Eindhoven;Archie Thompson;27;750000.0;Mittelstürmer;Reservebank
49324;Australien;SG Dynamo Dresden;Joshua Kennedy;23;1000000.0;Mittelstürmer;Reservebank
