GameId;team;club;name;age;value;position;role
49323;Niederlande;Manchester United;Edwin van der Sar;35;5000000.0;Torwart;Startaufstellung
49323;Niederlande;AZ Alkmaar;Joris Mathijsen;26;6000000.0;Innenverteidiger;Startaufstellung
49323;Niederlande;PSV Eindhoven;André Ooijer;31;2500000.0;Innenverteidiger;Startaufstellung
49323;Niederlande;FC Barcelona;Giovanni van Bronckhorst;31;6000000.0;Linker Verteidiger;Startaufstellung
49323;Niederlande;Ajax Amsterdam;Johnny Heitinga;22;4500000.0;Rechter Verteidiger;Startaufstellung
49323;Niederlande;PSV Eindhoven;Phillip Cocu;35;3500000.0;Defensives Mittelfeld;Startaufstellung
49323;Niederlande;FC Barcelona;Mark van Bommel;29;12000000.0;Defensives Mittelfeld;Startaufstellung
49323;Niederlande;Ajax Amsterdam;Wesley Sneijder;22;10000000.0;Offensives Mittelfeld;Startaufstellung
49323;Niederlande;FC Chelsea;Arjen Robben;22;25700000.0;Linksaußen;Startaufstellung
49323;Niederlande;FC Arsenal;Robin van Persie;22;8500000.0;Rechtsaußen;Startaufstellung
49323;Niederlande;Manchester United;Ruud van Nistelrooy;29;32000000.0;Mittelstürmer;Startaufstellung
49323;Elfenbeinküste;Esperance Tunis;Jean-Jacques Tizie;33;300000.0;Torwart;Startaufstellung
49323;Elfenbeinküste;FC Arsenal;Kolo Touré;25;10000000.0;Innenverteidiger;Startaufstellung
49323;Elfenbeinküste;Olympique Marseille;Abdoulaye Méïté;25;4000000.0;Innenverteidiger;Startaufstellung
49323;Elfenbeinküste;RC Straßburg Alsace;Arthur Boka;23;2350000.0;Linker Verteidiger;Startaufstellung
49323;Elfenbeinküste;FC Arsenal;Emmanuel Eboué;23;4500000.0;Rechter Verteidiger;Startaufstellung
49323;Elfenbeinküste;AS Saint-Étienne;Didier Zokora;25;7000000.0;Defensives Mittelfeld;Startaufstellung
49323;Elfenbeinküste;Le Mans Union Club 72;Romaric;23;1200000.0;Zentrales Mittelfeld;Startaufstellung
49323;Elfenbeinküste;Olympiakos Piräus;Yaya Touré;23;8000000.0;Zentrales Mittelfeld;Startaufstellung
49323;Elfenbeinküste;PSV Eindhoven;Arouna Koné;22;6000000.0;Linksaußen;Startaufstellung
49323;Elfenbeinküste;OGC Nizza;Bakari Koné;24;3000000.0;Rechtsaußen;Startaufstellung
49323;Elfenbeinküste;FC Chelsea;Didier Drogba;28;24500000.0;Mittelstürmer;Startaufstellung
49323;Niederlande;AZ Alkmaar;Henk Timmer;34;2500000.0;Torwart;Reservebank
49323;Niederlande;Ajax Amsterdam;Maarten Stekelenburg;23;2500000.0;Torwart;Reservebank
49323;Niederlande;AZ Alkmaar;Kew Jaliens;27;1000000.0;Innenverteidiger;Reservebank
49323;Niederlande;Hamburger SV;Khalid Boulahrouz;24;10500000.0;Innenverteidiger;Reservebank
49323;Niederlande;AZ Alkmaar;Tim de Cler;27;3250000.0;Linker Verteidiger;Reservebank
49323;Niederlande;FC Liverpool;Jan Kromkamp;25;5000000.0;Rechter Verteidiger;Reservebank
49323;Niederlande;Ajax Amsterdam;Hedwiges Maduro;21;3000000.0;Defensives Mittelfeld;Reservebank
49323;Niederlande;AZ Alkmaar;Denny Landzaat;30;7000000.0;Zentrales Mittelfeld;Reservebank
49323;Niederlande;Hamburger SV;Rafael van der Vaart;23;21000000.0;Offensives Mittelfeld;Reservebank
49323;Niederlande;Ajax Amsterdam;Ryan Babel;19;4000000.0;Linksaußen;Reservebank
49323;Niederlande;Feyenoord Rotterdam;Dirk Kuyt;25;17500000.0;Rechtsaußen;Reservebank
49323;Niederlande;PSV Eindhoven;Jan Vennegoor of Hesselink;27;6000000.0;Mittelstürmer;Reservebank
49323;Elfenbeinküste;HSC Montpellier;Gérard Gnanhouan;27;1000000.0;Torwart;Reservebank
49323;Elfenbeinküste;KSK Beveren;Boubacar Copa;26;900000.0;Torwart;Reservebank
49323;Elfenbeinküste;ES Troyes AC;Blaise Kouassi;31;1800000.0;Innenverteidiger;Reservebank
49323;Elfenbeinküste;FC Messina Peloro;Marco Zoro;22;1500000.0;Innenverteidiger;Reservebank
49323;Elfenbeinküste;US Créteil-Lusitanos;Cyril Domoraud;34;1000000.0;Innenverteidiger;Reservebank
49323;Elfenbeinküste;Hamburger SV;Guy Demel;25;4750000.0;Rechter Verteidiger;Reservebank
49323;Elfenbeinküste;BSC Young Boys;Gilles Yapi;24;2500000.0;Defensives Mittelfeld;Reservebank
49323;Elfenbeinküste;FC Nantes;Emerse Faé;22;3000000.0;Zentrales Mittelfeld;Reservebank
49323;Elfenbeinküste;AJ Auxerre;Kanga Akalé;25;3500000.0;Linksaußen;Reservebank
49323;Elfenbeinküste;LOSC Lille;Abdul Kader Keita;24;2000000.0;Rechtsaußen;Reservebank
49323;Elfenbeinküste;FC Paris Saint-Germain;Bonaventure Kalou;28;6500000.0;Rechtsaußen;Reservebank
49323;Elfenbeinküste;RC Lens;Aruna Dindane;25;4000000.0;Hängende Spitze;Reservebank
