GameId;team;club;name;age;value;position;role
49325;Japan;Júbilo Iwata;Yoshikatsu Kawaguchi;30;2500000.0;Torwart;Startaufstellung
49325;Japan;Gamba Osaka;Tsuneyasu Miyamoto;29;2400000.0;Innenverteidiger;Startaufstellung
49325;Japan;Yokohama F. Marinos;Yuji Nakazawa;28;900000.0;Innenverteidiger;Startaufstellung
49325;Japan;Urawa Red Diamonds;Alex;28;3500000.0;Linker Verteidiger;Startaufstellung
49325;Japan;Gamba Osaka;Akira Kaji;26;850000.0;Rechter Verteidiger;Startaufstellung
49325;Japan;Júbilo Iwata;Takashi Fukunishi;29;1700000.0;Defensives Mittelfeld;Startaufstellung
49325;Japan;Bolton Wanderers;Hidetoshi Nakata;29;3500000.0;Zentrales Mittelfeld;Startaufstellung
49325;Japan;Kashima Antlers;Mitsuo Ogasawara;27;1500000.0;Rechtes Mittelfeld;Startaufstellung
49325;Japan;Celtic Glasgow;Shunsuke Nakamura;27;6500000.0;Linkes Mittelfeld;Startaufstellung
49325;Japan;Hamburger SV;Naohiro Takahara;27;1500000.0;Mittelstürmer;Startaufstellung
49325;Japan;Kashima Antlers;Atsushi Yanagisawa;29;500000.0;Mittelstürmer;Startaufstellung
49325;Kroatien;HNK Hajduk Split;Stipe Pletikosa;27;2500000.0;Torwart;Startaufstellung
49325;Kroatien;Hertha BSC;Josip Simunic;28;8000000.0;Innenverteidiger;Startaufstellung
49325;Kroatien;Juventus Turin;Robert Kovac;32;3000000.0;Innenverteidiger;Startaufstellung
49325;Kroatien;AC Mailand;Dario Simic;30;2000000.0;Innenverteidiger;Startaufstellung
49325;Kroatien;AC Siena;Igor Tudor;28;3500000.0;Defensives Mittelfeld;Startaufstellung
49325;Kroatien;Hertha BSC;Niko Kovac;34;1500000.0;Defensives Mittelfeld;Startaufstellung
49325;Kroatien;Shakhtar Donetsk;Darijo Srna;24;4250000.0;Rechtes Mittelfeld;Startaufstellung
49325;Kroatien;Bayer 04 Leverkusen;Marko Babic;25;2500000.0;Linkes Mittelfeld;Startaufstellung
49325;Kroatien;HNK Hajduk Split;Niko Kranjcar;21;5000000.0;Offensives Mittelfeld;Startaufstellung
49325;Kroatien;SV Werder Bremen;Ivan Klasnic;26;12000000.0;Mittelstürmer;Startaufstellung
49325;Kroatien;Glasgow Rangers;Dado Prso;31;7500000.0;Mittelstürmer;Startaufstellung
49325;Japan;Nagoya Grampus;Seigo Narazaki;30;1800000.0;Torwart;Reservebank
49325;Japan;FC Tokyo;Yoichi Doi;32;400000.0;Torwart;Reservebank
49325;Japan;FC Tokyo;Teruyuki Moniwa;24;750000.0;Innenverteidiger;Reservebank
49325;Japan;Urawa Red Diamonds;Keisuke Tsuboi;26;1600000.0;Innenverteidiger;Reservebank
49325;Japan;Sanfrecce Hiroshima;Yuichi Komano;24;400000.0;Rechter Verteidiger;Reservebank
49325;Japan;FC Basel 1893;Koji Nakata;26;2100000.0;Defensives Mittelfeld;Reservebank
49325;Japan;West Bromwich Albion;Junichi Inamoto;26;2250000.0;Defensives Mittelfeld;Reservebank
49325;Japan;Gamba Osaka;Yasuhito Endo;26;1600000.0;Zentrales Mittelfeld;Reservebank
49325;Japan;Urawa Red Diamonds;Shinji Ono;26;3750000.0;Offensives Mittelfeld;Reservebank
49325;Japan;Nagoya Grampus;Keiji Tamada;26;2250000.0;Hängende Spitze;Reservebank
49325;Japan;JEF United Chiba;Seiichiro Maki;25;400000.0;Mittelstürmer;Reservebank
49325;Japan;Grenoble Foot 38;Masashi Oguro;26;1250000.0;Mittelstürmer;Reservebank
49325;Kroatien;FC Brügge;Tomislav Butina;32;2750000.0;Torwart;Reservebank
49325;Kroatien;FK Austria Wien;Joey Didulica;28;3250000.0;Torwart;Reservebank
49325;Kroatien;FK Austria Wien;Mario Tokic;30;2750000.0;Innenverteidiger;Reservebank
49325;Kroatien;Galatasaray Istanbul;Stjepan Tomas;30;4000000.0;Innenverteidiger;Reservebank
49325;Kroatien;Panathinaikos Athen;Anthony Seric;27;2300000.0;Linker Verteidiger;Reservebank
49325;Kroatien;SV Werder Bremen;Jurica Vranjes;26;2500000.0;Defensives Mittelfeld;Reservebank
49325;Kroatien;Dynamo Kiew;Jerko Leko;26;5000000.0;Defensives Mittelfeld;Reservebank
49325;Kroatien;GNK Dinamo Zagreb;Luka Modric;20;2500000.0;Zentrales Mittelfeld;Reservebank
49325;Kroatien;FC Brügge;Ivan Leko;28;3200000.0;Offensives Mittelfeld;Reservebank
49325;Kroatien;GNK Dinamo Zagreb;Ivan Bosnjak;27;2250000.0;Hängende Spitze;Reservebank
49325;Kroatien;ZSKA Moskau;Ivica Olic;26;5250000.0;Mittelstürmer;Reservebank
49325;Kroatien;FC Brügge;Bosko Balaban;27;6000000.0;Mittelstürmer;Reservebank
