GameId;team;club;name;age;value;position;role
49335;Ghana;Ankaraspor;Richard Kingson;28;1000000.0;Torwart;Startaufstellung
49335;Ghana;Asante Kotoko Kumasi;Illiasu Shilla;23;250000.0;Innenverteidiger;Startaufstellung
49335;Ghana;FC Stade Rennes;John Mensah;23;2000000.0;Innenverteidiger;Startaufstellung
49335;Ghana;King Faisal Babies FC Kumasi;Habib Mohamed;22;250000.0;Linker Verteidiger;Startaufstellung
49335;Ghana;Hapoel Tel Aviv;John Paintsil;25;750000.0;Rechter Verteidiger;Startaufstellung
49335;Ghana;FC Chelsea;Michael Essien;23;28000000.0;Defensives Mittelfeld;Startaufstellung
49335;Ghana;Fenerbahce Istanbul;Stephen Appiah;25;7250000.0;Defensives Mittelfeld;Startaufstellung
49335;Ghana;AIK Solna;Derek Boateng;23;400000.0;Rechtes Mittelfeld;Startaufstellung
49335;Ghana;Roter Stern Belgrad;Draman Haminu;20;350000.0;Linkes Mittelfeld;Startaufstellung
49335;Ghana;FC Kopenhagen;Razak Pimpong;23;800000.0;Mittelstürmer;Startaufstellung
49335;Ghana;Borussia Dortmund;Matthew Amoah;25;2000000.0;Mittelstürmer;Startaufstellung
49335;Vereinigte Staaten;Borussia Mönchengladbach;Kasey Keller;36;3000000.0;Torwart;Startaufstellung
49335;Vereinigte Staaten;Kansas City Wizards;Jimmy Conrad;29;500000.0;Innenverteidiger;Startaufstellung
49335;Vereinigte Staaten;Standard Lüttich;Oguchi Onyewu;24;5000000.0;Innenverteidiger;Startaufstellung
49335;Vereinigte Staaten;FC Fulham;Carlos Bocanegra;27;2500000.0;Linker Verteidiger;Startaufstellung
49335;Vereinigte Staaten;Hannover 96;Steven Cherundolo;27;3000000.0;Rechter Verteidiger;Startaufstellung
49335;Vereinigte Staaten;Manchester City;Claudio Reyna;32;3600000.0;Defensives Mittelfeld;Startaufstellung
49335;Vereinigte Staaten;New England Revolution;Clint Dempsey;23;1000000.0;Rechtes Mittelfeld;Startaufstellung
49335;Vereinigte Staaten;Leeds United;Eddie Lewis;32;1250000.0;Linkes Mittelfeld;Startaufstellung
49335;Vereinigte Staaten;PSV Eindhoven;DaMarcus Beasley;24;3500000.0;Offensives Mittelfeld;Startaufstellung
49335;Vereinigte Staaten;Los Angeles Galaxy;Landon Donovan;24;2500000.0;Offensives Mittelfeld;Startaufstellung
49335;Vereinigte Staaten;FC Fulham;Brian McBride;34;1500000.0;Mittelstürmer;Startaufstellung
49335;Ghana;Ashanti Gold SC;George Owu;23;450000.0;Torwart;Reservebank
49335;Ghana;FC Ashdod;Sammy Adjei;25;850000.0;Torwart;Reservebank
49335;Ghana;Hearts of Oak;Daniel Quaye;25;250000.0;Abwehr;Reservebank
49335;Ghana;AS Rom;Samuel Kuffour;29;2500000.0;Innenverteidiger;Reservebank
49335;Ghana;PSV Eindhoven;Eric Addo;27;750000.0;Innenverteidiger;Reservebank
49335;Ghana;Randers FC;Issah Ahmed;24;250000.0;Innenverteidiger;Reservebank
49335;Ghana;VfL Wolfsburg;Hans Sarpei;29;1000000.0;Linker Verteidiger;Reservebank
49335;Ghana;Hapoel Kfar Saba;Emmanuel Pappoe;25;500000.0;Defensives Mittelfeld;Reservebank
49335;Ghana;Udinese Calcio;Sulley Muntari;21;5500000.0;Zentrales Mittelfeld;Reservebank
49335;Ghana;1.FSV Mainz 05;Otto Addo;31;1200000.0;Offensives Mittelfeld;Reservebank
49335;Ghana;Modena FC 1912;Asamoah Gyan;20;1000000.0;Mittelstürmer;Reservebank
49335;Ghana;FC St. Gallen 1879;Alex Tachie-Mensah;29;1000000.0;Mittelstürmer;Reservebank
49335;Vereinigte Staaten;Manchester United;Tim Howard;27;2400000.0;Torwart;Reservebank
49335;Vereinigte Staaten;FC Reading;Marcus Hahnemann;34;700000.0;Torwart;Reservebank
49335;Vereinigte Staaten;FC Energie Cottbus;Gregg Berhalter;32;600000.0;Innenverteidiger;Reservebank
49335;Vereinigte Staaten;Real Salt Lake City;Eddie Pope;32;500000.0;Innenverteidiger;Reservebank
49335;Vereinigte Staaten;Los Angeles Galaxy;Chris Albright;27;500000.0;Rechter Verteidiger;Reservebank
49335;Vereinigte Staaten;CD Chivas USA;John O'Brien;28;2000000.0;Defensives Mittelfeld;Reservebank
49335;Vereinigte Staaten;Colorado Rapids;Pablo Mastroeni;29;900000.0;Defensives Mittelfeld;Reservebank
49335;Vereinigte Staaten;D.C. United;Ben Olsen;29;1000000.0;Rechtes Mittelfeld;Reservebank
49335;Vereinigte Staaten;FC Reading;Bobby Convey;23;1600000.0;Linkes Mittelfeld;Reservebank
49335;Vereinigte Staaten;Kansas City Wizards;Josh Wolff;29;1500000.0;Rechtsaußen;Reservebank
49335;Vereinigte Staaten;Kansas City Wizards;Eddie Johnson;22;1000000.0;Mittelstürmer;Reservebank
49335;Vereinigte Staaten;Houston Dynamo;Brian Ching;28;500000.0;Mittelstürmer;Reservebank
