GameId;team;club;name;age;value;position;role
49339;Kroatien;HNK Hajduk Split;Stipe Pletikosa;27;2500000.0;Torwart;Startaufstellung
49339;Kroatien;Hertha BSC;Josip Simunic;28;8000000.0;Innenverteidiger;Startaufstellung
49339;Kroatien;Galatasaray Istanbul;Stjepan Tomas;30;4000000.0;Innenverteidiger;Startaufstellung
49339;Kroatien;Bayer 04 Leverkusen;Marko Babic;25;2500000.0;Linker Verteidiger;Startaufstellung
49339;Kroatien;AC Mailand;Dario Simic;30;2000000.0;Rechter Verteidiger;Startaufstellung
49339;Kroatien;AC Siena;Igor Tudor;28;3500000.0;Defensives Mittelfeld;Startaufstellung
49339;Kroatien;Shakhtar Donetsk;Darijo Srna;24;4250000.0;Rechtes Mittelfeld;Startaufstellung
49339;Kroatien;Hertha BSC;Niko Kovac;34;1500000.0;Linkes Mittelfeld;Startaufstellung
49339;Kroatien;HNK Hajduk Split;Niko Kranjcar;21;5000000.0;Offensives Mittelfeld;Startaufstellung
49339;Kroatien;ZSKA Moskau;Ivica Olic;26;5250000.0;Mittelstürmer;Startaufstellung
49339;Kroatien;Glasgow Rangers;Dado Prso;31;7500000.0;Mittelstürmer;Startaufstellung
49339;Australien;AC Mailand;Zeljko Kalac;33;600000.0;Torwart;Startaufstellung
49339;Australien;Blackburn Rovers;Lucas Neill;28;3000000.0;Innenverteidiger;Startaufstellung
49339;Australien;Newcastle United;Craig Moore;30;800000.0;Innenverteidiger;Startaufstellung
49339;Australien;FC Basel 1893;Scott Chipperfield;30;2400000.0;Linker Verteidiger;Startaufstellung
49339;Australien;Blackburn Rovers;Brett Emerton;27;4500000.0;Rechter Verteidiger;Startaufstellung
49339;Australien;Parma FC;Vince Grella;26;2500000.0;Defensives Mittelfeld;Startaufstellung
49339;Australien;PSV Eindhoven;Jason Culina;25;3000000.0;Offensives Mittelfeld;Startaufstellung
49339;Australien;FC Everton;Tim Cahill;26;8500000.0;Offensives Mittelfeld;Startaufstellung
49339;Australien;FC Liverpool;Harry Kewell;27;7400000.0;Linksaußen;Startaufstellung
49339;Australien;FC Basel 1893;Mile Sterjovski;27;750000.0;Rechtsaußen;Startaufstellung
49339;Australien;FC Middlesbrough;Mark Viduka;30;5500000.0;Mittelstürmer;Startaufstellung
49339;Kroatien;FC Brügge;Tomislav Butina;32;2750000.0;Torwart;Reservebank
49339;Kroatien;FK Austria Wien;Joey Didulica;28;3250000.0;Torwart;Reservebank
49339;Kroatien;Juventus Turin;Robert Kovac;32;3000000.0;Innenverteidiger;Reservebank
49339;Kroatien;FK Austria Wien;Mario Tokic;30;2750000.0;Innenverteidiger;Reservebank
49339;Kroatien;Panathinaikos Athen;Anthony Seric;27;2300000.0;Linker Verteidiger;Reservebank
49339;Kroatien;SV Werder Bremen;Jurica Vranjes;26;2500000.0;Defensives Mittelfeld;Reservebank
49339;Kroatien;Dynamo Kiew;Jerko Leko;26;5000000.0;Defensives Mittelfeld;Reservebank
49339;Kroatien;GNK Dinamo Zagreb;Luka Modric;20;2500000.0;Offensives Mittelfeld;Reservebank
49339;Kroatien;FC Brügge;Ivan Leko;28;3200000.0;Offensives Mittelfeld;Reservebank
49339;Kroatien;GNK Dinamo Zagreb;Ivan Bosnjak;27;2250000.0;Hängende Spitze;Reservebank
49339;Kroatien;SV Werder Bremen;Ivan Klasnic;26;12000000.0;Mittelstürmer;Reservebank
49339;Kroatien;FC Brügge;Bosko Balaban;27;6000000.0;Mittelstürmer;Reservebank
49339;Australien;Hammarby IF;Ante Covic;31;300000.0;Torwart;Reservebank
49339;Australien;FC Middlesbrough;Mark Schwarzer;33;3750000.0;Torwart;Reservebank
49339;Australien;Crystal Palace;Anthony Popovic;32;1000000.0;Innenverteidiger;Reservebank
49339;Australien;Central Coast Mariners;Michael Beauchamp;25;275000.0;Innenverteidiger;Reservebank
49339;Australien;Bristol City;Luke Wilkshire;24;500000.0;Rechter Verteidiger;Reservebank
49339;Australien;Sydney FC;Mark Milligan;20;300000.0;Defensives Mittelfeld;Reservebank
49339;Australien;Wigan Athletic;Josip Skoko;30;2600000.0;Zentrales Mittelfeld;Reservebank
49339;Australien;Parma FC;Mark Bresciano;26;4500000.0;Rechtsaußen;Reservebank
49339;Australien;Birmingham City;Stan Lazaridis;33;2750000.0;Linkes Mittelfeld;Reservebank
49339;Australien;Deportivo Alavés;John Aloisi;30;2250000.0;Mittelstürmer;Reservebank
49339;Australien;PSV Eindhoven;Archie Thompson;27;750000.0;Mittelstürmer;Reservebank
49339;Australien;SG Dynamo Dresden;Joshua Kennedy;23;1000000.0;Mittelstürmer;Reservebank
