GameId;team;club;name;age;value;position;role
49334;Tschechien;FC Chelsea;Petr Cech;24;23000000.0;Torwart;Startaufstellung
49334;Tschechien;Spartak Moskau;Radoslav Kovac;26;4000000.0;Innenverteidiger;Startaufstellung
49334;Tschechien;FC Paris Saint-Germain;David Rozehnal;25;4000000.0;Innenverteidiger;Startaufstellung
49334;Tschechien;AC Mailand;Marek Jankulovski;29;10000000.0;Linker Verteidiger;Startaufstellung
49334;Tschechien;Ajax Amsterdam;Zdenek Grygera;26;3500000.0;Rechter Verteidiger;Startaufstellung
49334;Tschechien;1.FC Nürnberg;Jan Polak;25;4500000.0;Defensives Mittelfeld;Startaufstellung
49334;Tschechien;SK Dynamo Ceske Budejovice;Karel Poborsky;34;3000000.0;Rechtes Mittelfeld;Startaufstellung
49334;Tschechien;AS Monaco;Jaroslav Plasil;24;3000000.0;Linkes Mittelfeld;Startaufstellung
49334;Tschechien;Juventus Turin;Pavel Nedved;33;15000000.0;Offensives Mittelfeld;Startaufstellung
49334;Tschechien;Borussia Dortmund;Tomás Rosicky;25;11000000.0;Offensives Mittelfeld;Startaufstellung
49334;Tschechien;Aston Villa;Milan Baros;24;9000000.0;Mittelstürmer;Startaufstellung
49334;Italien;Juventus Turin;Gianluigi Buffon;28;30000000.0;Torwart;Startaufstellung
49334;Italien;Juventus Turin;Fabio Cannavaro;32;14000000.0;Innenverteidiger;Startaufstellung
49334;Italien;AC Mailand;Alessandro Nesta;30;29000000.0;Innenverteidiger;Startaufstellung
49334;Italien;US Palermo;Fabio Grosso;28;7000000.0;Linker Verteidiger;Startaufstellung
49334;Italien;Juventus Turin;Gianluca Zambrotta;29;26000000.0;Rechter Verteidiger;Startaufstellung
49334;Italien;AC Mailand;Andrea Pirlo;27;25000000.0;Defensives Mittelfeld;Startaufstellung
49334;Italien;AC Mailand;Gennaro Gattuso;28;17000000.0;Zentrales Mittelfeld;Startaufstellung
49334;Italien;Juventus Turin;Mauro Germán Camoranesi;29;18000000.0;Zentrales Mittelfeld;Startaufstellung
49334;Italien;AS Rom;Simone Perrotta;28;13500000.0;Offensives Mittelfeld;Startaufstellung
49334;Italien;AS Rom;Francesco Totti;29;37000000.0;Hängende Spitze;Startaufstellung
49334;Italien;AC Mailand;Alberto Gilardino;23;27000000.0;Mittelstürmer;Startaufstellung
49334;Tschechien;AC Sparta Prag;Jaromír Blazek;33;800000.0;Torwart;Reservebank
49334;Tschechien;Saturn Ramenskoe;Antonín Kinský;31;600000.0;Torwart;Reservebank
49334;Tschechien;Spartak Moskau;Martin Jiranek;27;3200000.0;Innenverteidiger;Reservebank
49334;Tschechien;AC Florenz;Tomás Ujfalusi;28;8000000.0;Innenverteidiger;Reservebank
49334;Tschechien;Zenit St. Petersburg;Pavel Mares;30;2000000.0;Linker Verteidiger;Reservebank
49334;Tschechien;Ajax Amsterdam;Tomás Galásek;33;2500000.0;Defensives Mittelfeld;Reservebank
49334;Tschechien;Hamburger SV;David Jarolím;27;6500000.0;Defensives Mittelfeld;Reservebank
49334;Tschechien;FK Austria Wien;Libor Sionko;29;2250000.0;Rechtsaußen;Reservebank
49334;Tschechien;Hannover 96;Jiri Stajner;30;3800000.0;Hängende Spitze;Reservebank
49334;Tschechien;Galatasaray Istanbul;Marek Heinz;28;2000000.0;Mittelstürmer;Reservebank
49334;Tschechien;Borussia Dortmund;Jan Koller;33;6500000.0;Mittelstürmer;Reservebank
49334;Tschechien;Red Bull Salzburg;Vratislav Lokvenc;32;2150000.0;Mittelstürmer;Reservebank
49334;Italien;Lazio Rom;Angelo Peruzzi;36;3000000.0;Torwart;Reservebank
49334;Italien;AS Livorno;Marco Amelia;24;11000000.0;Torwart;Reservebank
49334;Italien;FC Internazionale;Marco Materazzi;32;5000000.0;Innenverteidiger;Reservebank
49334;Italien;US Palermo;Cristian Zaccardo;24;8000000.0;Innenverteidiger;Reservebank
49334;Italien;US Palermo;Andrea Barzagli;25;10000000.0;Innenverteidiger;Reservebank
49334;Italien;Lazio Rom;Massimo Oddo;30;10000000.0;Rechter Verteidiger;Reservebank
49334;Italien;AS Rom;Daniele De Rossi;22;18000000.0;Defensives Mittelfeld;Reservebank
49334;Italien;US Palermo;Simone Barone;28;6000000.0;Zentrales Mittelfeld;Reservebank
49334;Italien;Juventus Turin;Alessandro Del Piero;31;16000000.0;Hängende Spitze;Reservebank
49334;Italien;AC Florenz;Luca Toni;29;27000000.0;Mittelstürmer;Reservebank
49334;Italien;Udinese Calcio;Vincenzo Iaquinta;26;11000000.0;Mittelstürmer;Reservebank
49334;Italien;AC Mailand;Filippo Inzaghi;32;9000000.0;Mittelstürmer;Reservebank
