GameId;team;club;name;age;value;position;role
49337;Schweden;FC Stade Rennes;Andreas Isaksson;24;4000000.0;Torwart;Startaufstellung
49337;Schweden;BK Häcken;Teddy Lucic;33;2000000.0;Innenverteidiger;Startaufstellung
49337;Schweden;Aston Villa;Olof Mellberg;28;7250000.0;Innenverteidiger;Startaufstellung
49337;Schweden;FC Stade Rennes;Erik Edman;27;3000000.0;Linker Verteidiger;Startaufstellung
49337;Schweden;IFK Göteborg;Niclas Alexandersson;34;2000000.0;Rechter Verteidiger;Startaufstellung
49337;Schweden;FC Kopenhagen;Tobias Linderoth;27;2750000.0;Defensives Mittelfeld;Startaufstellung
49337;Schweden;Djurgardens IF;Mattias Jonson;32;1000000.0;Rechtes Mittelfeld;Startaufstellung
49337;Schweden;FC Arsenal;Freddie Ljungberg;29;14000000.0;Linkes Mittelfeld;Startaufstellung
49337;Schweden;FC Stade Rennes;Kim Källström;23;7500000.0;Offensives Mittelfeld;Startaufstellung
49337;Schweden;FC Barcelona;Henrik Larsson;34;4500000.0;Mittelstürmer;Startaufstellung
49337;Schweden;FC Kopenhagen;Marcus Allbäck;32;1750000.0;Mittelstürmer;Startaufstellung
49337;England;Tottenham Hotspur;Paul Robinson;26;9000000.0;Torwart;Startaufstellung
49337;England;Manchester United;Rio Ferdinand;27;25000000.0;Innenverteidiger;Startaufstellung
49337;England;FC Chelsea;John Terry;25;30000000.0;Innenverteidiger;Startaufstellung
49337;England;FC Arsenal;Ashley Cole;25;17000000.0;Linker Verteidiger;Startaufstellung
49337;England;FC Liverpool;Jamie Carragher;28;15750000.0;Rechter Verteidiger;Startaufstellung
49337;England;FC Bayern München;Owen Hargreaves;25;8000000.0;Defensives Mittelfeld;Startaufstellung
49337;England;Real Madrid;David Beckham;31;22000000.0;Rechtes Mittelfeld;Startaufstellung
49337;England;FC Chelsea;Joe Cole;24;16500000.0;Linkes Mittelfeld;Startaufstellung
49337;England;FC Chelsea;Frank Lampard;28;38500000.0;Offensives Mittelfeld;Startaufstellung
49337;England;Manchester United;Wayne Rooney;20;36000000.0;Mittelstürmer;Startaufstellung
49337;England;Newcastle United;Michael Owen;26;20000000.0;Mittelstürmer;Startaufstellung
49337;Schweden;Fredrikstad FK;Rami Shaaban;30;500000.0;Torwart;Reservebank
49337;Schweden;Viborg FF;John Alvbage;23;500000.0;Torwart;Reservebank
49337;Schweden;IF Elfsborg Boras;Anders Svensson;29;2500000.0;Innenverteidiger;Reservebank
49337;Schweden;Bayer 04 Leverkusen;Fredrik Stenman;23;2000000.0;Innenverteidiger;Reservebank
49337;Schweden;SC Heerenveen;Petter Hansson;29;3250000.0;Innenverteidiger;Reservebank
49337;Schweden;IFK Göteborg;Karl Svensson;22;900000.0;Innenverteidiger;Reservebank
49337;Schweden;Malmö FF;Daniel Andersson;28;3500000.0;Innenverteidiger;Reservebank
49337;Schweden;Panathinaikos Athen;Mikael Nilsson;27;1800000.0;Rechter Verteidiger;Reservebank
49337;Schweden;RSC Anderlecht;Christian Wilhelmsson;26;7000000.0;Rechtsaußen;Reservebank
49337;Schweden;Juventus Turin;Zlatan Ibrahimovic;24;25000000.0;Mittelstürmer;Reservebank
49337;Schweden;Bröndby IF;Johan Elmander;25;3500000.0;Mittelstürmer;Reservebank
49337;Schweden;Ajax Amsterdam;Markus Rosenberg;23;4500000.0;Mittelstürmer;Reservebank
49337;England;Manchester City;David James;35;3600000.0;Torwart;Reservebank
49337;England;FC Liverpool;Scott Carson;20;1750000.0;Torwart;Reservebank
49337;England;FC Arsenal;Sol Campbell;31;10000000.0;Innenverteidiger;Reservebank
49337;England;FC Chelsea;Wayne Bridge;25;7750000.0;Linker Verteidiger;Reservebank
49337;England;Manchester United;Gary Neville;31;7000000.0;Rechter Verteidiger;Reservebank
49337;England;Tottenham Hotspur;Michael Carrick;24;8300000.000000001;Defensives Mittelfeld;Reservebank
49337;England;FC Liverpool;Steven Gerrard;26;34000000.0;Zentrales Mittelfeld;Reservebank
49337;England;Tottenham Hotspur;Jermaine Jenas;23;12700000.0;Zentrales Mittelfeld;Reservebank
49337;England;FC Middlesbrough;Stewart Downing;21;7000000.0;Linkes Mittelfeld;Reservebank
49337;England;FC Arsenal;Theo Walcott;17;7500000.0;Rechtsaußen;Reservebank
49337;England;Tottenham Hotspur;Aaron Lennon;19;3500000.0;Rechtsaußen;Reservebank
49337;England;FC Liverpool;Peter Crouch;25;10500000.0;Mittelstürmer;Reservebank
