GameId;team;club;name;age;value;position;role
49338;Japan;Júbilo Iwata;Yoshikatsu Kawaguchi;30;2500000.0;Torwart;Startaufstellung
49338;Japan;Urawa Red Diamonds;Keisuke Tsuboi;26;1600000.0;Innenverteidiger;Startaufstellung
49338;Japan;Yokohama F. Marinos;Yuji Nakazawa;28;900000.0;Innenverteidiger;Startaufstellung
49338;Japan;Urawa Red Diamonds;Alex;28;3500000.0;Linker Verteidiger;Startaufstellung
49338;Japan;Gamba Osaka;Akira Kaji;26;850000.0;Rechter Verteidiger;Startaufstellung
49338;Japan;West Bromwich Albion;Junichi Inamoto;26;2250000.0;Defensives Mittelfeld;Startaufstellung
49338;Japan;Bolton Wanderers;Hidetoshi Nakata;29;3500000.0;Zentrales Mittelfeld;Startaufstellung
49338;Japan;Kashima Antlers;Mitsuo Ogasawara;27;1500000.0;Rechtes Mittelfeld;Startaufstellung
49338;Japan;Celtic Glasgow;Shunsuke Nakamura;27;6500000.0;Linkes Mittelfeld;Startaufstellung
49338;Japan;Nagoya Grampus;Keiji Tamada;26;2250000.0;Mittelstürmer;Startaufstellung
49338;Japan;JEF United Chiba;Seiichiro Maki;25;400000.0;Mittelstürmer;Startaufstellung
49338;Brasilien;AC Mailand;Dida;32;11000000.0;Torwart;Startaufstellung
49338;Brasilien;FC Bayern München;Lúcio;28;21500000.0;Innenverteidiger;Startaufstellung
49338;Brasilien;Bayer 04 Leverkusen;Juan;27;7000000.0;Innenverteidiger;Startaufstellung
49338;Brasilien;Hertha BSC;Gilberto;30;4000000.0;Linker Verteidiger;Startaufstellung
49338;Brasilien;Real Madrid;Cicinho;25;12500000.0;Rechter Verteidiger;Startaufstellung
49338;Brasilien;FC Arsenal;Gilberto Silva;29;7750000.0;Defensives Mittelfeld;Startaufstellung
49338;Brasilien;Olympique Lyon;Juninho Pernambucano;31;18000000.0;Zentrales Mittelfeld;Startaufstellung
49338;Brasilien;FC Barcelona;Ronaldinho;26;70000000.0;Linksaußen;Startaufstellung
49338;Brasilien;AC Mailand;Kaká;24;35000000.0;Rechtsaußen;Startaufstellung
49338;Brasilien;Real Madrid;Robinho;22;25000000.0;Hängende Spitze;Startaufstellung
49338;Brasilien;Real Madrid;Ronaldo;29;27500000.0;Mittelstürmer;Startaufstellung
49338;Japan;Nagoya Grampus;Seigo Narazaki;30;1800000.0;Torwart;Reservebank
49338;Japan;FC Tokyo;Yoichi Doi;32;400000.0;Torwart;Reservebank
49338;Japan;FC Tokyo;Teruyuki Moniwa;24;750000.0;Innenverteidiger;Reservebank
49338;Japan;Gamba Osaka;Tsuneyasu Miyamoto;29;2400000.0;Innenverteidiger;Reservebank
49338;Japan;Sanfrecce Hiroshima;Yuichi Komano;24;400000.0;Rechter Verteidiger;Reservebank
49338;Japan;FC Basel 1893;Koji Nakata;26;2100000.0;Defensives Mittelfeld;Reservebank
49338;Japan;Júbilo Iwata;Takashi Fukunishi;29;1700000.0;Defensives Mittelfeld;Reservebank
49338;Japan;Gamba Osaka;Yasuhito Endo;26;1600000.0;Zentrales Mittelfeld;Reservebank
49338;Japan;Urawa Red Diamonds;Shinji Ono;26;3750000.0;Offensives Mittelfeld;Reservebank
49338;Japan;Hamburger SV;Naohiro Takahara;27;1500000.0;Mittelstürmer;Reservebank
49338;Japan;Kashima Antlers;Atsushi Yanagisawa;29;500000.0;Mittelstürmer;Reservebank
49338;Japan;Grenoble Foot 38;Masashi Oguro;26;1250000.0;Mittelstürmer;Reservebank
49338;Brasilien;FC Internazionale;Júlio César;26;6000000.0;Torwart;Reservebank
49338;Brasilien;FC São Paulo;Rogério Ceni;33;2000000.0;Torwart;Reservebank
49338;Brasilien;Benfica Lissabon;Luisão;25;10000000.0;Innenverteidiger;Reservebank
49338;Brasilien;Olympique Lyon;Cris;29;15000000.0;Innenverteidiger;Reservebank
49338;Brasilien;Real Madrid;Roberto Carlos;33;6500000.0;Linker Verteidiger;Reservebank
49338;Brasilien;AC Mailand;Cafú;36;2000000.0;Rechter Verteidiger;Reservebank
49338;Brasilien;Juventus Turin;Émerson;30;26000000.0;Defensives Mittelfeld;Reservebank
49338;Brasilien;FC São Paulo;Mineiro;30;3000000.0;Defensives Mittelfeld;Reservebank
49338;Brasilien;FC Bayern München;Zé Roberto;31;8500000.0;Linkes Mittelfeld;Reservebank
49338;Brasilien;Corinthians Sao Paulo;Ricardinho;30;3000000.0;Offensives Mittelfeld;Reservebank
49338;Brasilien;FC Internazionale;Adriano;24;32000000.0;Mittelstürmer;Reservebank
49338;Brasilien;Olympique Lyon;Fred;22;12000000.0;Mittelstürmer;Reservebank
