GameId;team;club;name;age;value;position;role
49330;Spanien;Real Madrid;Iker Casillas;25;25000000.0;Torwart;Startaufstellung
49330;Spanien;FC Barcelona;Carles Puyol;28;27000000.0;Innenverteidiger;Startaufstellung
49330;Spanien;Atlético Madrid;Pablo Ibáñez;24;9500000.0;Innenverteidiger;Startaufstellung
49330;Spanien;FC Getafe;Mariano Pernía;29;4500000.0;Linker Verteidiger;Startaufstellung
49330;Spanien;Real Madrid;Sergio Ramos;20;17500000.0;Rechter Verteidiger;Startaufstellung
49330;Spanien;FC Liverpool;Xabi Alonso;24;21500000.0;Defensives Mittelfeld;Startaufstellung
49330;Spanien;FC Villarreal;Marcos Senna;29;1750000.0;Zentrales Mittelfeld;Startaufstellung
49330;Spanien;FC Barcelona;Xavi;26;28000000.0;Zentrales Mittelfeld;Startaufstellung
49330;Spanien;FC Liverpool;Luis García;27;10000000.0;Offensives Mittelfeld;Startaufstellung
49330;Spanien;FC Valencia;David Villa;24;22000000.0;Mittelstürmer;Startaufstellung
49330;Spanien;Atlético Madrid;Fernando Torres;22;25000000.0;Mittelstürmer;Startaufstellung
49330;Tunesien;Club Africain Tunis;Ali Boumnijel;40;50000.0;Torwart;Startaufstellung
49330;Tunesien;Bolton Wanderers;Radhi Jaidi;30;2000000.0;Innenverteidiger;Startaufstellung
49330;Tunesien;RC Straßburg Alsace;Karim Haggui;22;4000000.0;Innenverteidiger;Startaufstellung
49330;Tunesien;Samsunspor;Anis Ayari;24;1000000.0;Linker Verteidiger;Startaufstellung
49330;Tunesien;Ajax Amsterdam;Hatem Trabelsi;29;5000000.0;Rechter Verteidiger;Startaufstellung
49330;Tunesien;Birmingham City;Mehdi Nafti;27;2000000.0;Defensives Mittelfeld;Startaufstellung
49330;Tunesien;1.FC Nürnberg;Jaouhar Mnari;29;2200000.0;Defensives Mittelfeld;Startaufstellung
49330;Tunesien;Kayseri Erciyesspor;Riadh Bouazizi;33;1500000.0;Defensives Mittelfeld;Startaufstellung
49330;Tunesien;1.FC Nürnberg;Adel Chedli;29;600000.0;Offensives Mittelfeld;Startaufstellung
49330;Tunesien;Glasgow Rangers;Hamed Namouchi;22;1500000.0;Offensives Mittelfeld;Startaufstellung
49330;Tunesien;ES Troyes AC;Zied Jaziri;27;2000000.0;Mittelstürmer;Startaufstellung
49330;Spanien;FC Valencia;Santiago Cañizares;36;5500000.0;Torwart;Reservebank
49330;Spanien;FC Liverpool;Pepe Reina;23;11000000.0;Torwart;Reservebank
49330;Spanien;FC Valencia;Carlos Marchena;26;13000000.0;Innenverteidiger;Reservebank
49330;Spanien;Atlético Madrid;Antonio López;24;10500000.0;Linker Verteidiger;Reservebank
49330;Spanien;Real Madrid;Míchel Salgado;30;5000000.0;Rechter Verteidiger;Reservebank
49330;Spanien;FC Valencia;David Albelda;28;15000000.0;Defensives Mittelfeld;Reservebank
49330;Spanien;Deportivo Alavés;Juanito;26;1000000.0;Defensives Mittelfeld;Reservebank
49330;Spanien;FC Barcelona;Andrés Iniesta;22;12000000.0;Zentrales Mittelfeld;Reservebank
49330;Spanien;FC Arsenal;Cesc Fàbregas;19;13500000.0;Zentrales Mittelfeld;Reservebank
49330;Spanien;FC Arsenal;José Antonio Reyes;22;17000000.0;Rechtsaußen;Reservebank
49330;Spanien;Real Betis Sevilla;Joaquín;24;22000000.0;Rechtsaußen;Reservebank
49330;Spanien;Real Madrid;Raúl;28;17500000.0;Hängende Spitze;Reservebank
49330;Tunesien;US Monastir;Adel Nefzi;32;50000.0;Torwart;Reservebank
49330;Tunesien;Esperance Tunis;Hamdi Kasraoui;23;150000.0;Torwart;Reservebank
49330;Tunesien;US Lecce;Karim Saïdi;23;1600000.0;Innenverteidiger;Reservebank
49330;Tunesien;AS Saint-Étienne;Alaeddine Yahia;24;1400000.0;Linker Verteidiger;Reservebank
49330;Tunesien;Rosenborg BK;Karim Essediri;26;500000.0;Rechter Verteidiger;Reservebank
49330;Tunesien;FC Girondins Bordeaux;David Jemmali;31;1500000.0;Rechter Verteidiger;Reservebank
49330;Tunesien;Gaziantepspor;Sofiene Melliti;27;650000.0;Zentrales Mittelfeld;Reservebank
49330;Tunesien;Konyaspor;Kaies Ghodhbane;30;1000000.0;Offensives Mittelfeld;Reservebank
49330;Tunesien;SC Bastia;Chaouki Ben Saada;21;900000.0;Offensives Mittelfeld;Reservebank
49330;Tunesien;Etoile Sportive du Sahel;Yassine Chikhaoui;19;400000.0;Offensives Mittelfeld;Reservebank
49330;Tunesien;RC Straßburg Alsace;Haykel Gmamdia;24;850000.0;Mittelstürmer;Reservebank
49330;Tunesien;FC Toulouse;Santos;27;5000000.0;Mittelstürmer;Reservebank
