GameId;team;club;name;age;value;position;role
49340;Niederlande;Manchester United;Edwin van der Sar;35;5000000.0;Torwart;Startaufstellung
49340;Niederlande;Hamburger SV;Khalid Boulahrouz;24;10500000.0;Innenverteidiger;Startaufstellung
49340;Niederlande;PSV Eindhoven;André Ooijer;31;2500000.0;Innenverteidiger;Startaufstellung
49340;Niederlande;AZ Alkmaar;Tim de Cler;27;3250000.0;Linker Verteidiger;Startaufstellung
49340;Niederlande;AZ Alkmaar;Kew Jaliens;27;1000000.0;Rechter Verteidiger;Startaufstellung
49340;Niederlande;PSV Eindhoven;Phillip Cocu;35;3500000.0;Defensives Mittelfeld;Startaufstellung
49340;Niederlande;Hamburger SV;Rafael van der Vaart;23;21000000.0;Zentrales Mittelfeld;Startaufstellung
49340;Niederlande;Ajax Amsterdam;Wesley Sneijder;22;10000000.0;Offensives Mittelfeld;Startaufstellung
49340;Niederlande;Feyenoord Rotterdam;Dirk Kuyt;25;17500000.0;Linksaußen;Startaufstellung
49340;Niederlande;FC Arsenal;Robin van Persie;22;8500000.0;Rechtsaußen;Startaufstellung
49340;Niederlande;Manchester United;Ruud van Nistelrooy;29;32000000.0;Mittelstürmer;Startaufstellung
49340;Argentinien;Club Atlético Boca Juniors;Roberto Abbondanzieri;33;2500000.0;Torwart;Startaufstellung
49340;Argentinien;Real Saragossa ;Gabriel Milito;25;8500000.0;Innenverteidiger;Startaufstellung
49340;Argentinien;FC Valencia;Roberto Ayala;33;8750000.0;Innenverteidiger;Startaufstellung
49340;Argentinien;AS Rom;Leandro Cufré;28;4000000.0;Linker Verteidiger;Startaufstellung
49340;Argentinien;FC Internazionale;Nicolás Burdisso;25;6000000.0;Rechter Verteidiger;Startaufstellung
49340;Argentinien;Corinthians Sao Paulo;Javier Mascherano;22;11800000.0;Defensives Mittelfeld;Startaufstellung
49340;Argentinien;FC Internazionale;Esteban Cambiasso;25;19000000.0;Rechtes Mittelfeld;Startaufstellung
49340;Argentinien;Atlético Madrid;Maxi Rodríguez;25;9000000.0;Linkes Mittelfeld;Startaufstellung
49340;Argentinien;FC Villarreal;Juan Riquelme;27;18000000.0;Offensives Mittelfeld;Startaufstellung
49340;Argentinien;FC Barcelona;Lionel Messi;18;15000000.0;Hängende Spitze;Startaufstellung
49340;Argentinien;Corinthians Sao Paulo;Carlos Tévez;22;15000000.0;Mittelstürmer;Startaufstellung
49340;Niederlande;AZ Alkmaar;Henk Timmer;34;2500000.0;Torwart;Reservebank
49340;Niederlande;Ajax Amsterdam;Maarten Stekelenburg;23;2500000.0;Torwart;Reservebank
49340;Niederlande;AZ Alkmaar;Joris Mathijsen;26;6000000.0;Innenverteidiger;Reservebank
49340;Niederlande;Ajax Amsterdam;Johnny Heitinga;22;4500000.0;Innenverteidiger;Reservebank
49340;Niederlande;FC Barcelona;Giovanni van Bronckhorst;31;6000000.0;Linker Verteidiger;Reservebank
49340;Niederlande;FC Liverpool;Jan Kromkamp;25;5000000.0;Rechter Verteidiger;Reservebank
49340;Niederlande;Ajax Amsterdam;Hedwiges Maduro;21;3000000.0;Defensives Mittelfeld;Reservebank
49340;Niederlande;FC Barcelona;Mark van Bommel;29;12000000.0;Defensives Mittelfeld;Reservebank
49340;Niederlande;AZ Alkmaar;Denny Landzaat;30;7000000.0;Zentrales Mittelfeld;Reservebank
49340;Niederlande;Ajax Amsterdam;Ryan Babel;19;4000000.0;Linksaußen;Reservebank
49340;Niederlande;FC Chelsea;Arjen Robben;22;25700000.0;Rechtsaußen;Reservebank
49340;Niederlande;PSV Eindhoven;Jan Vennegoor of Hesselink;27;6000000.0;Mittelstürmer;Reservebank
49340;Argentinien;Atlético Madrid;Leo Franco;29;6500000.0;Torwart;Reservebank
49340;Argentinien;CA Independiente de Avellaneda;Óscar Ustari;19;1500000.0;Torwart;Reservebank
49340;Argentinien;Manchester United;Gabriel Heinze;28;16250000.0;Innenverteidiger;Reservebank
49340;Argentinien;Deportivo La Coruna ;Fabricio Coloccini;24;8000000.0;Innenverteidiger;Reservebank
49340;Argentinien;FC Villarreal;Juan Pablo Sorín;30;5500000.0;Linker Verteidiger;Reservebank
49340;Argentinien;West Ham United;Lionel Scaloni;28;4000000.0;Rechter Verteidiger;Reservebank
49340;Argentinien;FC Porto;Lucho González;25;14000000.0;Zentrales Mittelfeld;Reservebank
49340;Argentinien;FC Valencia;Pablo Aimar;26;18000000.0;Offensives Mittelfeld;Reservebank
49340;Argentinien;FC Sevilla;Javier Saviola;24;11500000.0;Hängende Spitze;Reservebank
49340;Argentinien;FC Chelsea;Hernán Crespo;30;14000000.0;Mittelstürmer;Reservebank
49340;Argentinien;Club Atlético Boca Juniors;Rodrigo Palacio;24;3000000.0;Mittelstürmer;Reservebank
49340;Argentinien;FC Internazionale;Julio Cruz;31;7000000.0;Mittelstürmer;Reservebank
