GameId;team;club;name;age;value;position;role
49345;Iran;Foolad FC;Ebrahim Mirzapour;27;750000.0;Torwart;Startaufstellung
49345;Iran;Saba Battery Qom;Sohrab Bakhtiarizadeh;31;600000.0;Innenverteidiger;Startaufstellung
49345;Iran;FC Messina Peloro;Rahman Rezaei;31;1000000.0;Innenverteidiger;Startaufstellung
49345;Iran;Pas Teheran;Mohammad Nosrati;25;500000.0;Linker Verteidiger;Startaufstellung
49345;Iran;Foolad FC;Hossein Kaebi;20;1000000.0;Rechter Verteidiger;Startaufstellung
49345;Iran;FC Aboomoslem;Andranik Teymourian;23;400000.0;Defensives Mittelfeld;Startaufstellung
49345;Iran;1.FC Kaiserslautern;Ferydoon Zandi;27;1000000.0;Zentrales Mittelfeld;Startaufstellung
49345;Iran;Hamburger SV;Mehdi Mahdavikia;28;6500000.0;Rechtes Mittelfeld;Startaufstellung
49345;Iran;Persepolis FC;Mehrzad Madanchi;21;500000.0;Linksaußen;Startaufstellung
49345;Iran;Hannover 96;Vahid Hashemian;29;2000000.0;Mittelstürmer;Startaufstellung
49345;Iran;Saba Battery Qom;Ali Daei;37;1000000.0;Mittelstürmer;Startaufstellung
49345;Angola;Moreirense FC;João Ricardo;36;250000.0;Torwart;Startaufstellung
49345;Angola;;Jamba;28;400000.0;Innenverteidiger;Startaufstellung
49345;Angola;FC Barreirense;Kali;27;400000.0;Innenverteidiger;Startaufstellung
49345;Angola;CA Petróleos Luanda;Luís Delgado;26;50000.0;Linker Verteidiger;Startaufstellung
49345;Angola;CD 1º de Agosto;Loco;21;300000.0;Rechter Verteidiger;Startaufstellung
49345;Angola;;Miloy;25;300000.0;Defensives Mittelfeld;Startaufstellung
49345;Angola;Varzim SC;Figueiredo;33;350000.0;Zentrales Mittelfeld;Startaufstellung
49345;Angola;Varzim SC;Mendonça;23;500000.0;Linkes Mittelfeld;Startaufstellung
49345;Angola;;Zé Kalanga;22;300000.0;Rechtsaußen;Startaufstellung
49345;Angola;Gil Vicente FC;Mateus;22;800000.0;Hängende Spitze;Startaufstellung
49345;Angola;Vereinslos;Akwá;29;2000000.0;Mittelstürmer;Startaufstellung
49345;Iran;Pas Teheran;Hassan Roudbarian;27;300000.0;Torwart;Reservebank
49345;Iran;Esteghlal FC;Vahid Talebloo;24;400000.0;Torwart;Reservebank
49345;Iran;Esteghlal FC;Amir Hossein Sadeghi;24;400000.0;Innenverteidiger;Reservebank
49345;Iran;Saba Battery Qom;Yahya Golmohammadi;35;600000.0;Innenverteidiger;Reservebank
49345;Iran;Sharjah Cultural Sports Club;Javad Nekounam;25;1750000.0;Defensives Mittelfeld;Reservebank
49345;Iran;FC Bayern München;Ali Karimi;27;4000000.0;Offensives Mittelfeld;Reservebank
49345;Iran;Sepahan FC;Moharram Navidkia;23;750000.0;Offensives Mittelfeld;Reservebank
49345;Iran;Saipa FC;Masoud Shojaei;22;400000.0;Offensives Mittelfeld;Reservebank
49345;Iran;Persepolis FC;Javad Kazemian;25;600000.0;Rechtsaußen;Reservebank
49345;Iran;Esteghlal FC;Gholamreza Enayati;29;1000000.0;Mittelstürmer;Reservebank
49345;Iran;Pas Teheran;Arash Borhani;22;400000.0;Mittelstürmer;Reservebank
49345;Iran;Sepahan FC;Rasoul Khatibi;27;800000.0;Mittelstürmer;Reservebank
49345;Angola;CA Petróleos Luanda;Lamá;25;100000.0;Torwart;Reservebank
49345;Angola;;Mario;21;50000.0;Torwart;Reservebank
49345;Angola;CA Petróleos Luanda;Lebo Lebo;29;200000.0;Innenverteidiger;Reservebank
49345;Angola;Leeds United;Rui Marques;28;500000.0;Innenverteidiger;Reservebank
49345;Angola;Portimonense SC;Marco Abreu;31;300000.0;Linker Verteidiger;Reservebank
49345;Angola;FC Barreirense;Marco Airosa;21;400000.0;Rechter Verteidiger;Reservebank
49345;Angola;Al-Kuwait Sports Club;André Macanga;28;1200000.0;Defensives Mittelfeld;Reservebank
49345;Angola;FC Paços de Ferreira;Edson Nobre;26;600000.0;Rechtes Mittelfeld;Reservebank
49345;Angola;Benfica Lissabon;Mantorras;24;4250000.0;Mittelstürmer;Reservebank
49345;Angola;El Ahly Kairo;Flávio;26;500000.0;Mittelstürmer;Reservebank
49345;Angola;;Love;27;200000.0;Mittelstürmer;Reservebank
49345;Angola;Clermont Foot Auvergne 63;André Buengo;26;150000.0;Mittelstürmer;Reservebank
