GameId;team;club;name;age;value;position;role
49344;Portugal;Sporting Lissabon;Ricardo;30;4000000.0;Torwart;Startaufstellung
49344;Portugal;VfB Stuttgart;Fernando Meira;28;9000000.0;Innenverteidiger;Startaufstellung
49344;Portugal;FC Chelsea;Ricardo Carvalho;28;17500000.0;Innenverteidiger;Startaufstellung
49344;Portugal;Sporting Lissabon;Marco Caneira;27;2100000.0;Linker Verteidiger;Startaufstellung
49344;Portugal;FC Valencia;Miguel;26;10000000.0;Rechter Verteidiger;Startaufstellung
49344;Portugal;Benfica Lissabon;Petit;29;7000000.0;Defensives Mittelfeld;Startaufstellung
49344;Portugal;FC Chelsea;Maniche;28;13000000.0;Zentrales Mittelfeld;Startaufstellung
49344;Portugal;Olympique Lyon;Tiago;25;12000000.0;Offensives Mittelfeld;Startaufstellung
49344;Portugal;Benfica Lissabon;Simão Sabrosa;26;15000000.0;Linksaußen;Startaufstellung
49344;Portugal;FC Internazionale;Luís Figo;33;13000000.0;Rechtsaußen;Startaufstellung
49344;Portugal;AS Saint-Étienne;Hélder Postiga;23;4500000.0;Mittelstürmer;Startaufstellung
49344;Mexiko;Deportivo Guadalajara;Oswaldo Sánchez;32;2250000.0;Torwart;Startaufstellung
49344;Mexiko;Deportivo Guadalajara;Carlos Salcido;26;1000000.0;Innenverteidiger;Startaufstellung
49344;Mexiko;FC Barcelona;Rafael Márquez;27;16000000.0;Innenverteidiger;Startaufstellung
49344;Mexiko;CD Cruz Azul;Ricardo Osorio;26;1500000.0;Innenverteidiger;Startaufstellung
49344;Mexiko;Deportivo Guadalajara;Maza;24;700000.0;Defensives Mittelfeld;Startaufstellung
49344;Mexiko;CF América;Pável Pardo;29;2000000.0;Defensives Mittelfeld;Startaufstellung
49344;Mexiko;CF Monterrey;Mario Méndez;27;1500000.0;Rechtes Mittelfeld;Startaufstellung
49344;Mexiko;Deportivo Guadalajara;Gonzalo Pineda;23;1000000.0;Linkes Mittelfeld;Startaufstellung
49344;Mexiko;CF Monterrey;Luis Ernesto Pérez;25;2000000.0;Offensives Mittelfeld;Startaufstellung
49344;Mexiko;Deportivo Guadalajara;Omar Bravo;26;1750000.0;Hängende Spitze;Startaufstellung
49344;Mexiko;CD Cruz Azul;Francisco Fonseca;26;2500000.0;Mittelstürmer;Startaufstellung
49344;Portugal;FC Chelsea;Paulo Ferreira;27;13000000.0;Rechter Verteidiger;Reservebank
49344;Portugal;FC Fulham;Luís Boa Morte;28;3500000.0;Linkes Mittelfeld;Reservebank
49344;Portugal;Benfica Lissabon;Nuno Gomes;29;8500000.0;Mittelstürmer;Reservebank
49344;Mexiko;CF América;José Antonio Castro;25;500000.0;Rechter Verteidiger;Reservebank
49344;Mexiko;Deportivo Toluca;Sinha;30;1250000.0;Offensives Mittelfeld;Reservebank
49344;Mexiko;FC Villarreal;Guillermo Franco;29;2500000.0;Mittelstürmer;Reservebank
