GameId;team;club;name;age;value;position;role
53479;Portugal;Sporting Lissabon;Ricardo;30;4000000.0;Torwart;Startaufstellung
53479;Portugal;VfB Stuttgart;Fernando Meira;28;9000000.0;Innenverteidiger;Startaufstellung
53479;Portugal;FC Chelsea;Ricardo Carvalho;28;17500000.0;Innenverteidiger;Startaufstellung
53479;Portugal;FC Everton;Nuno Valente;31;3750000.0;Linker Verteidiger;Startaufstellung
53479;Portugal;FC Valencia;Miguel;26;10000000.0;Rechter Verteidiger;Startaufstellung
53479;Portugal;Dinamo Moskau;Costinha;31;15000000.0;Defensives Mittelfeld;Startaufstellung
53479;Portugal;FC Chelsea;Maniche;28;13000000.0;Zentrales Mittelfeld;Startaufstellung
53479;Portugal;FC Barcelona;Deco;28;24250000.0;Offensives Mittelfeld;Startaufstellung
53479;Portugal;Manchester United;Cristiano Ronaldo;21;25000000.0;Linksaußen;Startaufstellung
53479;Portugal;FC Internazionale;Luís Figo;33;13000000.0;Rechtsaußen;Startaufstellung
53479;Portugal;FC Paris Saint-Germain;Pauleta;33;11500000.0;Mittelstürmer;Startaufstellung
53479;Niederlande;Manchester United;Edwin van der Sar;35;5000000.0;Torwart;Startaufstellung
53479;Niederlande;AZ Alkmaar;Joris Mathijsen;26;6000000.0;Innenverteidiger;Startaufstellung
53479;Niederlande;PSV Eindhoven;André Ooijer;31;2500000.0;Innenverteidiger;Startaufstellung
53479;Niederlande;FC Barcelona;Giovanni van Bronckhorst;31;6000000.0;Linker Verteidiger;Startaufstellung
53479;Niederlande;Hamburger SV;Khalid Boulahrouz;24;10500000.0;Rechter Verteidiger;Startaufstellung
53479;Niederlande;PSV Eindhoven;Phillip Cocu;35;3500000.0;Defensives Mittelfeld;Startaufstellung
53479;Niederlande;FC Barcelona;Mark van Bommel;29;12000000.0;Defensives Mittelfeld;Startaufstellung
53479;Niederlande;Ajax Amsterdam;Wesley Sneijder;22;10000000.0;Offensives Mittelfeld;Startaufstellung
53479;Niederlande;FC Chelsea;Arjen Robben;22;25700000.0;Linksaußen;Startaufstellung
53479;Niederlande;FC Arsenal;Robin van Persie;22;8500000.0;Rechtsaußen;Startaufstellung
53479;Niederlande;Feyenoord Rotterdam;Dirk Kuyt;25;17500000.0;Mittelstürmer;Startaufstellung
53479;Portugal;SC Braga;Paulo Santos;33;1000000.0;Torwart;Reservebank
53479;Portugal;Benfica Lissabon;Quim;30;1250000.0;Torwart;Reservebank
53479;Portugal;Sporting Lissabon;Marco Caneira;27;2100000.0;Innenverteidiger;Reservebank
53479;Portugal;FC Porto;Ricardo Costa;25;3750000.0;Innenverteidiger;Reservebank
53479;Portugal;FC Chelsea;Paulo Ferreira;27;13000000.0;Rechter Verteidiger;Reservebank
53479;Portugal;Benfica Lissabon;Petit;29;7000000.0;Defensives Mittelfeld;Reservebank
53479;Portugal;FC Valencia;Hugo Viana;23;7500000.0;Zentrales Mittelfeld;Reservebank
53479;Portugal;Olympique Lyon;Tiago;25;12000000.0;Zentrales Mittelfeld;Reservebank
53479;Portugal;FC Fulham;Luís Boa Morte;28;3500000.0;Linkes Mittelfeld;Reservebank
53479;Portugal;Benfica Lissabon;Simão Sabrosa;26;15000000.0;Linksaußen;Reservebank
53479;Portugal;Benfica Lissabon;Nuno Gomes;29;8500000.0;Mittelstürmer;Reservebank
53479;Portugal;AS Saint-Étienne;Hélder Postiga;23;4500000.0;Mittelstürmer;Reservebank
53479;Niederlande;AZ Alkmaar;Henk Timmer;34;2500000.0;Torwart;Reservebank
53479;Niederlande;Ajax Amsterdam;Maarten Stekelenburg;23;2500000.0;Torwart;Reservebank
53479;Niederlande;AZ Alkmaar;Kew Jaliens;27;1000000.0;Innenverteidiger;Reservebank
53479;Niederlande;Ajax Amsterdam;Johnny Heitinga;22;4500000.0;Defensives Mittelfeld;Reservebank
53479;Niederlande;AZ Alkmaar;Tim de Cler;27;3250000.0;Linker Verteidiger;Reservebank
53479;Niederlande;FC Liverpool;Jan Kromkamp;25;5000000.0;Rechter Verteidiger;Reservebank
53479;Niederlande;Ajax Amsterdam;Hedwiges Maduro;21;3000000.0;Defensives Mittelfeld;Reservebank
53479;Niederlande;AZ Alkmaar;Denny Landzaat;30;7000000.0;Zentrales Mittelfeld;Reservebank
53479;Niederlande;Hamburger SV;Rafael van der Vaart;23;21000000.0;Offensives Mittelfeld;Reservebank
53479;Niederlande;Ajax Amsterdam;Ryan Babel;19;4000000.0;Linksaußen;Reservebank
53479;Niederlande;Manchester United;Ruud van Nistelrooy;29;32000000.0;Mittelstürmer;Reservebank
53479;Niederlande;PSV Eindhoven;Jan Vennegoor of Hesselink;27;6000000.0;Mittelstürmer;Reservebank
