GameId;team;club;name;age;value;position;role
53487;Frankreich;pausiert;Fabien Barthez;35;3000000.0;Torwart;Startaufstellung
53487;Frankreich;FC Chelsea;William Gallas;28;14700000.0;Innenverteidiger;Startaufstellung
53487;Frankreich;FC Barcelona;Lilian Thuram;34;5000000.0;Innenverteidiger;Startaufstellung
53487;Frankreich;Olympique Lyon;Éric Abidal;26;8500000.0;Linker Verteidiger;Startaufstellung
53487;Frankreich;FC Bayern München;Willy Sagnol;29;13500000.0;Rechter Verteidiger;Startaufstellung
53487;Frankreich;FC Internazionale;Patrick Vieira;30;28000000.0;Defensives Mittelfeld;Startaufstellung
53487;Frankreich;FC Chelsea;Claude Makélélé;33;9000000.0;Defensives Mittelfeld;Startaufstellung
53487;Frankreich;Real Madrid;Zinédine Zidane;34;12500000.0;Offensives Mittelfeld;Startaufstellung
53487;Frankreich;Olympique Lyon;Florent Malouda;26;10000000.0;Linksaußen;Startaufstellung
53487;Frankreich;Olympique Marseille;Franck Ribéry;23;11000000.0;Rechtsaußen;Startaufstellung
53487;Frankreich;FC Arsenal;Thierry Henry;28;50000000.0;Mittelstürmer;Startaufstellung
53487;Brasilien;AC Mailand;Dida;32;11000000.0;Torwart;Startaufstellung
53487;Brasilien;FC Bayern München;Lúcio;28;21500000.0;Innenverteidiger;Startaufstellung
53487;Brasilien;Bayer 04 Leverkusen;Juan;27;7000000.0;Innenverteidiger;Startaufstellung
53487;Brasilien;Real Madrid;Roberto Carlos;33;6500000.0;Linker Verteidiger;Startaufstellung
53487;Brasilien;AC Mailand;Cafú;36;2000000.0;Rechter Verteidiger;Startaufstellung
53487;Brasilien;FC Arsenal;Gilberto Silva;29;7750000.0;Defensives Mittelfeld;Startaufstellung
53487;Brasilien;Club Nacional;Zé Roberto;31;8500000.0;Zentrales Mittelfeld;Startaufstellung
53487;Brasilien;Olympique Lyon;Juninho Pernambucano;31;18000000.0;Zentrales Mittelfeld;Startaufstellung
53487;Brasilien;AC Mailand;Kaká;24;35000000.0;Offensives Mittelfeld;Startaufstellung
53487;Brasilien;FC Barcelona;Ronaldinho;26;70000000.0;Hängende Spitze;Startaufstellung
53487;Brasilien;Real Madrid;Ronaldo;29;27500000.0;Mittelstürmer;Startaufstellung
53487;Frankreich;FC Paris Saint-Germain;Mickaël Landreau;27;6500000.0;Torwart;Reservebank
53487;Frankreich;Olympique Lyon;Grégory Coupet;33;8000000.0;Torwart;Reservebank
53487;Frankreich;Manchester United;Mikaël Silvestre;28;6750000.0;Innenverteidiger;Reservebank
53487;Frankreich;AS Monaco;Gaël Givet;24;7500000.0;Innenverteidiger;Reservebank
53487;Frankreich;Newcastle United;Jean-Alain Boumsong;26;7500000.0;Innenverteidiger;Reservebank
53487;Frankreich;Wigan Athletic;Pascal Chimbonda;27;4000000.0;Rechter Verteidiger;Reservebank
53487;Frankreich;RC Lens;Alou Diarra;24;5000000.0;Defensives Mittelfeld;Reservebank
53487;Frankreich;FC Paris Saint-Germain;Vikash Dhorasoo;32;3000000.0;Zentrales Mittelfeld;Reservebank
53487;Frankreich;Olympique Lyon;Sidney Govou;26;8000000.0;Rechtsaußen;Reservebank
53487;Frankreich;Olympique Lyon;Sylvain Wiltord;32;7000000.0;Hängende Spitze;Reservebank
53487;Frankreich;Manchester United;Louis Saha;27;12000000.0;Mittelstürmer;Reservebank
53487;Frankreich;Juventus Turin;David Trézéguet;28;30000000.0;Mittelstürmer;Reservebank
53487;Frankreich;Olympique Marseille;Djibril Cissé;24;13500000.0;Mittelstürmer;Reservebank
53487;Brasilien;FC Internazionale;Júlio César;26;6000000.0;Torwart;Reservebank
53487;Brasilien;FC São Paulo;Rogério Ceni;33;2000000.0;Torwart;Reservebank
53487;Brasilien;Benfica Lissabon;Luisão;25;10000000.0;Innenverteidiger;Reservebank
53487;Brasilien;Olympique Lyon;Cris;29;15000000.0;Innenverteidiger;Reservebank
53487;Brasilien;Real Madrid;Cicinho;26;12500000.0;Rechter Verteidiger;Reservebank
53487;Brasilien;Real Madrid;Émerson;30;26000000.0;Defensives Mittelfeld;Reservebank
53487;Brasilien;FC São Paulo;Mineiro;30;3000000.0;Defensives Mittelfeld;Reservebank
53487;Brasilien;Hertha BSC;Gilberto;30;4000000.0;Zentrales Mittelfeld;Reservebank
53487;Brasilien;Corinthians Sao Paulo;Ricardinho;30;3000000.0;Offensives Mittelfeld;Reservebank
53487;Brasilien;Real Madrid;Robinho;22;25000000.0;Hängende Spitze;Reservebank
53487;Brasilien;FC Internazionale;Adriano;24;32000000.0;Mittelstürmer;Reservebank
53487;Brasilien;Olympique Lyon;Fred;22;12000000.0;Mittelstürmer;Reservebank
