GameId;team;club;name;age;value;position;role
53488;Deutschland;FC Arsenal;Jens Lehmann;36;5500000.0;Torwart;Startaufstellung
53488;Deutschland;Hannover 96;Per Mertesacker;21;7500000.0;Innenverteidiger;Startaufstellung
53488;Deutschland;Borussia Dortmund;Christoph Metzelder;25;4000000.0;Innenverteidiger;Startaufstellung
53488;Deutschland;FC Bayern München;Philipp Lahm;22;7500000.0;Linker Verteidiger;Startaufstellung
53488;Deutschland;Hertha BSC;Arne Friedrich;27;7500000.0;Rechter Verteidiger;Startaufstellung
53488;Deutschland;Borussia Dortmund;Sebastian Kehl;26;8000000.0;Defensives Mittelfeld;Startaufstellung
53488;Deutschland;FC Chelsea;Michael Ballack;29;35000000.0;Zentrales Mittelfeld;Startaufstellung
53488;Deutschland;Bayer 04 Leverkusen;Bernd Schneider;32;3200000.0;Rechtes Mittelfeld;Startaufstellung
53488;Deutschland;SV Werder Bremen;Tim Borowski;26;11000000.0;Linkes Mittelfeld;Startaufstellung
53488;Deutschland;1.FC Köln;Lukas Podolski;21;12000000.0;Mittelstürmer;Startaufstellung
53488;Deutschland;SV Werder Bremen;Miroslav Klose;28;20000000.0;Mittelstürmer;Startaufstellung
53488;Italien;Juventus Turin;Gianluigi Buffon;28;30000000.0;Torwart;Startaufstellung
53488;Italien;FC Internazionale;Marco Materazzi;32;5000000.0;Innenverteidiger;Startaufstellung
53488;Italien;Real Madrid;Fabio Cannavaro;32;14000000.0;Innenverteidiger;Startaufstellung
53488;Italien;US Palermo;Fabio Grosso;28;7000000.0;Linker Verteidiger;Startaufstellung
53488;Italien;Juventus Turin;Gianluca Zambrotta;29;26000000.0;Rechter Verteidiger;Startaufstellung
53488;Italien;AC Mailand;Andrea Pirlo;27;25000000.0;Defensives Mittelfeld;Startaufstellung
53488;Italien;AC Mailand;Gennaro Gattuso;28;17000000.0;Zentrales Mittelfeld;Startaufstellung
53488;Italien;AS Rom;Simone Perrotta;28;13500000.0;Linkes Mittelfeld;Startaufstellung
53488;Italien;Juventus Turin;Mauro Germán Camoranesi;29;18000000.0;Rechtsaußen;Startaufstellung
53488;Italien;AS Rom;Francesco Totti;29;37000000.0;Hängende Spitze;Startaufstellung
53488;Italien;AC Florenz;Luca Toni;29;27000000.0;Mittelstürmer;Startaufstellung
53488;Deutschland;FC Bayern München;Oliver Kahn;37;4500000.0;Torwart;Reservebank
53488;Deutschland;VfB Stuttgart;Timo Hildebrand;27;7500000.0;Torwart;Reservebank
53488;Deutschland;GNK Dinamo Zagreb;Jens Nowotny;32;2000000.0;Libero;Reservebank
53488;Deutschland;FC Chelsea;Robert Huth;21;2750000.0;Innenverteidiger;Reservebank
53488;Deutschland;Borussia Mönchengladbach;Marcell Jansen;20;6000000.0;Linker Verteidiger;Reservebank
53488;Deutschland;VfB Stuttgart;Thomas Hitzlsperger;24;2500000.0;Zentrales Mittelfeld;Reservebank
53488;Deutschland;FC Bayern München;Bastian Schweinsteiger;21;8000000.0;Zentrales Mittelfeld;Reservebank
53488;Deutschland;Borussia Dortmund;David Odonkor;22;3500000.0;Rechtsaußen;Reservebank
53488;Deutschland;VfL Wolfsburg;Mike Hanke;22;3500000.0;Mittelstürmer;Reservebank
53488;Deutschland;Borussia Mönchengladbach;Oliver Neuville;33;3500000.0;Mittelstürmer;Reservebank
53488;Deutschland;FC Schalke 04;Gerald Asamoah;27;5000000.0;Mittelstürmer;Reservebank
53488;Italien;Lazio Rom;Angelo Peruzzi;36;3000000.0;Torwart;Reservebank
53488;Italien;AS Livorno;Marco Amelia;24;11000000.0;Torwart;Reservebank
53488;Italien;US Palermo;Cristian Zaccardo;24;8000000.0;Innenverteidiger;Reservebank
53488;Italien;US Palermo;Andrea Barzagli;25;10000000.0;Innenverteidiger;Reservebank
53488;Italien;AC Mailand;Alessandro Nesta;30;29000000.0;Innenverteidiger;Reservebank
53488;Italien;Lazio Rom;Massimo Oddo;30;10000000.0;Rechter Verteidiger;Reservebank
53488;Italien;AS Rom;Daniele De Rossi;22;18000000.0;Defensives Mittelfeld;Reservebank
53488;Italien;US Palermo;Simone Barone;28;6000000.0;Zentrales Mittelfeld;Reservebank
53488;Italien;Juventus Turin;Alessandro Del Piero;31;16000000.0;Rechtsaußen;Reservebank
53488;Italien;AC Mailand;Alberto Gilardino;23;27000000.0;Mittelstürmer;Reservebank
53488;Italien;Udinese Calcio;Vincenzo Iaquinta;26;11000000.0;Hängende Spitze;Reservebank
53488;Italien;AC Mailand;Filippo Inzaghi;32;9000000.0;Mittelstürmer;Reservebank
