GameId;team;club;name;age;value;position;role
53489;Portugal;Sporting Lissabon;Ricardo;30;4000000.0;Torwart;Startaufstellung
53489;Portugal;VfB Stuttgart;Fernando Meira;28;9000000.0;Innenverteidiger;Startaufstellung
53489;Portugal;FC Chelsea;Ricardo Carvalho;28;17500000.0;Innenverteidiger;Startaufstellung
53489;Portugal;FC Everton;Nuno Valente;31;3750000.0;Linker Verteidiger;Startaufstellung
53489;Portugal;FC Valencia;Miguel;26;10000000.0;Rechter Verteidiger;Startaufstellung
53489;Portugal;Atlético Madrid;Costinha;31;15000000.0;Defensives Mittelfeld;Startaufstellung
53489;Portugal;Dinamo Moskau;Maniche;28;13000000.0;Zentrales Mittelfeld;Startaufstellung
53489;Portugal;FC Barcelona;Deco;28;24250000.0;Offensives Mittelfeld;Startaufstellung
53489;Portugal;Manchester United;Cristiano Ronaldo;21;25000000.0;Linksaußen;Startaufstellung
53489;Portugal;FC Internazionale;Luís Figo;33;13000000.0;Rechtsaußen;Startaufstellung
53489;Portugal;FC Paris Saint-Germain;Pauleta;33;11500000.0;Mittelstürmer;Startaufstellung
53489;Frankreich;pausiert;Fabien Barthez;35;3000000.0;Torwart;Startaufstellung
53489;Frankreich;FC Chelsea;William Gallas;28;14700000.0;Innenverteidiger;Startaufstellung
53489;Frankreich;FC Barcelona;Lilian Thuram;34;5000000.0;Innenverteidiger;Startaufstellung
53489;Frankreich;Olympique Lyon;Éric Abidal;26;8500000.0;Linker Verteidiger;Startaufstellung
53489;Frankreich;FC Bayern München;Willy Sagnol;29;13500000.0;Rechter Verteidiger;Startaufstellung
53489;Frankreich;FC Internazionale;Patrick Vieira;30;28000000.0;Defensives Mittelfeld;Startaufstellung
53489;Frankreich;FC Chelsea;Claude Makélélé;33;9000000.0;Defensives Mittelfeld;Startaufstellung
53489;Frankreich;Real Madrid;Zinédine Zidane;34;12500000.0;Offensives Mittelfeld;Startaufstellung
53489;Frankreich;Olympique Lyon;Florent Malouda;26;10000000.0;Linksaußen;Startaufstellung
53489;Frankreich;Olympique Marseille;Franck Ribéry;23;11000000.0;Rechtsaußen;Startaufstellung
53489;Frankreich;FC Arsenal;Thierry Henry;28;50000000.0;Mittelstürmer;Startaufstellung
53489;Portugal;SC Braga;Paulo Santos;33;1000000.0;Torwart;Reservebank
53489;Portugal;Benfica Lissabon;Quim;30;1250000.0;Torwart;Reservebank
53489;Portugal;Sporting Lissabon;Marco Caneira;27;2100000.0;Innenverteidiger;Reservebank
53489;Portugal;FC Porto;Ricardo Costa;25;3750000.0;Innenverteidiger;Reservebank
53489;Portugal;FC Chelsea;Paulo Ferreira;27;13000000.0;Rechter Verteidiger;Reservebank
53489;Portugal;FC Valencia;Hugo Viana;23;7500000.0;Zentrales Mittelfeld;Reservebank
53489;Portugal;Olympique Lyon;Tiago;25;12000000.0;Zentrales Mittelfeld;Reservebank
53489;Portugal;FC Fulham;Luís Boa Morte;28;3500000.0;Linkes Mittelfeld;Reservebank
53489;Portugal;Benfica Lissabon;Simão Sabrosa;26;15000000.0;Linksaußen;Reservebank
53489;Portugal;Benfica Lissabon;Nuno Gomes;30;8500000.0;Mittelstürmer;Reservebank
53489;Portugal;FC Porto;Hélder Postiga;23;4500000.0;Mittelstürmer;Reservebank
53489;Frankreich;FC Paris Saint-Germain;Mickaël Landreau;27;6500000.0;Torwart;Reservebank
53489;Frankreich;Olympique Lyon;Grégory Coupet;33;8000000.0;Torwart;Reservebank
53489;Frankreich;Manchester United;Mikaël Silvestre;28;6750000.0;Innenverteidiger;Reservebank
53489;Frankreich;AS Monaco;Gaël Givet;24;7500000.0;Innenverteidiger;Reservebank
53489;Frankreich;Newcastle United;Jean-Alain Boumsong;26;7500000.0;Innenverteidiger;Reservebank
53489;Frankreich;Wigan Athletic;Pascal Chimbonda;27;4000000.0;Rechter Verteidiger;Reservebank
53489;Frankreich;RC Lens;Alou Diarra;24;5000000.0;Defensives Mittelfeld;Reservebank
53489;Frankreich;FC Paris Saint-Germain;Vikash Dhorasoo;32;3000000.0;Zentrales Mittelfeld;Reservebank
53489;Frankreich;Olympique Lyon;Sidney Govou;26;8000000.0;Rechtsaußen;Reservebank
53489;Frankreich;Olympique Lyon;Sylvain Wiltord;32;7000000.0;Hängende Spitze;Reservebank
53489;Frankreich;Manchester United;Louis Saha;27;12000000.0;Mittelstürmer;Reservebank
53489;Frankreich;Juventus Turin;David Trézéguet;28;30000000.0;Mittelstürmer;Reservebank
