GameId;team;club;name;age;value;position;role
53483;Schweiz;FC Basel 1893;Pascal Zuberbühler;35;800000.0;Torwart;Startaufstellung
53483;Schweiz;Olympique Lyon;Patrick Müller;29;4000000.0;Innenverteidiger;Startaufstellung
53483;Schweiz;FC Arsenal;Johan Djourou;19;600000.0;Innenverteidiger;Startaufstellung
53483;Schweiz;VfB Stuttgart;Ludovic Magnin;27;2600000.0;Linker Verteidiger;Startaufstellung
53483;Schweiz;Borussia Dortmund;Philipp Degen;23;3500000.0;Rechter Verteidiger;Startaufstellung
53483;Schweiz;AC Mailand;Johann Vogel;29;4500000.0;Defensives Mittelfeld;Startaufstellung
53483;Schweiz;1.FC Köln;Ricardo Cabanas;27;2500000.0;Zentrales Mittelfeld;Startaufstellung
53483;Schweiz;Bayer 04 Leverkusen;Tranquillo Barnetta;21;5500000.0;Rechtes Mittelfeld;Startaufstellung
53483;Schweiz;Hamburger SV;Raphael Wicky;29;3500000.0;Linkes Mittelfeld;Startaufstellung
53483;Schweiz;BSC Young Boys;Hakan Yakin;29;2000000.0;Offensives Mittelfeld;Startaufstellung
53483;Schweiz;FC Stade Rennes;Alex Frei;26;10000000.0;Mittelstürmer;Startaufstellung
53483;Ukraine;Dynamo Kiew;Oleksandr Shovkovsky;31;2000000.0;Torwart;Startaufstellung
53483;Ukraine;Dynamo Kiew;Vladyslav Vashchuk;31;400000.0;Innenverteidiger;Startaufstellung
53483;Ukraine;Krylya Sovetov Samara;Andriy Gusin †;33;1500000.0;Innenverteidiger;Startaufstellung
53483;Ukraine;Dynamo Kiew;Andriy Nesmachny;27;4000000.0;Linker Verteidiger;Startaufstellung
53483;Ukraine;Dynamo Kiew;Oleg Gusev;23;1000000.0;Rechter Verteidiger;Startaufstellung
53483;Ukraine;Shakhtar Donetsk;Anatoliy Tymoshchuk;27;6000000.0;Defensives Mittelfeld;Startaufstellung
53483;Ukraine;Dnipro Dnipropetrovsk;Oleg Shelayev;29;1200000.0;Zentrales Mittelfeld;Startaufstellung
53483;Ukraine;Spartak Moskau;Maksym Kalinichenko;27;5000000.0;Zentrales Mittelfeld;Startaufstellung
53483;Ukraine;Bayer 04 Leverkusen;Andriy Voronin;26;5500000.0;Hängende Spitze;Startaufstellung
53483;Ukraine;Shakhtar Donetsk;Andriy Vorobey;27;2500000.0;Hängende Spitze;Startaufstellung
53483;Ukraine;AC Mailand;Andriy Shevchenko;29;51000000.0;Mittelstürmer;Startaufstellung
53483;Schweiz;AJ Auxerre;Stéphane Grichting;27;2000000.0;Innenverteidiger;Reservebank
53483;Schweiz;1.FC Köln;Marco Streller;25;2500000.0;Mittelstürmer;Reservebank
53483;Schweiz;AC Sparta Prag;Mauro Lustrinelli;30;1500000.0;Mittelstürmer;Reservebank
53483;Ukraine;Dynamo Kiew;Ruslan Rotan;24;2500000.0;Zentrales Mittelfeld;Reservebank
53483;Ukraine;Dynamo Kiew;Sergiy Rebrov;32;1500000.0;Hängende Spitze;Reservebank
53483;Ukraine;Dynamo Kiew;Artem Milevsky;21;700000.0;Mittelstürmer;Reservebank
