GameId;team;club;name;age;value;position;role
53482;Spanien;Real Madrid;Iker Casillas;25;25000000.0;Torwart;Startaufstellung
53482;Spanien;FC Barcelona;Carles Puyol;28;27000000.0;Innenverteidiger;Startaufstellung
53482;Spanien;Atlético Madrid;Pablo Ibáñez;24;9500000.0;Innenverteidiger;Startaufstellung
53482;Spanien;FC Getafe;Mariano Pernía;29;4500000.0;Linker Verteidiger;Startaufstellung
53482;Spanien;Real Madrid;Sergio Ramos;20;17500000.0;Rechter Verteidiger;Startaufstellung
53482;Spanien;FC Liverpool;Xabi Alonso;24;21500000.0;Defensives Mittelfeld;Startaufstellung
53482;Spanien;FC Barcelona;Xavi;26;28000000.0;Rechtes Mittelfeld;Startaufstellung
53482;Spanien;FC Arsenal;Cesc Fàbregas;19;13500000.0;Linkes Mittelfeld;Startaufstellung
53482;Spanien;Real Madrid;Raúl;29;17500000.0;Offensives Mittelfeld;Startaufstellung
53482;Spanien;FC Valencia;David Villa;24;22000000.0;Mittelstürmer;Startaufstellung
53482;Spanien;Atlético Madrid;Fernando Torres;22;25000000.0;Mittelstürmer;Startaufstellung
53482;Frankreich;Olympique Marseille;Fabien Barthez;34;3000000.0;Torwart;Startaufstellung
53482;Frankreich;FC Chelsea;William Gallas;28;14700000.0;Innenverteidiger;Startaufstellung
53482;Frankreich;Juventus Turin;Lilian Thuram;34;5000000.0;Innenverteidiger;Startaufstellung
53482;Frankreich;Olympique Lyon;Éric Abidal;26;8500000.0;Linker Verteidiger;Startaufstellung
53482;Frankreich;FC Bayern München;Willy Sagnol;29;13500000.0;Rechter Verteidiger;Startaufstellung
53482;Frankreich;Juventus Turin;Patrick Vieira;30;28000000.0;Defensives Mittelfeld;Startaufstellung
53482;Frankreich;FC Chelsea;Claude Makélélé;33;9000000.0;Defensives Mittelfeld;Startaufstellung
53482;Frankreich;Real Madrid;Zinédine Zidane;34;12500000.0;Offensives Mittelfeld;Startaufstellung
53482;Frankreich;Olympique Lyon;Florent Malouda;26;10000000.0;Linksaußen;Startaufstellung
53482;Frankreich;Olympique Marseille;Franck Ribéry;23;11000000.0;Rechtsaußen;Startaufstellung
53482;Frankreich;FC Arsenal;Thierry Henry;28;50000000.0;Mittelstürmer;Startaufstellung
53482;Spanien;Atlético Madrid;Antonio López;24;10500000.0;Linker Verteidiger;Reservebank
53482;Spanien;FC Valencia;David Albelda;28;15000000.0;Defensives Mittelfeld;Reservebank
53482;Spanien;FC Villarreal;Marcos Senna;29;1750000.0;Defensives Mittelfeld;Reservebank
53482;Spanien;Deportivo Alavés;Juanito;26;1000000.0;Defensives Mittelfeld;Reservebank
53482;Spanien;FC Barcelona;Andrés Iniesta;22;12000000.0;Zentrales Mittelfeld;Reservebank
53482;Spanien;FC Arsenal;José Antonio Reyes;22;17000000.0;Rechtsaußen;Reservebank
53482;Spanien;FC Liverpool;Luis García;28;10000000.0;Hängende Spitze;Reservebank
53482;Spanien;Real Betis Sevilla;Joaquín;24;22000000.0;Rechtsaußen;Reservebank
53482;Frankreich;FC Nantes;Mickaël Landreau;27;6500000.0;Torwart;Reservebank
53482;Frankreich;Olympique Lyon;Grégory Coupet;33;8000000.0;Torwart;Reservebank
53482;Frankreich;Manchester United;Mikaël Silvestre;28;6750000.0;Innenverteidiger;Reservebank
53482;Frankreich;AS Monaco;Gaël Givet;24;7500000.0;Innenverteidiger;Reservebank
53482;Frankreich;Newcastle United;Jean-Alain Boumsong;26;7500000.0;Innenverteidiger;Reservebank
53482;Frankreich;Wigan Athletic;Pascal Chimbonda;27;4000000.0;Rechter Verteidiger;Reservebank
53482;Frankreich;RC Lens;Alou Diarra;24;5000000.0;Defensives Mittelfeld;Reservebank
53482;Frankreich;FC Paris Saint-Germain;Vikash Dhorasoo;32;3000000.0;Zentrales Mittelfeld;Reservebank
53482;Frankreich;Olympique Lyon;Sidney Govou;26;8000000.0;Rechtsaußen;Reservebank
53482;Frankreich;Olympique Lyon;Sylvain Wiltord;32;7000000.0;Mittelstürmer;Reservebank
53482;Frankreich;Manchester United;Louis Saha;27;12000000.0;Mittelstürmer;Reservebank
53482;Frankreich;Juventus Turin;David Trézéguet;28;30000000.0;Mittelstürmer;Reservebank
