GameId;team;club;name;age;value;position;role
53480;Brasilien;AC Mailand;Dida;32;11000000.0;Torwart;Startaufstellung
53480;Brasilien;FC Bayern München;Lúcio;28;21500000.0;Innenverteidiger;Startaufstellung
53480;Brasilien;Bayer 04 Leverkusen;Juan;27;7000000.0;Innenverteidiger;Startaufstellung
53480;Brasilien;Real Madrid;Roberto Carlos;33;6500000.0;Linker Verteidiger;Startaufstellung
53480;Brasilien;AC Mailand;Cafú;36;2000000.0;Rechter Verteidiger;Startaufstellung
53480;Brasilien;Juventus Turin;Émerson;30;26000000.0;Defensives Mittelfeld;Startaufstellung
53480;Brasilien;FC Bayern München;Zé Roberto;31;8500000.0;Zentrales Mittelfeld;Startaufstellung
53480;Brasilien;FC Barcelona;Ronaldinho;26;70000000.0;Linksaußen;Startaufstellung
53480;Brasilien;AC Mailand;Kaká;24;35000000.0;Rechtsaußen;Startaufstellung
53480;Brasilien;FC Internazionale;Adriano;24;32000000.0;Mittelstürmer;Startaufstellung
53480;Brasilien;Real Madrid;Ronaldo;29;27500000.0;Mittelstürmer;Startaufstellung
53480;Ghana;Ankaraspor;Richard Kingson;28;1000000.0;Torwart;Startaufstellung
53480;Ghana;FC Stade Rennes;John Mensah;23;3000000.0;Innenverteidiger;Startaufstellung
53480;Ghana;Asante Kotoko Kumasi;Illiasu Shilla;23;250000.0;Innenverteidiger;Startaufstellung
53480;Ghana;Hapoel Kfar Saba;Emmanuel Pappoe;25;500000.0;Linker Verteidiger;Startaufstellung
53480;Ghana;Hapoel Tel Aviv;John Paintsil;25;750000.0;Rechter Verteidiger;Startaufstellung
53480;Ghana;PSV Eindhoven;Eric Addo;27;750000.0;Defensives Mittelfeld;Startaufstellung
53480;Ghana;Fenerbahce Istanbul;Stephen Appiah;25;7250000.0;Zentrales Mittelfeld;Startaufstellung
53480;Ghana;Roter Stern Belgrad;Draman Haminu;20;350000.0;Rechtes Mittelfeld;Startaufstellung
53480;Ghana;Udinese Calcio;Sulley Muntari;21;5500000.0;Linkes Mittelfeld;Startaufstellung
53480;Ghana;Modena FC 1912;Asamoah Gyan;20;1000000.0;Mittelstürmer;Startaufstellung
53480;Ghana;Borussia Dortmund;Matthew Amoah;25;2000000.0;Mittelstürmer;Startaufstellung
53480;Brasilien;FC Internazionale;Júlio César;26;6000000.0;Torwart;Reservebank
53480;Brasilien;FC São Paulo;Rogério Ceni;33;2000000.0;Torwart;Reservebank
53480;Brasilien;Benfica Lissabon;Luisão;25;10000000.0;Innenverteidiger;Reservebank
53480;Brasilien;Olympique Lyon;Cris;29;15000000.0;Innenverteidiger;Reservebank
53480;Brasilien;Real Madrid;Cicinho;26;12500000.0;Rechter Verteidiger;Reservebank
53480;Brasilien;FC Arsenal;Gilberto Silva;29;7750000.0;Defensives Mittelfeld;Reservebank
53480;Brasilien;FC São Paulo;Mineiro;30;3000000.0;Defensives Mittelfeld;Reservebank
53480;Brasilien;Hertha BSC;Gilberto;30;4000000.0;Zentrales Mittelfeld;Reservebank
53480;Brasilien;Corinthians Sao Paulo;Ricardinho;30;3000000.0;Linksaußen;Reservebank
53480;Brasilien;Olympique Lyon;Juninho Pernambucano;31;18000000.0;Offensives Mittelfeld;Reservebank
53480;Brasilien;Real Madrid;Robinho;22;25000000.0;Hängende Spitze;Reservebank
53480;Brasilien;Olympique Lyon;Fred;22;12000000.0;Mittelstürmer;Reservebank
53480;Ghana;Ashanti Gold SC;George Owu;23;450000.0;Torwart;Reservebank
53480;Ghana;FC Ashdod;Sammy Adjei;25;850000.0;Torwart;Reservebank
53480;Ghana;Hearts of Oak;Daniel Quaye;25;250000.0;Abwehr;Reservebank
53480;Ghana;AS Rom;Samuel Kuffour;29;2500000.0;Innenverteidiger;Reservebank
53480;Ghana;Randers FC;Issah Ahmed;24;250000.0;Innenverteidiger;Reservebank
53480;Ghana;King Faisal Babies FC Kumasi;Habib Mohamed;22;250000.0;Linker Verteidiger;Reservebank
53480;Ghana;VfL Wolfsburg;Hans Sarpei;29;1000000.0;Linker Verteidiger;Reservebank
53480;Ghana;King Faisal Babies FC Kumasi;Hamza Mohammed;25;300000.0;Mittelfeld;Reservebank
53480;Ghana;FC Chelsea;Michael Essien;23;28000000.0;Defensives Mittelfeld;Reservebank
53480;Ghana;AIK Solna;Derek Boateng;23;400000.0;Zentrales Mittelfeld;Reservebank
53480;Ghana;FC Kopenhagen;Razak Pimpong;23;800000.0;Rechtes Mittelfeld;Reservebank
53480;Ghana;1.FSV Mainz 05;Otto Addo;31;1200000.0;Offensives Mittelfeld;Reservebank
53480;Ghana;FC St. Gallen 1879;Alex Tachie-Mensah;29;1000000.0;Mittelstürmer;Reservebank
