GameId;team;club;name;age;value;position;role
53486;Italien;Juventus Turin;Gianluigi Buffon;28;30000000.0;Torwart;Startaufstellung
53486;Italien;Juventus Turin;Fabio Cannavaro;32;14000000.0;Innenverteidiger;Startaufstellung
53486;Italien;US Palermo;Andrea Barzagli;25;10000000.0;Innenverteidiger;Startaufstellung
53486;Italien;US Palermo;Fabio Grosso;28;7000000.0;Linker Verteidiger;Startaufstellung
53486;Italien;Juventus Turin;Gianluca Zambrotta;29;26000000.0;Rechter Verteidiger;Startaufstellung
53486;Italien;AC Mailand;Andrea Pirlo;27;25000000.0;Defensives Mittelfeld;Startaufstellung
53486;Italien;AC Mailand;Gennaro Gattuso;28;17000000.0;Zentrales Mittelfeld;Startaufstellung
53486;Italien;Juventus Turin;Mauro Germán Camoranesi;29;18000000.0;Rechtes Mittelfeld;Startaufstellung
53486;Italien;AS Rom;Simone Perrotta;28;13500000.0;Linkes Mittelfeld;Startaufstellung
53486;Italien;AS Rom;Francesco Totti;29;37000000.0;Hängende Spitze;Startaufstellung
53486;Italien;AC Florenz;Luca Toni;29;27000000.0;Mittelstürmer;Startaufstellung
53486;Ukraine;Dynamo Kiew;Oleksandr Shovkovsky;31;2000000.0;Torwart;Startaufstellung
53486;Ukraine;Dnipro Dnipropetrovsk;Andriy Rusol;23;1500000.0;Innenverteidiger;Startaufstellung
53486;Ukraine;Krylya Sovetov Samara;Andriy Gusin †;33;1500000.0;Innenverteidiger;Startaufstellung
53486;Ukraine;Dynamo Kiew;Andriy Nesmachny;27;4000000.0;Linker Verteidiger;Startaufstellung
53486;Ukraine;Arsenal Kiew;Vyacheslav Svidersky;27;1000000.0;Rechter Verteidiger;Startaufstellung
53486;Ukraine;Shakhtar Donetsk;Anatoliy Tymoshchuk;27;6000000.0;Defensives Mittelfeld;Startaufstellung
53486;Ukraine;Dnipro Dnipropetrovsk;Oleg Shelayev;29;1200000.0;Defensives Mittelfeld;Startaufstellung
53486;Ukraine;Spartak Moskau;Maksym Kalinichenko;27;7500000.0;Linkes Mittelfeld;Startaufstellung
53486;Ukraine;Dynamo Kiew;Oleg Gusev;23;1000000.0;Rechtsaußen;Startaufstellung
53486;Ukraine;AC Mailand;Andriy Shevchenko;29;51000000.0;Mittelstürmer;Startaufstellung
53486;Ukraine;Dynamo Kiew;Artem Milevsky;21;6000000.0;Mittelstürmer;Startaufstellung
53486;Italien;Lazio Rom;Angelo Peruzzi;36;3000000.0;Torwart;Reservebank
53486;Italien;AS Livorno;Marco Amelia;24;11000000.0;Torwart;Reservebank
53486;Italien;US Palermo;Cristian Zaccardo;24;8000000.0;Defensives Mittelfeld;Reservebank
53486;Italien;AC Mailand;Alessandro Nesta;30;29000000.0;Innenverteidiger;Reservebank
53486;Italien;Lazio Rom;Massimo Oddo;30;10000000.0;Rechtes Mittelfeld;Reservebank
53486;Italien;US Palermo;Simone Barone;28;6000000.0;Defensives Mittelfeld;Reservebank
53486;Italien;Juventus Turin;Alessandro Del Piero;31;16000000.0;Hängende Spitze;Reservebank
53486;Italien;AC Mailand;Alberto Gilardino;23;27000000.0;Mittelstürmer;Reservebank
53486;Italien;Udinese Calcio;Vincenzo Iaquinta;26;11000000.0;Mittelstürmer;Reservebank
53486;Italien;AC Mailand;Filippo Inzaghi;32;9000000.0;Mittelstürmer;Reservebank
53486;Ukraine;Vorskla Poltava;Andriy Pyatov;22;600000.0;Torwart;Reservebank
53486;Ukraine;Shakhtar Donetsk;Bogdan Shust;20;600000.0;Torwart;Reservebank
53486;Ukraine;FK Kharkiv;Oleksandr Yatsenko;21;450000.0;Innenverteidiger;Reservebank
53486;Ukraine;Dnipro Dnipropetrovsk;Volodymyr Yezersky;29;1000000.0;Innenverteidiger;Reservebank
53486;Ukraine;Dynamo Kiew;Vladyslav Vashchuk;31;400000.0;Innenverteidiger;Reservebank
53486;Ukraine;Dynamo Kiew;Ruslan Rotan;24;2500000.0;Zentrales Mittelfeld;Reservebank
53486;Ukraine;Dnipro Dnipropetrovsk;Sergiy Nazarenko;26;1000000.0;Offensives Mittelfeld;Reservebank
53486;Ukraine;Dynamo Kiew;Sergiy Rebrov;32;1500000.0;Hängende Spitze;Reservebank
53486;Ukraine;Shakhtar Donetsk;Oleksiy Belik;25;2000000.0;Mittelstürmer;Reservebank
53486;Ukraine;Shakhtar Donetsk;Andriy Vorobey;27;2500000.0;Mittelstürmer;Reservebank
